Date,cocoa,gold,brent,wti,cedi
2015-01-06,0.09883614493398565,0.9222427714818129,0.0815915266372573,0.08634513374431119,0.32948956278594926
2015-01-07,0.603930646136517,0.19353307465924946,0.4736462266374812,0.6617243804763244,0.2557408633636383
2015-01-08,0.9749292463646404,0.3702888199860138,0.4115201670845158,0.527845163121123,0.46038176230826755
2015-01-09,0.2890046957293929,0.7613018755483927,0.2302202229561888,0.36376138355770293,0.3153480450138687
2015-01-12,0.7635987580544707,0.9313892950596886,0.03096883727158389,0.05317525003687962,0.6170349652519268
2015-01-13,0.44924049657704934,0.5623739810235773,0.22957462696614905,0.42592094482615767,0.5386371949234863
2015-01-14,0.49428626821129656,0.478740781689707,0.94181858745085,0.952323903044848,0.0019303434906408716
2015-01-15,0.3087906915237357,0.9850395647601805,0.21330695733957927,0.06979470459543681,0.755548815180463
2015-01-16,0.13881461436370823,0.8537585751641154,0.46986030664000467,0.9255824785224093,0.3141822534179359
2015-01-19,0.4788865689692818,0.49091326295597,0.46920974682235206,0.4962698823360533,0.41145557090144064
2015-01-20,0.2817918020443723,0.9077295518658279,0.5782587935131063,0.06457395015177136,0.6063633710618341
2015-01-21,0.021132276090535734,0.4795650200607968,0.8217246795168579,0.8042099559059561,0.009310948170141236
2015-01-22,0.06149293844210319,0.7097462319705949,0.3006666435222013,0.15977875032517944,0.7772382789401504
2015-01-23,0.07750211681490395,0.22679777094626805,0.5721044156287598,0.29411574186010847,0.08956849451081454
2015-01-26,0.26424035040698063,0.11598420287903988,0.24709266493574086,0.3604248462663764,0.1915605124197688
2015-01-27,0.559212150492278,0.8366825860237673,0.9198784385040175,0.7749527011325752,0.9735646230753792
2015-01-28,0.1734654242696919,0.2886257536957712,0.13748046532197164,0.09572198205422909,0.013730500136395834
2015-01-29,0.16114726115778585,0.014830617632867681,0.7285853639459645,0.5040735927826265,0.7162125981310663
2015-01-30,0.5737469501701509,0.954040375077117,0.9971420346259909,0.9863215431996796,0.028741973035062776
2015-02-02,0.2273214820492141,0.4254573580834429,0.9059810449436181,0.812153224511954,0.37813805152276275
2015-02-03,0.7250644127257946,0.08570111744930331,0.9772546935793279,0.9725717025509505,0.04097067289738242
2015-02-04,0.85255918335531,0.6020937620348618,0.026748582511060406,0.011433426237948153,0.010464587169690802
2015-02-05,0.7254990810143522,0.41393843754977816,0.9060907766875479,0.8413695731643402,0.4232820671594496
2015-02-06,0.841056873796111,0.021128931866094866,0.7547070386537418,0.7370665599073476,0.31478866308991277
2015-02-09,0.9906653184096942,0.6876020136473753,0.6045019190414261,0.732932363443948,0.3295049912391941
2015-02-10,0.44489592629647384,0.18984203922914492,0.13105779343444737,0.06476304805117293,0.00016781561955679433
2015-02-11,0.6669648158238506,0.1136311115049671,0.1352901354086077,0.24087547913584767,0.6540055982483555
2015-02-12,0.9710971478711473,0.4997961121409001,0.9217884971506309,0.8886490433278774,0.6664756414377087
2015-02-13,0.6418212245065749,0.7171280335053413,0.5666652670210577,0.7977106633441475,0.10751251376553903
2015-02-16,0.485121249420314,0.48218540994440706,0.47112105783884045,0.4931529083984611,0.14132991395330446
2015-02-17,0.7068438570108372,0.04986017260028914,0.9943036619602921,0.6632900894983382,0.7152382810346282
2015-02-18,0.8326778772074881,0.1673851105324769,0.1612376547436829,0.1867100713943426,0.24184285489049917
2015-02-19,0.4646350991913964,0.7494933991878548,0.39448105163406366,0.2510213708398523,0.285007120344211
2015-02-20,0.5058191437577231,0.3697068637382086,0.4707788317846972,0.2792843078747433,0.5187457837192493
2015-02-23,0.7605820228089653,0.29919802121834815,0.20493552449131,0.2576826506118057,0.03350457750696205
2015-02-24,0.7690359042972928,0.32027556183936584,0.4042764349853901,0.43466093670631206,0.011791378382221393
2015-02-25,0.06350962019368278,0.6477139725407246,0.9597206173653281,0.8768901522372106,0.26816402411501117
2015-02-26,0.7564567319895217,0.8129577820365984,0.1743842059659388,0.034057325135479675,0.35428526736904664
2015-02-27,0.9028492365510725,0.6198946988590606,0.928418121380362,0.835268495178916,0.10379528068943604
2015-03-02,0.320614849087481,0.2662357101892431,0.05721102264599594,0.44626670077429204,0.771957816612728
2015-03-03,0.6336519641306612,0.29720416416750833,0.7865749977571425,0.7341330238901529,0.4465209944519355
2015-03-04,0.34464832984804483,0.3076999330493441,0.36808734265470744,0.7592847588606048,0.033587406192119286
2015-03-05,0.3509891861741911,0.2542909510258076,0.4497386741388883,0.27176198806485746,0.12826389087338858
2015-03-06,0.07750868338633343,0.005730276455287825,0.28881233319894045,0.17904413559801344,0.7437792936461383
2015-03-09,0.2398161889177756,0.5266195146589288,0.19395891285326258,0.6008850747593357,0.004682224421717329
2015-03-10,0.2564358746930955,0.21049093310308783,0.0787560892027225,0.08886123255144139,0.798952899975048
2015-03-11,0.12493720337894368,0.12165864299616384,0.7731389558663169,0.4395129198988775,0.025333411836862982
2015-03-12,0.2785137504899807,0.5225166371701435,0.34781863940835234,0.16778495682682473,0.3876732860083882
2015-03-13,0.2581973921653168,0.4962400500970185,0.05460600403384397,0.04416655815838226,0.4388982258328459
2015-03-16,0.15159497321165039,0.5049630023851919,0.1721243756815854,0.20964554562596668,0.059154058064148626
2015-03-17,0.015655870925161325,0.23518698542723976,0.45923216505913,0.34961532097312864,0.4866804134631407
2015-03-18,0.16825875567431364,0.6218079857874135,0.961112162208382,0.8237015121216131,0.001028395646925707
2015-03-19,0.09394625397193992,0.9661807861155249,0.14896473287045148,0.26994364027212747,0.7945378841443744
2015-03-20,0.9749394554489799,0.946907297168243,0.7271019373692187,0.9098748903336155,0.03572931567912075
2015-03-23,0.16770805579865092,0.6422319610584034,0.6620101396785788,0.9024892796208623,0.737675404998207
2015-03-24,0.7616582578773564,0.6460510414671917,0.24592490540204232,0.5120423779659649,0.02952072688463201
2015-03-25,0.5218851046537227,0.7252530700019525,0.858692360286446,0.9027318636972324,0.5241010002171969
2015-03-26,0.21109979115135194,0.8015783387155627,0.9738539981121809,0.9430609484125511,0.5161480937479325
2015-03-27,0.2982082649879071,0.252089769325455,0.04385219135654683,0.038797859113697916,0.16848442704622577
2015-03-30,0.07463375034422427,0.052443543378096195,0.42218601170047315,0.4214502174736512,0.17386862637647893
2015-03-31,0.5289585302847137,0.3614378199974338,0.18646356937640485,0.19612343261310547,0.1145362688157402
2015-04-01,0.9157578664298088,0.9839972592272938,0.9201997857722057,0.9476745810248717,0.09410598129969584
2015-04-02,0.7155901029825651,0.23199893185801349,0.07880002272572582,0.24328593716705466,0.5565849072340715
2015-04-03,0.4855552546229238,0.4599173086398416,0.45790372797805423,0.48190532279181386,0.6041763545504382
2015-04-06,0.8173759187799764,0.9443529703586389,0.9793939614253933,0.9714554910954962,0.5091269166304423
2015-04-07,0.3135603471828845,0.20616510641743907,0.7420323472895277,0.8867773505210874,0.016585302998416155
2015-04-08,0.732302469951141,0.19103680798510314,0.026557232389815357,0.0190193178077469,0.1253476942785994
2015-04-09,0.31080168873957364,0.14202043632414255,0.70813762587841,0.5690649248237447,0.01713523482056833
2015-04-10,0.34960489681708723,0.8519752830772882,0.7879791808070018,0.7027157770400675,0.9315878627917497
2015-04-13,0.6967696768300848,0.27204108634057605,0.49138084035888235,0.5637721284273863,0.0786205647637033
2015-04-14,0.9162032704362446,0.21135990467676877,0.6079288071810278,0.8244851671811725,0.46879616577967564
2015-04-15,0.17223789114873503,0.8051984159195242,0.896012375235993,0.9670563339797671,0.8621530226842741
2015-04-16,0.9254741709958884,0.33018631346160104,0.5008514899928344,0.5812663717439092,0.9092520680299573
2015-04-17,0.17784763513923926,0.684003261365187,0.9708453644309069,0.23818341017141242,0.007867235377809366
2015-04-20,0.04739746246130054,0.13862782937221577,0.48379184768055716,0.6588000288058558,0.7725606017996508
2015-04-21,0.4065378735001921,0.8299513564055236,0.17503511440426847,0.1962592678828906,0.9496863066221424
2015-04-22,0.4707161405247644,0.0520368913335338,0.6463180552548837,0.7304409336721807,0.016835734261820976
2015-04-23,0.8340095028750206,0.7681077145513239,0.9236185368751522,0.865518644320312,0.9524512477760984
2015-04-24,0.9803454728316159,0.031939858997213084,0.6011740301327246,0.3178949391245349,0.06536372037595267
2015-04-27,0.7786719596588219,0.9864540132487551,0.34774409356899266,0.42997531080629786,0.46872926964145045
2015-04-28,0.5530283572199026,0.8524910664705806,0.4095625679925418,0.5041100479409706,0.5316791427178349
2015-04-29,0.7329481743282997,0.3268635480190315,0.8143562889789304,0.8843634725808146,0.41286974845395724
2015-04-30,0.4306920247576463,0.017535819536598597,0.7615268730236782,0.7999238517908784,0.1374821668710677
2015-05-01,0.04388193041647676,0.1776532942985872,0.3738093591613231,0.3249734073012596,0.6859748390909159
2015-05-04,0.455941727640755,0.8628885613380227,0.4619909631840189,0.399403380989406,0.35517789336507893
2015-05-05,0.9380423940279139,0.7331290621655173,0.811922251259753,0.8874451016658513,0.09220750123704496
2015-05-06,0.10601018869898128,0.36584278658673197,0.5633449807827581,0.6710003913936031,0.5200683826102412
2015-05-07,0.590738769044358,0.19120460669759043,0.04433874000427858,0.04573441737802136,0.8260162071424283
2015-05-08,0.7250407494336257,0.7288538321090461,0.4044308441798119,0.6235068145639449,0.008125799429451342
2015-05-11,0.7754408004339695,0.2518725595034674,0.30961655292824874,0.4311974945466783,0.8810679142678671
2015-05-12,0.7893310802262767,0.8150717337728849,0.9475621711933622,0.8939530642039905,0.279697153775817
2015-05-13,0.6862592016157072,0.9792731517626424,0.46217682795111,0.39505481954963517,0.11714523050883575
2015-05-14,0.9760160979955799,0.7526915421948926,0.3895592053741003,0.25903205372514015,0.00919052897356924
2015-05-15,0.8568589082119941,0.4877988249807641,0.45753772308204266,0.40150354246438325,0.23161782402094588
2015-05-18,0.5577524558068204,0.5648182194620699,0.3549775356720554,0.37262845626297997,0.9874997417926649
2015-05-19,0.5354205186670348,0.040076543090042625,0.032436515463961764,0.025454559994981023,0.8650546164543427
2015-05-20,0.29395980783034387,0.5248604146473153,0.7977317713999221,0.913157648840738,0.03388821120316613
2015-05-21,0.8164507532254857,0.30140254232429775,0.9058743315505755,0.9133751784032763,0.022553575042991297
2015-05-22,0.3872922868554251,0.46142611876596495,0.15618195579281136,0.19452500164908593,0.08828207909546616
2015-05-25,0.4834699134118481,0.4717208273416227,0.4592688706458728,0.47566618081944395,0.7581099807021002
2015-05-26,0.45292203846123125,0.05208282009717326,0.07960053336279337,0.07424980464882484,0.7308520484748444
2015-05-27,0.3224633805269179,0.3886828503118233,0.07970566439310564,0.3052776881379348,0.009543902558086752
2015-05-28,0.3193456766839063,0.5681372986301005,0.6463664438818075,0.5375569586637838,0.8152105592906247
2015-05-29,0.18039583400661732,0.5338827354205118,0.9870257478782656,0.972877812936295,0.029015073817887416
2015-06-01,0.18299955427477158,0.421095444203078,0.2890910903340498,0.45847723138014135,0.4132686912502079
2015-06-02,0.9268472936487537,0.7246236453980979,0.6661041170588466,0.8040575637822593,0.08103401505761133
2015-06-03,0.6251358094049051,0.13720181912068882,0.09461138266251615,0.08467980401650647,0.44827311738446934
2015-06-04,0.3791267619363369,0.11572402875125179,0.08427717889612593,0.08795993392834084,0.027650060021762443
2015-06-05,0.4936119452468843,0.17172167414330164,0.8365224182083512,0.7943897642554503,0.5677575258032315
2015-06-08,0.4944525168390649,0.7119077146844501,0.28890711688140763,0.20460582467138577,0.25162635412925943
2015-06-09,0.37437514784433307,0.6770225306560469,0.9541877187335029,0.920736023852264,0.5154047020478976
2015-06-10,0.7055993046544237,0.83997339836537,0.7383093225313667,0.8255832734933602,0.288070054626481
2015-06-11,0.1668505012213519,0.21258624815421834,0.29587584227767094,0.29268603690368616,0.016348827910155093
2015-06-12,0.8823581020326584,0.40009161809354704,0.1472735313943373,0.24374972383485988,0.0490138391818263
2015-06-15,0.9483650332795791,0.7697610499165118,0.13921336053615388,0.33958145610249957,0.10922456694345856
2015-06-16,0.7499338295118545,0.2519754627177237,0.4664529146138335,0.626936583958726,0.014837817044289811
2015-06-17,0.4227657755434051,0.26033065520532406,0.8594251805348154,0.46399018746999493,0.7454599148312422
2015-06-18,0.9515936710324077,0.9873809253971271,0.6196856832828285,0.6678896329726893,0.15703551709013971
2015-06-19,0.21977351584308186,0.5116022211713865,0.1320771519637165,0.20137380696487728,0.12366463201484539
2015-06-22,0.6784314239451613,0.040979487140436574,0.5813624522338272,0.5003196961345808,0.40355984752394725
2015-06-23,0.22779687813192745,0.16609856199667036,0.8486058025980316,0.8841771267592367,0.5381654390904476
2015-06-24,0.7566727010975918,0.29780768808434427,0.17828520059830788,0.22333384283367239,0.014855753461992027
2015-06-25,0.31708254342557834,0.4101472968208757,0.3513173045177179,0.2652548164542734,0.6230509875788515
2015-06-26,0.8997928879063608,0.5360926808273854,0.4888344905005706,0.44554044501830525,0.21239676875279842
2015-06-29,0.5690766272563483,0.7314171262584258,0.10623610719377388,0.09166685001654128,0.10415553958211063
2015-06-30,0.06831515727997838,0.18485511146408784,0.9342646532897847,0.8434207345932638,0.20586684873645916
2015-07-01,0.5514203854654615,0.3325033043453405,0.07984212732848654,0.01950993494254563,0.7201933304241455
2015-07-02,0.6079726061347481,0.1990060895421882,0.4791536915286751,0.4591570141916909,0.9999735954950285
2015-07-03,0.48409443438107663,0.45505499225742424,0.46689809129934423,0.47950742522761325,0.9621402420695152
2015-07-06,0.38866064607837963,0.8742002178188396,0.0010589327732924893,0.0021586956936252575,0.7575041264283648
2015-07-07,0.21591520342688206,0.020568102284121145,0.5230463030391248,0.4101424108781076,0.9675449887552156
2015-07-08,0.44773807158407736,0.8740836635974152,0.5230832086881335,0.285020985173602,0.9201076070002735
2015-07-09,0.7928972261588976,0.2821636678447992,0.8403295662722201,0.7951973066345334,0.9359061337146316
2015-07-10,0.6551505436446386,0.3922191388304286,0.5094453439320239,0.47535458345257325,0.8502191982257143
2015-07-13,0.560380954452357,0.3365788008508899,0.25345533036104784,0.30570006974245567,0.9747272774986787
2015-07-14,0.9488373486971191,0.3613319927087995,0.6594913723773069,0.7505885361566016,0.349948185157871
2015-07-15,0.28156500158004627,0.1851917920275865,0.1426121597810075,0.08196078142297983,0.43150260640822397
2015-07-16,0.5023027382102534,0.27886167767832404,0.6054795300079377,0.3113557498036653,0.963694580381409
2015-07-17,0.356976045469068,0.06098759940719195,0.47435976545796266,0.4727712838898152,0.5187998023833287
2015-07-20,0.5574129597402993,0.007727681154739919,0.22136254901429273,0.2301179786186401,0.37512177438664834
2015-07-21,0.3057602514873329,0.2586273496992435,0.6010832997660983,0.5578752337427328,0.04584847381535719
2015-07-22,0.060827211974250846,0.06337929244302186,0.20007826053600264,0.12105926501033801,0.43789800441373644
2015-07-23,0.15173592397473112,0.5892448745350497,0.19949670783398246,0.21813798455289252,0.3420792157549707
2015-07-24,0.05518728203538978,0.12047506392061579,0.24500486351146988,0.35738683083683004,0.44220038146625157
2015-07-27,0.6122607286050302,0.9026734631181517,0.13090455955964464,0.2085354142592057,0.0007148669934897087
2015-07-28,0.6077098441318285,0.4771116240142871,0.3925347795673184,0.7072850724824009,0.2754215561920657
2015-07-29,0.6298521492578639,0.2761767753279977,0.5000411468710945,0.7862089872830677,0.5196000574216754
2015-07-30,0.5293725739022828,0.23740404732758635,0.43712779682438613,0.3706963108020403,0.12030130734126049
2015-07-31,0.34654097900655434,0.79398572422823,0.11570935217503116,0.07009154260913736,0.47983201181842644
2015-08-03,0.10576932083678503,0.20184635038245644,0.012530221643939464,0.03423015157324809,0.0032401566650217014
2015-08-04,0.465914008496737,0.5311722457226782,0.630029184574944,0.6819469855659575,0.4146042727827741
2015-08-05,0.09355486125948437,0.20719121817442565,0.3258556427703223,0.2691096750384498,0.041753628920104036
2015-08-06,0.039528293016015494,0.7156680848140891,0.43675232966225674,0.2925337044735906,0.3111093572014675
2015-08-07,0.9117117580753019,0.7033208511880327,0.16588303049816278,0.19649776872406094,0.2360946151366709
2015-08-10,0.3493103892770996,0.9090303689319735,0.9586113552942337,0.8459217579872889,0.3165207415367669
2015-08-11,0.33175804448568486,0.6826094590457639,0.12334919007060642,0.04193935515996832,0.28940698537945936
2015-08-12,0.0846753535196728,0.9648540515964805,0.6573269832045809,0.5583836849338384,0.06983675139260401
2015-08-13,0.5628998761078363,0.1599478011445418,0.30135251754636677,0.14071539197282215,0.036605554458607144
2015-08-14,0.4457418191446542,0.3027715764291659,0.38338169575236203,0.5850442918956971,0.15198245327850593
2015-08-17,0.3957153634316445,0.758575127585732,0.46566544985409797,0.2431759480549225,0.4544128310635181
2015-08-18,0.9292567807199917,0.39121087223199486,0.36626104842974777,0.7671439040723887,0.18839315091969022
2015-08-19,0.8370673760993554,0.9099246316971948,0.04236437893009216,0.039520507026192246,0.0828635901086347
2015-08-20,0.7286152650268232,0.9895851568881515,0.23983850877083046,0.6088933976264101,0.18037706544149337
2015-08-21,0.039603769961291065,0.7812962208483669,0.09646989207884235,0.2259598863460867,0.01478722274704517
2015-08-24,0.5944046828648981,0.22624858880827822,0.009709854947592592,0.022343025286099546,0.4289407980445888
2015-08-25,0.7643310632823384,0.05372048410409238,0.6519712281928748,0.8199971280390942,0.2312005532586205
2015-08-26,0.30383775272942887,0.06366188968471896,0.44502486970617705,0.24334715989102396,0.2387170790176772
2015-08-27,0.6559699410195345,0.3441221644527997,0.9981830435574681,0.9947012760842252,0.32149754590102175
2015-08-28,0.5194123864162054,0.872984741030365,0.9485598923756389,0.9605657529833493,0.9896556394732191
2015-08-31,0.329596367404297,0.41580486636511216,0.9851432051382079,0.9844584481947953,0.9993646400966235
2015-09-01,0.8850243103767244,0.7799687263131267,0.02438277741605368,0.023057865247858467,0.9651862786224596
2015-09-02,0.1946964360035591,0.21470239832635601,0.6478117294172989,0.6655809201611609,0.4581385308370452
2015-09-03,0.4425265705407278,0.12947332881325047,0.5126571393049533,0.6105674244892808,0.763864342353043
2015-09-04,0.9293395882051276,0.3036677856277632,0.26162838526831905,0.31817234797607113,0.2806157002646642
2015-09-07,0.4866250870908536,0.4622290952509464,0.46598826212590655,0.48544330662488017,0.5259561197348934
2015-09-08,0.9305839447439604,0.4567787658019323,0.44827905048498246,0.4551623494130355,0.3367278328827258
2015-09-09,0.9039472012923969,0.025502941495946393,0.11571093986900229,0.09188307452761375,0.33694912672105715
2015-09-10,0.5088433884354714,0.7849749861195099,0.788471094088516,0.8815426384084314,0.34121271748614057
2015-09-11,0.20688334847142523,0.20456486230568893,0.29223694950024653,0.1734853462710437,0.6211570881045929
2015-09-14,0.798756288878846,0.678146498413801,0.11476221288320586,0.30364272251544516,0.0003590902977701382
2015-09-15,0.05207933755575614,0.23473467752465949,0.5373594051481879,0.6607401807001845,0.46999701964283946
2015-09-16,0.8939210009008616,0.9605394750750743,0.4650685238851349,0.956462151967099,0.1943736258959083
2015-09-17,0.6480126867888214,0.4008578341996417,0.9594880308409313,0.42251531502033757,0.1530640759628263
2015-09-18,0.7723674174558341,0.9763186148737077,0.13381248796658382,0.05334206497039503,0.8633969508467788
2015-09-21,0.48468171876890564,0.28513120268209385,0.8451994560660464,0.9041683798488979,0.40728841305782193
2015-09-22,0.493247093887728,0.15678042253763397,0.5262264631399594,0.2662526061275754,0.953633567253911
2015-09-23,0.5157774154694293,0.7520850593549335,0.15272633959445384,0.1544768995318241,0.8920223287408451
2015-09-24,0.2540013302828616,0.9766403698580319,0.5998432792631503,0.6089101361295572,0.2422306881696971
2015-09-25,0.2958812791170962,0.21033344451522967,0.6186114872176841,0.7202460379805494,0.9706511218539908
2015-09-28,0.15723046366901614,0.07389214019598443,0.14336621340864042,0.1526946412435206,0.8682841694307332
2015-09-29,0.04987301059424211,0.25257853387341944,0.7659614243456229,0.7223334358780484,0.9719636581123882
2015-09-30,0.03408114121673619,0.09901734304493637,0.526194497848319,0.4420998309799807,0.9679369473451201
2015-10-01,0.37217055153136025,0.3923999879431536,0.24547581725356207,0.36205659471118584,0.6959582457657538
2015-10-02,0.36446041213423613,0.9761337195417765,0.6397319384773479,0.7521835138583187,0.07657977647353421
2015-10-05,0.4446956784090306,0.5515486305679544,0.8621442644924548,0.7374956087337443,0.9327026180153223
2015-10-06,0.48136043933634454,0.7999062738090661,0.9859128276782569,0.9633005491601365,0.034154048499369025
2015-10-07,0.3274691603353573,0.581373193100423,0.29834916454955956,0.2586525336478397,0.1392359025131907
2015-10-08,0.2618731193105502,0.29893725495051965,0.9237508514466659,0.9010064939795366,0.34596411232773017
2015-10-09,0.34481482363169647,0.8676621005639498,0.347533475517332,0.5606141491605344,0.088445583790006
2015-10-12,0.7685747985446508,0.8104799775614396,0.02336935149805559,0.023131940472184854,0.9259598155061413
2015-10-13,0.9256430594288007,0.5254654113383878,0.27428772042927646,0.3330219090861511,0.09078473003684902
2015-10-14,0.30052612094971365,0.9107957175344132,0.4347844464818462,0.4752385001322201,0.564686967006783
2015-10-15,0.41824107386411663,0.7868955871904304,0.321495275347745,0.3881293417324255,0.23032834850768238
2015-10-16,0.6627226840851446,0.3087849476938557,0.473027658398843,0.7824048221313078,0.26445827593817944
2015-10-19,0.9196070675121011,0.12949114618469912,0.4219446237812247,0.09865718809047311,0.0015381354278306526
2015-10-20,0.824326378236936,0.660113032094905,0.5086678627346318,0.35104239075345,0.8358416982250804
2015-10-21,0.05823608372637997,0.12753983083186973,0.17642467767700212,0.3465070547800353,0.44730129209115754
2015-10-22,0.4051213863707423,0.4081967030565796,0.5639272574237059,0.5538373071814402,0.7276936078879827
2015-10-23,0.3074556658555018,0.3211560238092925,0.42867174567481137,0.19140365937438375,0.8919760489891808
2015-10-26,0.9115061369056952,0.6383078941114253,0.2745039436466016,0.23496175032618308,0.08919966499998
2015-10-27,0.7395275495890906,0.4658710373367106,0.1774614670564239,0.18642959905409975,0.9798347026091759
2015-10-28,0.7276355947686113,0.8644342691319271,0.987865013331692,0.9864036623316274,0.06619712864200439
2015-10-29,0.43606408941531677,0.00830922923216694,0.38131696124494047,0.5430305549839826,0.653306821187306
2015-10-30,0.884391385351361,0.20182429764482615,0.787043883923041,0.6871751187937132,0.2219289126568293
2015-11-02,0.8360432512074343,0.22377730446504324,0.19051351913602224,0.30509141496281456,0.35877121224290665
2015-11-03,0.5078059337063673,0.0207815695266621,0.9629104574714891,0.9441287250678664,0.8621603319208073
2015-11-04,0.047374520018393956,0.15066994544299134,0.042025710594220854,0.06975215911769243,0.3693833648432086
2015-11-05,0.7711553931587936,0.35643605415848173,0.2467184419874082,0.13847317587260624,0.5060908859656388
2015-11-06,0.216999433231319,0.03807399730785734,0.25811226985733665,0.18623299550359318,0.089518136821537
2015-11-09,0.19556273363125026,0.4551549276661862,0.3676682134911685,0.32625937337849126,0.8754666975861961
2015-11-10,0.9379556522971919,0.48558315839958843,0.5815074776414338,0.612695505847678,0.42831471563943685
2015-11-11,0.8490786551554542,0.2977729960380231,0.05064801373625607,0.10097217447981596,0.5438851561490023
2015-11-12,0.5077729495739817,0.27157677367985295,0.04612405134864813,0.11989419816427091,0.12190320064221644
2015-11-13,0.8324798985465169,0.46039323151367273,0.2845552478277759,0.15640553859060513,0.8591978720531859
2015-11-16,0.72462538067037,0.6261037722486558,0.4514074163487834,0.8113399657608921,0.9990857750275135
2015-11-17,0.3235134095121945,0.03946989937662415,0.4630626332644676,0.1505635456318652,0.03485004220860227
2015-11-18,0.22853821359560295,0.44309520922005213,0.7372345989268854,0.510262898900947,0.6367318372728521
2015-11-19,0.833216462266895,0.8713884131689018,0.4924672863672573,0.3973290974522043,0.9351839299857136
2015-11-20,0.48473301080415837,0.3966678204863121,0.7117768792473773,0.4160893913759673,0.0940020565868072
2015-11-23,0.050598332020822846,0.09489790667935107,0.562237568633931,0.9143299780230296,0.8095233892949324
2015-11-24,0.7403965265813328,0.817336848257507,0.9446206518356242,0.8708586309028541,0.033253008240211705
2015-11-25,0.20556160735497894,0.27948605587794106,0.504994108955312,0.562014234327011,0.26737258076974013
2015-11-26,0.47910138052965434,0.4580024132959997,0.4671366907039624,0.4817243557311364,0.7039698192094728
2015-11-27,0.5625816649103474,0.03765690723753423,0.058163039509674996,0.06443319852385535,0.9944704815889454
2015-11-30,0.6938443262898113,0.8767900026201936,0.332453535306635,0.4458335056426886,0.026773743314049563
2015-12-01,0.49448279989966304,0.37194620131830486,0.3749807269848669,0.5764556483081869,0.9715016079984599
2015-12-02,0.3020713905971537,0.08835907229250356,0.018082641433870682,0.02039215549412587,0.2847922689488824
2015-12-03,0.9203927438734532,0.8252159929702241,0.929809249346268,0.8695918919350931,0.025560332130895966
2015-12-04,0.5320050667888188,0.9880017511718784,0.17103347798219637,0.11788756666675912,0.7318535764846255
2015-12-07,0.8622452921147072,0.17512267526227915,0.018933087263845592,0.018255654452779123,0.4766589496892084
2015-12-08,0.009470518825429203,0.4505516382743783,0.2783896981016124,0.42114755012057115,0.2602218233740065
2015-12-09,0.9288549930032228,0.5371653185316663,0.4013368598957343,0.34614429303535094,0.9627668613576057
2015-12-10,0.24323647910344826,0.2575266811695924,0.3072810058073464,0.3196497872572807,0.060780817813082574
2015-12-11,0.5239088495384352,0.658736287459657,0.03692210782420941,0.10887450660269625,0.7443901149667129
2015-12-14,0.701329039066646,0.0690337094453239,0.45024353430624825,0.7498454432873793,0.8802081566341315
2015-12-15,0.13126518272575888,0.3500696137291141,0.7143388659498034,0.8523757003455434,0.023287068188070255
2015-12-16,0.14791559656284872,0.9509788858033246,0.08548296156368398,0.039082688821683545,0.7450116413135621
2015-12-17,0.13984748503731403,0.009156323327548876,0.45321352742987336,0.26398822554978674,0.3350440493114191
2015-12-18,0.46736498967536233,0.9329490721655309,0.32806270310990543,0.3920299930113646,0.9895629776198314
2015-12-21,0.33742924499159627,0.9428485878576448,0.22891543560799552,0.48818828033780115,0.035442015626191876
2015-12-22,0.11301039431067846,0.2157701402689783,0.33985654876090166,0.9235542547732962,0.864017803706401
2015-12-23,0.9459718298155236,0.23928217941106442,0.9465231148519693,0.9122295867531458,0.7284276232158644
2015-12-24,0.08912935678124649,0.7889923871023625,0.7549990860328399,0.7302486940689068,0.026008676885515756
2015-12-25,0.4781030686590395,0.485475294996863,0.4730849470024656,0.48713597774841305,0.7105136002176379
2015-12-28,0.30823675137614737,0.19831096555202324,0.05798355474221083,0.07523126146281252,0.5110357529030038
2015-12-29,0.6706633316992239,0.7700081544428767,0.9265832753063199,0.8557771768280552,0.23611087883685708
2015-12-30,0.6835466568681192,0.038580226502022856,0.06516354156759452,0.09056586659475628,0.9752619879663657
2015-12-31,0.2871426679907828,0.45072887820608387,0.8320054711222371,0.6601326762252058,0.21514388697797412
2016-01-01,0.48004930053251677,0.47114951370362784,0.47597387886437253,0.48646651981917727,0.5539479206213841
2016-01-04,0.014516601488547448,0.9387711164738811,0.4364007720691928,0.35247043895434604,0.9981049683888773
2016-01-05,0.039477794130942476,0.653862080110376,0.13880957937714264,0.15911973193282514,0.028763613584650002
2016-01-06,0.02200135109580873,0.9195184051754557,0.01209545067540389,0.019041327675331808,0.40113208190480515
2016-01-07,0.2798330677554959,0.9408669729103627,0.2550257192728634,0.2064835227498595,0.6111562580897716
2016-01-08,0.9229566949296634,0.14778176961592784,0.3702601854740867,0.43244854877810873,0.3337936167862758
2016-01-11,0.005312798913452585,0.39797163077676995,0.021834519860999668,0.03370104401348806,0.986091442674968
2016-01-12,0.11956999204608948,0.10979747167147841,0.1950527968409763,0.1401093855590524,0.022884552269203107
2016-01-13,0.7969551077495753,0.5442762191415235,0.23526229263602486,0.49896457228757,0.5585374975840669
2016-01-14,0.16296081160372364,0.06951141153991709,0.8026449838819942,0.7841656098561253,0.2189857001163697
2016-01-15,0.8909234823296894,0.9513661465958394,0.46576148635253745,0.031955227983741764,0.41714693050429325
2016-01-18,0.48842926195130865,0.5018946048227513,0.46880090000125746,0.47709997911110236,0.6199588964503102
2016-01-19,0.7741919884231364,0.3985196074417264,0.011449419838129195,0.13027899627050224,0.02483210716406126
2016-01-20,0.004290167257155833,0.9479423904519035,0.14561200014973907,0.025195384382786228,0.7086094219936296
2016-01-21,0.8623614813983145,0.19558261228383633,0.9338952068192912,0.9890256763993828,0.4983201471538059
2016-01-22,0.6621114594085246,0.37522590834131053,0.9934673813304165,0.9728264910615704,0.028817149163507836
2016-01-25,0.08876911709117058,0.82103928497921,0.09132563643584322,0.08242466296036487,0.10457803903657331
2016-01-26,0.5874951420770591,0.9329335853106836,0.8615714752417292,0.7907559586039874,0.14030027731007286
2016-01-27,0.05179563574146677,0.2698863746129473,0.8665562985448101,0.7431301463582953,0.35987628061287874
2016-01-28,0.7499490156324022,0.44130136006015735,0.7446643217742721,0.763047507834394,0.6958709286120555
2016-01-29,0.2029839257865572,0.508271169999307,0.7623151120078251,0.6241101379372382,0.02939545683900206
2016-02-01,0.9889339522333,0.877497630807604,0.45797424110529633,0.05313562332041082,0.0524193637738915
2016-02-02,0.01418319926140192,0.46328785145778134,0.053704178546673975,0.07702237133378818,0.05962241661941172
2016-02-03,0.9459905470250826,0.9138986622947157,0.9663515139786816,0.951420364184564,0.3871717008051147
2016-02-04,0.058191370745717334,0.9374022801811533,0.30663469473415517,0.33282769123504524,0.03291519787724212
2016-02-05,0.5574348188070335,0.5067830577432564,0.33483219167288875,0.24040384225229303,0.06898002956796757
2016-02-08,0.9599445880918539,0.994555370153123,0.14110327065695227,0.15228490253774005,0.48912707548402473
2016-02-09,0.3146466101699196,0.5531788054686375,0.024119190933471844,0.0737554892353773,0.028448731145155986
2016-02-10,0.3793708706695277,0.34829111920463013,0.6417917046302448,0.3202897426410427,0.08103253503057142
2016-02-11,0.09457813306481773,0.9954157158885509,0.22772448182152777,0.13105404031476356,0.23973245813952504
2016-02-12,0.9008273067045084,0.3152910567980406,0.991662013784794,0.985147091308397,0.32097238151403307
2016-02-15,0.4917652194621895,0.47404573038596415,0.49023094108282567,0.5052451150602271,0.695242349586164
2016-02-16,0.21241364204351101,0.040525567137446414,0.1710728195911318,0.3573886688008782,0.9784405475249304
2016-02-17,0.9559080011866972,0.5398547485778461,0.9565078925829378,0.9006778343745789,0.004376994088885355
2016-02-18,0.5633425692127132,0.828874584732112,0.417675812816207,0.5352994588189672,0.6547082843398844
2016-02-19,0.13663170288978344,0.6138050708476727,0.15407253869391074,0.14853277738005188,0.48206526667995137
2016-02-22,0.6507899154681864,0.08943178915750007,0.9045382642490718,0.9297507176525788,0.04691685792211429
2016-02-23,0.6389121110238669,0.7852243734107685,0.1361882980508616,0.6322211354116649,0.03501973521141677
2016-02-24,0.8670624470766635,0.8590638272144238,0.8139220741861788,0.5932420899185546,0.8469073661128617
2016-02-25,0.6133400974801284,0.4833978262624914,0.7616561753494775,0.7997394090468495,0.9974693814781154
2016-02-26,0.10746087591785383,0.10500129818452597,0.4120110832680896,0.3789680794839608,0.14538141763274917
2016-02-29,0.9136697623174084,0.8156096838763164,0.7681174092325458,0.823133075974825,0.579271035860248
2016-03-01,0.2785403914081935,0.39021773851808217,0.47221006151470407,0.7393813020429718,0.7297693957797844
2016-03-02,0.6339709179137758,0.7674702335750024,0.8105581790566426,0.5989290398932524,0.3309375444194354
2016-03-03,0.5063113181533365,0.866718431739264,0.5312431671379095,0.4458454865685718,0.9485791202429728
2016-03-04,0.8888858774464448,0.8093131579115251,0.9356932113814475,0.919541308343286,0.9250325655927077
2016-03-07,0.4297069844041507,0.3052353573061613,0.9633289680370196,0.9667828886302814,0.2383599860106325
2016-03-08,0.18246386068766876,0.4387221074447418,0.1616627405169788,0.08645092768702244,0.4997903066045267
2016-03-09,0.8609783114347833,0.31592741867883395,0.8816283496078081,0.9358990130340241,0.9953966864029821
2016-03-10,0.7008971136957112,0.8564581238776965,0.1873483562296805,0.3301993549154694,0.10511680433244996
2016-03-11,0.48857965272771287,0.16068843616790815,0.5895686709735993,0.7251646563633991,0.8876083431760071
2016-03-14,0.5937100225808676,0.12676817858853545,0.20105922682809488,0.09925614626569261,0.5478294696123599
2016-03-15,0.15890800562190543,0.12573585086793818,0.20400327575571792,0.19301110019079493,0.6467919796525448
2016-03-16,0.8092595202704964,0.42442989429650885,0.9334050077576815,0.9586011735894463,0.31149605271482506
2016-03-17,0.9375144236942027,0.982050631885334,0.8756746945939102,0.9211507974993118,0.03769104160034302
2016-03-18,0.5092935183012217,0.23286572273500122,0.35212986100139126,0.25022572595312914,0.5090222134628875
2016-03-21,0.1556459634064315,0.20878617936287894,0.6073786796325084,0.647007461975605,0.5850719545590597
2016-03-22,0.19698060448483756,0.6036537713072261,0.5789345519747687,0.9006900332132192,0.7012075285211146
2016-03-23,0.06108310814144748,0.04968970415914359,0.0916905984185841,0.07911943677113474,0.9997107685658904
2016-03-24,0.47248813964453784,0.37887481402006373,0.4452912481860463,0.3652344042509615,0.08224936534430673
2016-03-25,0.4864653418165086,0.4754671589005273,0.4681529174755833,0.4841132569207527,0.6093703787487443
2016-03-28,0.561869262686857,0.4275482884574811,0.3888350551969168,0.4568889874356686,0.5108287432241274
2016-03-29,0.48680488201433386,0.878594603660161,0.09369665245038983,0.12354167090045494,0.8048192302979403
2016-03-30,0.5247307147402632,0.23546412733455244,0.5187868217995805,0.4950581985288991,0.9650219153326263
2016-03-31,0.26918106912403195,0.7040337154001508,0.6490609185532764,0.4924812871295276,0.021540451362190825
2016-04-01,0.055008060881278215,0.15539808431197066,0.5035923061151075,0.04676859791859251,0.942973893961628
2016-04-04,0.38222308687690065,0.320329578319887,0.018260885797081728,0.11394435910238906,0.9355246926985429
2016-04-05,0.5958780246431313,0.7974296955777063,0.5397952056582882,0.5611156570301179,0.024334120110764742
2016-04-06,0.6645734154464857,0.2894934101801192,0.9807487545825251,0.9606435954002985,0.6967172793447578
2016-04-07,0.10550647503925265,0.863041767772182,0.31614322257267496,0.2977073262466026,0.5562539018081201
2016-04-08,0.6994457897195373,0.7086182280132202,0.9886908372998968,0.9801819294817566,0.9200366966566002
2016-04-11,0.7968011385204439,0.8754255543957733,0.8032859678648504,0.7267164107932855,0.05158682980718697
2016-04-12,0.7362293567377425,0.5904240523707538,0.9495017755257134,0.9378347249113672,0.935170519874171
2016-04-13,0.34734335961443535,0.13163058107118905,0.3101008837381773,0.34469090254264634,0.052699597011940436
2016-04-14,0.8019341616342462,0.0408577650107373,0.34325259462426266,0.38198416234425164,0.9069755747126442
2016-04-15,0.36644683849654763,0.7312744642195161,0.21743162948573794,0.12378319842804054,0.497369946518492
2016-04-18,0.8998434350737692,0.5046844162944055,0.3864568102982859,0.26281694965323094,0.14655234092456998
2016-04-19,0.8707947289094188,0.9371074971080599,0.8759588811185621,0.8833988542185269,0.7573553597378437
2016-04-20,0.6531075547634801,0.5080545322365457,0.9573185684967294,0.9156111218276819,0.8347590254795462
2016-04-21,0.49644212750271277,0.3249012591702221,0.11960169680306616,0.6926811235110291,0.9797448195557128
2016-04-22,0.951745343429112,0.04734334991612902,0.6939479996592627,0.6935336264316708,0.9619455955390529
2016-04-25,0.2768411355581204,0.7932465374361553,0.2447394555056279,0.1346196794668079,0.8546603488144031
2016-04-26,0.9282263219816149,0.6139890303839174,0.898238781523889,0.8927115505666879,0.9909208813338061
2016-04-27,0.38940492003309163,0.7320376553566872,0.9240611338669689,0.8746624046960192,0.08297274718315116
2016-04-28,0.36476157330126663,0.9146325794409067,0.8284321127185132,0.7360280381513522,0.7647054595611047
2016-04-29,0.8640168818476024,0.9619332135234899,0.4712148550203986,0.44303183441459754,0.9795399122050727
2016-05-02,0.32660730737716637,0.6875472930460941,0.45511837171681846,0.12140568807902107,0.23393085597405894
2016-05-03,0.3810736699084918,0.34552788382811717,0.08601451035075501,0.12599524419201713,0.013542224471943816
2016-05-04,0.3097612755712414,0.07524276333542229,0.02928856972938238,0.5288447613880314,0.9467128235174193
2016-05-05,0.23627095049550956,0.38395077875059713,0.6112262831547466,0.6985357769649891,0.043541734996611174
2016-05-06,0.030557324611605804,0.9460572129159844,0.6222207184143327,0.6291845960088289,0.4932655842974761
2016-05-09,0.5978256334901099,0.03028976647776545,0.05495441459291009,0.09178188312126863,0.4564430898548511
2016-05-10,0.6963111034259684,0.38299992646412895,0.9557614837556649,0.8787253383911647,0.4921667370347077
2016-05-11,0.17936734976464766,0.8049563219943876,0.9619936588749121,0.9267193986718683,0.5874541204751391
2016-05-12,0.23374869731571266,0.33904363870986154,0.6517414443711312,0.6725097839285156,0.7255563668823567
2016-05-13,0.07750967760422235,0.5281826963715996,0.38477428451680473,0.2906756071057324,0.01854750923241993
2016-05-16,0.1783721161803731,0.5328000344880109,0.8454771145578798,0.9190678409084652,0.8918148311251299
2016-05-17,0.21719461213145783,0.5824170510880886,0.5951962941369948,0.715342825612053,0.06633285242214886
2016-05-18,0.7892180102193909,0.38151449199426024,0.3414838158948013,0.43313287114167254,0.44624194531511274
2016-05-19,0.15321519577470016,0.04786107624705275,0.4172752978780879,0.46509957042560973,0.12135553157196276
2016-05-20,0.6809337953927405,0.3751121863029906,0.4288359663372069,0.2964620507472265,0.038486462672206824
2016-05-23,0.8809013883508212,0.41677520419939634,0.31395285862808026,0.6302247352639934,0.31609465574191487
2016-05-24,0.42459661151603323,0.030623763666789375,0.5874789673493467,0.7288066932231325,0.335175227431191
2016-05-25,0.20862461515046923,0.24198384521555083,0.9003666728194415,0.858608416451718,0.6860786297066004
2016-05-26,0.3951768361031121,0.3254880585721531,0.40767139275582115,0.44215087468588943,0.3459254579961282
2016-05-27,0.9785836588409546,0.2266089493813779,0.3410781923004679,0.39633268907700303,0.005569112223362128
2016-05-30,0.4920367882829754,0.46071719758367746,0.4640033899238638,0.4726010325774108,0.7653366910848687
2016-05-31,0.8968618216395707,0.5156582561871621,0.6635218772382196,0.34445277127204615,0.00738775662608568
2016-06-01,0.3618923438171016,0.3427153004909464,0.4804615749603132,0.41726066781298804,0.9272676290713552
2016-06-02,0.594750464236083,0.3683354471994114,0.6527821638789759,0.5679074646911941,0.15908212515569123
2016-06-03,0.2439260357472799,0.9898546550148174,0.2661523116567359,0.17716995499191662,0.1229526337539372
2016-06-06,0.7791477560029714,0.6842814690898972,0.8937870478051422,0.9229376478168834,0.04314357221484443
2016-06-07,0.7271939219562027,0.4715135131337496,0.8890798355968018,0.8190425892734713,0.35185202020970313
2016-06-08,0.7262569155255665,0.9064191279791535,0.9208136942471651,0.8751571916365732,0.07662844704222957
2016-06-09,0.5172833342310761,0.828749635812095,0.22143221523415277,0.16066340201299145,0.14824821585581013
2016-06-10,0.6741444184132237,0.6107869348549215,0.04869575236871696,0.031436533660821886,0.5400804218875964
2016-06-13,0.6087641836031005,0.8334522378947019,0.36116952411408554,0.37317762215396,0.09455388081610043
2016-06-14,0.46404405549406796,0.5353339303560096,0.22951557199678913,0.2850620977114801,0.020235108908639797
2016-06-15,0.638653036072437,0.48186780462166173,0.1269880888045071,0.24439234531740525,0.007073566688170512
2016-06-16,0.012655480674708036,0.8220122105648877,0.026597715187986135,0.021719884697707945,0.80924343694553
2016-06-17,0.8674908007513269,0.3459170622005309,0.9770110459948154,0.9529162575763697,0.36449701239666077
2016-06-20,0.9291465970928549,0.36582132140840873,0.933192456609737,0.908243550678825,0.28517339104853096
2016-06-21,0.72027997058286,0.04163329067742894,0.46664138041048886,0.28566617614854956,0.530400415269864
2016-06-22,0.5844545939910191,0.3413292892612159,0.2057365432603632,0.5944240218796104,0.27644583794731853
2016-06-23,0.7562911158519344,0.2147486526113169,0.856143088503051,0.8377467281462674,0.2082499838938053
2016-06-24,0.001845723762360765,0.9986391670233805,0.01923391599051613,0.014161166379790887,0.45789717514524775
2016-06-27,0.18728796931824737,0.6059722314915494,0.1204931671679655,0.10777460143859487,0.0026512868333930305
2016-06-28,0.6328143830433473,0.2949326082813683,0.897176999332571,0.8903192946460748,0.4414799571560688
2016-06-29,0.7351198525157459,0.7039745338495781,0.9574056477999935,0.9399015045021437,0.14591810074294448
2016-06-30,0.05102911808210103,0.33574808928702815,0.21011593840961845,0.10663851510964296,0.23735429368396138
2016-07-01,0.7468229358783294,0.8777778477329706,0.5210709635306064,0.6843497612646536,0.7174647228212145
2016-07-04,0.48799478417127184,0.4980525016158231,0.46943929929377,0.4867636394448893,0.5305121107067512
2016-07-05,0.9340806056299547,0.8940688448132397,0.05443622924972886,0.029601077319616163,0.016872437239603418
2016-07-06,0.6277207721898874,0.7236973605401363,0.7624152729666993,0.7287920537430735,0.7528463368784233
2016-07-07,0.7444954695359629,0.3530477127384318,0.03144288447345037,0.04177265962084625,0.2346340548352457
2016-07-08,0.3692132259749516,0.3723777024749286,0.5835253370901955,0.5617230538865606,0.0600521751338577
2016-07-11,0.5036192473601089,0.42599587959754337,0.2991621843207321,0.2817774833629837,0.2250583928772242
2016-07-12,0.6261645486407088,0.07281240502327477,0.9683398810064032,0.9339248030346844,0.28042648097520806
2016-07-13,0.7424459418533651,0.7018478513789461,0.05137089731823974,0.06217366964327818,0.04489594329242313
2016-07-14,0.6279675669043205,0.1903778873979584,0.8034303570454169,0.7436274301170344,0.24551458657151634
2016-07-15,0.006183320724345347,0.31661526754202435,0.5590423946878479,0.5753737233761765,0.4523464056018762
2016-07-18,0.6595443350991446,0.5337329792373449,0.26596007295634094,0.26402416512458626,0.05551079082053391
2016-07-19,0.032687449184418814,0.5824035585860141,0.3584754781271472,0.2885846656356919,0.1637011707553586
2016-07-20,0.23214867943165704,0.14258255904348355,0.6665646377355614,0.5848946350563439,0.24359411041521506
2016-07-21,0.06269683847487584,0.8105278457132771,0.16762421992301624,0.413245152706638,0.9381479417556804
2016-07-22,0.3300572701744549,0.2544528704996701,0.27352409750024,0.27336534171791177,0.9950770423101399
2016-07-25,0.2055409182846585,0.335019890107753,0.1494786213842477,0.13780705408497662,0.22920249189809808
2016-07-26,0.45306866780215893,0.5202561642686842,0.5273577012499784,0.39366376241871415,0.3419451364218734
2016-07-27,0.5471484179508788,0.6852112878869172,0.0748136098236502,0.14365187123958925,0.006758666330806946
2016-07-28,0.4140587525115412,0.6855868418784636,0.18190003326785512,0.1965152680205773,0.6835680102413136
2016-07-29,0.332990343126889,0.911451810100866,0.35570274163042753,0.6654810429879269,0.8661748885453693
2016-08-01,0.9768539934285352,0.5827440262857622,0.4608262879920351,0.060200644867994424,0.14728510128465494
2016-08-02,0.2288668989241344,0.8566404132492007,0.19758056586149791,0.2665491540122186,0.5857881481764389
2016-08-03,0.9763921159207118,0.22238279170525452,0.9388078093306353,0.8910476519456205,0.5269279263370465
2016-08-04,0.47518794926640334,0.5626879549175041,0.9196704591529584,0.850461642699043,0.5737484725939224
2016-08-05,0.7416641298023797,0.03841883161873678,0.4685375369318075,0.43680047128516486,0.9773823165268916
2016-08-08,0.5800884181864461,0.3329173087134036,0.9049717937655447,0.87872997194076,0.058937265499447215
2016-08-09,0.10662281812698403,0.6785225060044687,0.29521421682767807,0.385822167733931,0.32885352492465425
2016-08-10,0.8304352107005171,0.6803420608290677,0.1272609084121434,0.12401371612097749,0.9661726577895757
2016-08-11,0.3282912498358244,0.40706128120416013,0.9816680327403844,0.9449246931768819,0.9789548864937729
2016-08-12,0.400883431300968,0.2288476269671372,0.8466123412174287,0.8261737678205667,0.3329081899819434
2016-08-15,0.7953752100385963,0.6432536171035452,0.9246041026469877,0.8719244313553154,0.2382113255840232
2016-08-16,0.592048860035554,0.8301941926637382,0.8192981705893261,0.7797688961248581,0.24318430854436537
2016-08-17,0.6181779197777213,0.2056320847285773,0.7340777776386409,0.5693960713562665,0.42915631988307923
2016-08-18,0.8824128221642991,0.779019493590623,0.8608216359891608,0.9059380788166627,0.5419393257767307
2016-08-19,0.3616867934904843,0.13411693281905143,0.47132988330901443,0.6082285009022517,0.11470109624773507
2016-08-22,0.012938182685728654,0.3405899230940739,0.04958508445450442,0.0718303719189975,0.19803367059799834
2016-08-23,0.883437163446152,0.5910042885925573,0.778289091497721,0.825555630147689,0.3757534222946981
2016-08-24,0.282996600708486,0.05646729815441224,0.16764187755263613,0.10153159856442852,0.22061294741711432
2016-08-25,0.5776918434331344,0.26787864342275436,0.7289096994516296,0.681888679061638,0.18090474555200517
2016-08-26,0.36683788760643127,0.5246004392799587,0.5868309870811473,0.6062803231365954,0.9757930490898552
2016-08-29,0.06487882669231743,0.5344145116159691,0.21312234414695838,0.23502341980808303,0.980911410297063
2016-08-30,0.20896838890794447,0.10262822042189024,0.14510684461661125,0.23812407314156786,0.13579232001100958
2016-08-31,0.5624506725385005,0.2444876568914803,0.0723751824728107,0.05247405598403701,0.17848680786470061
2016-09-01,0.47649337093060035,0.7027895165978919,0.46084672893953443,0.0720175909882746,0.36609607880665446
2016-09-02,0.5159096093067691,0.857014823618491,0.3638439966775614,0.8593431520858701,0.6422786869698109
2016-09-05,0.4857780126129911,0.482430983064649,0.46477513448502045,0.4902628719461853,0.6049036295122197
2016-09-06,0.7251809064005886,0.9869954913011991,0.6953503351253869,0.6347744772361044,0.15032255932746197
2016-09-07,0.3476416211998367,0.30877022992492176,0.825093693631137,0.7399663201641624,0.005138052564187217
2016-09-08,0.17046486619079562,0.1965169327679055,0.9866658887699045,0.9659375393065425,0.24209233001491792
2016-09-09,0.011178637848240238,0.2116864009862627,0.03336362625852532,0.0613260915774894,0.06604479787744465
2016-09-12,0.805504151933001,0.15036206136608585,0.5864772593141201,0.6227921093603632,0.7780083836665025
2016-09-13,0.40625685045990106,0.3671150881541039,0.10564943809885984,0.09930342656526106,0.4558093296967937
2016-09-14,0.7457087302027097,0.5777141203060201,0.09733513653537136,0.11211549995385409,0.36551382672175636
2016-09-15,0.7139627591354656,0.17245544513028488,0.7690180112210666,0.5970112150670768,0.14077177378051825
2016-09-16,0.04803641806118188,0.16719385159411612,0.18173230644603575,0.19463217357881146,0.414728944407809
2016-09-19,0.9436962463354,0.7801163460856617,0.5445004218584536,0.5828001775096701,0.14885903942378134
2016-09-20,0.43109757173961893,0.488720027338785,0.43606674351065644,0.5412941786599348,0.014249188962010079
2016-09-21,0.5963508789003067,0.9089276485001035,0.8672185643144652,0.9555118642404179,0.7890890250379315
2016-09-22,0.8465784787096654,0.9130763536070359,0.8343882008151122,0.8210234111169081,0.015690339629736594
2016-09-23,0.055691659151418604,0.34905102734637783,0.038659735065331755,0.04821181632037208,0.22457015200353725
2016-09-26,0.4099325544657427,0.5761275617803125,0.9317665652639217,0.8822859147111568,0.15725152285898653
2016-09-27,0.7093193324649401,0.07227730980560138,0.08985882541085286,0.1321057555056996,0.4296672716562011
2016-09-28,0.13554368730657076,0.19247951160969604,0.9887182762422853,0.9588435757091505,0.01856074405765099
2016-09-29,0.01513976032828172,0.5648051806611041,0.6845793171606185,0.7318141510312662,0.6306058880352317
2016-09-30,0.7852889102977203,0.15193999203391642,0.4072531520789844,0.6234017394822672,0.374278882698628
2016-10-03,0.7830756611405031,0.260536463249774,0.4825580746284219,0.6780557740037438,0.04151011300787045
2016-10-04,0.7028507489342135,0.002065585786178171,0.9473614556009468,0.4414591349831388,0.9689827566507264
2016-10-05,0.6933888895468983,0.3558566650402292,0.8208239097835406,0.8411579194155706,0.13757760435288982
2016-10-06,0.10893346446207655,0.05846228441113751,0.7190982811172275,0.7073844222838229,0.672494276066993
2016-10-07,0.46103030235733244,0.40248417006042964,0.2709857590325475,0.25597862767832646,0.8231686638609594
2016-10-10,0.48549265441830103,0.4664751450388973,0.4634441037623446,0.4771290415259195,0.7984534431971377
2016-10-11,0.005773378803467312,0.6588003291747497,0.6717961294750974,0.8277152631911711,0.9660851435165276
2016-10-12,0.2640672399927524,0.3836365422402171,0.24470775396664077,0.24891725987603272,0.5214407983145777
2016-10-13,0.8998962984116604,0.6511369790850898,0.5627173671987578,0.5863491461100674,0.4639863534217632
2016-10-14,0.7055591120850153,0.38004258814595626,0.43181637122189903,0.4389184279580752,0.9648276607310303
2016-10-17,0.2280415030895233,0.5283153382698792,0.279146411518279,0.29364574793975684,0.9934452306199631
2016-10-18,0.5680020345433922,0.7645766772867029,0.5437479857834912,0.6390676534429995,0.2695663989670551
2016-10-19,0.7409824859494729,0.7944646570354075,0.8870861772350978,0.9218826302972235,0.4367552528952961
2016-10-20,0.41452428214517034,0.36257983143358186,0.07435887784574507,0.09088806210490627,0.42905759109450015
2016-10-21,0.5707204368871999,0.47551506461831994,0.6534082492758768,0.6558506492575022,0.6264675402269169
2016-10-24,0.2836602692536735,0.2748994679450141,0.3204002136293306,0.3302450275613213,0.5010160196720304
2016-10-25,0.7778391398253189,0.869458639848247,0.18473152304950993,0.232841933386769,0.43749145900101977
2016-10-26,0.807454811834957,0.17500406570892982,0.1430117253547434,0.16417201101442425,0.5641587361597192
2016-10-27,0.1593505998828121,0.6144759055643945,0.7172289730303878,0.7136259609986516,0.13543761915183955
2016-10-28,0.7274911250407137,0.8172312439556897,0.1560908893955044,0.11212055911462501,0.9641995027302162
2016-10-31,0.2735017050043936,0.27861925104501684,0.04871146843266742,0.02975285090633024,0.5383643219201812
2016-11-01,0.13903323864239836,0.9451274535772551,0.46903466262291743,0.39252721463589296,0.7589540338345324
2016-11-02,0.6260485671683617,0.9746859841536655,0.048449501188821666,0.08199800943794999,0.32875326166203717
2016-11-03,0.44089704706034977,0.2969402033165231,0.23728128331798187,0.2234066420622493,0.6569280398323818
2016-11-04,0.0035882943436327157,0.5155263316181808,0.15919906861650807,0.25160628986386,0.3047948369297426
2016-11-07,0.015825727009420955,0.014997382430150967,0.7500231175989917,0.7867233315306856,0.1223329198072037
2016-11-08,0.589420756603086,0.23052412977605946,0.41470282716244794,0.5247533219053013,0.6924359687396549
2016-11-09,0.21883247008243217,0.42097385147020666,0.6447670127854,0.6116304300308906,0.629408530723139
2016-11-10,0.2371785747911373,0.1828361261602495,0.22064887805294375,0.2215320571459792,0.3972595351636032
2016-11-11,0.48412206934856467,0.4536910048339416,0.46055890666534527,0.47508171277830624,0.6694931865245279
2016-11-14,0.05623200869388887,0.0018232881345193585,0.03916011178265588,0.05668831803104844,0.002229564986602123
2016-11-15,0.3218446387741355,0.5265845899514805,0.9943760391886591,0.9853166912074358,0.046603989434383264
2016-11-16,0.8288452477678608,0.4469292619424501,0.35461948159249346,0.39694844207490565,0.11612978290792147
2016-11-17,0.6507585098662219,0.19878038292525146,0.4027200168333018,0.4144459701683265,0.6121252755135869
2016-11-18,0.5586018926086043,0.16040291442601698,0.6448785262763969,0.6009445140002132,0.4830229553024295
2016-11-21,0.558343711215523,0.5078845149943934,0.9815656321714635,0.9610586501353906,0.37646455668608947
2016-11-22,0.49833602435607705,0.5385513871360856,0.5804635220490684,0.7134643176382229,0.22345867821427906
2016-11-23,0.47328681919885657,0.019652560739956554,0.395603651036634,0.4503388602315785,0.2827912117443195
2016-11-24,0.48521607501519853,0.4304164279467465,0.46574745725629785,0.4771574842884503,0.7273416701507319
2016-11-25,0.26495303825781996,0.09733887723219428,0.041925941615417336,0.02128162858818306,0.333262086813255
2016-11-28,0.2914162372206772,0.9007940116967357,0.8495392864871755,0.8401732117591152,0.4004674046397354
2016-11-29,0.5092676552886202,0.36034454034213675,0.04218704610176683,0.03686513589142447,0.17086720576263545
2016-11-30,0.26724025700984566,0.036695174998322096,0.997529674049801,0.9962211044980008,1.3170311754575705e-06
2016-12-01,0.6135965982148683,0.26284787514274977,0.4896385409255539,0.8846486639126769,0.7452260684903227
2016-12-02,0.3679856765988554,0.8167053733499317,0.9913059151947421,0.6759205070386367,0.5068508439668385
2016-12-05,0.13942367748801804,0.4266731583071681,0.6118206243523616,0.5219792120112685,0.49344895672591094
2016-12-06,0.36060923828338726,0.1901125169582176,0.2426319139310026,0.22026426699055396,0.33519238826789144
2016-12-07,0.02491333982120309,0.7955812356670084,0.24339065906147123,0.15231165680038136,0.5825850263524208
2016-12-08,0.2193091481868156,0.237695526780322,0.7176418222435685,0.7982830959268405,0.3959359436425087
2016-12-09,0.003879466601255468,0.09089898307860975,0.6060066737910362,0.7035409423127729,0.3589332938942101
2016-12-12,0.9750680598708135,0.6620145813418726,0.8392933701810448,0.8593726204494206,0.0007240807573439849
2016-12-13,0.9190781136752475,0.17236552890584306,0.4857293173123856,0.5409615774010463,0.13085121951473747
2016-12-14,0.7728405796939551,0.6958195081393569,0.09088314934755141,0.04946965596708494,0.6393882917006366
2016-12-15,0.036483502388925504,0.003413505812333598,0.4969563945521076,0.42559960330949576,0.3183359596327514
2016-12-16,0.43232454286977323,0.7637445303333426,0.8270356052300558,0.7982784025958399,0.283472458026115
2016-12-19,0.9574641868291056,0.7315086822993344,0.38190734106303537,0.5669782057887809,0.1276500999781595
2016-12-20,0.09597081776953285,0.1279700945598262,0.6195031721289157,0.5241958049331217,0.34999455037277005
2016-12-21,0.7342032238911456,0.4295091348681335,0.2041787007372022,0.5861727985005676,0.03189983193238457
2016-12-22,0.013325017316406009,0.34671650118825975,0.6836891706511863,0.6711989576810515,0.06263616131847557
2016-12-23,0.9673405432155924,0.6295137104725292,0.514633628536948,0.5110164283237365,0.36234179073106687
2016-12-26,0.49426573963061365,0.4719907131467506,0.46817334922512044,0.47584693977422493,0.6902212259927691
2016-12-27,0.22211812908656445,0.7453346116067837,0.8205130228649395,0.8380525773807118,0.5150635459792896
2016-12-28,0.17994485902744786,0.5942642982348504,0.5292508110109686,0.5591027898865865,0.0005925868149608446
2016-12-29,0.12732341678510187,0.9668806782513348,0.4334526947696989,0.3286650197109862,0.6908052852653899
2016-12-30,0.12813773932332878,0.2088675637898005,0.4612744413433459,0.4433950030626191,0.056440406025383916
2017-01-02,0.48419718288262253,0.45464801493318613,0.4660565030718704,0.4703652696394467,0.7184496014934788
2017-01-03,0.8672160198342522,0.88470928252729,0.20311007968680408,0.03511030035907967,0.18388418628202516
2017-01-04,0.9632272787208482,0.6604656725810949,0.8736136846505205,0.8541739462242613,0.5282545362204649
2017-01-05,0.7453875578893633,0.9529382219387357,0.6847965844330393,0.7192687869305676,0.529459720256713
2017-01-06,0.4790841680029742,0.17549116506658494,0.5756878397672147,0.5951771584687617,0.10814849811301927
2017-01-09,0.028866030094427952,0.8891657957194714,0.01874123775935357,0.013216509807917151,0.5560942836519224
2017-01-10,0.7225803285374301,0.5236022273080699,0.0911093814389413,0.09750811884104194,0.17014074904896775
2017-01-11,0.024767467361353865,0.8891442529096766,0.9229753115191475,0.910436799019797,0.061181374129818805
2017-01-12,0.9879939889798557,0.645879657194667,0.8186854027231649,0.77065320916489,0.5005264574122458
2017-01-13,0.3329614490819132,0.30567827384026525,0.26825951707624246,0.23834255393648554,0.18943652325241295
2017-01-16,0.487778318322609,0.46074249360337016,0.46257847078943176,0.4745594692698298,0.712254987604586
2017-01-17,0.7026461306594429,0.9532537948059306,0.47552443071507167,0.5266979105397117,0.02715159870578088
2017-01-18,0.4699785643147624,0.4635753956159568,0.059505997876314484,0.059741789541192025,0.22398286132075218
2017-01-19,0.048604096903662596,0.10985061878566049,0.5619384415292082,0.5970512288261407,0.22837205704170185
2017-01-20,0.25065490852273375,0.616054829987548,0.9209873272723259,0.8620633882330971,0.051632702820539216
2017-01-23,0.7364610190498702,0.8773155826557522,0.36784616026966815,0.6303648266580127,0.11121673164155822
2017-01-24,0.8190107827615125,0.27378854372865696,0.5617022008656984,0.6735110173214816,0.12414593395693553
2017-01-25,0.3971013300456705,0.06818651971172873,0.31159235033412985,0.28211899442932536,0.00019412337064904052
2017-01-26,0.06389606212450118,0.14648328151013815,0.9061179624830258,0.8691990119760243,0.7207462416878858
2017-01-27,0.15236222325514784,0.3826364384094431,0.19687939011196773,0.220407788138894,0.4863908923623076
2017-01-30,0.30411359613679584,0.7144418791186551,0.32927387515568707,0.23774492937654101,0.40115622590363986
2017-01-31,0.748339033750599,0.947425707415044,0.6979874673007402,0.5586716887881832,0.5143603801858222
2017-02-01,0.5585759363653484,0.35102341440732704,0.44961683374109795,0.8849889642273275,0.018373247681449434
2017-02-02,0.23063123355537848,0.881051738519504,0.8681496672119595,0.3201625264148564,0.1019979901690259
2017-02-03,0.3494577978337964,0.5753803809817037,0.6057680876100219,0.6159447081885052,0.13460946600407178
2017-02-06,0.22176842415681697,0.8896941807299328,0.09233627217924646,0.13805472869784272,0.40934624669337966
2017-02-07,0.10617665625505078,0.6826878569077308,0.18205031989838266,0.13723200862931187,0.02932002402860502
2017-02-08,0.34032373185762155,0.6379485487839922,0.4959295148149711,0.5530048090665212,0.0010605875793815419
2017-02-09,0.26526165798877066,0.35269255269993305,0.7360915301672377,0.7782429670388923,0.6464370446839662
2017-02-10,0.1324719739371205,0.4265476419334666,0.9151245229288238,0.8429123778111057,0.5349695829740406
2017-02-13,0.06142032172261327,0.1067829659404061,0.09304041055332903,0.11930282091731163,0.495688708686073
2017-02-14,0.8861163036299602,0.42130757961209064,0.6524962949753049,0.6002576785699667,0.49463829212386795
2017-02-15,0.9898254518077085,0.8145388644475359,0.35900207159208275,0.4291605470147963,0.4952681613058331
2017-02-16,0.9036577385876597,0.835617323715643,0.41003477656592335,0.6043152427578837,0.4487203569689699
2017-02-17,0.1528297361240119,0.35908032030055814,0.5543935808046339,0.495151750626511,0.4608352617925486
2017-02-20,0.48579871249914397,0.45994640683078425,0.46613866983476965,0.46954953132831534,0.5599261308628529
2017-02-21,0.443677731544646,0.45852948563046275,0.8799581211361847,0.8166691522485513,0.2754406899998133
2017-02-22,0.46540028837147557,0.20827723196466794,0.13203523290232355,0.21919735141634847,2.185936502608969e-05
2017-02-23,0.8530719791746648,0.9683635475542135,0.8342149487278383,0.8724619843074505,0.6042722190962657
2017-02-24,0.13788647341136115,0.7902779743462914,0.1999242506185586,0.23192608746219695,0.49068829019580257
2017-02-27,0.34971530031991405,0.5030075813134276,0.4249272483995972,0.5007738930915813,0.0919756327196552
2017-02-28,0.02771730527909132,0.24772271847774702,0.28475943277046123,0.442819782876861,0.15430650151208591
2017-03-01,0.34303200337468825,0.2802314808549232,0.4663783715244828,0.3525239564875007,0.13891292995272644
2017-03-02,0.8110444905053085,0.03230763052764355,0.20304208800527865,0.03539216954786803,0.45797927349650136
2017-03-03,0.7791029397203891,0.16949148733056102,0.8806510766497166,0.8195106894696109,0.3139613708250935
2017-03-06,0.26002012690508264,0.3998627036066839,0.5402936203067207,0.4007585237042358,0.645383561474318
2017-03-07,0.28177183958562535,0.10706787230634165,0.4108820779428309,0.43184167547950814,0.001433216887737722
2017-03-08,0.4250863207556364,0.16236930906994848,0.003482996781302635,0.0018071881459425221,0.018226255481249596
2017-03-09,0.31928952045685055,0.1769556068491021,0.1535149994255979,0.12336981996709895,0.7718143741377366
2017-03-10,0.8556103539371278,0.3581810986373597,0.1789882120913218,0.18351321611324292,0.5191636511896409
2017-03-13,0.9819721331088774,0.5569949762048213,0.4517550997159282,0.43617698673257105,0.7347718587862356
2017-03-14,0.8610070526930944,0.43650449471825303,0.2866971930428533,0.20804621661024741,0.800722947524761
2017-03-15,0.12406363793761818,0.3576208759635707,0.8424668705170748,0.8744796847553165,0.704102767699265
2017-03-16,0.26641133160479735,0.9923677352753074,0.44109605875493807,0.4366272425354177,0.9657115349475818
2017-03-17,0.33199984448881537,0.6655860460228371,0.47562753036606686,0.4910741655748201,0.7855099727414847
2017-03-20,0.9896095202754289,0.652794613510886,0.396040740036922,0.22826839533851478,0.986489195514146
2017-03-21,0.8229757291880614,0.903575012407821,0.18334748751112898,0.1331357091560918,0.9472110688718309
2017-03-22,0.6013926419911966,0.6378352066920374,0.30095207846864175,0.7748610627055299,0.7947293214884275
2017-03-23,0.5999835936368326,0.36081634740602947,0.4182683870423282,0.3224622592436883,0.9976721340708975
2017-03-24,0.13009129256777296,0.5265839704070725,0.6061849700725631,0.6081996146923316,0.9695989131151896
2017-03-27,0.6754191745707369,0.7842339556298564,0.43816758975115294,0.3552482963114696,0.2775561932844531
2017-03-28,0.2849764249046145,0.4739569486032199,0.7969006468028493,0.7801203008907495,0.5684270076092415
2017-03-29,0.12929821778090106,0.3720164781429785,0.9385390655357231,0.9119572753034114,0.47319102089394366
2017-03-30,0.5930504880605594,0.13764522973586693,0.7746587425209801,0.8410865023353252,0.42828156977586307
2017-03-31,0.4787392034585676,0.5691027505505909,0.3969516235009454,0.6080192892426739,0.9805436598342068
2017-04-03,0.6191787486297771,0.6490405925145957,0.6394206908596036,0.29336510760550905,0.9466951895961687
2017-04-04,0.5230479007773001,0.6851098091676424,0.9309679702069914,0.8309198613421219,0.8054359186278952
2017-04-05,0.4999952488284772,0.10849190555971483,0.5882264186898389,0.5438134179272112,0.9995847679664485
2017-04-06,0.24044844065863608,0.6991508987323493,0.768091376106631,0.7574287171063234,0.07997321702753786
2017-04-07,0.02046743561775352,0.6824536376865226,0.6793011265974606,0.7575595276737597,0.686760251982576
2017-04-10,0.07511866948524608,0.304786323018628,0.8554240632350267,0.8615140399766554,0.3862898277704715
2017-04-11,0.679046777539,0.9772050970461926,0.6228227927576913,0.654270795254986,0.24630624501886164
2017-04-12,0.17582158123770575,0.6941535786809243,0.2690251600516038,0.3104054482837289,0.6754548574376354
2017-04-13,0.041186686008425004,0.874880877537038,0.47809514912908985,0.508618470993285,0.3492935115039787
2017-04-14,0.4829296603858599,0.4843900459149924,0.46389390552307214,0.4679392415784257,0.5630061410519563
2017-04-17,0.8265584741556209,0.6364607925028607,0.19064348085094768,0.17692077806933842,0.5069062885623412
2017-04-18,0.691619148436337,0.5865159437074687,0.20933042400902183,0.3168606957154768,0.7836812868436707
2017-04-19,0.14803351490492334,0.10412260002865711,0.01177914172069709,0.007497870448758273,0.9990193064913968
2017-04-20,0.014056400946857886,0.47104422538970697,0.47876697376696564,0.37483075366532215,0.27390213365425325
2017-04-21,0.909005627901825,0.7323569145608478,0.10130615520166596,0.1802284135069838,0.564851597026546
2017-04-24,0.1521343759059252,0.08084614812608502,0.28728067266670215,0.2788391752709325,0.3859012751164941
2017-04-25,0.903164284173516,0.09081069229035386,0.727927598592007,0.643885578677756,0.01794745733028923
2017-04-26,0.6347492007925832,0.2740191917929215,0.32738734253724433,0.5089475401775854,0.7471925988393502
2017-04-27,0.40583205208386874,0.5433713593728771,0.2718656347368454,0.16245914080920978,0.262903752728982
2017-04-28,0.1614753101255206,0.597134975571145,0.6319630574151011,0.6665379029912613,0.6623279355900009
2017-05-01,0.15544348881657477,0.05705777431411999,0.3501187455988098,0.22110365581676017,0.4882646052155897
2017-05-02,0.39661902922180625,0.537685313288217,0.07336770628097498,0.0545385211421288,0.25140732280297257
2017-05-03,0.20242099270059918,0.11374838253770518,0.649043976529575,0.5522746385878525,0.9695304051911824
2017-05-04,0.9547967450915726,0.015962407814392197,0.00769756084791936,0.007289651456804115,0.012848626356565975
2017-05-05,0.7901345576093652,0.33359110255110747,0.7633216593118404,0.7565378442777408,0.65442353349506
2017-05-08,0.9855026732443875,0.48720101436367963,0.5859965144460864,0.5800418321885361,0.3218724793343404
2017-05-09,0.8210793584502565,0.0717390974975843,0.2232238594092622,0.2387316261393694,0.27884441219747164
2017-05-10,0.42771278068061136,0.6124318513077276,0.9497850556036875,0.9339429398055391,0.5867268448471055
2017-05-11,0.4669169943283646,0.7566569149981024,0.7289223920031208,0.7059374769102477,0.2309616359967427
2017-05-12,0.9388853084168253,0.6715838648858314,0.5047798268257635,0.4857178787597825,0.002841899095882242
2017-05-15,0.7371171779880572,0.609242485022933,0.8708831301108511,0.8715535083513619,0.14178970545200334
2017-05-16,0.1725963606165355,0.7986577622633665,0.3955374399813166,0.39043200329064603,0.028821274738382224
2017-05-17,0.6908074381980587,0.9873881617438767,0.7386213733409903,0.6769490505519054,0.18236375849205477
2017-05-18,0.7769825638646144,0.2428955277990805,0.6260014813382244,0.623307578822762,0.5820020985694403
2017-05-19,0.07868557672332623,0.506045228346724,0.9105354174836171,0.8833070462638263,0.06113070803282875
2017-05-22,0.5606302774204572,0.8177818310524713,0.6095589880838337,0.685553687620744,0.01977960721734563
2017-05-23,0.34090913223441427,0.21588378671502648,0.6155479410951855,0.8201806155394635,0.005067573116952893
2017-05-24,0.0035592083275928646,0.33366629530764375,0.37140998403949005,0.4181283959593436,0.7579678771741365
2017-05-25,0.30229163071196163,0.6372967048211307,0.008952996271448736,0.005199581119082222,0.5107980045722568
2017-05-26,0.8137873275593266,0.9092221427465854,0.7371465147832561,0.8113867019367146,0.4406081068959474
2017-05-29,0.4925935535342452,0.48620449160145185,0.4726884766698484,0.48358339768453323,0.8225853143521554
2017-05-30,0.9946918491510175,0.2146497577604365,0.3353241271475187,0.41068788749724977,0.47052050233693876
2017-05-31,0.6013876803328319,0.8671823942609622,0.05805695731996006,0.05994748213722219,0.9791097977423566
2017-06-01,0.27944584566141834,0.2461341354684153,0.4639167056483773,0.4885898400770396,0.19839791508132607
2017-06-02,0.28114323030024,0.8646985498376576,0.3040913728230329,0.18658509524906522,0.10262416540098517
2017-06-05,0.3636379642535067,0.6119431812796596,0.2585381856573106,0.35059554907099727,0.6745448901013953
2017-06-06,0.36200431952425205,0.9452429093528083,0.7744749888223788,0.8131234849983626,0.04993557456673715
2017-06-07,0.36920355699152163,0.29055679444574406,0.022126754325727024,0.008752074218607325,0.48075816990169723
2017-06-08,0.489164304572714,0.057607661787118465,0.3671484022812777,0.4351597876098738,0.1629523839886289
2017-06-09,0.9118551480304985,0.14200498889738805,0.6024084895397476,0.5630269099084905,0.003273945986874938
2017-06-12,0.8240083276241488,0.3317460843251741,0.5376420803846026,0.5949955714178061,0.4095568511503745
2017-06-13,0.18032929276958512,0.44343250390462663,0.6823350488150492,0.6581795821134087,0.09849747059795852
2017-06-14,0.6633234959983773,0.7914849523399355,0.036853770577555275,0.029795038410211368,0.6538531727822339
2017-06-15,0.3527179465159757,0.01941885458186607,0.4167706255527066,0.35283256270593455,0.46345942627579345
2017-06-16,0.10020562274390556,0.5209668480907348,0.6859862171194333,0.60683407539792,0.1824243999740892
2017-06-19,0.03272200697695366,0.10428081918035377,0.26718056902010046,0.24280608964065617,0.3158759870509153
2017-06-20,0.28129764890826336,0.28646729989026504,0.1311969246987186,0.1176930260213205,0.48305164120547844
2017-06-21,0.04838075704433513,0.5882159336840089,0.07718948235629856,0.19044504567865675,0.005199289083753362
2017-06-22,0.27398980260226236,0.6905748567416492,0.6611663147077836,0.5751230968288636,0.6502113963609222
2017-06-23,0.9040462223816186,0.8532706821487737,0.6400000717689169,0.6135123463668234,0.43811210761870995
2017-06-26,0.17439290383650058,0.1010915678968631,0.6278620347769568,0.666302785829167,0.5882272380578697
2017-06-27,0.6826576152454138,0.44833745257481294,0.859204906501109,0.852024019237533,0.038691120756143706
2017-06-28,0.581708045074511,0.5526691352221411,0.8072652245494691,0.7296945654504783,0.1751876898545561
2017-06-29,0.34574359018714756,0.26690159185432266,0.5340127880548461,0.5824048833716152,0.233116400171945
2017-06-30,0.9744835694886853,0.26895181209181535,0.7432331003158836,0.9145705542007757,0.37149745996692596
2017-07-03,0.6795242666019468,0.009981937707548714,0.9823016559505946,0.8946590739042923,0.6990912325082256
2017-07-04,0.4915227039343968,0.4170527112358402,0.4829024086810668,0.48300702923702266,0.565140598908161
2017-07-05,0.3736083065421381,0.6052201512480803,0.026246099558426095,0.013984564268327398,0.07733422142831996
2017-07-06,0.2831261596130743,0.5716832165577993,0.6018190108845995,0.647597455196218,0.47150384874267653
2017-07-07,0.07184961790082443,0.04334752409377495,0.06983595147509339,0.06831077051980572,0.6876419149288509
2017-07-10,0.16232241215961313,0.636556249123474,0.5355308965716294,0.5507634179576664,0.2787780562697263
2017-07-11,0.25958773467136487,0.557888695198505,0.7641962970463948,0.7619561591598556,0.9998080368068629
2017-07-12,0.5117557547928624,0.7186859291155396,0.5819468552874779,0.6939937748709157,0.1506883867492723
2017-07-13,0.9175134926443823,0.3636543413365707,0.7905875457866324,0.7533490606036244,0.39552605223748477
2017-07-14,0.8765755777881062,0.9044126200972777,0.7186653016333567,0.7048525105124959,0.2820120947625079
2017-07-17,0.8175572993364693,0.7996116032404799,0.25002149359821974,0.23330542912924773,0.33945404326653306
2017-07-18,0.5036827604739355,0.8587965861733721,0.6861075392470192,0.6671059516635414,0.10287170285982361
2017-07-19,0.8074652191854401,0.48393935870213706,0.8679047975960417,0.8136033463025396,0.009681839673003607
2017-07-20,0.6223525783262764,0.6662810573584153,0.2808474495720204,0.3091469350544985,0.7454807268318283
2017-07-21,0.6212088321662951,0.8855907373361124,0.06419609337860838,0.08478755310353922,0.20508259488873
2017-07-24,0.49034133058982926,0.45709351460019104,0.7352458266130324,0.744436853389397,0.47547853359956593
2017-07-25,0.12200057141371928,0.33613460227096836,0.9700561957013305,0.9562730123398484,0.1504582027461904
2017-07-26,0.3296666064577832,0.305106207684078,0.8218635313797163,0.836527588682048,0.6266716082226957
2017-07-27,0.9890928830768381,0.9056410195746112,0.7239464852488227,0.6222173541592323,0.0220635164873576
2017-07-28,0.8718345242166056,0.8718923082900394,0.8882556098364842,0.7809085368188678,0.9926015275182877
2017-07-31,0.4935628999171094,0.3779443519545081,0.539894609348232,0.7032813023617943,0.10600827582090756
2017-08-01,0.17321576569197117,0.7693727179741978,0.45723388180447705,0.0981982521841875,0.44559689317201295
2017-08-02,0.7811277490554219,0.42642230674617243,0.33380536220975887,0.6762103349033648,0.6010152149539943
2017-08-03,0.5536927897016299,0.24933356400062864,0.2921092769340876,0.2229948080375293,0.6517282260558426
2017-08-04,0.05345143377305287,0.08702479866485346,0.6901618198664177,0.733695422186113,0.21726615723943424
2017-08-07,0.8047396779701421,0.43314564453411325,0.44133480878525716,0.3809063402966253,0.3868212284207575
2017-08-08,0.37938239586803607,0.3532630604947026,0.33845528384087326,0.35668914638335447,0.6725230054888833
2017-08-09,0.3251597370024027,0.9696536282572217,0.7815621451733814,0.6804995965623117,0.761642878618876
2017-08-10,0.17009215356297805,0.9048826148375559,0.12647990118036498,0.08959804850231173,0.5148105528174368
2017-08-11,0.7237590109431788,0.6886323486064279,0.5773045777870263,0.5907793433116062,0.028684125752388732
2017-08-14,0.045132838793865364,0.2932210678505394,0.04142041636365427,0.05478260652427863,0.014048437192006992
2017-08-15,0.06115041509379508,0.08439643962359815,0.49099942253928386,0.4469943675374593,0.1167807872519662
2017-08-16,0.2613440248763507,0.6169825658807239,0.21271442302127433,0.14403587097891116,0.5143297627610153
2017-08-17,0.9394137585496005,0.8739944945104617,0.8504897261159248,0.6311185135866384,0.279347379816509
2017-08-18,0.6855903209923471,0.441881360995567,0.9806082630096251,0.9483348704475336,0.46042168285200863
2017-08-21,0.5795262911625139,0.7255280310352428,0.10846668901640513,0.08335603898020401,0.9314251397836919
2017-08-22,0.4122104088302235,0.20147636390451865,0.5643927303750674,0.599943652047088,0.009122695987154712
2017-08-23,0.324409639339115,0.6590199934200824,0.806048472516673,0.8116036150676326,0.4766685974087712
2017-08-24,0.6668259709649764,0.3365027406242149,0.23473208214466856,0.1126575741632931,0.00799749954919315
2017-08-25,0.8483823618072933,0.7682410456525286,0.6608923788659735,0.6768334717563445,0.2879601483659975
2017-08-28,0.9140004346289073,0.9690143037737677,0.22733341107596602,0.06442975507989365,0.6130056809645608
2017-08-29,0.15309096779400888,0.6670812854078609,0.522336418364894,0.4106783761113786,0.5862533178688547
2017-08-30,0.21038823887255848,0.2354507562561535,0.07170685810003585,0.26161640897002975,0.582598906197181
2017-08-31,0.6732494173261292,0.8208630129006941,0.9656785515554059,0.9132118033855638,0.299631033373318
2017-09-01,0.7152428293133551,0.8377156944976608,0.4499779334610681,0.5148354599928038,0.659442621132079
2017-09-04,0.49080457579927206,0.47776328119256345,0.46522472138443954,0.4770574217270525,0.5822501467308683
2017-09-05,0.34327876893647563,0.9412572297680685,0.9103950011235764,0.9392191467173798,0.22026055575104656
2017-09-06,0.2693136240690552,0.2486101437824189,0.8510418707763734,0.7207173756376182,0.012101604444807205
2017-09-07,0.3808027657299303,0.8841204020745597,0.626632613754825,0.4426937047780698,0.8079757458249762
2017-09-08,0.7794316753011821,0.5288084471557633,0.17220877395828318,0.02904858276268906,0.23108028152846857
2017-09-11,0.5029983328675396,0.04928561370489244,0.49087797753795936,0.7304921619967574,0.06230388875066145
2017-09-12,0.7719937156243601,0.29610962895396864,0.7034281806089455,0.5589644319380029,0.47166119610647894
2017-09-13,0.8632355488601159,0.24639359846635123,0.8829407145190318,0.887867191784851,0.6380777974194158
2017-09-14,0.3010155485668156,0.5222346558884816,0.6468471880024004,0.7516562370720268,0.6044098933402113
2017-09-15,0.34647756716217537,0.2581227891122015,0.5534039358978732,0.4792904824367341,0.5105754733591984
2017-09-18,0.149241190293689,0.04751746507201531,0.3882112314908496,0.48461440138820144,0.028524577709616954
2017-09-19,0.3628429377036602,0.4294221562233755,0.2826889142763425,0.25158303134357984,0.41317258030158643
2017-09-20,0.8345809504050756,0.7520266939529185,0.9422326807078804,0.8765513707810525,0.5910273518543281
2017-09-21,0.7521299645442192,0.015814073932323605,0.5574738952154455,0.5572327770380405,0.6385164875498353
2017-09-22,0.12398284614988893,0.5670094978607383,0.7137022367043533,0.536485605662803,0.5112925916871487
2017-09-25,0.3490079051622355,0.9327453215423483,0.9923814911914928,0.9708898409409918,0.8711699125564394
2017-09-26,0.4737336557636259,0.11735482653624825,0.24271889587647488,0.3034730653463142,0.9980929940311203
2017-09-27,0.9029449110951151,0.05367137967547567,0.23464103440002967,0.614237778531495,0.6455019834975176
2017-09-28,0.1393041050957707,0.5488323307197307,0.24761968302608647,0.18502333691586298,0.3935837534377362
2017-09-29,0.9581493259421587,0.27175992027004175,0.5283368516327321,0.5300957459906399,0.9985110034776546
2017-10-02,0.42202168550486185,0.11622385657926008,0.05339887214680435,0.06059849201612541,0.24335463829598988
2017-10-03,0.8943333159751218,0.38101748818996467,0.395732102299879,0.37753579518722885,0.3815192719726252
2017-10-04,0.4448476388756204,0.5815350225193943,0.36637180990311985,0.24326176256456641,0.6756020538695267
2017-10-05,0.5592613326469963,0.2703184868112293,0.9283916974405502,0.8475411865750069,0.7392940328211328
2017-10-06,0.5004213337522916,0.5503579225717754,0.06510393501518613,0.03188450157255302,0.9873115353607349
2017-10-09,0.020535564297147098,0.8935274270160486,0.5370468575071863,0.6099065847908993,0.24372783792300196
2017-10-10,0.8510009158557554,0.8641523225608725,0.8334533212962518,0.9328404296377066,0.7158928044616468
2017-10-11,0.9212702319758835,0.2422129868570392,0.6390593152664092,0.6663102692766902,0.9990138009789025
2017-10-12,0.4122997703732257,0.8119093318360691,0.18743379759731377,0.17742992914012506,0.3468573603125571
2017-10-13,0.45221628716436857,0.843894401848592,0.8649709254936411,0.8289011743634964,0.3196398286907252
2017-10-16,0.1060008546827381,0.39081714919961474,0.785174836148702,0.6817527763866132,0.9103421110050871
2017-10-17,0.7124270311637586,0.028528233761040557,0.5020697009295609,0.4819783470429571,0.11669798055987948
2017-10-18,0.5260980255505492,0.2749426734075098,0.6096080970310359,0.5593953478981182,0.9142575967905604
2017-10-19,0.9756953131077628,0.7975366727595241,0.12058256692623401,0.13889582459794383,0.07091480809716073
2017-10-20,0.4169611438711465,0.10480911697094313,0.7277549039077094,0.5657549045366592,0.8724636179288534
2017-10-23,0.3337261144585291,0.458829074019669,0.28604793090245073,0.7064490170172957,0.4109676503819214
2017-10-24,0.12622892897482263,0.3155640293152084,0.8906599417640642,0.7734096141224541,0.8286986754653081
2017-10-25,0.42573051158980785,0.47753466816030793,0.5338153012366434,0.31167263998679356,0.2657141088130784
2017-10-26,0.9036800714754656,0.09862417337881961,0.8674977392281441,0.7250669771633023,0.24812173593689357
2017-10-27,0.3566477009767845,0.5705388805876688,0.9249454552374126,0.9459341184871373,0.939276433765676
2017-10-30,0.5222026741808465,0.7658934013929513,0.7103950219647592,0.6204083970798041,0.7803037525607275
2017-10-31,0.23117877617854496,0.14468574881908414,0.7117354298935463,0.6055808320278935,0.01402952241137803
2017-11-01,0.7934052613590045,0.8122880847080228,0.42738724263646183,0.42041008259832946,0.3191628324316087
2017-11-02,0.029321280554890514,0.5219701759191843,0.17814818695672469,0.6166742483132848,0.08594386530935365
2017-11-03,0.5898397319522889,0.10673084518847478,0.9589976820683335,0.9366941804849545,0.26802000965327
2017-11-06,0.9351915731563879,0.9379460750134682,0.9874966486337755,0.9801503899206152,0.037620236964139506
2017-11-07,0.8913123864827563,0.2041810266780681,0.26287958852149673,0.3986753068402692,0.035992219685797376
2017-11-08,0.9126910411476356,0.8332835101828661,0.37674900759191,0.26097765121791094,0.3469482596744059
2017-11-09,0.30628617800814806,0.6964853799663749,0.6655490641977324,0.6665781469183907,0.07331461982023817
2017-11-10,0.7410708029187006,0.048666441078700606,0.2958653153836611,0.24097292661392078,0.7699866598189637
2017-11-13,0.33082041548811086,0.7048466949831473,0.3046859084284941,0.47575037179570995,0.7781287560430277
2017-11-14,0.06030332696631553,0.7027541677045701,0.1290596250027904,0.060973388737933065,0.13795461648705368
2017-11-15,0.3093175643788099,0.21526181169568284,0.30584243773862546,0.26994778681525605,0.8853161151664211
2017-11-16,0.46334323116785187,0.5019400882654428,0.24239501657984472,0.36191643698482606,0.023189647220850977
2017-11-17,0.4290930507843037,0.9765560658682263,0.9421032031887384,0.9539700797206102,0.336373027329178
2017-11-20,0.11031684015193222,0.018704923935883903,0.2634321095454196,0.2531153505427831,0.007745824269204357
2017-11-21,0.6922346793883531,0.7429271898025698,0.6355825649459264,0.8120097568536466,0.774071375635091
2017-11-22,0.6864535138965775,0.8853434617685835,0.8143875148172257,0.9181552220758202,0.07300374478658984
2017-11-23,0.48903293970911726,0.48322195738394247,0.47139127348251564,0.4789458363791468,0.7216590648094547
2017-11-24,0.36678244307200303,0.2372904921118837,0.736655223152015,0.8674956019075974,0.05806974592634681
2017-11-27,0.09165722624487077,0.7874139054161919,0.4588995507481225,0.1310402318067281,0.47861249014912244
2017-11-28,0.2703437881339842,0.5242021256713467,0.3484445259072937,0.40470574470619075,0.015484049063678536
2017-11-29,0.9217776696197207,0.06353841804248944,0.23111107560829988,0.16889181364113542,0.7658589403304548
2017-11-30,0.07846793423378813,0.10886507860203887,0.7101256532460011,0.5181749488787333,0.5763999991643538
2017-12-01,0.3831834276554046,0.7311630072489995,0.42457217231033434,0.8750365653819033,0.5169654075623711
2017-12-04,0.11505063319689401,0.2511874074631537,0.08843095710096477,0.1201882063827487,0.7453199250742879
2017-12-05,0.01911959139759469,0.05600244361751075,0.6776813219747392,0.5418041025491276,0.47624109678665977
2017-12-06,0.26193205797443486,0.5038456090856804,0.03420939807421829,0.027503737586978123,0.5767220877916841
2017-12-07,0.18679910134277491,0.05295470223362792,0.8642014364128996,0.7711774594460157,0.861228802883047
2017-12-08,0.5800187810602387,0.21518722952145763,0.9144072536243713,0.7633625928496927,0.4655084529793857
2017-12-11,0.7907338280710127,0.36792378868911585,0.9214340142535768,0.751245979873371,0.06320987151097164
2017-12-12,0.07296614442812333,0.20208886255219075,0.08793332646413031,0.1496522708086306,0.5167278129395698
2017-12-13,0.749659676405247,0.8040599718642417,0.15903599105180868,0.2418775079683272,0.6820122483912489
2017-12-14,0.4894824122087596,0.8611360608030355,0.8111324057589608,0.6698767635370602,0.8792233405864908
2017-12-15,0.2780476457833504,0.5071048104578922,0.43786029880637634,0.6002729715689235,0.4638792621880885
2017-12-18,0.923265657244587,0.8400918864583128,0.5477937692048682,0.40398690289640565,0.9106857695386776
2017-12-19,0.3585298195843367,0.3911987699933468,0.6512720345255678,0.6240319646181485,0.4391402718223492
2017-12-20,0.7306535062498813,0.7479880475669556,0.8046339096099626,0.7762785484189001,0.5115232163818246
2017-12-21,0.19983108125059199,0.5417455571962213,0.6358932991806211,0.6184017575193935,0.6340622324852199
2017-12-22,0.004088858175960533,0.8492658961750554,0.6400817089379541,0.5319937594057,0.6088142303448472
2017-12-25,0.4779763810760454,0.47642102373320677,0.46751805434260624,0.46712355950823053,0.6104691227236525
2017-12-26,0.9279612008899563,0.8635100611474182,0.973449764907468,0.9677337692984455,0.6113345402255927
2017-12-27,0.6236428043236995,0.6426829810482242,0.2482935103652961,0.30158368872577834,0.0041670053181213276
2017-12-28,0.9134209259163948,0.8176351601329678,0.5927199724444985,0.5782802378506305,0.7729765615220525
2017-12-29,0.2648756021560628,0.928785084191303,0.41096462278232776,0.7764274546789938,0.10457306776615531
2018-01-01,0.4860309083909846,0.48492215798359345,0.46319602388985676,0.46935746198453504,0.7240791973402385
2018-01-02,0.9073781121385855,0.814490688000728,0.4490409775202791,0.43205645934200343,0.14687828972963113
2018-01-03,0.17636965410506558,0.6129771474620672,0.9336693139106167,0.9527672657399842,0.7168330089393562
2018-01-04,0.45879836275356256,0.641557311369337,0.590040757672852,0.6930589039594026,0.04613498853803966
2018-01-05,0.35794303644427883,0.5171887675991762,0.26772400259399526,0.1756645914951604,0.8410229636599084
2018-01-08,0.7253042175096513,0.3657430372616468,0.541833828326478,0.6301004962280259,0.1347522178977345
2018-01-09,0.29814618762905004,0.147635100336727,0.8966605098114384,0.9429222196675543,0.7104770383915215
2018-01-10,0.9031781254952295,0.75221436741472,0.6650492501218024,0.7864644685860138,0.17649003735750649
2018-01-11,0.3260224221088854,0.6535980517426837,0.4976103676819712,0.60091869479426,0.38141990231252837
2018-01-12,0.30672974599528335,0.9370074216833529,0.7665366816929858,0.7419330228307304,0.8121415706406483
2018-01-15,0.48582372804869706,0.48511453043002906,0.4689977336234216,0.46601809837356684,0.5428284874171405
2018-01-16,0.7202302206339335,0.5726522555837874,0.16983558948298028,0.1676396905641618,0.20290240526831427
2018-01-17,0.9458516399841841,0.6106992287402075,0.5786088606189009,0.6025527775348265,0.719774718696762
2018-01-18,0.47953143526283043,0.05986231996652504,0.42871567501306357,0.45009366630902864,0.0585809814794879
2018-01-19,0.05151136232662672,0.7501145834261119,0.16934902366844207,0.15639275921643694,0.316847763845521
2018-01-22,0.5758336428476554,0.41260825740661466,0.6825969069418101,0.5318296500479442,0.7366565145135595
2018-01-23,0.36829936927928014,0.7209803411593712,0.8826199713049321,0.914307662870316,0.08466497324884512
2018-01-24,0.7983109972843188,0.9814769159604948,0.7598509889381923,0.9351555262520047,0.1079063605642039
2018-01-25,0.5577367806794009,0.7891011230884222,0.41226760974782384,0.4121781540589561,0.7788254372561036
2018-01-26,0.7986600040188421,0.09681585943911822,0.5154519015128939,0.7986633874581187,0.5837568940623661
2018-01-29,0.09494904501627341,0.4422053483756116,0.09344913481302537,0.1740744735447496,0.5947894113939414
2018-01-30,0.7788328629242534,0.03731101987072816,0.25579610681822357,0.06609520001986975,0.6845396437042817
2018-01-31,0.7995865841620367,0.6189513437369413,0.47477633847652967,0.5819777611133643,0.5772890422434026
2018-02-01,0.7499324088955288,0.7295903092175795,0.47934913234692267,0.9023480129511298,0.8974140672706752
2018-02-02,0.9018131266042079,0.09314331832815666,0.23219764652228844,0.2955946739682324,0.37747934484860984
2018-02-05,0.31566171335227605,0.40426892631752176,0.10628259873670966,0.05031252623334822,0.96589975394028
2018-02-06,0.43236258586121834,0.16287282780895587,0.15336040055742775,0.16084764715235894,0.36660661238197645
2018-02-07,0.17011258691803077,0.0417401452287241,0.059354785963683356,0.04174613847559133,0.9495671227990081
2018-02-08,0.7478970922723656,0.7099331393930376,0.18218755339649936,0.22434627058534326,0.9474280557297681
2018-02-09,0.44770335475034684,0.27782358297580106,0.024750483654254512,0.032982110107075184,0.9138961071160336
2018-02-12,0.02980289862738384,0.9002416431889616,0.3688054457989339,0.5026030788526472,0.3082593428884553
2018-02-13,0.823151184644318,0.68522089577346,0.522617371445806,0.4366034428994328,0.6994450470863338
2018-02-14,0.9529653531968089,0.9910496147262136,0.954762891119385,0.9045541208508352,0.745219509824425
2018-02-15,0.9837699252843622,0.3628269621640144,0.46582989549875636,0.7583184273225183,0.4320711945551183
2018-02-16,0.5069259524478167,0.511316195026962,0.6912190930776944,0.61835079380771,0.6289807200454856
2018-02-19,0.48782510601786183,0.46795493853272374,0.46945781828693695,0.4759093867914962,0.6065374723483723
2018-02-20,0.582483607008356,0.016894544328095687,0.6576408141547647,0.5725678893737818,0.8241010356297827
2018-02-21,0.7690196860376917,0.4824276056375646,0.5501073086429618,0.3699957386913406,0.201576837451732
2018-02-22,0.30757951395423827,0.4964010975014929,0.8673317290468052,0.8795488277224869,0.7662459809663869
2018-02-23,0.9059920172346854,0.3560811408406012,0.8540834748420663,0.8015643980904915,0.3109750009370693
2018-02-26,0.7120860057361222,0.5818101528618566,0.5633281356422594,0.6436032233989751,0.8557710828863736
2018-02-27,0.6592346130167717,0.052268495052907565,0.15148973925846076,0.13061916188889341,0.5175451374523556
2018-02-28,0.5003247450557748,0.4383274786186678,0.15205732187825197,0.06219347230225644,0.19557858717307205
2018-03-01,0.7979157567534084,0.07345479211387061,0.4243711109780402,0.21826516860770942,0.7228461260459972
2018-03-02,0.9088759483753619,0.9581490103125857,0.07054141521423375,0.5826042272655425,0.813850013134745
2018-03-05,0.9969494392979799,0.359842504327147,0.8966168455956425,0.9041933480513339,0.813405946634167
2018-03-06,0.45253817398695123,0.9320432680310747,0.5912191898454066,0.49419257987377174,0.48938837277441183
2018-03-07,0.5072774807323266,0.1983712875955374,0.06746134576993651,0.05868882015989639,0.41694852135040555
2018-03-08,0.8640142759533573,0.21423632695896072,0.19328192671189465,0.13109629265666906,0.12896509503068895
2018-03-09,0.2533633220039373,0.573599189520375,0.9677003405471354,0.9488340285149995,0.8811895762170167
2018-03-12,0.960479241581745,0.33326749374734593,0.27901948456618375,0.24855426782768436,0.5162137369550656
2018-03-13,0.37343007172974696,0.7490897775783665,0.33787184284674876,0.24571537077785727,0.8844253941930291
2018-03-14,0.6926278987439589,0.4041431630238912,0.5750866467902304,0.5707908151214185,0.7653279727734245
2018-03-15,0.1890234829473928,0.1640873643032325,0.5732974693150698,0.57097114999104,0.8369349864507744
2018-03-16,0.3607189905009762,0.21561973167874385,0.8843038984095953,0.8647013901983659,0.8602265153088818
2018-03-19,0.04854357769562678,0.7178053447689916,0.40309501242800716,0.3653009141370044,0.8013404602361974
2018-03-20,0.7789422575098154,0.22005241182012722,0.9300625193726011,0.8984645795250812,0.30196718592527666
2018-03-21,0.8340302414158316,0.8532462215428558,0.9759274975298056,0.9433659312541056,0.9938635184129634
2018-03-22,0.5923376538082048,0.7548405309558277,0.2791281103664266,0.18964888729546098,0.9986104089982928
2018-03-23,0.9478090902312513,0.980394013515552,0.9270842713418415,0.9095161462788842,0.13188911766589756
2018-03-26,0.6149599841618025,0.7168931193147272,0.3531744063420591,0.3621032029792064,0.7622803458618926
2018-03-27,0.06068005056007968,0.08578429658097962,0.45899290861161207,0.3594681538943329,0.5148210623063112
2018-03-28,0.8144340465371499,0.043479221310257665,0.2525625690272194,0.17993669115823963,0.32688459186244434
2018-03-29,0.18133745152897374,0.3768737606271713,0.7669477265844803,0.6831543297377023,0.6052175238453846
2018-03-30,0.4859720711181063,0.46403384473576137,0.47075553776405177,0.4772191233702137,0.5484738985577018
2018-04-02,0.943842948764901,0.960720919550986,0.015321715804596707,0.033572912005605714,0.5627077336512833
2018-04-03,0.00823482936421542,0.1661088695853048,0.628846352643117,0.6530065823739858,0.31307254369808657
2018-04-04,0.29255268247710553,0.5865596186533947,0.4321182500007045,0.4229536819109902,0.4506756255320333
2018-04-05,0.7535444795619224,0.1068456929694878,0.5895033779035247,0.5440601264570328,0.1629299014018842
2018-04-06,0.11894779367129708,0.7647093965189353,0.12031276995020007,0.06482531467865765,0.7468767942545406
2018-04-09,0.8454255032369044,0.674089234597561,0.9221621271325124,0.8838278281832259,0.8796356816683759
2018-04-10,0.3797961840359576,0.7210080550096921,0.9767547273618765,0.9560992150143877,0.24486093607384402
2018-04-11,0.8829326626406735,0.9215090585699663,0.8068125007752555,0.8623467390208646,0.8741495395074248
2018-04-12,0.4496374188230557,0.04575765100012309,0.4591359052945237,0.572328779576814,0.824973723438145
2018-04-13,0.6748447743813982,0.7117764185634072,0.6692556827594406,0.59616906598456,0.8152116778247247
2018-04-16,0.9902009798721745,0.5988624809078165,0.1486526673819407,0.1251400632591806,0.37867111285470256
2018-04-17,0.6878136110018584,0.45699262367404775,0.518333154896791,0.5827818699253439,0.6295754044819557
2018-04-18,0.9465546942693246,0.6480089144957591,0.9505458016910853,0.9473614730681459,0.5121034830633306
2018-04-19,0.5458856296495321,0.28055151994790567,0.5888119359491807,0.4182908992052605,0.7886523770531456
2018-04-20,0.07728162887828761,0.11433992517497729,0.5734482912983737,0.5082201723092722,0.047122186840479544
2018-04-23,0.46303618199010455,0.05790050768309183,0.7133116213199877,0.5795738995156585,0.7569337880598648
2018-04-24,0.9326110659956017,0.8143285775661513,0.20028120797705776,0.15027064142286217,0.2380594344139034
2018-04-25,0.6419342212973276,0.11870822854937235,0.5149288835086699,0.6114705181036578,0.6334978266981817
2018-04-26,0.26363480090381297,0.23630771933218586,0.7566233018122273,0.5340052969334312,0.1066961204587385
2018-04-27,0.6912806370886915,0.6514143998584154,0.4300373400088,0.4296934788986475,0.3932163424508632
2018-04-30,0.44724347065112774,0.2798146744155168,0.6876431707153199,0.6821428455265868,0.19150246376469354
2018-05-01,0.8816306186172523,0.07013617739423018,0.46853872975206723,0.06522510870709701,0.7511670050541039
2018-05-02,0.08617401028811236,0.38027031719935217,0.046779032320001836,0.7430119594250517,0.07814220859502732
2018-05-03,0.6839832094765915,0.8205153747805953,0.5585121901671662,0.6898701773776658,0.9262953280596424
2018-05-04,0.12250370934024755,0.5821801418475223,0.8892510281772688,0.9029958453771131,0.4498912218509265
2018-05-07,0.8899333970579535,0.4397172891507806,0.8952095654360004,0.8447376992327206,0.23213118046327624
2018-05-08,0.09073539453473888,0.4500910801223517,0.11374810634719225,0.047521040220920935,0.15951911715127526
2018-05-09,0.3395989112648542,0.42302983370798064,0.9742120109113448,0.9543906617804213,0.08489322657034998
2018-05-10,0.36813786470912047,0.8673256613318201,0.5736954455863955,0.5659963032946158,0.09540382680650925
2018-05-11,0.7848042116100103,0.38374437086727686,0.34845429166717434,0.24300725882550073,0.6498576706669312
2018-05-14,0.30112072094591014,0.3268423743062363,0.8334566504776195,0.5706427100229555,0.1595222557500869
2018-05-15,0.03167438285698037,0.006473387336070932,0.5480012529767877,0.6139453832205874,0.2719260476571802
2018-05-16,0.8640412497133219,0.480341312197283,0.7747167020248087,0.5487152434224869,0.44398779250778597
2018-05-17,0.05060962398102584,0.36063592162843533,0.4785439667797548,0.4700703729870198,0.6980675445609503
2018-05-18,0.7651289892440237,0.5672338088850895,0.20844333628645056,0.3720236288944769,0.0922656911135767
2018-05-21,0.1125740183299765,0.4652096448569172,0.7367208672374692,0.843129966636804,0.21017391493180537
2018-05-22,0.2873534228438295,0.5451303962817127,0.613074171478456,0.4212959460171403,0.8069137377263786
2018-05-23,0.7131779859627394,0.3332563127315404,0.5628735904419049,0.32933709629123253,0.10181100642086087
2018-05-24,0.3697663393725966,0.947495684374954,0.1490089491139905,0.08467568588911616,0.33144628391006536
2018-05-25,0.16114845403380376,0.46797456962770867,0.026038622997770683,0.006812769988211624,0.7259392002194789
2018-05-28,0.4863111597031421,0.4604260053626967,0.45049994308324354,0.46203225028625844,0.5984442260046212
2018-05-29,0.10580303765669398,0.23614890354263188,0.16201979726289814,0.13104932203923841,0.03729100433917328
2018-05-30,0.7462326374869157,0.6077782223211409,0.9609714956819884,0.8867431067757024,0.01806987871523365
2018-05-31,0.060464716884807014,0.3872247570056023,0.5114722017199083,0.14424065073538597,0.28567396590044175
2018-06-01,0.5204102458208683,0.2002354262128334,0.46619367577410287,0.13387878714686344,0.06043380209623251
2018-06-04,0.017813639517825504,0.3525159818945046,0.038052853870322895,0.17077722217500005,0.24915416758256873
2018-06-05,0.0823664790477505,0.7030032795318545,0.4830382518638724,0.7187449348004706,0.019982291727727176
2018-06-06,0.551265334127036,0.4436415414379871,0.4595608602690121,0.23497075748135005,0.0753167166895526
2018-06-07,0.2913911909299951,0.5534273374329759,0.9480185931263851,0.8298593428772467,0.08661354312160141
2018-06-08,0.9879207614858462,0.4242490009488409,0.22607771532817061,0.4109035883333312,0.04845430773509027
2018-06-11,0.32443750765614193,0.5047768389520635,0.4604588387872411,0.6050392511302882,0.34178704322960485
2018-06-12,0.7992869815732669,0.24748743917157034,0.2762241930093096,0.5755788565888084,0.15360612232927406
2018-06-13,0.23504593508740917,0.5609092366481494,0.7715805218851193,0.5862890648614335,0.12409267131696781
2018-06-14,0.9164965612291094,0.8336962115308697,0.21682113237987413,0.5779963655701048,0.09881640944685141
2018-06-15,0.9660961828410898,0.003605974472422751,0.027186928364688327,0.037921932779807446,0.7749385037651382
2018-06-18,0.20262088481583657,0.49280199563529814,0.9282905520380318,0.7480975247036693,0.05853053878099554
2018-06-19,0.2020759153118868,0.4278169695926645,0.39519944505576005,0.21026713245228235,0.031962132691963505
2018-06-20,0.9591778397407111,0.23016959820467764,0.3550958652369608,0.8414500306710474,0.06622292170008294
2018-06-21,0.13771387400179527,0.2386268948205188,0.08603841481644818,0.24253534637465235,0.24041228046089275
2018-06-22,0.3022907348976236,0.4616128597092049,0.9684469578717028,0.9857618902956846,0.04877865175223719
2018-06-25,0.15564654903366731,0.35115865088580567,0.2540876051687722,0.3265964575906317,0.04021472141604612
2018-06-26,0.47096814144134663,0.08831313480664703,0.885012192736095,0.9603228578501214,0.0010345356369163756
2018-06-27,0.04134999889519525,0.23156743301109756,0.8440551285804981,0.9400736664351714,0.6904974083171657
2018-06-28,0.9295621630609638,0.1883167526526945,0.5485230118684998,0.6886720119114995,0.1737991948780077
2018-06-29,0.8620416992441673,0.664074622733406,0.8910217030014084,0.6904918741394639,0.4963025135438067
2018-07-02,0.40876476925687466,0.05204645260827399,0.06700560742829345,0.412031572760136,0.586379245047264
2018-07-03,0.17417468625323743,0.9306960807559551,0.5995058185564669,0.5423938429072787,0.20068580961811625
2018-07-04,0.4875833591414086,0.48424261783714934,0.4692465231536752,0.475085980132413,0.6509624360225654
2018-07-05,0.7074036844330498,0.7750489140108899,0.3503381750565133,0.12766562827440472,0.15136193650873023
2018-07-06,0.5975995311651252,0.2967582681466254,0.3716161288108533,0.7531355397901376,0.23019499431554616
2018-07-09,0.36139452032284364,0.6807520442509876,0.7869558148829383,0.4961693210081136,0.005184209859274259
2018-07-10,0.8698585010909098,0.2286386896812788,0.7471492217881943,0.5729483813187503,0.0004882028587139409
2018-07-11,0.3575489407885641,0.05593826086432887,0.00219405643022812,0.0037775905633873055,0.05379034131777454
2018-07-12,0.5306052823989791,0.5725511273624383,0.6914459963401667,0.4478824990073679,0.7617862584987876
2018-07-13,0.7115571553824749,0.17867419217760855,0.6845812857815885,0.6904354705997476,0.4881024096846472
2018-07-16,0.024177343212320117,0.35025917497894765,0.03809423339742724,0.01901308778772327,0.48917215126141084
2018-07-17,0.3580289574880746,0.04020899320312143,0.5293459515041748,0.4750193178207984,0.4675939039065858
2018-07-18,0.10874320573662598,0.46694741652900057,0.650379905481717,0.6825165925863754,0.5524142010311519
2018-07-19,0.15593476065922834,0.2318046728114219,0.39449139686851564,0.6952793174759819,0.42611672558631086
2018-07-20,0.739234050817628,0.8392013228442977,0.5968186597195062,0.7752357985430203,0.35118108424851874
2018-07-23,0.2938519775526065,0.17641620597514557,0.4677748514242625,0.031011459806941803,0.44025509014260866
2018-07-24,0.1637990989749676,0.4360751764118281,0.5769822459724869,0.6532376973057394,0.27417282997753384
2018-07-25,0.3747047405676734,0.8575784667089326,0.6155238392512572,0.7093700595076893,0.4656452490030375
2018-07-26,0.9328807916823647,0.15577134383235205,0.6564498335389223,0.5798575494710477,0.25906126989950146
2018-07-27,0.043311816206701624,0.277643398674294,0.39492834851958736,0.21033276594406,0.6844277181122571
2018-07-30,0.540405923086202,0.3638502457234683,0.6861442109342568,0.8567887588698642,0.6034572669808034
2018-07-31,0.062473616518257696,0.6141831093534356,0.2601446291357885,0.13323638944113436,0.7143894384391956
2018-08-01,0.01798061741689062,0.15156215760187855,0.4619384940484416,0.17897691673584007,0.5185555415161998
2018-08-02,0.5025890679360228,0.10105661030016622,0.22548368810205244,0.8214381050079715,0.12058099545551049
2018-08-03,0.2522502320817046,0.6790957318474429,0.3766637592522698,0.34078775653179383,0.10194398227930968
2018-08-06,0.9525919439046506,0.15647432935517439,0.6700293311575493,0.6415550949443417,0.8717680850414347
2018-08-07,0.3215001850568504,0.510497119994243,0.7949878528124472,0.5337582685458508,0.018359867273533795
2018-08-08,0.5660960696018025,0.6636047208585093,0.032604989484188385,0.03785699746626453,0.7833792823301321
2018-08-09,0.22654094561370666,0.4111223557215356,0.38173545268000186,0.4276994085664752,0.12918006306623264
2018-08-10,0.5377267329022106,0.394136711028956,0.7283460365682981,0.7345628106016053,0.40256921274882757
2018-08-13,0.7978742083066176,0.007934080622992914,0.3993113045238301,0.33744215909425385,0.03974363194585555
2018-08-14,0.3651279290667875,0.5248847877987532,0.4085386219597122,0.41804292366442564,0.08455092647475268
2018-08-15,0.25485395097044206,0.019378656200219013,0.0683259930944721,0.0436184820256066,0.1657130941426325
2018-08-16,0.6944753455337699,0.33551538147398036,0.7063017149218651,0.6196424627949718,0.1413015228817826
2018-08-17,0.6036429166270031,0.4733476156745827,0.6268689033765233,0.6351057311621324,0.004228613783809695
2018-08-20,0.9664612013752693,0.9277546923691754,0.6207782193169651,0.6631392583286416,0.8243988379836839
2018-08-21,0.9365704065938665,0.8106389970508637,0.6401815542343369,0.7855524453297127,0.49283396641535315
2018-08-22,0.8135139112733392,0.7033341583092327,0.9726234160760843,0.6671910659783157,0.057302883135584785
2018-08-23,0.7972809211095372,0.07694312150728133,0.4618190656988167,0.46483147506512157,0.612809416929653
2018-08-24,0.7018485915360335,0.9842379208270925,0.8388330252255731,0.7946564128363299,0.18855611688728216
2018-08-27,0.12503366125828444,0.6525778941599191,0.624553270971979,0.5393737018135241,0.8038362221917023
2018-08-28,0.2671930171113253,0.3769221385637991,0.3704404039730836,0.3295940694075201,0.09483081806750035
2018-08-29,0.8124923755767055,0.2993413976839898,0.8701825967995388,0.8321503234661746,0.1769879962119697
2018-08-30,0.05800048916401365,0.14582583234617483,0.7200551325793045,0.7688584126786229,0.09583219469703244
2018-08-31,0.900296608224622,0.6024169930302293,0.33759805729309694,0.28762742033876715,0.33209719550316585
2018-09-03,0.49403186452531334,0.46583668357768643,0.4618885495664234,0.46682376765336947,0.7345955401530402
2018-09-04,0.5977734462218289,0.12064960162727503,0.7686548422733924,0.5009405845854401,0.010368205226246785
2018-09-05,0.3068696928442074,0.5801365509370962,0.1714537657908547,0.08317102269340126,0.19333401180426507
2018-09-06,0.4506501588673833,0.6494239524652157,0.1941347996678429,0.12974832302570785,0.00029319207619383977
2018-09-07,0.29208344574249717,0.22673497904957432,0.6021865588850639,0.4564699178913946,0.6089628202203661
2018-09-10,0.8221285020596034,0.41020884587578726,0.7019136860487178,0.37442953532097795,0.4555661129319101
2018-09-11,0.14077307794265095,0.6118809339286979,0.9538857298438301,0.9528832102146989,0.3505276482279475
2018-09-12,0.9379519947791742,0.9007592613770155,0.7479406672736895,0.868081126181572,0.29529593388493597
2018-09-13,0.17420137149363907,0.31585750908567084,0.07606216946258988,0.04158658550301001,0.6508697951477684
2018-09-14,0.02406696659426555,0.12444127156715877,0.41919460727516006,0.6186301994092824,0.2750700971153912
2018-09-17,0.6418849677997666,0.7289920656950939,0.4477951501134134,0.442493997675934,0.6666396860138624
2018-09-18,0.5484332957711793,0.2921767670482603,0.8319549617041834,0.8127728949338011,0.00860640404970457
2018-09-19,0.13037373524082743,0.7720381034932879,0.6270854605027458,0.8830547054845769,0.7677814212656402
2018-09-20,0.5455238068515896,0.7175696522199033,0.21999757456003494,0.35057787199014373,0.2907843590762888
2018-09-21,0.1939666930979008,0.0673510771732417,0.5014522349655854,0.46054048256072255,0.6312611389287776
2018-09-24,0.9375323625722638,0.6360644929118491,0.9841871146775092,0.8950096625042763,0.46972572253853445
2018-09-25,0.167696418859594,0.510895131604308,0.7298008048194387,0.5629855580312321,0.04738743584112576
2018-09-26,0.13753591638205465,0.14760950821967134,0.2870008939863163,0.19747158247970428,0.1011654968181058
2018-09-27,0.16989793812899617,0.04132023166062223,0.6116807381202187,0.6962140280445301,0.2700942281400186
2018-09-28,0.07741854137230472,0.8929680455879428,0.8273483805228586,0.869548032860372,0.0068763208491373256
2018-10-01,0.04850296789252868,0.22543721638809028,0.9735270115061438,0.9660401543426737,0.3821232444136997
2018-10-02,0.9818268339909775,0.9689913169517708,0.4168658602830282,0.4530745484426909,0.2516744604566415
2018-10-03,0.0639092282394904,0.2661099169845666,0.8988397064201151,0.864297809536028,0.0011578705981015996
2018-10-04,0.39614172521700064,0.38535311744056233,0.08631683347098824,0.030183287587152875,0.7644465069623194
2018-10-05,0.6288636835573949,0.6949120269625678,0.32149889228456,0.467158626527358,0.42691395235558505
2018-10-08,0.9224270512917483,0.02176343877322642,0.37726263947313654,0.4529208972969431,0.552872672380684
2018-10-09,0.7795190725842396,0.5956882562932875,0.8252191885313475,0.7231761640905188,0.4312966229315427
2018-10-10,0.22418977494740303,0.5962278661112161,0.06507527748249103,0.04735665222844865,0.32760383288908684
2018-10-11,0.576010171196699,0.9974290542790194,0.025920997456491564,0.03421274004372653,0.6678158306060198
2018-10-12,0.9203319904232125,0.30040440156219794,0.5032837264872619,0.5892064641082898,0.85213668528083
2018-10-15,0.32084929556326364,0.7877227263391773,0.5796209228353486,0.6273262772981102,0.5055271140741728
2018-10-16,0.8804877951239699,0.5238844930254107,0.6742030356979779,0.5274078886234395,0.821779214491779
2018-10-17,0.7640415659929229,0.3167186808960586,0.1379819097577427,0.034125467740334633,0.902846072212873
2018-10-18,0.042525647594241364,0.5922192709003475,0.24077733430115453,0.16332069398388185,0.9448621689492419
2018-10-19,0.6422210293452282,0.4175937705334037,0.6317165721716127,0.6268078005743574,0.7720677321404905
2018-10-22,0.8972203568005932,0.28541375185554985,0.4864116522395977,0.49614165080420136,0.8291168920422437
2018-10-23,0.22178530879534983,0.8932909434269574,0.013059956439429924,0.018043829989429164,0.8195728323498745
2018-10-24,0.1224190388299971,0.24956536780515448,0.37323771182436555,0.5911961618092025,0.576057526419302
2018-10-25,0.9368936840283992,0.5212110890400334,0.6882558663410567,0.6457890739283649,0.9208710164183765
2018-10-26,0.8193659518862975,0.6333799494585486,0.700956014337548,0.5693589478749718,0.4091148752511143
2018-10-29,0.11100186749391085,0.1588314034649235,0.3833662820120398,0.2896112105053541,0.29243181777967286
2018-10-30,0.6642931655785534,0.3597396852660602,0.12422679885078579,0.19953865105005059,0.6937079165872841
2018-10-31,0.6608691523747046,0.10115610056232918,0.3212116058468359,0.19805510164982068,0.6047588243281246
2018-11-01,0.7451581835796772,0.982250435435739,0.4738173940096756,0.07798730033788992,0.9097581753262471
2018-11-02,0.5195993735584072,0.29137991982457717,0.027903184005507755,0.2939375387455903,0.44899254396310256
2018-11-05,0.8356565507244632,0.41083004010885277,0.5623801282418555,0.4617082361243381,0.800335828128653
2018-11-06,0.9163002867320675,0.22273650478538132,0.18998273207592534,0.19426425986299106,0.22748586954127564
2018-11-07,0.5293057809839192,0.5726999137177389,0.44014520849259425,0.287201781497502,0.8075244761268835
2018-11-08,0.01397164778439114,0.3199825030841489,0.11646697879503506,0.16622327841314685,0.8521087344793182
2018-11-09,0.3520939845155524,0.04149163438496248,0.30615373005763025,0.30530471521740427,0.13066467047875005
2018-11-12,0.17391886574710697,0.2229696374177366,0.4414874274435855,0.37875024819914915,0.7117158082799473
2018-11-13,0.5058227147204217,0.3557127318833316,0.0034066071782663156,0.002419651700322482,0.8306235955061576
2018-11-14,0.11149465295674661,0.8325249283144639,0.6203937530573276,0.6313012941487656,0.49826614854599405
2018-11-15,0.5630837335663605,0.7158888727801689,0.6100502616051057,0.5506481355446786,0.22052948658796298
2018-11-16,0.7333295673954836,0.8192286785028451,0.5107622379764091,0.4826681447579783,0.7156111974086314
2018-11-19,0.17821043862680913,0.5970522930183007,0.47769097126407095,0.5856295710501209,0.7489428139157054
2018-11-20,0.3794241179797535,0.27613069066509055,0.010340978445605718,0.008642566496260969,0.09090586092889666
2018-11-21,0.07471869112829725,0.7761540308906106,0.6877836218354187,0.7950618626860568,0.6220955940488554
2018-11-22,0.4849426640675131,0.47786277550754697,0.4735548409633071,0.4883840861239945,0.6443589715059561
2018-11-23,0.26619019873367966,0.23904380033873235,0.01155299559069303,0.005011444879985395,0.026969262131081174
2018-11-26,0.4448392263128666,0.41218352195033386,0.8022113431992763,0.7680458157678116,0.8299936433101004
2018-11-27,0.7700108474122687,0.11254835791712255,0.41673797856694605,0.47106667873848024,0.5357309440894595
2018-11-28,0.2544769604892636,0.8788508020519763,0.1887210585415639,0.1700661878594759,0.007168521337414277
2018-11-29,0.866158621774566,0.6282463903080142,0.651531298658701,0.7842401016244943,0.02168792114468364
2018-11-30,0.8303451200854803,0.2725618107403818,0.28635529977573493,0.3378446218503107,0.06944604498540033
2018-12-03,0.49210099332125407,0.9364609776615481,0.9614059941357794,0.9160274504000898,0.49861916975539483
2018-12-04,0.15111711069964123,0.8122372910763133,0.5814701730446655,0.5821654879056732,0.6621268927767969
2018-12-05,0.4857408082015889,0.4780458698614679,0.47101269931613704,0.484744461038806,0.5374487375571478
2018-12-06,0.22351014079939643,0.31269012395170315,0.10172488369372722,0.0782263566548691,0.1144018120668688
2018-12-07,0.9845783407545358,0.8433478581371165,0.8452091407885132,0.7931750026322143,0.7217130710092734
2018-12-10,0.3144611861212577,0.32164526043140645,0.13616448955133556,0.10298494696351337,0.02536851185585123
2018-12-11,0.022218750399387734,0.3620335778460945,0.5251258269907502,0.6755969848442965,0.201445046321964
2018-12-12,0.8615500582489024,0.5970623523764642,0.455499159590757,0.32766860624003885,0.7533531692211719
2018-12-13,0.9693613179381974,0.3739620863486852,0.825154674111273,0.8633677504239617,0.604391165045831
2018-12-14,0.7949581566931352,0.1900244950578836,0.1872452758751738,0.12876756619452379,0.3790760751495516
2018-12-17,0.42867947724576755,0.8922775445613967,0.2737237437626783,0.13608308260842403,0.646129552688839
2018-12-18,0.8142915638309627,0.5837525881160212,0.018026093923736917,0.009661231504446153,0.0161991822655872
2018-12-19,0.8386614632952853,0.627687288221872,0.72757752268816,0.7248987008170795,0.201573632858861
2018-12-20,0.15389189384842128,0.9153467656263274,0.03998809680484164,0.1706961748839934,0.5581192865742941
2018-12-21,0.4867118515242106,0.10421153762850995,0.3199945072649434,0.3980847273901313,0.6607609585563795
2018-12-24,0.8305946303548796,0.9338881916294974,0.025905443074751185,0.02204949042417755,0.1760755022347474
2018-12-25,0.49278422723359605,0.48956536615001306,0.45429521298165565,0.4771066723367093,0.7212831282246268
2018-12-26,0.9826821917183908,0.5547822825526063,0.9869243052567567,0.9824480615069868,0.5944974276494366
2018-12-27,0.13069294283833346,0.831846011712091,0.10907509399808814,0.1524051962647611,0.6021397417610552
2018-12-28,0.7560026213608921,0.6170349261289096,0.46996059064063966,0.6673128648227997,0.06605975277947432
2018-12-31,0.5594710187546588,0.3814980038014788,0.8302657883242188,0.5126760391699964,0.7600601755210231
2019-01-01,0.49054834333007813,0.45832970321249517,0.4773335978731261,0.4870324321153815,0.5908740194551938
2019-01-02,0.30939320762571026,0.6115648278591936,0.7521643538861453,0.7989101997302237,0.0005395888336806422
2019-01-03,0.5409313338468097,0.9018382900581325,0.7451673227482017,0.6616043049444577,0.30994122462561396
2019-01-04,0.19161331229070494,0.11776381752568556,0.7641874676332893,0.7521605715315713,0.23004309182978339
2019-01-07,0.8475216257396232,0.6654030543440681,0.5508194876964188,0.67198528558907,0.718490280239303
2019-01-08,0.26299193363258916,0.2826401393862312,0.8297513388956455,0.8463113978726821,0.05106328858919076
2019-01-09,0.23433565597981193,0.7669777588042757,0.9600709377816863,0.9668417047474752,0.026867167899192614
2019-01-10,0.6489136879178014,0.24034936757051917,0.5472421435805049,0.5682331602856868,0.05065922475850965
2019-01-11,0.3722728792065228,0.5884199002272377,0.19808990108647148,0.19258807054163982,0.012097072419282403
2019-01-14,0.3506315052687409,0.5807097173085429,0.1442100683138304,0.17228946693036157,0.20336877182380952
2019-01-15,0.06472270362790347,0.3031847219590766,0.8711409717357648,0.8849845140805558,0.04235606356670625
2019-01-16,0.85950249958456,0.7487669822835055,0.6761269139064665,0.5563491453871525,0.20910591401878167
2019-01-17,0.6150082388652457,0.4339268606542199,0.4307929947588339,0.3997055682663184,0.38404690233741723
2019-01-18,0.24432946898810348,0.08259421417391787,0.8697360117936693,0.9166826850133485,0.19012063756266284
2019-01-21,0.4869317104990341,0.43690437000618204,0.4768309399046765,0.4897195451280983,0.708264374841426
2019-01-22,0.07463267317941481,0.531386580205752,0.16622499617461234,0.12552918175309136,0.010179659319981481
2019-01-23,0.4741438026044882,0.4968265344820164,0.34796270813556246,0.4936014432691146,0.11374616211595882
2019-01-24,0.6005212906551458,0.23667917458394258,0.44813684536743054,0.6721403107180388,0.19083789030710882
2019-01-25,0.20725932678773593,0.9790811489294349,0.6679092593626327,0.696599005583866,0.48522431879812183
2019-01-28,0.7310940737134819,0.7509100703636408,0.0772154715687807,0.052965348121667505,0.284639194890271
2019-01-29,0.17764153980394676,0.763787906390019,0.8785802049800828,0.8682527413153686,0.7164823073563277
2019-01-30,0.14668663465922965,0.5672226971180006,0.5970162947997069,0.7901300847613104,0.015628518544518563
2019-01-31,0.3983154272127557,0.881154419372184,0.5597690527507104,0.32409053272925553,0.476005290455787
2019-02-01,0.48758014927403165,0.3311823905815245,0.46090956236182984,0.8968118728538825,0.2782336922348136
2019-02-04,0.9333242834571243,0.31685591715517997,0.7188632585504038,0.24562280891826513,0.6816090418633411
2019-02-05,0.39746623527418046,0.44839887901823644,0.2778920125844803,0.184218108367218,0.004234935836260929
2019-02-06,0.8328307651513319,0.22401297915191348,0.7518142804150463,0.6074510453481611,0.7647315488853774
2019-02-07,0.16766387257596974,0.44287591649100316,0.13893680875890438,0.09358431840114334,0.013990668276338504
2019-02-08,0.2374167515751241,0.7002996013283647,0.6609409608147673,0.5041133501158692,0.005895498437131845
2019-02-11,0.7674089224280749,0.15517319618137698,0.2455406759311069,0.3564537913962249,0.7657854773516508
2019-02-12,0.5236891161125603,0.575264151703023,0.8303364254584169,0.7440070786404035,0.49395791167481884
2019-02-13,0.7095800576145359,0.5589738142188851,0.8978161699496863,0.7843992030580578,0.4533262398991045
2019-02-14,0.31790150581154153,0.3995364171517282,0.8442698935798586,0.6916430613848885,0.5452293326509376
2019-02-15,0.9647437871259916,0.8608917959296545,0.9512824143895826,0.8787003330943568,0.48782901900961606
2019-02-18,0.49420553451221716,0.4745144555013225,0.47850900844247923,0.48332479941354217,0.5311689989242132
2019-02-19,0.7964369545704891,0.9872273726676721,0.5508882325018115,0.6938220369614938,0.03160871182835658
2019-02-20,0.13637867956751962,0.6634497887602653,0.7340151803823867,0.8118438664400921,0.1254494704821793
2019-02-21,0.129211338385631,0.022513105132250764,0.4658885693962903,0.49795177880451197,0.112219209962831
2019-02-22,0.625253036693457,0.7077688457206679,0.48752866159085434,0.619875659079204,0.06627607950252064
2019-02-25,0.2631102877727398,0.3109718828857099,0.019095375383042543,0.024524528693550648,0.02258713482315153
2019-02-26,0.6998718130140031,0.41398551421205615,0.6293645181491734,0.47407420419121465,0.0003368795917810979
2019-02-27,0.8354496686892725,0.15254572062210844,0.8715927715875599,0.9286306190750201,0.14945505905260598
2019-02-28,0.04648080216108434,0.2195998442730599,0.33950831258569036,0.6088589872580054,0.45668855890851734
2019-03-01,0.27261857967546094,0.031168075938267713,0.16043520344694454,0.05954574329716234,0.1753554471534684
2019-03-04,0.05169894127766242,0.06522726748681353,0.7075580273359539,0.775587235623048,0.6932328859392614
2019-03-05,0.49417807897938465,0.29716891310602345,0.5523083191061058,0.4671987212182185,0.5047209435517517
2019-03-06,0.9819002604552765,0.6160440220171133,0.5244287680000086,0.323695266642309,0.5066356991798675
2019-03-07,0.05981235513906122,0.4051066285010451,0.608256312340155,0.6727550087715084,0.08155363523316633
2019-03-08,0.6522068693382375,0.9351326353671383,0.24435294511103103,0.22207539625721018,0.1551584100111367
2019-03-11,0.3823593155231645,0.14252964512668603,0.8210496325670122,0.7804965962425735,0.04882227103796285
2019-03-12,0.6488022749244791,0.8041664910240576,0.5145104912322478,0.5167857127058176,0.5006772612650969
2019-03-13,0.4782333338027826,0.9045860931469296,0.8411375744087044,0.9354018908866633,0.6385347740126062
2019-03-14,0.46536483198939804,0.05455868974727089,0.32979748459811775,0.64776422761927,0.516231400691775
2019-03-15,0.442170837723708,0.8181838430848594,0.4278630848707908,0.4283596186606817,0.5226041778916367
2019-03-18,0.4757635880379053,0.40033146654870605,0.6556806713568301,0.7450254350824781,0.5311865179868852
2019-03-19,0.5574093211793663,0.699215024182603,0.5030873157491422,0.44152935766283313,0.5423037094081076
2019-03-20,0.053099620644137875,0.25293766589577305,0.8616618338774135,0.8363794102206483,0.5557616235040865
2019-03-21,0.3540635941847266,0.7370856287218389,0.2042295814487988,0.5561088504900495,0.999998133408338
2019-03-22,0.7787355691093678,0.7479980652170185,0.14512779604289835,0.09275104960041976,0.9321200374757496
2019-03-25,0.936383557355427,0.8877132946740157,0.5487739975917966,0.34843415815527123,0.20559559508237807
2019-03-26,0.7182103103362387,0.1583201294632879,0.8230076595342364,0.907355351269731,0.5028860180191856
2019-03-27,0.6136270660438372,0.23846110318853603,0.4009397363564993,0.2281705937530559,0.45549947396265517
2019-03-28,0.5912833767283435,0.018013205123332748,0.45690641713983005,0.40882315181172807,0.5254896212598545
2019-03-29,0.735102999680922,0.5960483854759719,0.7576613970636753,0.8431612282448917,0.45688557291435067
2019-04-01,0.8933679432207696,0.24434004418717092,0.7822158736146794,0.9482709335436333,0.36143361059015205
2019-04-02,0.7802354622988142,0.5411936495217634,0.6618955495820715,0.8682640944734246,0.603696062834364
2019-04-03,0.7005096137055031,0.45823368623986355,0.4348009796762699,0.41775402720408783,0.5089496212452527
2019-04-04,0.8440769069300753,0.40929918427802786,0.5115670773131614,0.2953611061080576,0.5783144434832508
2019-04-05,0.46850648986339616,0.538919416154454,0.8885113711387538,0.866146982975762,0.5593916342194243
2019-04-08,0.6682424338659658,0.801335152861819,0.8347883843621016,0.9249408372479504,0.5900854142366494
2019-04-09,0.6600463787215073,0.7959223864307753,0.24732977935934972,0.2884706874373218,0.5301678849066485
2019-04-10,0.4547472345811614,0.763820114841601,0.9139128323107881,0.748676454605163,0.46065003181637704
2019-04-11,0.07068642133248623,0.015472337466553375,0.13878537845722902,0.10568048061620419,0.12126780026031732
2019-04-12,0.8283108018119807,0.5328166672995833,0.7931024354285949,0.6076952880685362,0.7462552386956769
2019-04-15,0.29758678177836234,0.26715330800489406,0.30228638833769633,0.2559262179726409,0.7116397398247643
2019-04-16,0.11757204099313427,0.03959070223504548,0.728179770497542,0.75462172245121,0.551017724341556
2019-04-17,0.926230581632894,0.40870247148909783,0.41856440621450125,0.33703256058359415,0.740414281375282
2019-04-18,0.13588104540351986,0.4412592061330004,0.6449324479689565,0.5862375208967349,0.013376681803604403
2019-04-19,0.48341663742870533,0.4584060923978719,0.46615800062673995,0.46914817845573553,0.7685155102167136
2019-04-22,0.16214714581617914,0.5549166375331478,0.986600651440528,0.9677248258415635,0.5642200876721943
2019-04-23,0.11212175214624912,0.23707319331270257,0.6933376786934488,0.7528536624960614,0.5786197713747303
2019-04-24,0.09919641783994047,0.7865991632701146,0.49529312348383986,0.27954550069144696,0.6561801112816201
2019-04-25,0.8294021849261388,0.4896217037148113,0.36630745187263924,0.17862225565761372,0.4224469610094018
2019-04-26,0.912317519757151,0.8821606918459683,0.021805151423864886,0.022042715279075756,0.6518184306291068
2019-04-29,0.8978438650595473,0.16975344405742573,0.4061629013511059,0.5482268775915085,0.4410823794346492
2019-04-30,0.24588932417738743,0.690394660310866,0.7693932837288666,0.6521127856781906,0.6590785652554242
2019-05-01,0.07141701065721573,0.382346942494533,0.24446324113423706,0.335894763969962,0.6105649618984379
2019-05-02,0.9336074130045919,0.05298714934643834,0.08041145922699562,0.031393912717466596,0.06836679554617042
2019-05-03,0.5474601315301292,0.8820563226026891,0.49623013587143827,0.5193763493173087,0.3949500607762215
2019-05-06,0.10993288619147577,0.6275543959891532,0.6348771978816373,0.6092727344371504,0.9004697318921577
2019-05-07,0.11846005596897485,0.5728930353617803,0.08839695914247503,0.15823474452743258,0.07610738255496198
2019-05-08,0.5298574788139786,0.23839338632353702,0.6638929600123005,0.7603519488471345,0.22108508538874247
2019-05-09,0.8018255285691209,0.6928976941640156,0.4774249276730559,0.29830263529544176,0.7484919236180265
2019-05-10,0.5359339660500078,0.602505866029392,0.5686385099596977,0.45152030272568683,0.10065291235836626
2019-05-13,0.2176529290925144,0.9594013400610844,0.30426039247811526,0.21170753278026394,0.041847686320783874
2019-05-14,0.5556027960803026,0.21507396853488836,0.8643503579617161,0.781042663003057,0.8356055961271388
2019-05-15,0.7842471096030423,0.542022278678298,0.712849047378658,0.5898191467727454,0.0729834046501608
2019-05-16,0.8279281054393278,0.06353563288160337,0.8243315035969139,0.8271251997354868,0.09675330236343968
2019-05-17,0.28094230270351445,0.06742309507587284,0.2999595003801332,0.42131554019214174,0.3969704212397135
2019-05-20,0.8259130034219369,0.5325606779009457,0.3544663611652351,0.6388108770387213,0.004562432228375073
2019-05-21,0.9375752286560103,0.24105468154085674,0.5637242104771707,0.41205709960517783,0.8282622953390423
2019-05-22,0.1780344866446405,0.5473679551384383,0.09163963679778075,0.02952331357329848,0.044978121580520274
2019-05-23,0.629160903017671,0.9230386575636781,0.00611626432650355,0.002313744462698861,0.03671262371863389
2019-05-24,0.8612365959526287,0.3771483920535142,0.7579629884107835,0.7057629518833812,0.6577135998312986
2019-05-27,0.4900435837725533,0.45408859121907386,0.47275062651950395,0.48263455461051036,0.5866746074294212
2019-05-28,0.3032759987817234,0.15122930597506026,0.8881611893037369,0.6682624106504411,0.001428586939731763
2019-05-29,0.3502998228450593,0.6867095874490899,0.2664653197239029,0.35145131819178793,0.7543542431037219
2019-05-30,0.3703712336186907,0.8105710159895387,0.028527861128443785,0.02472849358412619,0.013471815126779831
2019-05-31,0.19692870234767954,0.9795743218927284,0.0456815630350461,0.011837513024344142,0.009280023256725126
2019-06-03,0.07763302038780362,0.9637913527557249,0.02403761634765373,0.3945365645569021,0.769860251948833
2019-06-04,0.5910183498543218,0.5294148555656155,0.6463918213199393,0.5570675311407076,0.27302147373008434
2019-06-05,0.8773810094919833,0.6996893764431452,0.1706041581972185,0.07116524324657571,0.6052561689545977
2019-06-06,0.770588978201343,0.8493239545958275,0.7578567173708717,0.7491895828654956,0.08329476062581018
2019-06-07,0.9156629400656698,0.6552292512497975,0.8774648418184133,0.8575632481724056,0.6982200950387443
2019-06-10,0.9517003461265062,0.04045575608509935,0.22507605237487616,0.2653079440706255,0.5380542694043638
2019-06-11,0.43759470179142995,0.5203126305456633,0.4627126588754127,0.482513529852088,0.168301307219168
2019-06-12,0.7728802328652489,0.7284753125589771,0.0538496234196845,0.04212652511393914,0.6596892616815118
2019-06-13,0.1334862830303163,0.797844655098505,0.8285704864868702,0.801850374634432,0.08881878481207414
2019-06-14,0.23211240649443118,0.5224519100081312,0.6916790145690406,0.5646624757698675,0.18071065172500933
2019-06-17,0.4613382936855999,0.39255880656078135,0.1953242868386194,0.2900795079739059,0.022352161175729423
2019-06-18,0.7818095259067981,0.8139277553169,0.8197691983155859,0.9356265137911893,0.7834857965589761
2019-06-19,0.5902517202627443,0.37424181243009036,0.3738130751043776,0.44307800400936925,0.5091583215208582
2019-06-20,0.03992866437164003,0.9986224730716127,0.9734605077144542,0.9785514292586552,0.435543416426497
2019-06-21,0.9245406311468409,0.6396968289039768,0.7122193440213281,0.7281431855491168,0.17192268902493346
2019-06-24,0.32995937894453875,0.9045559404844428,0.369070694737888,0.6369693785536085,0.6972799685094511
2019-06-25,0.24765896702122997,0.5159252677699778,0.5290808407587662,0.4584205150465903,0.011463748849028397
2019-06-26,0.44961671715577983,0.3676045552145291,0.8789374690362564,0.8944826818918007,0.2757606060688707
2019-06-27,0.39364382163303646,0.3637752013518712,0.49665867768378763,0.504637559407842,0.8563018426435525
2019-06-28,0.1981273465832062,0.5148733534558205,0.4673776393306914,0.1753794342975419,0.4518482440379961
2019-07-01,0.9714433584385948,0.038207294054519045,0.10205522526318365,0.6943886383972326,0.827604379541991
2019-07-02,0.2085987488903086,0.9133345999580962,0.026859306091697836,0.013884872359880814,0.6341784197202232
2019-07-03,0.13508429309321707,0.8512474421874527,0.8539847301817844,0.7861292955857204,0.4886075733697261
2019-07-04,0.48288213952996917,0.48979866592882226,0.47623729522200603,0.48627621814068356,0.585081865151051
2019-07-05,0.7927527613969141,0.055822930913640025,0.6076662043610559,0.5403659608568004,0.019973118281166734
2019-07-08,0.9930574240713272,0.45783263165335475,0.42880155413716353,0.536086374905818,0.9254326209111289
2019-07-09,0.0959220685453129,0.49119513324587777,0.48442686259876894,0.5459343790974722,0.4286232583254891
2019-07-10,0.35484884384774873,0.8437025426778844,0.9854048788771799,0.9811914741664076,0.7794488738637348
2019-07-11,0.30943607181397365,0.2927392972042723,0.33473374686266344,0.40606096431665334,0.7878357823210264
2019-07-12,0.6098700715977761,0.6642718733314759,0.5327353033521393,0.47977220109488444,0.9907236046439133
2019-07-15,0.026553144984364965,0.5350452986883636,0.38679157232121136,0.2414449475907792,0.8345770690002544
2019-07-16,0.5761265886168709,0.3909666590013307,0.048635496980766205,0.03528691705024561,0.6948436547806414
2019-07-17,0.20578750291483905,0.8449321540706777,0.24928888786914424,0.20017737745559008,0.21127650991344096
2019-07-18,0.6543822632308273,0.6641255705088591,0.07996162422945438,0.0904389871713872,0.181062456546634
2019-07-19,0.7570339113568638,0.4381701162268169,0.6477619614319663,0.590402531846294,0.04760893365258789
2019-07-22,0.9409321751854308,0.4760400470327871,0.7472636908100293,0.6911534051936719,0.2185922791302113
2019-07-23,0.08053056401515304,0.2780197873407024,0.6816899722939396,0.6841032600239281,0.7651574438358004
2019-07-24,0.3593441695326403,0.5711513186134058,0.25654560222245704,0.18285637915291428,0.8052641740470923
2019-07-25,0.2120455591887461,0.17312902916236425,0.5447637731580445,0.5290544857072266,0.7657297450022774
2019-07-26,0.11321854547239289,0.644345940146428,0.49622063596517774,0.5529290936548503,0.8989217863690511
2019-07-29,0.4170883823739741,0.5213037971549259,0.5725060287935162,0.7464055664532971,0.1681253280302008
2019-07-30,0.4414123069472139,0.830492883944893,0.8481215231412116,0.8793428019883868,0.03535309340438713
2019-07-31,0.16394773856858097,0.33381395868591024,0.666699707943787,0.7004116411771967,0.7778864747521801
2019-08-01,0.30672351904667644,0.25670485909310364,0.0019625268710620693,0.0009169397923663587,0.5180740123868184
2019-08-02,0.3804781660195099,0.9755677236406178,0.8028921286223574,0.8731810116557468,0.8310769735182324
2019-08-05,0.345834885138629,0.9428834099295836,0.09383452457728293,0.22812343079897066,0.4858313610158133
2019-08-06,0.05533684220972113,0.7577131684824256,0.24833505647903156,0.1988812384647092,0.04491145545233781
2019-08-07,0.1859941046363206,0.9864184591536445,0.04585254661644242,0.039069864918816685,0.041649036100715686
2019-08-08,0.2630782695865445,0.2388256439032249,0.7636017994540973,0.8240807826013092,0.00014224958705722632
2019-08-09,0.3595853659948201,0.42705615864277713,0.7818751014829185,0.895294093486154,0.9734439235929102
2019-08-12,0.47215581211712654,0.7374684534246123,0.48651349338514055,0.6097141301116075,0.3005742617359447
2019-08-13,0.0956015600068524,0.381686192472734,0.9637758250434327,0.9162098237775975,0.40232137476058094
2019-08-14,0.3520995110886048,0.8445202750697897,0.12331704399707677,0.10648191386013646,0.5529516100089671
2019-08-15,0.365532611137669,0.6116416723922482,0.18225128239832541,0.2846566643952526,0.3114734775447977
2019-08-16,0.2074405901965791,0.2573254677966795,0.5832010555202827,0.5937261417009937,0.2601687601602176
2019-08-19,0.6841064447963923,0.1424364930288245,0.7834069264347368,0.8196085450838545,0.12327859182236135
2019-08-20,0.7749971322892644,0.6037705359013715,0.56456912603013,0.5276998287745291,0.7309501633023665
2019-08-21,0.9072423264123172,0.4759880564450994,0.5568843411962827,0.28708822338376294,0.526911274073071
2019-08-22,0.6094172539243288,0.23445610314748905,0.3508822304846575,0.37417880298946704,0.20907849338940898
2019-08-23,0.59376425487195,0.9754048661008635,0.28517065858163376,0.1549177336092015,0.36403050381303703
2019-08-26,0.3410399257314504,0.49755508541747245,0.2612427128717513,0.30767214999595704,0.15867788403153993
2019-08-27,0.6070357316527555,0.8610407218604479,0.7559645162371251,0.8432438856281657,0.17606239772419122
2019-08-28,0.37671771929410963,0.3844125361664173,0.8137052301646395,0.7523465022815171,0.7599959954504694
2019-08-29,0.013923157193703605,0.16223452684613307,0.6981127196421066,0.7737780679113602,0.13702817290664665
2019-08-30,0.8790765040548046,0.232828759673583,0.2499834896107816,0.08781960172793246,0.7290794298347827
2019-09-02,0.4894702066709949,0.4614342144947306,0.4619885892428612,0.4746561957745438,0.5860811537565027
2019-09-03,0.7711441746944366,0.9661139834116439,0.03278649676067124,0.14711379508100797,0.00113402999466813
2019-09-04,0.7808431456421291,0.64497622572109,0.9744710059264174,0.9544112940772058,0.011104439929458164
2019-09-05,0.2021587040766349,0.01633126313537371,0.5700504667065971,0.5054970405272201,0.7757704873921679
2019-09-06,0.8461218005463115,0.18694574039215633,0.6784438784543924,0.5580063438148992,0.25281496923149144
2019-09-09,0.7291904498954962,0.33276928834588554,0.8181681384604488,0.8658444762932966,0.6303317497306379
2019-09-10,0.27215484630776177,0.14970864396180691,0.39969403559530536,0.3281571438009243,0.35235967164114945
2019-09-11,0.7053836181308077,0.5998130379462551,0.08665321149099096,0.07116759872116676,0.6044444083497298
2019-09-12,0.609406356885023,0.6270612330309133,0.30995235260244375,0.2592987599178003,0.047308692098490375
2019-09-13,0.9433795349629241,0.22880430323231798,0.4034757332769643,0.39221534054838514,0.7421950972219142
2019-09-16,0.9880148490084589,0.8322099824916086,0.9999054419241401,0.9997344506969965,0.544021795568379
2019-09-17,0.6213241770884022,0.5592758407740313,0.051972458271091114,0.03212259295519988,0.03846224750680001
2019-09-18,0.5697129224809936,0.5614864548780623,0.30705184150331183,0.22788417750576212,0.7524749619213486
2019-09-19,0.9572633213026978,0.18769231965746133,0.6154712206409926,0.4877037217243047,0.046243834911891185
2019-09-20,0.5483167014279182,0.7651112475985566,0.45045583274994105,0.4758659045823896,0.025533444319244078
2019-09-23,0.28493602849631494,0.9107280372021557,0.5689377935201128,0.6286629024588621,0.7809451049612636
2019-09-24,0.31930642208034166,0.7685090494592473,0.18963961331108087,0.17040460145931496,0.5592529442989564
2019-09-25,0.7927224521952462,0.024118119766219276,0.31997205121598166,0.27126518612478867,0.6018644605907735
2019-09-26,0.8348726728363682,0.5414880026300881,0.5482840390113511,0.4579392432572188,0.618078430383867
2019-09-27,0.3248094742541834,0.2042068907193038,0.2900104909940869,0.3345324977480635,0.6916153558229684
2019-09-30,0.08939382825740037,0.011644785210378017,0.22392685879095323,0.08064117930531087,0.5269947362494413
2019-10-01,0.6095516206831746,0.8874939699438011,0.11557705752324153,0.34324198530901256,0.8471745897380035
2019-10-02,0.7890607341204232,0.9293350170436026,0.19715154564586052,0.20826690143476503,0.48587761065466456
2019-10-03,0.8498819273600989,0.6967916179007282,0.4686832043993409,0.4184490751233352,0.7851404124248424
2019-10-04,0.10451870814882597,0.4470769237908055,0.6645549359592439,0.6027199012123083,0.5327381055857352
2019-10-07,0.06948318195998275,0.2087498913829401,0.4662669594147958,0.4618191230541738,0.0014282457312533973
2019-10-08,0.7612020508287195,0.4408861722166354,0.4338090059514368,0.4347665116816209,0.7552993314724028
2019-10-09,0.11799829051051718,0.7672183008171515,0.49428694610984264,0.4627724654018193,0.5889587769186784
2019-10-10,0.9213600000983196,0.15052443813403202,0.7336074684841207,0.8208081272535594,0.5892159975030016
2019-10-11,0.8890142140548565,0.12229148569621198,0.8827573741684773,0.8636649556690769,0.05775333517827199
2019-10-14,0.06650752778229498,0.7666902109419313,0.16307855521855716,0.12868776315647892,0.6865946448428135
2019-10-15,0.9612581246116165,0.10146354189435787,0.26814998261716455,0.20207303183431155,0.5882606847014917
2019-10-16,0.41864142985550695,0.8034670302797561,0.7131074070187539,0.686406957244148,0.9057861548907378
2019-10-17,0.2252447290465229,0.6471328286588773,0.6593720364638707,0.7042866265510053,0.6696278838596982
2019-10-18,0.462438633471369,0.31974152666722505,0.2965611580728655,0.41752111893637356,0.08988115695731401
2019-10-21,0.3560213833027011,0.2523247517711434,0.29446598422154546,0.28101967164406016,0.7276347242773828
2019-10-22,0.2230738460021267,0.42989300109010664,0.7623073678746073,0.8052444667110024,0.11748688781798917
2019-10-23,0.5869345191003131,0.7720184861236989,0.9274624557160063,0.9554042268615786,0.0034404666590792054
2019-10-24,0.5564026183765934,0.8017596233517575,0.6818516516889335,0.5956381126826824,0.8107375513141696
2019-10-25,0.201165721463698,0.5046418684581628,0.6183508518354087,0.6606060955218589,0.027215664337613063
2019-10-28,0.7800470415447793,0.15333908486026046,0.2937518181893346,0.1620707183172197,0.7412091543584616
2019-10-29,0.7295847419612811,0.3287912905833361,0.47110262914792517,0.3542317164318742,0.4866437897801446
2019-10-30,0.17835052914964905,0.7152356018374879,0.13762957838754233,0.2703449605258718,0.021248970952381097
2019-10-31,0.07221340045644534,0.945743743082404,0.29946759958462993,0.14784091627390264,0.7524183005198755
2019-11-01,0.9710280319431739,0.3561903235681439,0.9417125810603466,0.9661759276190367,0.5310688317289443
2019-11-04,0.5822817959095072,0.4604655435943136,0.6758287714729144,0.6267281233280557,0.015352921952412413
2019-11-05,0.4642957521332165,0.016011670295100797,0.8161504556393337,0.7497803026898942,0.03649964293123594
2019-11-06,0.1279451629611397,0.780513419302691,0.1005032644635947,0.16397173242059762,0.0484513151511006
2019-11-07,0.4361135361533545,0.020059797874548646,0.7015219465901973,0.7772640240113382,0.7779397739363378
2019-11-08,0.9477025847729001,0.31712090284948286,0.572193510662523,0.5195109188311197,0.5180790334777615
2019-11-11,0.7876369460789032,0.24462876526324068,0.3234514083172319,0.3100143772118221,0.5251166752950961
2019-11-12,0.9860920577008392,0.31917542121747317,0.4057269653030164,0.4437948869553922,0.5840332709267834
2019-11-13,0.8382465748715533,0.8167626549395177,0.6206667164233189,0.6263894287565803,0.6236237097644164
2019-11-14,0.9634784897918093,0.8375789830401801,0.42242826318617965,0.30592880534774614,0.09352559529984439
2019-11-15,0.5392940654070297,0.2994577351123004,0.8941679362996582,0.8595433914785912,0.7258683910520918
2019-11-18,0.2812362850549972,0.6141564031546476,0.14673120076184656,0.18972867305347033,0.026917043123074247
2019-11-19,0.13220310977368177,0.5765240425621925,0.048458470748130145,0.024415173863214193,0.32065441166652153
2019-11-20,0.3718144095409143,0.46792288667648624,0.9411869373073881,0.9541695318871469,0.06513951421421553
2019-11-21,0.619904514861172,0.12437620985027874,0.9460232316044123,0.9069505654616845,0.0020284846168406104
2019-11-22,0.22634241795652546,0.4466491795677392,0.26318103179986185,0.20898891813290585,0.7727374091099922
2019-11-25,0.30560260827299074,0.20504189798499015,0.5750861105473963,0.5671140091713622,0.5414648503075268
2019-11-26,0.9067242728105052,0.6027478619983848,0.73657783103133,0.6383746871531017,1.3577051994585738e-05
2019-11-27,0.0850222280845096,0.20583567967129715,0.37967032067136447,0.3539624073777985,0.7510036584523254
2019-11-28,0.4828696218963986,0.4503872176788749,0.46338147461962576,0.47333383427009335,0.5013543766094046
2019-11-29,0.2262352766659044,0.8971279818816679,0.04902606100367671,0.005864443641288693,0.22101602379501661
2019-12-02,0.3551824237072465,0.3306580177663523,0.06606095531341614,0.7367061990399647,0.6271313402168888
2019-12-03,0.7436797524156158,0.9384992625334332,0.41347398530513235,0.5362991708601099,0.26098794004661063
2019-12-04,0.30213873998357194,0.30570102494256424,0.9785512271452261,0.9689520462029575,0.6111900658830721
2019-12-05,0.7905644645173053,0.5911293163878353,0.6371876411790165,0.49072405364800176,0.5060065951876924
2019-12-06,0.5619674394071266,0.03855305140126606,0.8303438279151194,0.7506241068106033,0.5084382820412365
2019-12-09,0.42425201524367084,0.4420939958569235,0.4184393372655576,0.41086311447911344,0.5118383025570192
2019-12-10,0.749021454800569,0.6193097662980771,0.5026698790696114,0.5657359938658514,0.5398974690655174
2019-12-11,0.31588332154542814,0.7652628688707627,0.23763672667199964,0.28250150072771124,0.22967839594759876
2019-12-12,0.10728345194197417,0.3463875908688968,0.6738613395983624,0.6515194842812283,0.6491603369332064
2019-12-13,0.8963133875581286,0.825061936438096,0.8628989161553107,0.8187232641519714,0.5918049668302374
2019-12-16,0.007333404638456488,0.4470618917364342,0.5276504444606726,0.5422273339011904,0.08068692418463652
2019-12-17,0.36531565741806643,0.43949802662739745,0.7923724308027255,0.7813557699216515,0.7749762244155775
2019-12-18,0.22039505647092578,0.36177168299471013,0.5036522681534605,0.47142640081723564,0.5322030811474233
2019-12-19,0.03926847687428833,0.7233301119328225,0.6419561817950492,0.6140040130327242,0.6667477576647372
2019-12-20,0.29466279252913263,0.3017281646222597,0.2936216002685532,0.14827863304218217,0.7926827826224807
2019-12-23,0.5960376874730244,0.8028793460804141,0.5856775454730612,0.5054630348287703,0.4908767118604282
2019-12-24,0.6616485552619384,0.9538158670454515,0.8317318305937851,0.7553648269061919,0.7726822024491745
2019-12-25,0.48796800234987864,0.48955257897624926,0.4713912261237372,0.47220555093599476,0.5351181653554662
2019-12-26,0.14017098549362408,0.8551274294932382,0.8040039916264239,0.7586201673705992,0.606889849013077
2019-12-27,0.9835614286194966,0.6842502739510266,0.5939135614381057,0.4928996999084225,0.8664284619905067
2019-12-30,0.18794602992390366,0.5020292692393511,0.6121784000827596,0.4406299745711882,0.9243451270627449
2019-12-31,0.9602101442558323,0.6940116671542316,0.011876469580606714,0.1557133655713535,0.9958115841540375
2020-01-01,0.4935502303302217,0.46831086920841014,0.44792846117748875,0.4595669406345797,0.23660755123151792
2020-01-02,0.407367613080762,0.6960820048956537,0.5747042762049033,0.5376921669281335,0.3856747436293776
2020-01-03,0.3567611060349254,0.9832639635951756,0.9837169003484292,0.9870880799603732,0.6218160718591084
2020-01-06,0.17759812852788,0.9391512437439308,0.6040008770077886,0.6036791266258063,0.6695070233546924
2020-01-07,0.8820445532404152,0.7055126237696019,0.24869731645787435,0.18351572385938958,0.5482014646727951
2020-01-08,0.20196795218372068,0.08551991778615285,0.01618831644252466,0.001848324321684023,0.01266439203576066
2020-01-09,0.8968345202903845,0.23737739246794567,0.4270129308666013,0.4390485165363351,0.8114566956551355
2020-01-10,0.8010012063500787,0.6906662029973412,0.33673304286576844,0.2676879197075664,0.5321962469422545
2020-01-13,0.4296533098285856,0.1636948001189659,0.22176033127880523,0.14239882932930678,0.3256341483237127
2020-01-14,0.9461297591048937,0.226181394613152,0.5736006293434909,0.5342701576374062,0.7596824943781225
2020-01-15,0.7836774759455323,0.816378477946661,0.2933721443758097,0.2983353920144691,0.36074058999446734
2020-01-16,0.6990357055444847,0.3478489934540157,0.7130915335244685,0.7639424709956727,0.9124788062377905
2020-01-17,0.9599566426091306,0.823096845067396,0.5677866593982825,0.4872991069381042,0.9754065174788382
2020-01-20,0.49362866285597534,0.4782388292560555,0.4675017891774893,0.4723113497152423,0.29776864587101787
2020-01-21,0.6712595936993992,0.3589091182633728,0.35634725466019185,0.37072806941854997,0.3186992058562866
2020-01-22,0.3557757426641025,0.40884218608852,0.0774166343610426,0.03163481278693211,0.9373422880408792
2020-01-23,0.22236669176267287,0.8201652466085785,0.1081433085253297,0.09265483744255652,0.9600112388484223
2020-01-24,0.18074839080369978,0.7469185398903234,0.08655265097097324,0.07042288106669331,0.9924930146850284
2020-01-27,0.4941384036901012,0.7157185303780524,0.0876870708090385,0.13512063757806353,0.9401962840924145
2020-01-28,0.21929539626331052,0.1837127853911481,0.5364719453822977,0.6084204444419445,0.7929573708286837
2020-01-29,0.7086507085461404,0.47583820996803056,0.5995198898448771,0.4174413576049366,0.2969735683077955
2020-01-30,0.94562241470877,0.9091810425361697,0.06822047183011182,0.10047794316098162,0.999739962885317
2020-01-31,0.2814212731545733,0.45598017154719733,0.4012056021742227,0.2507544697433818,0.9823424680793879
2020-02-03,0.15152480513433159,0.23079920176752952,0.004478572835916503,0.07170082864148718,0.9899336271905586
2020-02-04,0.6963780379048312,0.012436775934928132,0.305784591133495,0.28578899867802227,0.9093214299019365
2020-02-05,0.7749955996864819,0.7336080083301502,0.8509849355068815,0.852072841528399,0.29300277953495396
2020-02-06,0.9024401424719481,0.7703703204457746,0.3647061729834435,0.5667811301234711,0.453294124021195
2020-02-07,0.8658050101110104,0.6296863648709574,0.3172381739639826,0.23820106153302986,0.5156082639110822
2020-02-10,0.8054198187875378,0.7274852859199854,0.1408520913336951,0.1981396342256603,0.5502091242425665
2020-02-11,0.3014714481144785,0.1473897051390797,0.7308309885244613,0.6305643001491361,0.5381014313500228
2020-02-12,0.36013323677454,0.5295194279465887,0.9403303413926145,0.8886311277309881,0.9986244978126803
2020-02-13,0.9543244789326877,0.7840580663835454,0.6787002295862234,0.593109155771869,0.9334405426290939
2020-02-14,0.04619417392952515,0.786542158631489,0.8062430462170673,0.7420355848095279,0.25868297546350266
2020-02-17,0.4818923323782698,0.47248101772576945,0.47428470897483965,0.4803748685766465,0.8501129677424909
2020-02-18,0.4512884347123859,0.9468566829113267,0.6365570141886091,0.47508577767596194,0.33185603713937856
2020-02-19,0.7025632657045724,0.7820205323580162,0.9016857206740726,0.9169262098222851,0.4867166749997018
2020-02-20,0.6144537288615262,0.815147690161707,0.5521677630392627,0.7108943557658975,0.8935886183404281
2020-02-21,0.337091793273172,0.9836367233487712,0.20050357585820244,0.28725055872662975,0.3285643788108103
2020-02-24,0.17798765481725942,0.9759624702552507,0.03194291653211974,0.018422181602948187,0.6823949471585977
2020-02-25,0.5314426933812417,0.04054066190041868,0.10966810217816675,0.056302646553436905,0.027008126087046624
2020-02-26,0.08381777081565514,0.2353534843557826,0.09063488057660692,0.11525437054474258,0.05069627405432666
2020-02-27,0.5310272476045059,0.4605561934376705,0.12584316403969992,0.06293055617214403,0.7688999100669691
2020-02-28,0.04858808619641789,0.0009015046622280116,0.07578328095352486,0.028367869311906692,0.440706945694214
2020-03-02,0.3643943442356645,0.9402021445743255,0.8826932645516694,0.9248824899597531,0.25722942151270145
2020-03-03,0.4054017309425402,0.9898552006387566,0.4629351450474858,0.629525645503606,0.3895137381396262
2020-03-04,0.2357030771270152,0.4979059713514899,0.2293307367698431,0.3544564039147469,0.0614703999299198
2020-03-05,0.21625115239792397,0.9007650943231769,0.13343483075562107,0.20938783813106268,0.7619898227995108
2020-03-06,0.6682862312704503,0.6003499243959716,0.0023316810051498835,0.002373247301300213,0.5533552954491359
2020-03-09,0.32383212820809293,0.5689854112099961,0.00024611763596718556,0.0001158959836398474,0.016925358905003112
2020-03-10,0.7894568175921933,0.17889375023642098,0.8189484118054058,0.8964838198587932,0.004450762564540654
2020-03-11,0.8814836776427348,0.1381556158513482,0.29440519110524355,0.2751743145859226,0.31130000646882056
2020-03-12,0.004541919292210031,0.011039971740619636,0.1601541169260947,0.23626368006361945,0.03377154648489875
2020-03-13,0.0021061141796248615,0.003404391966481412,0.5703892387089233,0.5361585467082546,0.7668005557478081
2020-03-16,0.021077785589400485,0.05181745279362376,0.06766405859164464,0.059940814733565106,0.0255155514674421
2020-03-17,0.05187034073346043,0.9604064535204087,0.24695329086632076,0.1576651787474808,0.10237981398860711
2020-03-18,0.18854323531368916,0.02454587010569128,0.0442508559552004,0.0021343364847336735,0.7598767993008124
2020-03-19,0.05124909653203532,0.4740020926555565,0.9460751516622793,0.9754474643564399,0.303736685069736
2020-03-20,0.6277314092008075,0.6040402755764964,0.2442879525199299,0.11274279979566472,0.01813330710560832
2020-03-23,0.7498942225780282,0.9960337714704155,0.47702824096123003,0.6625828681954071,0.088588544042575
2020-03-24,0.6722767018846585,0.9925777723880658,0.49763424079391133,0.6269053596052514,0.009791709008520515
2020-03-25,0.23334922658663915,0.2141596727311883,0.5257731634213528,0.5989169458133132,0.023387109087622832
2020-03-26,0.5610239163136159,0.698645298477127,0.25797374126904876,0.13828919555022387,0.7431986836077582
2020-03-27,0.5104058519334493,0.19657649974366975,0.18305607707796823,0.2394622136522049,0.5302647506713642
2020-03-30,0.5752458399444327,0.448649314147418,0.08532013793445245,0.1664908285767808,0.5178274148528952
2020-03-31,0.31924899929175465,0.10168693898700532,0.45567415642427395,0.5992928704944493,0.2235973561076074
2020-04-01,0.2588836837868518,0.39233501612026606,0.9144580956989263,0.44315609687533736,0.6344778672073146
2020-04-02,0.9293495109723663,0.9305984207697063,0.9939901501846911,0.9951745005645248,0.0528541985513619
2020-04-03,0.2777943915216409,0.6228630508249781,0.9606715311372566,0.9409612286259597,0.06047729317723055
2020-04-06,0.9869871377773156,0.9103323544867178,0.32086095342864807,0.11636525039463921,0.0025992160782551937
2020-04-07,0.8480157370364674,0.34534595661785267,0.27854817420502986,0.08336999019028071,0.7698567594623653
2020-04-08,0.22328015045067232,0.48956300402389924,0.6541422320680992,0.7900998959451767,0.43866110800099073
2020-04-09,0.04581039734912276,0.9715732598639465,0.24141763556853668,0.08783920856222335,0.4011861358259763
2020-04-10,0.4832117310268682,0.5210076646188528,0.4668333432112239,0.48679131463178343,0.566498986309893
2020-04-13,0.09952186418406161,0.5991869889719676,0.5304749342251529,0.39629023019067394,0.5122577650029922
2020-04-14,0.6077908627272979,0.6455138155418303,0.11555187309575182,0.05123515310216273,0.105767957006456
2020-04-15,0.06895780852460821,0.16747291820466606,0.12148862505544886,0.4101445539323142,0.7179411124727099
2020-04-16,0.7710814788322694,0.37935413129775014,0.4973732990402236,0.49231917110445006,0.5630445543967999
2020-04-17,0.9963566904751812,0.139141160212824,0.5453135237523689,0.07757720745150926,0.5109249799077248
2020-04-20,0.1903727421189293,0.6488039909751382,0.05461841233154346,0.48536532718381464,0.016712190763020142
2020-04-21,0.1828979286427538,0.19439412705639,0.0018754518834762585,2.199923540090855e-05,0.75389044462349
2020-04-22,0.8823108873963943,0.9411504226280923,0.685414234783913,0.9677174953562809,0.005724577729789899
2020-04-23,0.38900166803598746,0.5789053022628654,0.6934373001903668,0.8873447777170771,0.7533871202494005
2020-04-24,0.470964415087097,0.3485064434766878,0.5020735329314892,0.5818945681007713,0.004994534975609586
2020-04-27,0.5531170983753051,0.31393341526070934,0.1842313178758759,0.027561584563526698,0.6444960094282339
2020-04-28,0.5989850835616461,0.45728905826811966,0.5911530865560807,0.38451304559681426,0.11910772647153986
2020-04-29,0.7777378688787997,0.3735924388051106,0.9028650533777001,0.9242462488493872,0.15429233385149133
2020-04-30,0.78896902035673,0.21018860119250732,0.9369928865591635,0.9483982572111829,0.006380892506464928
2020-05-01,0.3847233242350502,0.642381390294263,0.7321869369853339,0.6638314068089823,0.7661201203130016
2020-05-04,0.3537908226582755,0.6910996005421344,0.6445394882843388,0.6083412470348024,0.5056001799191474
2020-05-05,0.4044868841844968,0.4485233845157399,0.9636719776889736,0.9481204243103533,0.5624576450045612
2020-05-06,0.3494701336769741,0.18511478517531826,0.2698752250489376,0.41172795605909074,0.4870595198872021
2020-05-07,0.6564340979977961,0.9205289207255493,0.41490618015836855,0.41352980260484434,0.4089457631447995
2020-05-08,0.6675603674363038,0.31049732136472713,0.7789371660966542,0.7149800186793758,0.300225166380056
2020-05-11,0.9162863670840883,0.24370548721056431,0.22676258941363497,0.37484898180723875,0.27509855980676795
2020-05-12,0.08730857176884889,0.6366790277745451,0.548946857568082,0.8043573775129516,0.11533866271584085
2020-05-13,0.8795330265372435,0.6593009561086141,0.29619908124246846,0.38991112470540307,0.03802385896550406
2020-05-14,0.08843435163202164,0.8485675588627182,0.8793081476752345,0.8894011477887107,0.7795906274182266
2020-05-15,0.35538533258760036,0.7533974459992976,0.7945450762921152,0.8417421234270352,0.5832423921215906
2020-05-18,0.5359468845900441,0.1658684606949583,0.908048000034875,0.8860753849539156,0.043105322019810696
2020-05-19,0.7614392301132917,0.693145071977278,0.44461740537491357,0.6408065424199878,0.7759172345866545
2020-05-20,0.203117053967844,0.6122101356686793,0.7327276374556326,0.7027473077161335,0.5256608801818785
2020-05-21,0.07525876137704464,0.08880827500598579,0.5543720753960744,0.5941686516419478,0.6377574699717146
2020-05-22,0.8908416105210043,0.7246283336937852,0.2587035431981946,0.33165932799678094,0.5416114175439471
2020-05-25,0.49266425605364067,0.49115416317446314,0.4664482951605877,0.48904227592922606,0.5865734828255322
2020-05-26,0.4885164382582742,0.08045339415427481,0.7597258715426463,0.7703858639402638,0.5968158455915813
2020-05-27,0.21415991928745012,0.5744156999988554,0.15311510855088242,0.13576909948856303,0.00667964825396699
2020-05-28,0.9316947206000992,0.5490503671797684,0.6341171067735408,0.7303575592557427,0.5227599256782804
2020-05-29,0.7200461772247062,0.8732190930825161,0.4866006543986141,0.8883128610295078,0.30273080511677397
2020-06-01,0.8130384414143403,0.5174468125327056,0.9801950882420031,0.48220292315911795,0.736007133535884
2020-06-02,0.02730222848545336,0.2346435089843673,0.8108820346069928,0.8403434562659469,0.5619355195772817
2020-06-03,0.4148508106735911,0.07756790066534666,0.5407922612387805,0.6410674036332511,0.11814767025789746
2020-06-04,0.4978935467115499,0.8478327398341844,0.5319620705619817,0.5297413729756001,0.8132743096387696
2020-06-05,0.508434415045366,0.028954857767954888,0.9473649870369616,0.9446614082129566,0.026190365494582216
2020-06-08,0.6358933640297166,0.8523542575098297,0.15035403680729797,0.1386595340058679,0.8090775551801179
2020-06-09,0.9426348586066475,0.8090592488386433,0.5783015952474176,0.7132914047385229,0.00560247331808644
2020-06-10,0.36239875788767556,0.46065539150920265,0.6463054972540416,0.7015403526569564,0.7607564614314877
2020-06-11,0.013432764418611595,0.8308820762578151,0.02214653954671676,0.011245053765043606,0.09137136308618228
2020-06-12,0.7777066051228676,0.4323594891667988,0.5076301936030101,0.4511747426461701,0.001224750258840514
2020-06-15,0.16130174320784782,0.281884915403412,0.7639366817511583,0.7478885316750965,0.7668831428178682
2020-06-16,0.5351930867206773,0.6827946696921845,0.82437199096663,0.838766918556411,0.38079990171345074
2020-06-17,0.6716770564813853,0.47566480192057814,0.40091053085431083,0.35454983903425685,0.5937755029856164
2020-06-18,0.8261710127257207,0.37066028446923943,0.7267934612160794,0.7645219607616567,0.567762440734251
2020-06-19,0.2122329027470919,0.8746554032612822,0.7016526214747817,0.7792399385598708,0.3346689186639013
2020-06-22,0.6610645518088182,0.7387196849394241,0.766609903179535,0.7291407433884343,0.6444167759946952
2020-06-23,0.6824238188485772,0.8093321610790372,0.32770961155282324,0.4550803036925827,0.2519873227324349
2020-06-24,0.6467214818207525,0.3395063336046325,0.037662338575093095,0.022672048497269653,0.6616495179316864
2020-06-25,0.9590941098003057,0.3785818267473218,0.7103019968487156,0.7151575842756901,0.0061243145701216925
2020-06-26,0.0019804196950488576,0.7224987334483988,0.4637317521296329,0.4047706839080519,0.013714708819934482
2020-06-29,0.17646727672127213,0.5446717958193105,0.7229970380294936,0.858342721570002,0.8063737054731437
2020-06-30,0.08100854046149404,0.8558855458046603,0.28063098704381645,0.33060177373683314,0.4986564681156655
2020-07-01,0.15446716355255632,0.1149443746773971,0.7949822841622366,0.692675156031029,0.5591152955618346
2020-07-02,0.5355606194140958,0.7247790747498047,0.8599441659471384,0.7885610782875652,0.29860895448709635
2020-07-03,0.4896848148493883,0.4843774442803468,0.4769951440976895,0.48801327659801913,0.634336000830303
2020-07-06,0.24203757954952618,0.5958179500656501,0.4518399721689872,0.4731618896855286,0.6321793651224179
2020-07-07,0.7645721474257647,0.8342822129501843,0.4592140892897345,0.476097460100726,0.5889649171152285
2020-07-08,0.5321192236749914,0.7660107223213213,0.5661489937686007,0.6197751244672471,0.02775808041828063
2020-07-09,0.8632956949400675,0.13909357697648125,0.1384938552200782,0.05831203148391188,0.7630487184771868
2020-07-10,0.6015480428803761,0.42832792340371817,0.842537597483296,0.8460987487905252,0.055842034711778024
2020-07-13,0.7841438162130079,0.7914720277677805,0.2540964843173635,0.2808564973809151,0.7965675857085059
2020-07-14,0.17118200092329838,0.47344250216452577,0.5548717961662788,0.5721077993803818,0.6598207373625166
2020-07-15,0.29281696957584935,0.4943322014606532,0.8652552892671602,0.8596283602362994,0.7575533295700766
2020-07-16,0.7369303103872162,0.168165024242916,0.2799298760464232,0.2691970458394943,0.4935746388512607
2020-07-17,0.006906805578115652,0.728146758363911,0.3464193582976192,0.39260357990938793,0.6583987521673993
2020-07-20,0.9122157489337304,0.6998678948836663,0.5439268348522684,0.5970672132776454,0.25273122036569184
2020-07-21,0.14697079489082682,0.9485436706459031,0.919779959170047,0.923817833402842,0.0251293771561867
2020-07-22,0.7538648409155575,0.9140626407310524,0.4605330640137959,0.45294730936648053,0.4002090397650233
2020-07-23,0.4611421223224104,0.9294222800468174,0.094680337658951,0.11621844436970248,0.058476868075866176
2020-07-24,0.7013271191742065,0.7013343460848018,0.47368590084292256,0.5933895213607714,0.2287632659374453
2020-07-27,0.9222830702134662,0.9602699980686122,0.5085157257742144,0.6541269603144146,0.7617332277747476
2020-07-28,0.5425677471048836,0.7937679209350582,0.3560210805028804,0.18987612797031048,0.6333326625804281
2020-07-29,0.8722145851563793,0.6920689925797028,0.7830810654510911,0.6076049520274113,0.2748102557141232
2020-07-30,0.5215711437675701,0.23445203346944807,0.11290651466699674,0.03242974038093076,0.7422328490932575
2020-07-31,0.8926448542130994,0.8669612425864399,0.6855447501437822,0.6576804889855725,0.5796607463832739
2020-08-03,0.9270053830037912,0.5715729208446381,0.9027965878725401,0.8331384171004041,0.26241432406391674
2020-08-04,0.32157967817370436,0.9588611064519491,0.6535168998122073,0.8169882344288375,0.7052449335876819
2020-08-05,0.7535237993055428,0.9330792759414159,0.8705681029798618,0.7393925555100046,0.6068306354887222
2020-08-06,0.7340787091443952,0.8540642827475714,0.4242087705899888,0.34491685989531545,0.6094065719989357
2020-08-07,0.7792262059238751,0.03391317797169389,0.13628540196277772,0.13486277559136012,0.08688713499054661
2020-08-10,0.13140038916649932,0.7381494791588423,0.8121707860436548,0.8231524850494304,0.7944005823980735
2020-08-11,0.1932045275785434,0.0024688022328757703,0.20768648767347822,0.3017451592396664,0.5748338701438591
2020-08-12,0.6746262241442889,0.45977833446681016,0.921790908256251,0.911640583556829,0.09966421463843571
2020-08-13,0.5647536514664888,0.8469591517737161,0.22269126326746075,0.260701027719104,0.7489744849099348
2020-08-14,0.11920193537523793,0.16230666422857928,0.3609668898882587,0.3458619653410411,0.5948136927245995
2020-08-17,0.34469323634617643,0.9702434199441683,0.8146345919980571,0.8743050556339432,0.3910326280868141
2020-08-18,0.8904954041827982,0.7588039311428731,0.5330160990849016,0.48265913937054755,0.07590153539156755
2020-08-19,0.23458624036823886,0.048814670795836186,0.40548320762835055,0.4989065894450401,0.7684847283413606
2020-08-20,0.4283697816349391,0.11021408790941442,0.19455527076854948,0.2651897556378144,0.11797990770711872
2020-08-21,0.6679320270778966,0.4772482098183989,0.15976931574699102,0.32076424120405317,0.7407408789749232
2020-08-24,0.8723517165334822,0.3424415056904836,0.9015790691737273,0.6517485473434148,0.4015242787234414
2020-08-25,0.739246324041789,0.1930346253716524,0.8874506891286742,0.8670366990547349,0.6605421361752417
2020-08-26,0.386519634547362,0.9033410699086859,0.3341340824827441,0.5050987600074639,0.8545969690490276
2020-08-27,0.9153836281806624,0.17197033424689498,0.166851553430724,0.24598170840346234,0.4926755346922979
2020-08-28,0.976538460570669,0.9598930455549107,0.43028286798706733,0.4176202315689361,0.021591388073391744
2020-08-31,0.7382468395299423,0.5682725594755416,0.6315405587131553,0.2324381450367834,0.7725714716685205
2020-09-01,0.5915263049582362,0.4928221380830972,0.6870042707815295,0.575607475361078,0.16503327876627158
2020-09-02,0.6154079666754223,0.06362769235928552,0.03988235021501762,0.021582046733069512,0.7183471164533513
2020-09-03,0.1571210403096232,0.31999422462495575,0.2448266870920809,0.3727450619259469,0.0313384816202759
2020-09-04,0.1908748005132632,0.39493824771280733,0.027371818324660444,0.013900674706960712,0.005976491481923875
2020-09-07,0.4857995341252386,0.47437214553089024,0.45117499108830006,0.4657519239784954,0.7802290597743085
2020-09-08,0.17999159700615816,0.6715611990920529,0.0031288257843956617,0.0016168880352753353,0.5685276324388663
2020-09-09,0.5501227962422091,0.7273213049408258,0.834599522397987,0.8913959433989708,0.5226213568286899
2020-09-10,0.27130138779982155,0.6901464078170613,0.214240806641784,0.20778486513689673,0.03670236538092731
2020-09-11,0.6171866394571361,0.17562802609968206,0.365098504959463,0.49291116107252564,0.784639773520938
2020-09-14,0.5650774562701978,0.7794662444689742,0.368033902790206,0.4504456762932413,0.035557484792690525
2020-09-15,0.9932976155512595,0.5629366134621266,0.8560738172029352,0.8712026561628317,0.7454910470221334
2020-09-16,0.004588663083694422,0.5702596950504275,0.9655071380731333,0.9676200711746831,0.6832187366544067
2020-09-17,0.46349151208098854,0.12006119240493124,0.8780867270119508,0.8013419598317544,0.4961190478274984
2020-09-18,0.7881563430488573,0.7339897957725923,0.41257053091337287,0.5492418905302141,0.3342979189006546
2020-09-21,0.394744745862416,0.012844856043252131,0.04776141056695381,0.031787915492556044,0.6648818827007702
2020-09-22,0.07397119781525857,0.36965434387625024,0.5791195021237744,0.5964570021202085,0.5929795239109821
2020-09-23,0.6806080265598153,0.02720734306507403,0.49340178432821974,0.6298095768314704,0.10247415819272705
2020-09-24,0.6481956955128264,0.6472074754589966,0.5500538784183369,0.6567819974521886,0.7478271442275094
2020-09-25,0.24785104260835109,0.24086506201549346,0.45954066604802585,0.4539147874783127,0.11420631358755813
2020-09-28,0.6483168956156125,0.8029022214809832,0.7248682430294696,0.6548649097347282,0.7817926716238882
2020-09-29,0.49902600068012065,0.8901395416655902,0.05726376375701586,0.05373316000042634,0.11368375090180825
2020-09-30,0.17448831614505092,0.3282979904174716,0.41619780504971265,0.8473375815862587,0.8103324202294142
2020-10-01,0.18983746669845625,0.8762059315247511,0.45636733562779574,0.04809591652486187,0.5513248907893588
2020-10-02,0.2636291254839388,0.2973161176899042,0.0327738829170815,0.04186266334642665,0.4626811804544531
2020-10-05,0.2832080201377122,0.7550638444202157,0.9807038478888703,0.9662389327366258,0.6470681032886223
2020-10-06,0.28779709189798597,0.22468942100360098,0.921599612773607,0.8961975809496013,0.7350124381656404
2020-10-07,0.6306530795160873,0.12392425426307989,0.23874270791556884,0.2477038422278043,0.5624971053339819
2020-10-08,0.6864907380786269,0.590176264155439,0.9139995863105768,0.8558738120386955,0.25608534084076257
2020-10-09,0.15719186644473,0.9531310335657716,0.2899426179187309,0.2829785434447824,0.7082790368215125
2020-10-12,0.6041888824215047,0.5782265028211668,0.11573786380813254,0.1295459648375031,0.6078801173366835
2020-10-13,0.06655795971586499,0.035166483476168166,0.7716728838685104,0.7482444437215955,0.2565283707602584
2020-10-14,0.5855402401614163,0.7498780554992054,0.8289198397365894,0.7781933559583716,0.762174157136762
2020-10-15,0.11190870243580045,0.5350561126497757,0.4041968740087948,0.4569521280497869,0.5841680801584717
2020-10-16,0.6679608134381885,0.4105642336764427,0.3620550117147894,0.4490292409336101,0.017747868029770162
2020-10-19,0.9341190926297136,0.6203079175327223,0.3222229685217297,0.4593008086652782,0.7740098752443969
2020-10-20,0.14259296412903372,0.5871277794906635,0.738659221645309,0.7524501596367688,0.17110649756786572
2020-10-21,0.8571044867075269,0.8128604390489524,0.05323597383031534,0.05674977434832146,0.7154725686121156
2020-10-22,0.8650996946572083,0.07223888594809816,0.7979711682685635,0.7291460751100598,0.1339601141332105
2020-10-23,0.5409662052706474,0.47268977305346266,0.19048296402370277,0.17846115517648026,0.7334994535889547
2020-10-26,0.6615911801533167,0.4914002143442391,0.06441800731759438,0.07804493957588149,0.6489391204428565
2020-10-27,0.13378253294838488,0.645530363138201,0.8032146681778424,0.8392610841919295,0.043501000858125576
2020-10-28,0.03862642659689011,0.027646150516994768,0.021352620897481488,0.02255672463778351,0.76191718583566
2020-10-29,0.16481526198246751,0.18283663008534476,0.06747820786029375,0.11586001826716895,0.14431346935888306
2020-10-30,0.11574934512706307,0.7765032941950152,0.3774728512780705,0.33791310450696405,0.7286189293204421
2020-11-02,0.16312580851877714,0.8137092882336927,0.9430743887464379,0.8267342878588695,0.1254128001937397
2020-11-03,0.8001959163026375,0.8840494108418195,0.7837101811255034,0.7892427539182422,0.7374946815243183
2020-11-04,0.34309843125269157,0.16080135728146114,0.9382307328228352,0.9097222199157903,0.6507459481245147
2020-11-05,0.8224429764295509,0.991060892841977,0.3608345204639096,0.3555964859796769,0.5789168089279884
2020-11-06,0.7059965332306861,0.6369101923400693,0.0730299485629799,0.05878107360390407,0.7304198538225055
2020-11-09,0.9183216057376565,0.0013842109640677248,0.9916844793427915,0.9867919092407572,0.3457218813904887
2020-11-10,0.10006544981119092,0.8217637067917464,0.8512462261833662,0.8038412431532614,0.5296089069267331
2020-11-11,0.629913817558251,0.2158110617406629,0.5436864884065408,0.5214689848980332,0.6543382617203388
2020-11-12,0.35340172795328045,0.7150039098215872,0.3768326112283668,0.3697885205382496,0.255395051931588
2020-11-13,0.7374152951169948,0.7528672174781663,0.22593281663178663,0.17152171750385375,0.7086511817525049
2020-11-16,0.9999156704233709,0.5237675540632507,0.8320267600473863,0.8481886233872318,0.38616041608367974
2020-11-17,0.9478856793839013,0.4138107183503719,0.44878649241422797,0.524741173209771,0.7343698344945376
2020-11-18,0.8139173293537019,0.24321082992970192,0.7103132712770531,0.6364950673862286,0.1964563035137624
2020-11-19,0.8717653319675007,0.2112201912286633,0.41456427461548456,0.4516802289381093,0.7181341839192612
2020-11-20,0.7379789326099717,0.7276219192550594,0.7855961639393356,0.6574508531444452,0.26583591649386307
2020-11-23,0.7870384012879965,0.038573022499312694,0.881230600652929,0.8305369286647314,0.7039945707180124
2020-11-24,0.6635486972695974,0.03812645365851573,0.9621399836169122,0.9596647424657084,0.6735339023307392
2020-11-25,0.19976749993746873,0.46856947841135965,0.7717752187768122,0.7872946388859192,0.5859191678667193
2020-11-26,0.48922498993888325,0.4755678422807099,0.4736441988333512,0.4855570011700411,0.6104319845997703
2020-11-27,0.7159521475479569,0.07719557540228884,0.2988739598492521,0.3989905852297197,0.25454392993470804
2020-11-30,0.3440124850196783,0.2982429317810979,0.23702803574575243,0.38887219048405797,0.3561325723605854
2020-12-01,0.23724019030146273,0.972546656685383,0.3860706804390542,0.1588475161300742,0.3545036764891398
2020-12-02,0.21029886993627334,0.7619010744088205,0.8289073334588929,0.7868430028232873,0.7123322193478456
2020-12-03,0.4280694232586682,0.7363247440695135,0.6971917547252651,0.6542127513299314,0.737026645315229
2020-12-04,0.37477503402166745,0.46284862225549606,0.7336754102966198,0.7633697924139025,0.5629578406099534
2020-12-07,0.2470189229052851,0.9147072936633295,0.26555458941445215,0.24789828637843747,0.6105335667190084
2020-12-08,0.02543127532290446,0.7033672226866057,0.48824300204067106,0.3918481333513682,0.611367859514879
2020-12-09,0.31900391233541064,0.035530816367065114,0.4774288019526152,0.4319267039441411,0.6117966590426069
2020-12-10,0.6100953160417453,0.4194556135902461,0.9587588786990151,0.9345932725167351,0.3820836802627557
2020-12-11,0.8116935485682744,0.6279223232287063,0.3417937697157692,0.3743497969544262,0.6768705216708002
2020-12-14,0.279891486207702,0.22965574687629758,0.6380655409469517,0.6948348060057254,0.08759237203520902
2020-12-15,0.20140453211556208,0.9017616398412817,0.7247345601077916,0.7911030467132931,0.4730155431493976
2020-12-16,0.013751876464823386,0.5917721723631312,0.6517661455656627,0.5914840707642333,0.6961143992460561
2020-12-17,0.650325850359446,0.9463981959401905,0.7075790787205861,0.764088972662548,0.26791901777661287
2020-12-18,0.2600338116280628,0.4658048775972124,0.8537022245047006,0.8407427448381443,0.007973183970883889
2020-12-21,0.8004867210184595,0.3206848689847486,0.05091138438244644,0.036951179017766664,0.8321374162155986
2020-12-22,0.352639969777977,0.1999547961645562,0.13413278932308484,0.15817054552900897,0.21103311193800553
2020-12-23,0.6472696931239399,0.6650123207178847,0.9161169037971564,0.8932715288508297,0.2909455640017139
2020-12-24,0.736699320785777,0.6151136000201318,0.5239398454065769,0.5392346863765316,0.0005894746351677595
2020-12-25,0.49275626760446717,0.4778486667135298,0.46667817457122157,0.4757363721446055,0.7648671236662763
2020-12-28,0.26325654554386085,0.4004020487891528,0.2572323408055176,0.18509141847518218,0.5163325367999501
2020-12-29,0.15664381908749755,0.5384151074378357,0.5938832893508519,0.6723558158217684,0.5227421703759232
2020-12-30,0.9382739128395116,0.7599295671219382,0.6157560844284138,0.6929542289589958,0.18111893554264674
2020-12-31,0.5399321912878186,0.5417674264681045,0.7362333474361513,0.5455685967135131,0.00035762920634950664
2021-01-01,0.4909303869518252,0.4727288978106321,0.46973974249140926,0.47193853595819774,0.7585942580036835
2021-01-04,0.16815925381131464,0.9910574965026674,0.14132817278153348,0.08081031100701132,0.5069384779652036
2021-01-05,0.2246562589078115,0.696292886985158,0.9964421229511402,0.992061152488976,0.47665441829027466
2021-01-06,0.28056425713658495,0.019910994633650876,0.7927985543404971,0.8002699224436403,0.5280522227675528
2021-01-07,0.8713213863146577,0.5655658492011353,0.5102906620154262,0.5814936333808793,0.5190540720346284
2021-01-08,0.26759728778803216,0.003251969862253284,0.9591848037782622,0.9440977980957187,0.5620266745532868
2021-01-11,0.22881348430031148,0.7430405045148611,0.3395068750074205,0.4889045024168922,0.5208807349024474
2021-01-12,0.6322298342663013,0.3417908475834268,0.8435425620615431,0.8715533655501426,0.612290570079608
2021-01-13,0.4993782397678413,0.7070142518008425,0.2606921064710654,0.32894981779859844,0.5360848879782429
2021-01-14,0.4982960010895305,0.40811208790475034,0.6362816686268072,0.7832584089547339,0.47212799513660636
2021-01-15,0.7044711494621603,0.11223089604237767,0.07447956990686871,0.06449428809183397,0.6259710396727981
2021-01-18,0.4913851983055492,0.45726325367152626,0.45503636719363494,0.46673450110113257,0.7166426914209221
2021-01-19,0.8901640771466541,0.7150311475521693,0.8229697135696612,0.7655524836689392,0.5599978576966751
2021-01-20,0.3266467910810814,0.9209475642883476,0.5628218312464407,0.6124351067640474,0.26387911273274817
2021-01-21,0.33394479769626323,0.48382023601415775,0.4773039926628898,0.41362849321423883,0.13181500331035612
2021-01-22,0.3160865544770319,0.2591550270763016,0.18040342496015568,0.11080803035153558,0.7622726269964049
2021-01-25,0.31286391791548046,0.4456398219906583,0.7057099749828538,0.720340028445111,0.7172915194954859
2021-01-26,0.779567868711074,0.367571034931942,0.48579939309123527,0.38836237793813994,0.5601287287645977
2021-01-27,0.18296731455178594,0.32415078303957534,0.4111452791246742,0.6050676422223241,0.73322962561631
2021-01-28,0.5402613836133319,0.2923377231995021,0.3166475360655922,0.2090340441314999,0.9389948446121352
2021-01-29,0.6725530089021721,0.7096590195159531,0.6672538756641913,0.3857107534784637,0.40054186277683684
2021-02-01,0.6325274362412853,0.8022335050372945,0.7399268258896865,0.9533867692244715,0.4640921354077652
2021-02-02,0.8643140364035431,0.041550914103583136,0.9364498511104922,0.9295897665074582,0.6465795717974779
2021-02-03,0.06611056852714042,0.489933409712796,0.909841695910393,0.8685522150682043,0.674921328570592
2021-02-04,0.5295034626328241,0.013737886154022412,0.6815746956803832,0.7393737437189567,0.6564202861372179
2021-02-05,0.8775482753003162,0.8902299201325843,0.7375839247496163,0.7708317597200535,0.5122299764227045
2021-02-08,0.40388013910564047,0.8973995778175211,0.9400985725930974,0.9050079722739743,0.7573198628982566
2021-02-09,0.524314937961788,0.5833308628541234,0.7459662774295308,0.672613984843025,0.5637444478426051
2021-02-10,0.9681591679578893,0.617380343020786,0.6710379475476872,0.6387538760308152,0.7393318375641122
2021-02-11,0.000703916436113719,0.1456542315159424,0.30630997955740447,0.25237407715974347,0.7003049181355256
2021-02-12,0.8360136970281274,0.3676234264934221,0.9446269475437334,0.9236647993698299,0.5638938305020265
2021-02-15,0.49369566398458115,0.46849959101022914,0.4765907843667063,0.47829964888356147,0.7395823950114437
2021-02-16,0.4507313287399087,0.05919680599982965,0.8731519798276272,0.7581781894793153,0.5638931649338322
2021-02-17,0.15340935018568497,0.04587722011829694,0.8885674791254725,0.9053358868122195,0.6796710259677001
2021-02-18,0.965842656965253,0.5125077920333632,0.28735279719479034,0.1938476174851449,0.8534820196156836
2021-02-19,0.36976119846837224,0.5459737517807013,0.10757350254588302,0.057663464948030096,0.7940764862973356
2021-02-22,0.8033596230526848,0.964320917950822,0.9891629306341659,0.9797710200746047,0.9983254031668239
2021-02-23,0.5985860235987723,0.43913148334778546,0.5398790241534545,0.5642542870514211,0.2347933211336733
2021-02-24,0.8339650245720319,0.26229561988241884,0.9499819718673348,0.9312281688541924,0.591530901665574
2021-02-25,0.8347207264513146,0.07068078898630155,0.41417330036656635,0.6130565601235356,0.812271890628359
2021-02-26,0.4639193658235942,0.009198440848213274,0.204194369157694,0.026279386611482842,0.9996265028260591
2021-03-01,0.7315835133047925,0.2807970277110168,0.02123773097013067,0.18495082484192676,0.5366266223738608
2021-03-02,0.5366554272161204,0.7512623371944585,0.16816643372935167,0.18405213927863195,0.7722744245354203
2021-03-03,0.5797379018611464,0.10888499996739,0.8863607809841124,0.8983807429098509,0.33969175656486444
2021-03-04,0.710554868565606,0.12430662458327583,0.9813845756313608,0.9705569322352049,0.7642883102616463
2021-03-05,0.07835830603543255,0.38933717209980834,0.9702528617314007,0.9469923906318072,0.49514143416098444
2021-03-08,0.386352802171609,0.07371862559459162,0.20627085681276208,0.20387882088422135,0.5169320221582124
2021-03-09,0.6419600022852334,0.982233701887011,0.26716619076914067,0.19496226898754285,0.3573504809227259
2021-03-10,0.6441453240379915,0.6435901010571943,0.5863540149869702,0.6095702213345517,0.7314811066910498
2021-03-11,0.6445293458687169,0.5012318295329603,0.9092886772773876,0.877481504543542,0.5489854455183907
2021-03-12,0.0035404968393403895,0.39590744648126613,0.35275899192850263,0.3573761965758403,0.5956052872700566
2021-03-15,0.6039086467359575,0.7240247675523124,0.3570049082152187,0.40411971211298725,0.2708741757526534
2021-03-16,0.07252231334181093,0.5322328419414937,0.308473672228341,0.2843776699900445,0.7017712514434098
2021-03-17,0.5580376504171194,0.3641162054459195,0.33200847194631583,0.40438649895215945,0.2649633858378531
2021-03-18,0.6563131166073064,0.6285179715052827,0.0033489176685824267,0.002182756511409856,0.7045294444225079
2021-03-19,0.15938586868044918,0.7372295535632406,0.760048790228441,0.8075837431023001,0.606866388682253
2021-03-22,0.5864581087550965,0.37223826097811996,0.4988541417571012,0.5249765803520833,0.7372906225669431
2021-03-23,0.11604927019882666,0.14816519637661862,0.020822685022237785,0.012044715116098816,0.5631515659471531
2021-03-24,0.3838690475310601,0.7046276449609437,0.9695610837522319,0.961418462389774,0.6106120393062797
2021-03-25,0.6665774820984351,0.2472214553568203,0.10819861645988804,0.07619060362843363,0.865061256476455
2021-03-26,0.508532461597977,0.6899907433367847,0.9104822993730131,0.8866205065958653,0.49332868794145307
2021-03-29,0.3032278417809863,0.06818696555066238,0.5702587336674872,0.6218755693305512,0.018603957272824784
2021-03-30,0.034136461363863904,0.026917025024252653,0.2984500662244684,0.2694374282523999,0.773513257661251
2021-03-31,0.4926407930123115,0.9662647471458892,0.33273597183572723,0.19474779530570366,0.5707616448146033
2021-04-01,0.8318186329406042,0.8235615666664555,0.7782721585990527,0.8907150621587359,0.136521593268106
2021-04-02,0.49239463608819606,0.4853263099237858,0.47518650208213853,0.4931692001957148,0.7324417001363581
2021-04-05,0.10299794633775165,0.48650429020341907,0.05889498871989423,0.052083886767559054,0.5904684344974864
2021-04-06,0.929575183510577,0.8416566571718125,0.6109371405954622,0.6367376445357318,0.718829050410887
2021-04-07,0.3444694920194493,0.4430417979174875,0.5859274164212648,0.5969686870134083,0.6908323682926156
2021-04-08,0.2111225711932438,0.8730398844707166,0.48198964404811795,0.44108883257462894,0.5617606751671151
2021-04-09,0.47736724703390104,0.15503380494596583,0.398058973758827,0.4048337366132857,0.6093297655371863
2021-04-12,0.6112964829801164,0.15628830116863773,0.5690027486584277,0.593408286222548,0.6107407514359527
2021-04-13,0.8220223768382884,0.8476556497994896,0.5954122416512763,0.6301046947823228,0.08747114307833209
2021-04-14,0.612800923444787,0.185840028299555,0.9780130902884658,0.9724568778299219,0.21141036121552176
2021-04-15,0.41421964103712305,0.967138432122894,0.5903725253303551,0.5844097613565069,0.7583345066202692
2021-04-16,0.4399609074634559,0.8308990429669625,0.4196643451935303,0.3812633333896488,0.28084830204220923
2021-04-19,0.747653254455291,0.2353052278074042,0.5562184058463671,0.5595089667291651,0.8851877449020764
2021-04-20,0.0881354517764615,0.6878970205815959,0.3231916870646118,0.20161879112663988,0.4939650293121365
2021-04-21,0.6751021570749995,0.8442308689021366,0.1466557639222018,0.16797667980886025,0.7246782648311001
2021-04-22,0.5198007131199629,0.2028710643169662,0.4872176735963594,0.5019873322917101,0.7487017927274509
2021-04-23,0.5685884885525658,0.33615050942665536,0.7198946692923329,0.7179611167407107,0.5388796626601391
2021-04-26,0.8103395420754028,0.5340623849815609,0.31517103731651586,0.39742637701269584,0.7366985675654465
2021-04-27,0.40174049586420807,0.4340527998268495,0.7486778177183503,0.8132561288677147,0.08160892751676486
2021-04-28,0.4266244953547315,0.32083312068053765,0.7826537264467504,0.7906101982400559,0.7475637028550737
2021-04-29,0.7428134376874072,0.30587510260279077,0.8845619892408273,0.8422547066936671,0.8323172628457771
2021-04-30,0.007868508398566119,0.4351619144875354,0.12064899722822281,0.09489987908940342,0.08674001658510325
2021-05-03,0.34150531892618935,0.9477685162177288,0.5774723733079381,0.7675498470911934,0.7317055875390694
2021-05-04,0.12464295468649915,0.12397408930776861,0.8899372937095588,0.840707879497363,0.7009506689205955
2021-05-05,0.948515149772757,0.7066726208935051,0.5064796056415302,0.4607730148352042,0.681433176006734
2021-05-06,0.6671004985201596,0.9720119923971668,0.18847914493774384,0.1800855073730465,0.559892972023654
2021-05-07,0.8758001932079621,0.8584583941264377,0.5373060818366276,0.543320053010798,0.733780023795088
2021-05-10,0.8752795176419125,0.6666821592536565,0.48367857962635824,0.48374662745310737,0.8381000806460295
2021-05-11,0.1322118072398976,0.43055790178541054,0.5663176847727728,0.6225558480458353,0.6322589836434191
2021-05-12,0.8709786195707501,0.15605332284512866,0.7881031417995341,0.7837495891809778,0.6968375474000473
2021-05-13,0.3541074612756089,0.4921243576892429,0.02514839858288825,0.019446724710123604,0.5629280576927149
2021-05-14,0.610508283631007,0.8315605639160044,0.9263655074710149,0.8962521160550944,0.6103864897928557
2021-05-17,0.9206914599240386,0.9618252977135223,0.7477928073627154,0.7765414596192286,0.7406009615792848
2021-05-18,0.2075406636207988,0.510013448640624,0.23065724159105422,0.22521217283052417,0.5637208053486281
2021-05-19,0.19836284832842355,0.8048179040515163,0.04618776677978338,0.03886707571661787,0.6110957261496042
2021-05-20,0.2628585344514942,0.4989876379953865,0.09377609260291268,0.1323972632554552,0.08724767836685225
2021-05-21,0.6031267419178724,0.32852522036250015,0.863438973580418,0.8653609785062721,0.7546585885457495
2021-05-24,0.06019830621467023,0.6894368173848086,0.9483023560132846,0.9514602747649143,0.11136627969945288
2021-05-25,0.3936430248984544,0.8184310354431222,0.543499639550738,0.4967388295048404,0.04678822502096693
2021-05-26,0.8410563724462343,0.5790448449771753,0.544770830766536,0.5242151231243561,0.2226167481941575
2021-05-27,0.5714053660323163,0.3117830569934651,0.6787919126551427,0.6854705709503144,0.7661032077381564
2021-05-28,0.314143521448079,0.665854686560047,0.533089768884764,0.30536788856018365,0.0024335497291130895
2021-05-31,0.48651546894712616,0.4753117861742098,0.46732181680644846,0.474427181083974,0.09972838355684151
2021-06-01,0.6779277212088661,0.47992072702779015,0.7064474416440629,0.8784445196992537,0.7802181676143131
2021-06-02,0.4370150857478959,0.6141265144540631,0.8513596442679783,0.824575620721588,0.5240501965733491
2021-06-03,0.3727451795836178,0.015264953525679864,0.4578410480596561,0.4735096232406478,0.5966207526971858
2021-06-04,0.42226147005174114,0.882781967345302,0.7001343292844597,0.7581357003807591,0.5314861126004535
2021-06-07,0.06447531501127385,0.6969771247933634,0.31664482657832,0.3312162405978783,0.016872770684238824
2021-06-08,0.7385675727730805,0.33554874756771086,0.7612432665434252,0.7666838132897427,0.5377293937286209
2021-06-09,0.22283055717999897,0.49395085443646425,0.4704712231777179,0.44059196205137774,0.6547050842295714
2021-06-10,0.8195185064150542,0.5003993465806615,0.5989145414198946,0.6084181836537663,0.34881259711904095
2021-06-11,0.1788929255989712,0.09300825190930834,0.5442726381093737,0.7256897232045934,0.7406633220584851
2021-06-14,0.8820558796723118,0.12251084747081763,0.5447558919507445,0.4594521440992133,0.6090201895711468
2021-06-15,0.2575769269056042,0.18487950945152337,0.8938562170429082,0.8954449280568056,0.5770678453738907
2021-06-16,0.22475382548000136,0.6248115034427808,0.6574738386881588,0.48928405268970165,0.7268499207533319
2021-06-17,0.1507434395235952,0.0005872028823899718,0.08535559575045458,0.0962551614218392,0.5616856340435392
2021-06-18,0.3808587014096645,0.24576465771726702,0.6468574090075947,0.7149016952653627,0.6091010617995325
2021-06-21,0.556710528568866,0.8115323539567532,0.9270824126257167,0.9672620020339437,0.25762865439389293
2021-06-22,0.6913301648028904,0.3327969302617145,0.43704146680436956,0.2534774631522253,0.0501160356659106
2021-06-23,0.19052932915932502,0.640002642134912,0.6336200791252041,0.4752741110071571,0.3058311717223903
2021-06-24,0.6918980310114826,0.2899994771951498,0.6354940223444598,0.5651438966453202,0.7469725367623639
2021-06-25,0.8451804629025522,0.49390052671476686,0.7424664918413141,0.7760638996457118,0.594788097819255
2021-06-28,0.4896322997484673,0.5646719812756799,0.06662186612583748,0.09914537212862105,0.001342259989086024
2021-06-29,0.6053467918883946,0.10324212957660749,0.487334568684294,0.4930285937138946,0.5631407409441387
2021-06-30,0.47483679020860486,0.6960296158155936,0.6308986789136857,0.682416358404354,0.3526094729155513
2021-07-01,0.14189236175820388,0.6400956047898433,0.7721303355988839,0.9545143389604875,0.5152852189281955
2021-07-02,0.13670599444665305,0.6850462520054809,0.6205191579732461,0.4479895212307169,0.2579409174235619
2021-07-05,0.4825440533775805,0.4758363284366291,0.4663735030884024,0.46627871543591093,0.696367834892014
2021-07-06,0.24111085815767844,0.7895512946005334,0.05113732739098079,0.030737258613963734,0.6310353585471291
2021-07-07,0.45743133020231386,0.7297704702448824,0.12232779192814766,0.10892207391572163,0.11708782632870438
2021-07-08,0.4720070371759723,0.41282479017154916,0.7427567544626692,0.7366247869983481,0.016583302604501648
2021-07-09,0.9372894226705928,0.7812827770051337,0.9237107390568555,0.9195057311978931,0.0017677592495147355
2021-07-12,0.9835340601768993,0.3308161817638322,0.32619880298743115,0.31278727158972774,0.7823625012088966
2021-07-13,0.18666738499500699,0.595906201324082,0.903704591093796,0.8393850413218583,0.40660526232272465
2021-07-14,0.5190466932835065,0.8730007243262417,0.06360152717570836,0.035677152007889824,0.5651933273345637
2021-07-15,0.16242145957225923,0.6243802632335249,0.11375174945657944,0.10205536587462012,0.339339950229059
2021-07-16,0.26082156689480634,0.1177596532558834,0.5028617505584153,0.5232427866274901,0.0015470038507278566
2021-07-19,0.016674303482796873,0.26216726876805857,0.0022649284271566567,0.0014383148675791526,0.7679672949850269
2021-07-20,0.6903807750759419,0.5369732084102234,0.634984730318692,0.703953480266363,0.5071425720183947
2021-07-21,0.5858163698763521,0.21432312766515316,0.955749801838633,0.9429315911052046,0.4939524435575166
2021-07-22,0.9248784953916833,0.53156322814218,0.8248485686140603,0.8194991656975366,0.5659987925888682
2021-07-23,0.5388819706428489,0.3353631760676459,0.5527872463930609,0.527060645184179,0.05266462961594412
2021-07-26,0.9647203924410175,0.35720003360445907,0.5735023706887912,0.44113101469406857,0.7313048662313905
2021-07-27,0.5042826041284847,0.4894486421889116,0.4647145341206761,0.40980781611026773,0.5355774548807979
2021-07-28,0.815236961660061,0.46240774827167175,0.5406859667945227,0.6819807565855713,0.6102877307226628
2021-07-29,0.5785069862823864,0.9846179767722432,0.8140531326008202,0.7975750081255262,0.18935120132602196
2021-07-30,0.03886510988254009,0.08088035073968888,0.5565967835309285,0.5809713272913787,0.6969285650273266
2021-08-02,0.446983938920707,0.6317731045651857,0.022884051549742435,0.03284319669111085,0.14997063078746622
2021-08-03,0.9441514892654195,0.2257905803407748,0.3342890808416853,0.2871731582452765,0.47797784574058394
2021-08-04,0.18339566888981917,0.4689110450555354,0.09612917431626766,0.05493391247927736,0.6803691562264211
2021-08-05,0.616060971138327,0.28350233367897854,0.7074007511791017,0.7104381569898788,0.7170897487868486
2021-08-06,0.6201941271664159,0.004922321307116235,0.3178142253558342,0.27726341629872386,5.433836081905207e-05
2021-08-09,0.42050426696682486,0.01055312265582937,0.11991699745622397,0.10695232484505796,0.7559139729918474
2021-08-10,0.9265899548918279,0.6066284546573422,0.8643766238756341,0.8632348895954327,0.5099755532023694
2021-08-11,0.8531881950736759,0.9356369827841541,0.7128628351895635,0.7267265266262392,0.5327366965900442
2021-08-12,0.4687283405749855,0.44844477003049,0.43323076310531866,0.44117351240704156,0.27244481124489633
2021-08-13,0.8433196022800813,0.9550927296079612,0.26590625090018816,0.3015557465852236,0.6274445982803921
2021-08-16,0.4579603060318098,0.8056352367975498,0.18231748067984443,0.18708557822032126,0.31535215847110093
2021-08-17,0.9341917743735085,0.4246423591918522,0.31267582483686046,0.28235115836739266,0.06872767777486737
2021-08-18,0.7145344750660558,0.36370113776703467,0.22759901638669713,0.186767697360237,0.7527808984662969
2021-08-19,0.6007863629913569,0.4206928770450217,0.07434486611432461,0.09598062098551251,0.24860350975925102
2021-08-20,0.06740342007689955,0.493042189321201,0.135307686997914,0.1538482883697414,0.004628848896100984
2021-08-23,0.4191475271335221,0.93310480400007,0.9917206835443642,0.9705794548192326,0.7703839288989515
2021-08-24,0.6522730822207905,0.569927893883813,0.940365585559429,0.8722259276684541,0.5277086279305152
2021-08-25,0.8519262937166947,0.09482407888657761,0.7873268440533809,0.6884433964699807,0.5630027153282635
2021-08-26,0.6041931048692646,0.5782697389494067,0.20444715886105758,0.2577123948860722,0.5399711184663574
2021-08-27,0.14037281454290762,0.9462577126532244,0.861517796722382,0.7896199378164894,0.0002451845411859244
2021-08-30,0.6409068879958124,0.2776962420258409,0.677953774245162,0.6119972705401444,0.7565726467693479
2021-08-31,0.07179866273245647,0.6460904684653774,0.35522955572785764,0.29287539901752124,0.40433108641531873
2021-09-01,0.459701857397924,0.414986062637272,0.14738691091088957,0.5040480998862299,0.6090167280664043
2021-09-02,0.9590670507911897,0.32917056974246384,0.8493942395109833,0.8369246596885958,0.4716214159520136
2021-09-03,0.8534122468422005,0.9318792971485246,0.35269457823566,0.28303567488747466,0.047817291147308726
2021-09-06,0.49004063860510666,0.4937879949431685,0.46460797532512,0.47581233415386404,0.7353226149721659
2021-09-07,0.9599833628824204,0.01772188744498199,0.21187890487996525,0.2056881311988918,0.530131510617533
2021-09-08,0.2598325404465366,0.28071767748224796,0.7614385781743211,0.7595779428652135,0.5945352546193376
2021-09-09,0.3505621625507403,0.6722539978552566,0.16339723348651747,0.1619433505238861,0.5673539891719352
2021-09-10,0.051415238762140526,0.24733297024398376,0.885569254180131,0.8751008526168468,0.5543717157637584
2021-09-13,0.7872933448184503,0.5386505513012909,0.680487500197537,0.7070523265401348,0.5825287836693192
2021-09-14,0.6735007992804454,0.8273511074119648,0.5021009226174719,0.48374523413416226,0.24690692687910368
2021-09-15,0.5587467439451855,0.15564097129483534,0.9401741019296327,0.9438568598764261,0.3944803589627804
2021-09-16,0.12409932463966027,0.011274523815110004,0.5521241695493472,0.48615927302032075,0.5732678199953596
2021-09-17,0.5657466489699549,0.27009043436515917,0.3551755654155076,0.26849743251987956,0.0012624413352745139
2021-09-20,0.042577419874424885,0.8174946667522658,0.10734888003637688,0.0769197560724565,0.7693746191007043
2021-09-21,0.6064385787760491,0.8571573020400465,0.6202008312597604,0.5594473602819117,0.5316661898224189
2021-09-22,0.8750160297224759,0.5082449018825043,0.942341089958801,0.9000571126629359,0.598828189146706
2021-09-23,0.15138612110870034,0.026426971413497903,0.8200370716573406,0.7977015712573432,0.7048031651432375
2021-09-24,0.2763580028699273,0.5010663818788974,0.7598634977320406,0.6991110480206517,0.046063528031824376
2021-09-27,0.11633284481297967,0.480250946636344,0.8898883504854562,0.8727924568824351,0.7428265908826426
2021-09-28,0.5807220930731698,0.11493649889286278,0.33057973566127624,0.42744977438024845,0.19733047196436332
2021-09-29,0.8094816587798388,0.1047708843333827,0.3128870318134707,0.3171900001757819,0.70329785429695
2021-09-30,0.9360943859319162,0.98119997012401,0.4183689811551852,0.5439564557008348,0.14636752932808608
2021-10-01,0.9143692751403029,0.5612923575861322,0.7488351205040763,0.7660274975831404,0.7287004353443776
2021-10-04,0.8383743783742134,0.740122916734159,0.9579760150821088,0.9254647212509357,0.12883565963068655
2021-10-05,0.5195842672434756,0.2848184536405819,0.8716008871448571,0.8611332237660992,0.7368612938434362
2021-10-06,0.15873348154753916,0.49066927993078424,0.1119466512065043,0.09539806093111707,0.29646814667692883
2021-10-07,0.5941417514823877,0.3852305723610178,0.75149558202867,0.7412993475817764,0.6902626487283072
2021-10-08,0.7169610395380099,0.4115300936707494,0.6287892805936852,0.7949200450912299,0.10498890300124879
2021-10-11,0.053761415772582935,0.4078641941543681,0.8600578205993183,0.8208271836865266,0.7475426832396035
2021-10-12,0.40962097616715687,0.5930678613515918,0.39371499624096157,0.5198035466727844,0.11807404091320282
2021-10-13,0.04044158346888849,0.9840339024402227,0.37864923491716795,0.39994268971590896,0.0004428410899180593
2021-10-14,0.3003598958431031,0.5994034575726732,0.7620379878120352,0.7661344110993394,0.7663145258623136
2021-10-15,0.7172781656807719,0.03246085263031488,0.7804383508445384,0.7965761433649651,0.29736428202979853
2021-10-18,0.5205702264326997,0.36677059777056165,0.2879991270580954,0.5353689731514018,0.6176185865724386
2021-10-19,0.09052936188472557,0.6196384000964574,0.7452199124817873,0.6695718824925176,0.4262615617368863
2021-10-20,0.0760316064197148,0.8450223841612401,0.7506207221205393,0.7962984169677954,0.31314363978945575
2021-10-21,0.8968373103055448,0.3952405700300683,0.1284674513942403,0.0870968042270126,0.3158424042999614
2021-10-22,0.7649489686118461,0.8404606269137689,0.7917852030128938,0.8524950993814411,0.000975016398420322
2021-10-25,0.7990369217579343,0.7794618304506384,0.6508817402337481,0.47560045690996994,0.3362002954546578
2021-10-26,0.1736099408026004,0.14989791294738508,0.6307877449982187,0.7808431972461469,0.7224833605391191
2021-10-27,0.7093317411278494,0.6196634914942765,0.05829245987289646,0.03898180331194166,0.5145988116974771
2021-10-28,0.18891017227715226,0.5947604129473039,0.3608566855107103,0.5153138078137338,0.42150820102277375
2021-10-29,0.21844803937907808,0.07830913611314615,0.48560846576187616,0.7332198550465018,0.4413648429703996
2021-11-01,0.6977406417533587,0.8003759012330411,0.5965483086492388,0.6495980113465196,0.6187901874454236
2021-11-02,0.007737937856331648,0.2828416205191391,0.47028893434741587,0.4166053753596335,0.4270237112032309
2021-11-03,0.17125604101994418,0.036407682379871735,0.017934546596667007,0.008756069489774051,0.63768926528757
2021-11-04,0.6594839624069024,0.9666414343825435,0.11262745952370717,0.05683133430760751,0.29087247942415456
2021-11-05,0.11569519794954303,0.9384057755103394,0.9516812586909302,0.9391073296527988,0.7887408209399966
2021-11-08,0.8312415638815324,0.7803233055656886,0.697495567186267,0.6672328873020263,0.14125298039859788
2021-11-09,0.4896440023816009,0.5651079462027425,0.8512712819079759,0.920602594441982,0.7276704928869967
2021-11-10,0.8563038986476446,0.8718084462149178,0.06701751184242519,0.04041588071516146,0.46716590973983885
2021-11-11,0.6228653850274356,0.851408646611138,0.5260314734332061,0.5341512196048541,0.6460597817197613
2021-11-12,0.32380765781606663,0.6214534346756335,0.26966214899026053,0.27839421074525383,0.21987828245299135
2021-11-15,0.3503844447071956,0.4222673136486275,0.42313408281843007,0.5001936803328308,0.3254970245286217
2021-11-16,0.8941288415842372,0.16712930935591644,0.5965053498524119,0.442175598791505,0.38609499450496293
2021-11-17,0.591599648716814,0.851283649925662,0.053764959935961025,0.046510364874388185,0.0006742173841483346
2021-11-18,0.8434888822918214,0.2498108703723819,0.7581349693987952,0.6476849820100388,0.7689874528737997
2021-11-19,0.06051124159709767,0.20487015438896264,0.04967205475482262,0.03191735493421134,0.5257322518028469
2021-11-22,0.5382298206493985,0.008471201057900628,0.7042470919331811,0.6370682811741584,0.5353033269924881
2021-11-23,0.27230966645558086,0.05489850211346302,0.966128588502809,0.8589693770397204,0.39219296232727946
2021-11-24,0.24919095300863633,0.46430424889762933,0.46340081096271074,0.4561969161729298,0.6578040556963616
2021-11-25,0.48383580730897513,0.4704267814334293,0.4662370462604014,0.477843209903709,0.32149110077468607
2021-11-26,0.003942468442105147,0.507526277950798,0.0003413818420056366,0.00011461963150634256,0.04226394029815713
2021-11-29,0.2802635187913486,0.37537097920702417,0.5573292520101034,0.7447699230371294,0.4078322079222383
2021-11-30,0.39102395345980434,0.21803437727638456,0.13384719225951747,0.06591990035975233,0.06502105640052407
2021-12-01,0.5580020705086702,0.7107937210945297,0.2225346665551615,0.38004814445108365,0.4062958883839283
2021-12-02,0.9906951611282149,0.060688927102200765,0.6076117514148545,0.6479310317737794,0.7179791618758442
2021-12-03,0.641234401275427,0.9249803469110723,0.5115110089088272,0.4453193109305894,0.587473139304924
2021-12-06,0.41396819664233625,0.3508370240188468,0.9213390273852231,0.9195872779964055,0.02578144612186384
2021-12-07,0.7374103535591878,0.6294371252316397,0.8514139284449076,0.8680408223133089,0.769549781783712
2021-12-08,0.6271363650352391,0.5006111718053979,0.5473030485936234,0.5509959131546829,0.17811786416286238
2021-12-09,0.29283804525586044,0.21072752483369217,0.24223933059205482,0.23264825552882898,0.7136154389549277
2021-12-10,0.6469035663627174,0.7257216280748131,0.6111475510239751,0.627528822677749,0.0004504894293778191
2021-12-13,0.9457953302246919,0.5947567828470478,0.3262344804861044,0.4066533185743872,0.7483272592703177
2021-12-14,0.9103135220686196,0.09274578735268722,0.3270538470689313,0.35972300445823546,0.3536688059997243
2021-12-15,0.8468564389384341,0.20981636723929992,0.5073867616415999,0.5150730441850364,0.05391290398805088
2021-12-16,0.036173618732146355,0.9829471864320958,0.7344082142326983,0.8084504676980275,0.7417260022765372
2021-12-17,0.10645020429156006,0.7183902118817305,0.18195939195489289,0.16783752871687566,0.0038566392027027845
2021-12-20,0.04047720013933144,0.20374291292007535,0.11438521202372721,0.06089339513992991,0.7604624141021267
2021-12-21,0.8130429990478688,0.28437398678893555,0.9229305230892301,0.9280666514770389,0.3215797744091517
2021-12-22,0.5522737174255818,0.8341980861627646,0.780795753674951,0.8074535049022072,0.4926664357040294
2021-12-23,0.5605680043023102,0.7648524851897986,0.822133117374021,0.707347218638608,0.08387572947717513
2021-12-24,0.4879553642103437,0.4790490208831148,0.4753711488018562,0.48644217977087223,0.009041579984096663
2021-12-27,0.3628360604734865,0.3669401508045192,0.8575643778903322,0.8419536988426467,0.7695138283481714
2021-12-28,0.7267498723433863,0.5344342192836121,0.5648282428307363,0.5878874059243044,0.5128919122563333
2021-12-29,0.7762323569464142,0.30422721468579494,0.5476379170488652,0.6294647422995194,0.1824222200424206
2021-12-30,0.8616360093723947,0.7108004958718948,0.49390419590780016,0.5969944133182424,0.008009355265393335
2021-12-31,0.15610195965705564,0.8721841733741229,0.14069365955923685,0.10874532798605892,0.22864392662573058
2022-01-03,0.2758749285900465,0.02823535713514639,0.788577891824159,0.6988824133970406,0.7295337174555723
2022-01-04,0.15683971969402227,0.8449485545475146,0.7617024997940711,0.7206608687108198,0.5159039445731499
2022-01-05,0.4289463718912973,0.7955618451558968,0.7088797936680306,0.7134398500097645,0.5508579577643964
2022-01-06,0.16891930363853105,0.014459911905768398,0.8056196028698244,0.8570107598283608,0.41939071859772736
2022-01-07,0.9859883222117277,0.6912248246903985,0.40166713753670025,0.3279449818477009,0.5822893051468572
2022-01-10,0.49519664739874625,0.524428418520555,0.22823567307686984,0.2882741113106689,0.5543040849252394
2022-01-11,0.9360809150457254,0.9225206164226193,0.9756716476797673,0.9657850574635932,0.5689062564869417
2022-01-12,0.23545358171421904,0.7469198271780507,0.7505994075545538,0.8205919353085999,0.6817994048895595
2022-01-13,0.8734877221767748,0.29377742598736406,0.41356471427594216,0.34329123278356155,0.5556532006616542
2022-01-14,0.8706011683101669,0.31229174681680727,0.8752840165430613,0.8603314692104373,0.5358215125087255
2022-01-17,0.49133522775022526,0.4607590991625133,0.47503195772120616,0.48339439656622935,0.6272244080235702
2022-01-18,0.24283738746736452,0.327702513439659,0.8587505187562109,0.8578634735051072,0.02035624082982732
2022-01-19,0.7230155372335018,0.9747798367385879,0.753343392619816,0.845849654497691,0.1703024739280655
2022-01-20,0.5186677009531666,0.48444678406396796,0.4523032570097512,0.4638970434688978,0.7713467225270789
2022-01-21,0.031658935979791816,0.1851631580249871,0.3181101669789107,0.09480762297596018,0.6705509150582376
2022-01-24,0.03095483258217414,0.7506978518608618,0.10180273024973988,0.09580403916564778,0.12462694579250473
2022-01-25,0.581933258388066,0.7916093769513385,0.9258154133852523,0.9127300625245294,0.7298216494308885
2022-01-26,0.5892982452561222,0.05452029715250518,0.9068157553114875,0.8546656286459393,0.060024779499386303
2022-01-27,0.06689397150414676,0.013612841848498154,0.30202427663974224,0.3010644175124754,0.0008690497432374536
2022-01-28,0.8482000420595088,0.20404367027941683,0.6803982868451244,0.53094420254488,0.7693253160087551
2022-01-31,0.7945493866357547,0.7593475578632498,0.8163101165900897,0.8018549664642,0.3987218474239406
2022-02-01,0.9660151199798357,0.6496609361129051,0.0732100579670643,0.49487342550883145,4.930562082985295e-05
2022-02-02,0.5318108268972823,0.7449381791337877,0.5512340487415588,0.49239744356753085,0.7524128334846365
2022-02-03,0.6453627917741569,0.2857871367222688,0.8902376841293007,0.9158727552789478,0.4270674516963274
2022-02-04,0.7774016049947279,0.5813730279210849,0.9396118145586898,0.9133615354493256,0.5362726056203846
2022-02-07,0.15098213043932207,0.8536706548648815,0.3190118368048822,0.2247052403734488,0.014527216517860719
2022-02-08,0.841488544236868,0.6789599206659782,0.0904726643146908,0.08312617319502003,0.18459292957221088
2022-02-09,0.9612681780654538,0.7437867409166171,0.6847344830427543,0.5512522251770959,0.7283623570308292
2022-02-10,0.7380052413414122,0.5108834373042233,0.4281940987198584,0.539476770164812,0.2657682606518773
2022-02-11,0.3210394670665752,0.6249068862075641,0.9776987457314011,0.9733289596902953,0.0028042578641468375
2022-02-14,0.03562048075215332,0.9657105254278031,0.9132946807705967,0.923285301346395,0.7533754800753865
2022-02-15,0.39253829528590645,0.15704396580970437,0.039093373473459994,0.027636623997641892,0.43925410116533053
2022-02-16,0.10403171822256238,0.8555599280947557,0.8049585269744229,0.7940104774826033,0.4732203073436265
2022-02-17,0.28921896204608505,0.9693034476561215,0.13680127118196916,0.13477372120731837,0.2835498351419081
2022-02-18,0.3379618741070418,0.44022684135043577,0.6044306084580103,0.3227211409736151,0.0019181711579443765
2022-02-21,0.4866374962000929,0.46693024786795956,0.4694229476060052,0.4768577616134147,0.7542893801772667
2022-02-22,0.8096347090268031,0.6870974448147991,0.9724811232790499,0.7657404510492392,0.5043058123172276
2022-02-23,0.6333004647322229,0.5715904574057917,0.48181393449009724,0.41865571408897007,0.1528616765734721
2022-02-24,0.12413276868246807,0.8596639270206895,0.9075105782469938,0.657707694480504,0.06490211154657692
2022-02-25,0.4639662181358583,0.015923860012349408,0.23392561548854174,0.19269549647020684,0.0181098145209925
2022-02-28,0.02820803566001928,0.7785291810532091,0.9572276253029548,0.9825586426116314,0.76682229636965
2022-03-01,0.40047474648886916,0.9862057204635751,0.9777320558321738,0.9976595858299457,0.023006205243660437
2022-03-02,0.5694168529351642,0.1102026782207732,0.9974423644365413,0.9918672864842996,0.006898036998252613
2022-03-03,0.7906551235440802,0.7701148938513224,0.18747524264261922,0.131577315653388,0.7550661852962699
2022-03-04,0.9126505179042427,0.9478254522332629,0.9896067318635395,0.9881913188097188,0.5022044881896723
2022-03-07,0.6377678939102426,0.9334697509571928,0.9381220579498377,0.8759698409075177,0.5029363966456025
2022-03-08,0.48850299646962975,0.9767162619651817,0.9149476500518077,0.8971197189016824,0.4337779396525507
2022-03-09,0.7391664732428695,0.019929154844250115,0.0020045229966572813,0.0012298032831170517,0.5305949716102264
2022-03-10,0.6733390670474589,0.6817849517010149,0.3156116329873972,0.2388956215603832,0.34632738257838175
2022-03-11,0.06676259303963013,0.20855571273816334,0.7427629033367946,0.7773075625411685,0.4609284209570187
2022-03-14,0.39116306602782563,0.1132509527749935,0.11961234331957839,0.06817738575486,0.39858760089361284
2022-03-15,0.009488303292124193,0.061546627243763,0.07398639175688951,0.061581714484239734,0.361628385363766
2022-03-16,0.5822417900664292,0.12288189609542881,0.3005336449361801,0.34856284525382497,0.6024676334480262
2022-03-17,0.7908172175662836,0.9387805411524115,0.9651571053287389,0.955063063882003,0.5150002756557448
2022-03-18,0.7897076324317209,0.23555756926251067,0.5987717288342533,0.657315065211417,0.00013778218008603368
2022-03-21,0.3317903829352555,0.4748511991250451,0.9405490785042814,0.9402603229680022,0.7516679417706382
2022-03-22,0.9328428401802982,0.30899848584906064,0.47144230088212374,0.46616873612626447,0.5043546636215457
2022-03-23,0.8524719515835735,0.7895282620995947,0.8932516310368757,0.7677553063207421,0.5054476041334095
2022-03-24,0.12611227781452775,0.8960497402898905,0.28426066399412797,0.2529278258569146,0.5076588360255321
2022-03-25,0.2879362522090474,0.32869474360328915,0.6127727176983605,0.6433176631962167,0.5107609041512919
2022-03-28,0.8259862837875191,0.19677207507890626,0.0516426293166116,0.029154943425833968,0.47894729387308793
2022-03-29,0.8072977526092948,0.06999654126173147,0.2740277198833667,0.31028843758062424,0.5451909101926642
2022-03-30,0.6065676176646058,0.8578050488907476,0.7649374870529009,0.8124190003109512,0.5140356899373726
2022-03-31,0.47823858574753314,0.8052516005422522,0.10331745441382104,0.03590452212019331,0.5616832194764951
2022-04-01,0.10640280085792324,0.06319006112965002,0.17778978226337921,0.3776441730494012,0.5700892807349393
2022-04-04,0.16843963678857365,0.6807846649883631,0.7792540240024419,0.8416316906468405,0.5349731723198254
2022-04-05,0.2244587815712827,0.33807661631021635,0.38403164335454804,0.3550000919185081,0.6037898980710955
2022-04-06,0.6397627762360449,0.36187960344950826,0.07581342055596939,0.06244074525777446,0.6525168413260876
2022-04-07,0.7338903885751752,0.8018765440718587,0.40452251072573014,0.45877005761347406,0.40830035237051593
2022-04-08,0.8698109155121805,0.6744310732302055,0.7296665048754913,0.7344835417425568,0.6487918692852779
2022-04-11,0.449073104740047,0.5487587630842258,0.10768449737988878,0.11735805625916215,0.32254450771213145
2022-04-12,0.1892206152398526,0.9296263575231751,0.9560816949895732,0.9467963481858963,0.6891753592117436
2022-04-13,0.4839660606665115,0.7031399007762995,0.8768817361490204,0.8353002791735983,0.5493972080834671
2022-04-14,0.48644601451696806,0.2552701806491044,0.787178807798399,0.765191399040976,0.7314890033673065
2022-04-15,0.4862908772630234,0.46388259021466366,0.4762727287534208,0.4921921797683823,0.5726177470914072
2022-04-18,0.06527578595120029,0.7532534611834113,0.6462271019517175,0.6388560559079594,0.6109589163332693
2022-04-19,0.48141442840071685,0.06221664568646648,0.05663197764323909,0.04833652437981399,0.6115870663297167
2022-04-20,0.6091021055297227,0.3612835553453985,0.4043106866807391,0.5020912424164607,0.7194020156978895
2022-04-21,0.5325465800802331,0.2856794385445984,0.665716882883225,0.6223775339785786,0.5733432044697043
2022-04-22,0.16228758706256924,0.1634404637356275,0.274335143285733,0.2653259845088317,0.488506583464177
2022-04-25,0.02709319777721155,0.02096833708982381,0.08356680824673221,0.10707065999748828,0.7017160538565135
2022-04-26,0.9956642663559783,0.6562291302365074,0.8035665332576355,0.8423704797920916,0.4692052152596469
2022-04-27,0.6414657492158093,0.14429261676811359,0.5233493154058774,0.536930008995593,0.7011261377508271
2022-04-28,0.7510236684937731,0.5352234806853957,0.7836768093325307,0.8699703779827983,0.6498989436786533
2022-04-29,0.4502634435480059,0.8984708593079868,0.7293633536741521,0.3942638432492067,0.2978455431995603
2022-05-02,0.793395670984825,0.011004837872232153,0.24240973541491004,0.5569182816125491,0.6930882806364573
2022-05-03,0.3279691688218509,0.6172510269958833,0.15156983468736626,0.1312725025712814,0.6093561267342589
2022-05-04,0.23984842290042413,0.4284783635848572,0.9659452324517651,0.9614613516402111,0.31396289675308015
2022-05-05,0.05035942950067483,0.6627613719555634,0.5981422358161333,0.5618224888903358,0.6936990476992926
2022-05-06,0.2955330052274863,0.6773105285578436,0.6991516728056225,0.7074504657035646,0.6651115514962517
2022-05-09,0.31391499184550753,0.061388505193082275,0.023532388523445247,0.01427696304057231,0.6490741333499835
2022-05-10,0.3799272116651757,0.10259512061071398,0.11367574827902188,0.11822677324108523,0.29839964985114553
2022-05-11,0.8653540868528876,0.7876042560574044,0.94808605542272,0.9557470500897527,0.2947487065778926
2022-05-12,0.07799267411846152,0.038578898054211726,0.4741921034699952,0.5511372739150808,0.7208150552936758
2022-05-13,0.7078277609287221,0.10537253630779245,0.9117169836638686,0.906149723303092,0.03186552013189668
2022-05-16,0.7127599091406752,0.6354740614767757,0.8138875733607053,0.8685661995228824,0.024229013938123073
2022-05-17,0.5748043678549317,0.6197223178526206,0.2109765678175033,0.2746992730047317,0.052998302159256785
2022-05-18,0.12381436048305049,0.403049313935234,0.15593833040199556,0.16983564097701803,0.1187735673730146
2022-05-19,0.3431607326353173,0.9456168115520899,0.8432196112224883,0.7879178868771874,0.780056420175786
2022-05-20,0.2080241458442126,0.5154352173214656,0.5532370247286275,0.6250147782840669,0.10361663452402851
2022-05-23,0.7205277855047307,0.649091565609047,0.6057802712844083,0.14957433254904332,0.48987089479514545
2022-05-24,0.3756015198299278,0.8776533833557982,0.4934901304201496,0.40658109542110543,0.13463394209479568
2022-05-25,0.1593997416641854,0.09541239843544423,0.5479845250558869,0.5662019790094374,0.17488066772607003
2022-05-26,0.9319264671729873,0.4855579774144619,0.9132118614082169,0.9046380935239351,0.6108605759229429
2022-05-27,0.4686567041682726,0.5913932811425722,0.7946919969922573,0.6362854842143593,0.017745777403886418
2022-05-30,0.48610563121662703,0.47251271338075174,0.4742266169958987,0.4842108131366952,0.7744994484121185
2022-05-31,0.8205655423686546,0.22582780534691602,0.9184343835085178,0.41359907776768157,0.0611292573056471
2022-06-01,0.7750708949027687,0.47682682404938853,0.0184550550644148,0.5835849507286155,0.7438867327642245
2022-06-02,0.1366220323952021,0.940313496133535,0.6479753014316175,0.7542680486676506,0.26306165893172223
2022-06-03,0.30693140173434974,0.07218657567423456,0.7762778394311952,0.807943635204053,0.3183200525912552
2022-06-06,0.6964725334216966,0.2662133487850622,0.4423410262270325,0.41314050369167016,0.7040617917900135
2022-06-07,0.33968864853923475,0.7148464627981046,0.6405577344007679,0.6521349163439742,0.1743324620083904
2022-06-08,0.2933510425860706,0.6191647449758523,0.8825259075300582,0.8908313975662004,0.004525874624095033
2022-06-09,0.17718168402139714,0.3714537763035904,0.39575812540543437,0.3658899481911288,0.0336099755918044
2022-06-10,0.09786098723215494,0.9378681585933292,0.30060648023951325,0.3088271941844878,0.0008315756196719377
2022-06-13,0.06490962216012677,0.009741420651170275,0.5108423460459527,0.5278192416843484,0.7650846936699114
2022-06-14,0.3812281996533793,0.0765826734693516,0.2841522647533309,0.1306974251726963,0.47388605662846917
2022-06-15,0.5616066370830166,0.6285663058344488,0.11139958526989037,0.03933034927548911,0.43286030793198005
2022-06-16,0.44709673992773363,0.9668582345633189,0.7070163669115286,0.8361527431646909,0.550389382014348
2022-06-17,0.950554526994661,0.23880667229351213,0.010309444718903426,0.0034136642863145297,0.5161258291857445
2022-06-20,0.49108643223260817,0.45976858095241785,0.44998606917039974,0.46829737059349824,0.21065691782336998
2022-06-21,0.8016994189117258,0.43973620226781795,0.7192521008073663,0.652660690642748,0.6596605710446661
2022-06-22,0.2893105554032454,0.45899718699446085,0.12132684169996559,0.04619805922189587,0.042507425351708636
2022-06-23,0.25274847680263884,0.23201040352120245,0.21663590680359468,0.21333802285760567,0.7404850935566369
2022-06-24,0.5089558706847113,0.4841974533864471,0.8988449364469149,0.8790099810700812,0.06765444605402895
2022-06-27,0.24881699421644962,0.298905291038816,0.7972320305496345,0.7597576066797846,0.09403899034459562
2022-06-28,0.37951793790144034,0.3523886450860752,0.8870380849668542,0.786305111681473,0.3709562719752519
2022-06-29,0.11785079532608583,0.34018179066230414,0.2246797214295673,0.21299044451201724,0.2796072600248362
2022-06-30,0.1823958855333606,0.18964601909951553,0.23959304926501837,0.06642127617214853,0.015379359198074186
2022-07-01,0.17955217530561077,0.28735985594737967,0.08695348785097233,0.8172169952485957,0.2329107738344946
2022-07-04,0.4819025783726887,0.4588050824773054,0.457434739614792,0.48944741365119143,0.7484335939315538
2022-07-05,0.49861080461871704,0.010417095804636487,0.0038702495125254883,0.004454009418185768,0.00448514611313354
2022-07-06,0.9064787407965729,0.02571523667854808,0.21241734477111537,0.3479737988033631,0.00831699497244464
2022-07-07,0.46115086578608866,0.5388344391392371,0.9065256051633005,0.9003366774269945,0.25343165792195815
2022-07-08,0.10850879145058874,0.5659313533940673,0.7883098570941522,0.7442753012774843,0.06681739377679277
2022-07-11,0.9532539790066099,0.1657931104168244,0.4868896174309366,0.39521800137929053,0.7583260886608411
2022-07-12,0.25616656642339625,0.23823410403886,0.01701550068928595,0.009613940677590667,0.026498613568545038
2022-07-13,0.05260933964040666,0.8052727256913959,0.46324050675517253,0.5327902004256743,0.3609318608473138
2022-07-14,0.03884837325398533,0.019819510183162255,0.4075555201734586,0.4184386950160741,0.0472076765008051
2022-07-15,0.9978673450794225,0.3553185645951115,0.7532507346223912,0.7256393206507507,0.035921270441683514
2022-07-18,0.5862680195526258,0.70247149017975,0.9530781863160327,0.9413540292469257,0.7698138478532475
2022-07-19,0.6811207609664507,0.5044519428846949,0.6300817933921601,0.7044730971767992,0.05561629560074399
2022-07-20,0.7103804077586208,0.15475431703761933,0.41337013615711626,0.23703236304949513,0.054502683718196665
2022-07-21,0.049041508536082516,0.8561085358204157,0.13723996191894186,0.029986437449537915,0.48623953808430337
2022-07-22,0.40309081992116436,0.8845054051066713,0.36592882236339774,0.271496115628997,0.029164854586874164
2022-07-25,0.9714577437772407,0.22212875585362657,0.764048836009487,0.7389378964881699,0.14746927729270462
2022-07-26,0.7307090108749206,0.4058744158027276,0.35902706056213307,0.26346948366764766,0.7432455420888339
2022-07-27,0.12094661648669575,0.5163613259101691,0.8116237136475893,0.7787491022551856,0.02087677211616508
2022-07-28,0.15008788844061582,0.98220451052341,0.5656246326238913,0.3678001846277324,0.10032979370319237
2022-07-29,0.5506162614619514,0.8431599350523091,0.8852777826371114,0.7851476818424201,0.03190844375740612
2022-08-01,0.6603580630215113,0.6783658109621961,0.003578469150688037,0.04635014730843789,0.7420454799272915
2022-08-02,0.4998501921338653,0.545962291019775,0.5126543704232556,0.555818395798255,0.06838406864409695
2022-08-03,0.05922253738466694,0.13374456201427876,0.12090232668484834,0.07966480130869587,0.6491995701136286
2022-08-04,0.9533435121718548,0.9723777778777848,0.17750457365623792,0.1981753802881928,0.536837584020972
2022-08-05,0.12350567477607731,0.1313642305381766,0.5776230655185447,0.5552427433190312,2.9178755689445896e-05
2022-08-08,0.8140827421720854,0.8240982417087311,0.7211443000787132,0.7498671575202649,0.741780908642125
2022-08-09,0.7235157987484018,0.7001190031580863,0.4241427349432314,0.44502858516382504,0.45580745139471807
2022-08-10,0.8136276253607315,0.5283696491366687,0.642232194102504,0.722574641581387,0.4759929214334626
2022-08-11,0.6065416599807079,0.29260984210491503,0.8033406297892617,0.8452638674663567,0.5086997839614089
2022-08-12,0.0726519382914143,0.7335841056685974,0.26422660328750647,0.15437490699530956,0.29336104455369094
2022-08-15,0.5701617106317702,0.09315385834026035,0.10713144563188558,0.11450723318929977,0.4755023961273342
2022-08-16,0.22189815985137862,0.21362568962178893,0.1211680680156394,0.10441791527093562,0.3558713931307216
2022-08-17,0.9491696685614551,0.1314202618177128,0.6923407539762432,0.7320970529344515,0.19129212011695154
2022-08-18,0.5143547963761981,0.29099253045598417,0.8975542021548324,0.8356974957759353,0.6740264701955594
2022-08-19,0.1423782059380455,0.22434849970695975,0.5017999258128462,0.5377827829105757,0.008176969384967136
2022-08-22,0.33589638718317755,0.11240363687352463,0.4251488617481729,0.38388878412132543,0.13540476984890837
2022-08-23,0.09692193965549253,0.8351556773287843,0.9494731117529163,0.9309851812776383,0.7287482783238199
2022-08-24,0.987879588973738,0.5186049230743663,0.6647313602530286,0.6951974016629188,0.06994416652903117
2022-08-25,0.6520713381713451,0.7860455821962191,0.18709462850507344,0.13000640057905033,0.7080505800255215
2022-08-26,0.4490378458472805,0.0470281344608311,0.7680352507554088,0.5786626816296983,0.4898599150046262
2022-08-29,0.637476106965134,0.45568786992153043,0.9632299892917038,0.9504221358819195,0.47189958953544237
2022-08-30,0.4176029707812951,0.11191638869901249,0.022543715633034696,0.019264359046593578,0.4703000441626118
2022-08-31,0.539286168686299,0.14810508052339466,0.12902241971267742,0.1820660823904896,0.18581680671573744
2022-09-01,0.12221924773037919,0.07259672940729535,0.06418650522283996,0.1134956241890167,0.6734083399694147
2022-09-02,0.879528982722927,0.8535725349621162,0.5661258924717916,0.5225682613978895,0.39177086942098305
2022-09-05,0.49148123082110395,0.4826337066898392,0.4712951344240012,0.48566660934896533,0.05624031829078612
2022-09-06,0.11218265951444924,0.17148653915520587,0.4357477177968348,0.48587366586192887,0.31711167038692123
2022-09-07,0.033874707944202775,0.8872020776211923,0.03328913966375182,0.018767140850197657,0.06378947722447183
2022-09-08,0.2606962857121717,0.2361881162063522,0.6550759115528462,0.738254131575512,0.7709603180684891
2022-09-09,0.9603580980935436,0.7474939829984766,0.9351274825113878,0.9064418301577768,0.006054544165391844
2022-09-12,0.7416916869993213,0.8473988585293483,0.6773105488806719,0.6609990795779794,0.614510731602274
2022-09-13,0.17526976487792192,0.035271643620398856,0.3368321494795274,0.4012077924895852,0.029730567249986684
2022-09-14,0.4534791407742781,0.1747266822025017,0.6383067449157257,0.696660190477783,0.6876771927311122
2022-09-15,0.9373833674633227,0.01362006992310344,0.08209115289372612,0.05991141355824743,0.03391511996948081
2022-09-16,0.10161072395950985,0.6586981749028527,0.5550711841569099,0.4778801611861916,0.1203733415694263
2022-09-19,0.5769637592973723,0.27842356966769843,0.5998017852267444,0.6065575714399314,1e-06
2022-09-20,0.3464110598400368,0.2340887204357997,0.23121171697872622,0.23929438430283884,0.7252727357861882
2022-09-21,0.45481652287338314,0.6461832686085411,0.30958917781197137,0.1986189087933329,0.5156138335809499
2022-09-22,0.19739450276280873,0.7066564054167066,0.6065565518383892,0.5958545432814031,0.15381614511965594
2022-09-23,0.03335156618903777,0.02303682931558405,0.025965140696773442,0.014338478069107636,0.10434666364810627
2022-09-26,0.4373818751702008,0.031014334404629414,0.13940369290676174,0.15061744918937797,0.7234202251600068
2022-09-27,0.8680057098329182,0.5695864225984378,0.8604748278041601,0.7883522395469992,0.4937992559999558
2022-09-28,0.44735092815877886,0.9878399358217194,0.9308949757064939,0.9393114822319801,0.47984806605064667
2022-09-29,0.8755613223106803,0.4459544679683526,0.3252419994688765,0.32854771370417696,0.4427581371048828
2022-09-30,0.757471025363309,0.6005686506455162,0.36001516912961,0.19186503129153223,0.17471644326027935
2022-10-03,0.3140679380332467,0.9747090361966735,0.664533045178395,0.9531327550119834,0.440371315387131
2022-10-04,0.7222183531703805,0.961221253329202,0.9364527017763715,0.8839649722804619,0.4414190135796117
2022-10-05,0.7956708033791002,0.2482233426620576,0.7933093277239102,0.6985617938740682,0.5751282073349435
2022-10-06,0.294937418857959,0.4712526965461733,0.6998824327383686,0.6113005307624101,0.5076327263057039
2022-10-07,0.7227825323042161,0.19128518379263534,0.9583769325491117,0.9526761770981115,0.4034630360913881
2022-10-10,0.14899509745638023,0.02299045743202788,0.19165125197283492,0.24835713130028542,0.1215999748175036
2022-10-11,0.36324873736722124,0.7561175430677317,0.15620267711271715,0.20014775419002587,0.0008329510907061855
2022-10-12,0.19867462584540127,0.25157026588851406,0.1575152345706128,0.16499690647976786,0.11218355223695968
2022-10-13,0.953388281523042,0.4527942127316045,0.8631373641609479,0.7779056362932104,7.442670216756011e-05
2022-10-14,0.40605858396270744,0.03277015104114171,0.07625689229258625,0.06623657876583135,0.751520875477594
2022-10-17,0.15171584379704067,0.8424553362134337,0.45466274060320744,0.45063888232833094,0.3177329295034569
2022-10-18,0.15831022570227835,0.25801302536583304,0.1820722608991341,0.11222778793038443,0.5818027579761126
2022-10-19,0.5187325517225576,0.05959709796320184,0.8995973628519334,0.8686535011645278,0.03677133186476719
2022-10-20,0.7070233640109491,0.5543873306914555,0.47084085434078515,0.5690033196830518,0.009565150928285464
2022-10-21,0.2534551714634028,0.9198650194151456,0.7270861636865997,0.31447370543926845,0.7893330359939787
2022-10-24,0.8033070964292941,0.4212646604113997,0.4155059936640217,0.3888443331938488,0.48065404312904336
2022-10-25,0.11983382772446075,0.6008357546751937,0.531960954138253,0.6326486579149031,0.10030411615214077
2022-10-26,0.2820582127661344,0.7960454698168395,0.9070875722191669,0.8951037150445782,0.6840260256608711
2022-10-27,0.8434568425441024,0.3766467234847366,0.7803987676689826,0.7194816324340751,0.49870681297094205
2022-10-28,0.3506071780803451,0.05780131070863686,0.21754597693640332,0.25113727328188407,0.502102228170985
2022-10-31,0.8231069765919522,0.3259784038158119,0.24771155512709284,0.21319584824808532,0.5026998201836093
2022-11-01,0.6408092129452134,0.7522336251811819,0.4141457897332837,0.8206904588421055,0.50185787794336
2022-11-02,0.8076598699379933,0.504729007188364,0.8414109985532783,0.7978865269873996,0.49493607755945596
2022-11-03,0.4068661197094375,0.07031528279422904,0.15586532430428893,0.15515153552949065,0.5179787281115851
2022-11-04,0.9476367530527483,0.9926149530129051,0.9863886939224331,0.9722114748984441,0.5062947669044683
2022-11-07,0.9610263506818828,0.6312858792037851,0.3358912724962924,0.3366633501669785,0.31811902966007294
2022-11-08,0.7844368564509692,0.9716470392980187,0.07396300352596585,0.07900794257397618,0.16662608442433224
2022-11-09,0.4367675945305995,0.4571783805250047,0.06806780118617617,0.07436903493736095,0.20912659943740883
2022-11-10,0.7423900351175519,0.9740547757942161,0.6965469746510713,0.595581238852694,0.1266742475545421
2022-11-11,0.15610085851330258,0.817497945286522,0.9072020958109963,0.8665401917923502,0.7389582976134852
2022-11-14,0.25461875396564815,0.6629681562712243,0.070966490918726,0.07965880990957634,0.27207341516335615
2022-11-15,0.5179015213457526,0.4883310428598723,0.6229410915327281,0.6653397218666448,0.6411982727162726
2022-11-16,0.5202433544896774,0.45733231550102127,0.26196247999620453,0.2511232313162962,0.018390572061038467
2022-11-17,0.029686146065451596,0.21451030551436112,0.05189052791379094,0.03988631353849187,0.2533314195768284
2022-11-18,0.30742146293203243,0.2609801094712508,0.1119576899380832,0.22235874149659932,0.7284009093173123
2022-11-21,0.22660139832313783,0.16651679298256772,0.41988413702650623,0.41648099516373716,0.5470144999511999
2022-11-22,0.41412365305907756,0.48526182811080015,0.6894248013595965,0.7101818350480608,0.5597069602209783
2022-11-23,0.669505962818614,0.6492073180133993,0.055894391427980486,0.07492594814376029,0.49539174686259635
2022-11-24,0.487525032285534,0.48050936991824844,0.45528743055575566,0.4774095277070078,0.6297223640451977
2022-11-25,0.8668415286963076,0.6963600707298909,0.13919226490468256,0.1875039849322381,0.6168226786229914
2022-11-28,0.5014395587084721,0.1764765840076917,0.35362440559201935,0.6736987327536341,0.6569606932296725
2022-11-29,0.42648425527478173,0.6880955140881488,0.423454099674987,0.6858568329104129,0.6318843151795039
2022-11-30,0.692662981129783,0.4118393944950921,0.9363234752880145,0.8827351178148606,0.6467716254047429
2022-12-01,0.7243588562063363,0.9931868072462166,0.8242648760674836,0.633586342288303,0.7306954693263114
2022-12-02,0.6839035778618314,0.4033393436275254,0.19265958480394063,0.2291473745202619,0.5586726720213351
2022-12-05,0.05435045317331039,0.06486490003853256,0.04709402575585933,0.05156841478756829,0.7492013084388993
2022-12-06,0.5415663094764629,0.49849892013415326,0.03750098210216899,0.08037876714909249,0.9996950750658984
2022-12-07,0.5475678822148495,0.8149201738040903,0.10673005043833135,0.1215246530078233,0.9998945365160619
2022-12-08,0.9187074511088744,0.5689580691119582,0.24830275742083208,0.36842459237382136,0.22040300940327784
2022-12-09,0.13113402520646453,0.7008729544715302,0.4513614476803781,0.38921824232003344,0.9966066385335339
2022-12-12,0.45758288078893095,0.1414930454230737,0.8774974779988625,0.8648295982848995,0.9979141334494956
2022-12-13,0.8657514578551389,0.9523342608602997,0.9439724539970251,0.8711619460311655,0.9610021799833439
2022-12-14,0.2947330489169511,0.3551231680986211,0.881304789815506,0.8315666849301669,0.9579794794773299
2022-12-15,0.8851372341318042,0.05247667612716201,0.1891568682149477,0.2545816961547415,0.9760224695603672
2022-12-16,0.11077297801380441,0.7436483062329728,0.10364551377714823,0.151971638231568,0.18814283501192258
2022-12-19,0.7488750838056495,0.4296287277186188,0.6479051617537237,0.6704682829261945,0.5003863831799739
2022-12-20,0.47538555023082435,0.9306319392455004,0.5202962248216936,0.6832299599076249,0.4950064820747321
2022-12-21,0.8110098477918001,0.5007169601000188,0.9138453242971913,0.8797377534048574,0.4905143879723931
2022-12-22,0.9737633518600168,0.057798240846065406,0.21527111134337434,0.31183078171581163,0.04112144228817314
2022-12-23,0.7215870151023487,0.6675786070765921,0.9575060923422596,0.8660632836401605,0.7119252273710273
2022-12-26,0.4876176905782279,0.48321700519641536,0.48119223967762115,0.4882831180582959,0.5039946417878911
2022-12-27,0.5419701246754256,0.8594581346524006,0.5744309445960587,0.47293136298185456,0.5010401302900421
2022-12-28,0.3530429453818986,0.3227611560416879,0.22769572817900816,0.3328145653649697,0.48767020787142956
2022-12-29,0.11126946928763948,0.7463217705517873,0.22907198743921303,0.32875358016330736,0.4123275047463078
2022-12-30,0.7226613750708741,0.4902059835413121,0.9831377803283853,0.8783960095076847,0.0018539123910258715
2023-01-02,0.48716439347216933,0.4736477052021118,0.48440603601644877,0.48522482241081666,0.7499211369495073
2023-01-03,0.19794675751578483,0.8811247415905032,0.02634956928154249,0.020061273394955333,0.45585180479194615
2023-01-04,0.8052704761942524,0.7944453158134328,0.024840190781911874,0.015162000579393627,0.39624408142263223
2023-01-05,0.6496283627254333,0.12659132603816234,0.6318815122622452,0.6522912147266278,0.512778010076234
2023-01-06,0.34707785550228726,0.9425661364560258,0.4466751106575289,0.5091697281489731,0.0007753178239562647
2023-01-09,0.9812455678693852,0.7058330637267888,0.7089133878854941,0.6862920402390916,0.7497388432523778
2023-01-10,0.020632197104559585,0.4529456274168083,0.5785393929861552,0.6083580581229022,0.4857773310071572
2023-01-11,0.76785343587824,0.55160714141207,0.923386289467347,0.9112642380671665,0.42445714015560415
2023-01-12,0.5649152165524038,0.8874577702600884,0.775459504885823,0.7237353910929436,0.4503675058164252
2023-01-13,0.6065304475278257,0.9055048099190112,0.7545329880569444,0.8134065255906723,0.00010675723415499987
2023-01-16,0.4865870100627581,0.49443643404945425,0.4733552639334352,0.48459448303086033,0.7507713575775384
2023-01-17,0.3750813022621982,0.22099934321299686,0.628020854653759,0.5677597286961467,0.49103765232202606
2023-01-18,0.2632810799979134,0.38944941000922856,0.259391582329798,0.284723469809566,0.4920454507004033
2023-01-19,0.0814546740356197,0.8506437426542472,0.763030206653373,0.7140811550784341,0.5060176747628509
2023-01-20,0.46916682882742944,0.6025821161893308,0.8278226270338915,0.7535230036131794,0.5010549565773295
2023-01-23,0.8573113825394943,0.49487690048197136,0.6267760017386572,0.5755465982383156,0.35548912351893874
2023-01-24,0.24445980348821422,0.6541644566930318,0.09545275306362692,0.11420062373633505,0.5420200819185446
2023-01-25,0.565786098146476,0.6734385087533887,0.45421688604875793,0.4756310651532507,0.5119520497797044
2023-01-26,0.8466677549033514,0.1920174404595697,0.8170943209800106,0.7369157495367513,0.010180957921086874
2023-01-27,0.4647885337319171,0.44327513618953074,0.26844936796017815,0.13213642752295532,0.10532874947001965
2023-01-30,0.30426879946967145,0.3116992857405545,0.1095169148224403,0.08126317836825248,0.7477879734684797
2023-01-31,0.17784793310335736,0.6546030950310876,0.34469546458456435,0.7419490489430002,0.5026116997116524
2023-02-01,0.6146842818245369,0.4245286474750068,0.11597345713110378,0.04352214171558307,0.503416707518146
2023-02-02,0.3766978874442753,0.17844928798365306,0.276826321398093,0.3267870320676852,0.5059673603798271
2023-02-03,0.3165409492503701,0.0049039876872006396,0.0618727156259937,0.049073621307630697,0.506249282044023
2023-02-06,0.5835112883906547,0.5124415395741915,0.7590244351899825,0.6589640061607963,0.511794335557699
2023-02-07,0.5358414427756519,0.6353500745977071,0.965289313667669,0.9584924015283,0.5091124061960441
2023-02-08,0.4585365915413754,0.6446539401264122,0.8302402749976456,0.7891170029280102,0.5201119424013239
2023-02-09,0.47048813071111434,0.18791618439737257,0.321099192695472,0.3804635995398722,0.5198334697808891
2023-02-10,0.30843399863296717,0.35309038846556023,0.8991595389719773,0.8429475141449709,0.4340080864354418
2023-02-13,0.9500611193226222,0.17980859627044649,0.5395945998209649,0.5962680278948012,0.5105061101004273
2023-02-14,0.4893775799856662,0.5232733507406924,0.21593407402276868,0.2142888925820935,0.26886177562678887
2023-02-15,0.9710568869163079,0.06947989067084617,0.40241826152304544,0.34686905521839034,0.6174206667395921
2023-02-16,0.5851659161209597,0.6928826301468628,0.39245802742310676,0.4470383002017966,0.6393167918186244
2023-02-17,0.7295623960263223,0.4222157514670236,0.06396178307730797,0.06265600603116654,0.12179695504022085
2023-02-20,0.4862073781946069,0.4638497941797888,0.45456498970854864,0.470809790737277,0.7321016272742569
2023-02-21,0.6032310695278456,0.2382376352900488,0.4821077730399515,0.4237375758825468,1e-06
2023-02-22,0.5574402569077515,0.4205182213828528,0.04420565798429345,0.054015616404293434,0.7452070285004264
2023-02-23,0.3763541657748438,0.10992841606034748,0.8720595674784009,0.8235094843300976,0.4757609518465036
2023-02-24,0.23712385494582214,0.1775109620017371,0.7537141239319496,0.7331288235339859,0.5169550513658616
2023-02-27,0.5813199477477868,0.7336640847401212,0.27646369366336915,0.30260034944673886,0.5049057256297533
2023-02-28,0.8327801308936658,0.8355633550123691,0.8577842292675263,0.8234919617928883,0.49537571735280483
2023-03-01,0.9262129782348824,0.7678704495284794,0.6087243846519803,0.6684742189252606,0.48697596771292023
2023-03-02,0.12006089500594887,0.32792156227791863,0.6128567026845068,0.6226658327056973,0.5257239442802063
2023-03-03,0.17425753365096655,0.8682312258929887,0.8013220145888753,0.8639073675414336,0.5326958946579129
2023-03-06,0.8104509724517425,0.48927100630498116,0.5904441198477873,0.7140714998320261,0.5080022030341473
2023-03-07,0.143820575381861,0.01246006945322159,0.026419380451367967,0.02364148272748246,0.5424726796827855
2023-03-08,0.19319794485193248,0.3796797221295172,0.2827819162935828,0.2346702674320029,0.5507525489981697
2023-03-09,0.518731017189235,0.8992294207712302,0.19412161624839375,0.23449217292272065,0.48673753309640183
2023-03-10,0.18237526888249322,0.9809901675815828,0.8093025508328413,0.7315247513012477,0.4945721845826145
2023-03-13,0.03713509404773707,0.9925035393412874,0.07729650845986784,0.0923315307112944,0.7214923873591574
2023-03-14,0.665050493824861,0.3839506763825268,0.022437195164819682,0.020061571984756596,0.538572354169295
2023-03-15,0.09404802600948889,0.8674053915376027,0.022563678735350715,0.02384266816234767,0.4935080443415446
2023-03-16,0.9741442384932572,0.3123960231314055,0.6936857236384677,0.6352284273315478,0.5651386416975017
2023-03-17,0.9773643743258293,0.9852549290391659,0.1508456037180489,0.17314538715550468,0.6305798280466056
2023-03-20,0.8863511458472697,0.7060765577734514,0.6684039538802456,0.6804044418094951,0.6462613758166704
2023-03-21,0.792918898716441,0.03428005260976195,0.8284060245502074,0.8259105791035674,0.5987325318231976
2023-03-22,0.9159924340442764,0.6356625454996198,0.8037835150553563,0.8098463702785194,0.45213943479287155
2023-03-23,0.4281664884500832,0.9738815109849246,0.28943569148938736,0.2768911967902303,0.7245219871070596
2023-03-24,0.6482112519846779,0.2917715509136861,0.2465488828301633,0.3146486893346706,0.5475084593822082
2023-03-27,0.6691207796207401,0.08011642512000645,0.9715694141851401,0.9661742338682434,0.6598286938710702
2023-03-28,0.4759927172059594,0.8123834586721881,0.6208618900013555,0.5850567848233037,0.6724900748204863
2023-03-29,0.27610922069532395,0.36462643493502,0.3760669581750642,0.4271775002894535,0.6250651482726582
2023-03-30,0.8227172259755731,0.7480258574839738,0.7339315089361871,0.7968107184570901,0.6370948305023512
2023-03-31,0.6538688925272691,0.26650967856898294,0.6157230695147671,0.7845360387544067,0.637220299429052
2023-04-03,0.052717934062399274,0.761744293171512,0.9959793822346674,0.9885656594787117,0.9520588903811315
2023-04-04,0.8709157477728031,0.9533714376692861,0.49203385149000306,0.5626470259498062,0.9999866804826929
2023-04-05,0.37429228176417084,0.4791224546492199,0.47972075206563547,0.4579093414961365,0.409142123863289
2023-04-06,0.6510928000860041,0.300344722744085,0.49962697148268814,0.5025904665715532,0.39766681974041346
2023-04-07,0.4860114668316593,0.4698710731652397,0.46818175114384397,0.478893883397356,0.5091990156858549
2023-04-10,0.5172967538133582,0.11706144932582481,0.25231592331818925,0.23049255317436904,0.512898871176636
2023-04-11,0.9367759253737198,0.7708673327126842,0.8176786135533121,0.873712441187726,0.5309123542092393
2023-04-12,0.20439064151731726,0.6218674048544466,0.8694646006889741,0.8661547872363408,0.34655653460288743
2023-04-13,0.878374376371062,0.9245411549403262,0.200777695319746,0.21483107023943554,0.13922676971414796
2023-04-14,0.30956371628336954,0.04222197018134777,0.5221360186021038,0.5733520654270263,0.3533381737136049
2023-04-17,0.6765883553323813,0.28579905168469794,0.14018340136401924,0.11226450889546284,0.3691128312682963
2023-04-18,0.891285098603294,0.7410940335121696,0.4614991492972598,0.4800160159278357,0.478535999511287
2023-04-19,0.7285553954130195,0.24059198630844011,0.11890398547098015,0.10708744158155814,0.5247670225618382
2023-04-20,0.5686384676912036,0.7303052465173043,0.08160887606989284,0.09536750351958523,0.327746870560081
2023-04-21,0.967179434947241,0.07345600363799602,0.6230294118524026,0.6277911294526288,0.7462829027198553
2023-04-24,0.7693057476119025,0.6703532526874116,0.7770762728944691,0.7169353792048936,0.5786233897863122
2023-04-25,0.103340317778662,0.5983848777934172,0.08793815178221716,0.11462666179506671,0.00957148288457997
2023-04-26,0.7269774744674917,0.2906574591388787,0.030519731047431334,0.04014049071812963,0.311012158709705
2023-04-27,0.254513096439348,0.569929550373111,0.6390046416350694,0.5889306435330272,0.7795772761706706
2023-04-28,0.7072969948552982,0.48162325522717986,0.7798816190210136,0.8865987236492541,0.596724948813575
2023-05-01,0.45685419063919286,0.3104122024795766,0.40980824414837025,0.22595825587969007,0.5656927189668204
2023-05-02,0.15117109573320733,0.9456101531194809,0.015082183724532863,0.01525523259503975,0.5951625987857896
2023-05-03,0.008401898246861095,0.8001705968543446,0.051887866326042004,0.051382803851700735,0.6371473801381122
2023-05-04,0.8065377706439059,0.8573466870512787,0.4967710946011979,0.46823567549214756,0.48004024725490874
2023-05-05,0.9005415383659522,0.05650519212120581,0.9432535967741686,0.918657983639546,0.6441068769121884
2023-05-08,0.932875215378435,0.6591798892891453,0.8356553633031808,0.8254519879001476,0.03219124243262044
2023-05-09,0.8578518545429707,0.7112469678551159,0.5782474203980693,0.6087557433928044,0.77092121292321
2023-05-10,0.7453093054542896,0.34359524210777115,0.25146676556126296,0.24385316808609542,0.01878652112521574
2023-05-11,0.33212519932852164,0.1526109621689087,0.17738423730065067,0.15621479755086126,0.1255409071933
2023-05-12,0.34322738136513053,0.4517364325672282,0.2732059429034757,0.2953096489421402,0.8050752134062282
2023-05-15,0.07287724588546543,0.563700287642934,0.7451393791714932,0.7215790706497249,0.724113096824618
2023-05-16,0.002346509770475441,0.04526534631265695,0.3870089385728738,0.424627688910267,0.9646485276803695
2023-05-17,0.5210843356372235,0.2565016378252013,0.9163315795101126,0.8751698490721758,0.9979461072128243
2023-05-18,0.4060556237044581,0.06461813685987997,0.21775749004964193,0.25976974749048104,0.9997213778098024
2023-05-19,0.940504832945283,0.8978834035195326,0.3834990331128423,0.39828872833270923,0.3764505652777626
2023-05-22,0.16365806747489842,0.3876386226974468,0.5918556614950155,0.5990436911181015,0.7502142552657016
2023-05-23,0.4217072494783632,0.4006562883251543,0.7302491286281299,0.7269687210979136,0.5583948597609021
2023-05-24,0.43210848945354624,0.22960801697648284,0.875674368770957,0.8307857684771114,0.417162714622952
2023-05-25,0.5503425572591365,0.08824962727597037,0.0733710098882959,0.048778475606402194,0.4058744823584822
2023-05-26,0.2642376322215014,0.4779962545250578,0.6669952451625228,0.6881960875124746,8.899951700038267e-05
2023-05-29,0.484473484615885,0.469619802960777,0.47073469939680024,0.4834023887485566,0.7519225966962975
2023-05-30,0.6174118308662787,0.8214775965623584,0.018358383391054143,0.022293455049512263,0.5201162170511378
2023-05-31,0.5062265286356427,0.6553689656698904,0.2420394812445128,0.17391345707141256,0.5029932386961975
2023-06-01,0.4957024730046815,0.8288636781368206,0.8634453278951242,0.8770533483751876,0.5069080107836142
2023-06-02,0.6565816376701228,0.05035312671649884,0.8965415491968485,0.8327015590290257,0.5015965174321122
2023-06-05,0.7549891957080812,0.6090668506937313,0.6412398006131202,0.5906833188074951,0.4803429417654087
2023-06-06,0.3819664935897854,0.6933159136559608,0.35548723100113183,0.3754608891498864,0.3608338803130819
2023-06-07,0.9028490605745277,0.05999640868489936,0.6645916308589941,0.6883497249813566,0.5822506669181051
2023-06-08,0.8485255953347127,0.906262515595402,0.21514172590719724,0.18235148059878178,0.5307473682932369
2023-06-09,0.7548013462015433,0.44797510888909825,0.17169768782468087,0.20035654413642603,0.5194205477455787
2023-06-12,0.15152919243253957,0.2717445886991722,0.02791536595883842,0.02896984708166477,0.5342880744397529
2023-06-13,0.8622675876050045,0.18431276466441426,0.9431864387366482,0.8999940405943753,0.28496214613824333
2023-06-14,0.5171667306150274,0.7634042623759971,0.2253398705734827,0.2335081669687946,0.05176345341412389
2023-06-15,0.7922448850649115,0.558309552951533,0.9434144638035518,0.902783069139803,0.765858359017318
2023-06-16,0.18445193973596877,0.48795605213351156,0.7277268871848672,0.7475812708019298,0.025503175547365864
2023-06-19,0.48256622819299516,0.46568764657783485,0.4724095347484276,0.48646512666687264,0.756166650214157
2023-06-20,0.13551889200869566,0.04856320708620041,0.28464196776527545,0.19131916903805354,0.8164379238904391
2023-06-21,0.6871266429554024,0.3665262715473047,0.8009404641963273,0.8826830868869188,0.42738638877923824
2023-06-22,0.2536071352356735,0.05829596924964003,0.035197054614966757,0.04140997243344429,0.4456925891594248
2023-06-23,0.3389584649621833,0.654217338450155,0.37720335159524365,0.3920431413615731,0.6271786027094668
2023-06-26,0.9623759822266027,0.6288217592100919,0.5624916464616888,0.5346434862149263,0.17289934282203534
2023-06-27,0.5478964241761326,0.18758497693758025,0.09407803156624966,0.1340137601922005,0.004706248064221883
2023-06-28,0.9510140489974069,0.39160378823853,0.8867238689617907,0.8612729928768132,0.7800178661551516
2023-06-29,0.060100336601116716,0.35234217044868205,0.5686017635458579,0.5661001790606799,0.6139347118407785
2023-06-30,0.9712139949404817,0.8247319961898312,0.6397072856783226,0.6854808927185955,0.5245218642928178
2023-07-03,0.8213899795111839,0.49949044805463283,0.3949617247204202,0.26291811892905087,0.6398976119050162
2023-07-04,0.48926931506124466,0.46229933846478305,0.4653279973531764,0.4772150620400703,0.5555117252599838
2023-07-05,0.2540319901871472,0.38411873585083844,0.93781284122925,0.9085697346679944,0.03238929764180176
2023-07-06,0.11401457382145888,0.14365522766212135,0.4373193343420503,0.49028931341475657,0.7669717094793456
2023-07-07,0.45621773425468065,0.912639934613308,0.9314493646599076,0.9182764336350538,0.4425918430195076
2023-07-10,0.6956330020798509,0.4401205503039672,0.2595619620578942,0.24950594900576717,0.7116815434086026
2023-07-11,0.4609761655346839,0.6862425485556328,0.9031338983587497,0.8891808321073746,0.2527181179007629
2023-07-12,0.5123625814141175,0.963568549665879,0.7013784728959079,0.735042745801037,0.6951472499820803
2023-07-13,0.07457650640293359,0.5973824457169667,0.8335196629235456,0.7829032488884735,0.2118702764977083
2023-07-14,0.9344110976630631,0.4981527137891322,0.1271385293041584,0.1353765092777847,0.7174531627076749
2023-07-17,0.8560291466434848,0.22533045333991483,0.13624511179379697,0.16666014181297018,0.7024588531038867
2023-07-18,0.8326473639710557,0.9564418358254302,0.8012276961360152,0.8487381389642334,0.3826113419107699
2023-07-19,0.6976287584988391,0.5040125181865978,0.4183147931959299,0.37274095755374015,0.7274513656443129
2023-07-20,0.1691145156555987,0.20048388237873613,0.5267074361646104,0.5596854172461756,0.4294000814619662
2023-07-21,0.7029352191984919,0.3214930776026715,0.8816317670379739,0.8449222157799561,0.6557176126180684
2023-07-24,0.5047256938461019,0.3245971339617501,0.9128055052126101,0.8772363054583675,0.45233314789469187
2023-07-25,0.8561057729635446,0.5214442196267608,0.7629484503482162,0.7326428242102858,0.723914658328862
2023-07-26,0.9390300584916502,0.6979771274981137,0.25889206132972453,0.24292462521964575,0.3898819422749928
2023-07-27,0.3123241342071579,0.03794761757500094,0.8560317963288728,0.8176857509718239,0.6672653948363254
2023-07-28,0.4513935259919089,0.8637290432818462,0.7250812176190304,0.6297533201636154,0.7145421216451323
2023-07-31,0.6707066819932826,0.7934530578058321,0.6681119841800358,0.811752782800479,0.6486316897405079
2023-08-01,0.4451660427702462,0.02172573364773382,0.2664613544956813,0.3461637315346166,0.6943032599801939
2023-08-02,0.642354142309636,0.3189448186471774,0.0804237994156817,0.07055114383603964,0.7448098822434264
2023-08-03,0.07497920518679416,0.28204339923566085,0.9359788831038214,0.9124889124741543,0.8221965230352843
2023-08-04,0.6410336707240352,0.7144571671485698,0.8109933592232776,0.8059856688061275,0.500359050402907
2023-08-07,0.22352459936820251,0.26936807181177164,0.22146053080718323,0.24592779147172494,0.41474821790340277
2023-08-08,0.006294268092380159,0.17502350555197493,0.7346220711100103,0.7408184378007427,0.6665835313246444
2023-08-09,0.35906556296124226,0.18434673565495868,0.869398300776162,0.843394032917921,0.53250107780787
2023-08-10,0.20210580339515896,0.4116384679994489,0.17092833669938273,0.12282893437844793,0.35986349619792957
2023-08-11,0.6151627587741525,0.4019924201445908,0.5995794703213723,0.5767284705811737,0.688954975609831
2023-08-14,0.691718805347863,0.3704557673128064,0.28060486123984796,0.2853171555854689,0.27425370300993446
2023-08-15,0.652798715783961,0.19161771707865052,0.1268462643519246,0.121558580898753,0.4077074883520332
2023-08-16,0.7502068151251381,0.22675802917145774,0.11083746395868015,0.11680813579268833,0.7563282839497389
2023-08-17,0.8053513943645669,0.11115936785216919,0.6902500331790098,0.7371931033001512,0.39186441607793776
2023-08-18,0.14954151718529837,0.5228274146461456,0.7091005597558606,0.7145230994624209,0.6658019638367451
2023-08-21,0.38448610357499863,0.7365104374005902,0.3532907898053302,0.3291728524185393,0.6102473679327247
2023-08-22,0.264696810641196,0.5957398645888965,0.3156567690054603,0.36420222178750816,0.2731709694238151
2023-08-23,0.427718467416564,0.9609207886700838,0.2057249334915545,0.12496409829984388,0.44570061658702775
2023-08-24,0.8086888366150857,0.47885073519456983,0.5170435265261369,0.5194272429806877,0.17891490930290918
2023-08-25,0.9193258287595913,0.22065697892693123,0.8519715019742816,0.7116881781438842,0.15005689452402243
2023-08-28,0.5960996856480876,0.7046023327112865,0.4489594870021942,0.5662822511263146,0.07588994761708619
2023-08-29,0.9807328354919997,0.9335813547208515,0.8423564102112501,0.7938924702594572,0.29490492163348003
2023-08-30,0.8383864608248959,0.7521676674838883,0.619786062875487,0.6363479777241421,0.3219514365909031
2023-08-31,0.45660399847020056,0.262194709402241,0.8280026004691978,0.9353690795098684,0.10235096576824085
2023-09-01,0.27231828451730805,0.5129130512414082,0.9387620848512086,0.921428844362883,0.3703531332475887
2023-09-04,0.48380464638361087,0.46141412534901416,0.4757050741876713,0.4813260337426344,0.7300402658692664
2023-09-05,0.37003234334003887,0.09845948958890592,0.9080919157041929,0.8072364642577746,0.07470162635159086
2023-09-06,0.6266891719292744,0.18202793421025548,0.6813060428555617,0.7427808741548824,0.003641696911492171
2023-09-07,0.4519279026131115,0.42313497069676326,0.2478894276468965,0.2625306754189597,0.21197070953229602
2023-09-08,0.766362751174943,0.4935565343330177,0.7310240761446437,0.6806122163473867,0.03534119404376223
2023-09-11,0.5045131667328553,0.654774042789577,0.464972967698545,0.3956477258759353,0.6877705689289536
2023-09-12,0.9947441434138112,0.11312172687139863,0.901756787941363,0.8920302897738487,0.2952792139034684
2023-09-13,0.9054653769522815,0.35174145906631277,0.40736275392015325,0.36533439749563523,0.6570334774613096
2023-09-14,0.5195470637573387,0.49108368105926625,0.9437177173835489,0.9023443591977551,0.00855682415842219
2023-09-15,0.052814673917661786,0.8890638200514254,0.5603486160263116,0.6829709691899334,0.3990202332947636
2023-09-18,0.016136716255707013,0.7667519938716053,0.6512606661235324,0.7126962439009004,0.5284088083238485
2023-09-19,0.631209068186667,0.48893749042802426,0.4338558096771887,0.3701492543994489,0.41488073243012985
2023-09-20,0.09854440975839687,0.883436083107255,0.2088997801861234,0.17751560827729465,0.45667714323463765
2023-09-21,0.6647913140822534,0.0208954006443299,0.37375379187094565,0.2483087720202172,0.6400096605644183
2023-09-22,0.3913722625017278,0.6631177206683003,0.44993708483451506,0.609661647487702,0.5849613579200047
2023-09-25,0.060822458208886244,0.1782532164634186,0.47068207006233664,0.3408338509421682,0.20743482456268345
2023-09-26,0.512981211446843,0.06345253640972529,0.7297615583943381,0.721903530365841,0.04961068396065268
2023-09-27,0.0607507065758,0.014406243721776917,0.9845224607828863,0.989822058376317,0.2539623044937934
2023-09-28,0.7853859261458205,0.11505708009750346,0.16350035166655522,0.06165168610301046,0.00024244952970469116
2023-09-29,0.20524609921184123,0.10655527561649629,0.432791566405941,0.21438148096920862,0.16856324362651387
2023-10-02,0.9323269217700993,0.050161926822293916,0.0046291399516534505,0.07232587445131133,0.10879664797690367
2023-10-03,0.08719086912268792,0.24331241238516638,0.4998545858814269,0.5849757343560379,0.7557759726387754
2023-10-04,0.5061804642474831,0.23337203771251494,0.009566930629701317,0.003832265432857231,0.0078642330027895
2023-10-05,0.26070687993491465,0.37321664050133574,0.16873045728122166,0.12638321976108483,0.073901572199726
2023-10-06,0.8379917504280445,0.8848842305451349,0.5738222974465058,0.5847160017013823,0.6967560225703575
2023-10-09,0.35115717727022944,0.9456542795864573,0.9620442272702532,0.9610807496305416,0.5458061499262413
2023-10-10,0.7677233061889709,0.8439926922494323,0.3820201191595164,0.4021790876327559,0.0218888844709744
2023-10-11,0.19747269299947542,0.8414226802810345,0.16117629421904067,0.08386460098346743,0.5661490108043982
2023-10-12,0.860356221059212,0.350147116143746,0.5012737026686942,0.3499684599602004,0.024498491344702555
2023-10-13,0.5614639971155985,0.9976668091246557,0.9879941966595529,0.9816769867033065,0.5173955123228782
2023-10-16,0.9467153686293582,0.3656559706371111,0.26875785019209547,0.29681054225408954,0.35176009676136155
2023-10-17,0.7869584589084151,0.509060764871309,0.515570428017875,0.4793571730890533,0.10192355724163495
2023-10-18,0.5194197462095786,0.9575765784614161,0.7898455839729015,0.801463118177925,0.04107284733626001
2023-10-19,0.5552337890797647,0.7877799293452521,0.6656209059473173,0.7072514135611905,0.10251046407323432
2023-10-20,0.7959114849691981,0.7922660060767588,0.42332536975922286,0.3445894436808898,0.033031478313872376
2023-10-23,0.8732681044109194,0.3357619328753384,0.10310294510701644,0.04040824598496384,0.28265530750511114
2023-10-24,0.2811295906881678,0.4336085134796964,0.15181754038634213,0.16114801887862873,0.21593689547525466
2023-10-25,0.5300041838197129,0.6970040194426068,0.8718092250146596,0.78995230021052,0.6123623669297186
2023-10-26,0.9026603791153385,0.5620462566835982,0.11559445740957391,0.12280751095151596,0.3873371108366753
2023-10-27,0.7690375573079452,0.5117669175899384,0.9154377197297068,0.8649290132116709,0.6017764233640517
2023-10-30,0.30687863213892697,0.6720965501549673,0.06693132516278612,0.060308670508215936,0.05476037242190873
2023-10-31,0.4179837711790799,0.21513847873383546,0.4475335594012657,0.2448477185591436,0.006313228440590194
2023-11-01,0.31895076766466873,0.29205636109697686,0.07462958100708533,0.3659893131468025,0.6855707715409187
2023-11-02,0.8921484695100971,0.6529295175748795,0.8777068529070344,0.8335501694400359,0.43324376598797015
2023-11-03,0.7201380628428178,0.6431909356486987,0.14667241159015565,0.15479337152843595,0.5777912939581384
2023-11-06,0.6054785835046044,0.2215612440707933,0.5271460917239402,0.5429500938589015,0.13400841460543722
2023-11-07,0.2707094708618702,0.1308392605342405,0.03914678087994606,0.04274114556521676,0.22264983514605283
2023-11-08,0.7193573380419109,0.11968410954545002,0.1273768427067365,0.1425658374919597,0.37245317840723857
2023-11-09,0.7219116785414668,0.7942375278802859,0.5682337585265186,0.5630357326382074,0.08201196565555184
2023-11-10,0.7728949699253349,0.027849608703323994,0.7852175740368291,0.7632770734893797,0.1935629408834947
2023-11-13,0.8530776863836622,0.785994276477164,0.7288315737592381,0.7120892240024165,0.07904560595280029
2023-11-14,0.039106387827478974,0.8659036060753138,0.46069992452477976,0.48601209581140015,0.04620721438960641
2023-11-15,0.4278565018478115,0.43439475814389295,0.19951087563357678,0.16364447840737434,0.07890576015837056
2023-11-16,0.870300025039228,0.9310190485408765,0.025467871412779407,0.025824245874715747,0.09459140435468634
2023-11-17,0.907695953205492,0.4264579472630031,0.9503373573662095,0.91675801056713,0.09781674922295527
2023-11-20,0.18873994962036922,0.3535468726275572,0.8203083931444477,0.7969698047122213,0.7803742789503784
2023-11-21,0.9947063570140129,0.9124485086225604,0.504286974205669,0.5244025139557278,0.08675032229775284
2023-11-22,0.20332976592826976,0.27711556310947083,0.3615779993871377,0.33983568629525307,0.04222708831774878
2023-11-23,0.4846703861946804,0.45943397835861033,0.33314675454423287,0.48056658742857983,0.776349511067514
2023-11-24,0.7541468033672014,0.762585485218627,0.28590261921226373,0.1650198948114586,0.031124291676292253
2023-11-27,0.7303879618192188,0.7450966415727557,0.31815467321089314,0.318301072035892,0.18873511688594832
2023-11-28,0.9380321364349926,0.9535396784655203,0.8633437722184942,0.8122735079099727,0.07201782700587882
2023-11-29,0.8326355122131834,0.6956130740656463,0.8240370827822565,0.8014644926513634,0.04916139181284822
2023-11-30,0.6980575895320853,0.24549200176528713,0.40263046629567456,0.11994717380399993,0.15646610959265056
2023-12-01,0.13032777458673492,0.964241994982673,0.01754570177823146,0.12197753725973827,0.7649251007796216
2023-12-04,0.03970427652742246,0.013889225648772202,0.26967562275318513,0.2507160844540882,0.1585226104216555
2023-12-05,0.15618722919865977,0.29352377149042724,0.2763203239936089,0.31083972858024533,0.6942356901454921
2023-12-06,0.6920366706449388,0.7574883679757178,0.049905566109311746,0.045400761140815225,0.30434022665458765
2023-12-07,0.9177036495470502,0.46567790407492354,0.3945700011764775,0.4655527435818208,0.11994612504343445
2023-12-08,0.7212621438115048,0.03647568782860606,0.867529274620083,0.8578263675434877,0.6293826612103186
2023-12-11,0.3171072575398623,0.08542291918009688,0.5269364426595432,0.5114257429030193,0.019851852847629806
2023-12-12,0.6289491775777813,0.4444053220034655,0.052115666887270894,0.0509261979789585,0.7903170549984384
2023-12-13,0.6087687039060424,0.596465195196185,0.7169369411773321,0.6780344316177412,0.14573599963558048
2023-12-14,0.037266281087018883,0.9883614948908702,0.9267339657914453,0.8859111321060876,0.37922169305146197
2023-12-15,0.34255808813585376,0.30643647572655563,0.46391967589770894,0.45241299552553943,0.13697962670164143
2023-12-18,0.651788597877732,0.5922769539634802,0.8098140688273576,0.7341232847954471,0.7568924016491055
2023-12-19,0.6010768363322788,0.751722633158713,0.7938996153360993,0.726850938390843,0.15792591384549626
2023-12-20,0.6134288162730603,0.3868554386612734,0.6027664261853273,0.688278904468893,0.552381580546684
2023-12-21,0.3559536734800408,0.5854546121460297,0.3862003277572278,0.3900382533044727,0.6575226242870824
2023-12-22,0.6323197070013253,0.8488040695604764,0.37610434390774017,0.38126652024473195,0.6924201885282228
2023-12-25,0.4874047656432291,0.48790036988367474,0.465075210075701,0.4764756203440175,0.5724945258010143
2023-12-26,0.30926772602256564,0.49967853522842465,0.9272845097831404,0.9216393146088551,0.6084408742612551
2023-12-27,0.4643444371735658,0.9078577280526477,0.15177201647939192,0.13126114064085928,0.8744557148065144
2023-12-28,0.32824560319986595,0.2989444850070285,0.1633799743868474,0.05089234078116657,0.8371152490909677
2023-12-29,0.14853152281407617,0.20700933896008525,0.14718606745689292,0.4383421985328826,1e-06
2024-01-01,0.482490079694569,0.45910100879823396,0.45909923799263885,0.47885866129944243,0.7509702100673945
2024-01-02,0.8988643701801386,0.5242269177824226,0.1717057635127998,0.15588843143118375,0.4869345803825978
2024-01-03,0.25499278109590856,0.04000486058513705,0.9588749923907247,0.9345962092538908,0.5085362350210616
2024-01-04,0.6347527251944538,0.659420306127952,0.2936624816733164,0.3442120542910519,0.5050126363537601
2024-01-05,0.16060915321137248,0.4797561400555382,0.809355355756082,0.8618892202463408,0.47680087988811537
2024-01-08,0.03653484854065976,0.13139346748531414,0.04012052266142798,0.0268839896130012,0.5175912831793023
2024-01-09,0.8677098093337257,0.44588823740468364,0.841571028929785,0.8060517697986282,0.445139415877859
2024-01-10,0.7686985470388441,0.3341887497341887,0.2668495626548353,0.272172046725726,0.3286822191511892
2024-01-11,0.86516783811471,0.2607487152482462,0.6521044572410271,0.6491931573320233,0.26882377760947124
2024-01-12,0.7864478224812606,0.9676329251230733,0.7412678119240379,0.6621139412914393,0.19090090153542322
2024-01-15,0.48820994199918244,0.5015518747189489,0.4716381597895348,0.48186242071532254,0.7105026454599237
2024-01-16,0.9449108115721,0.08523054362351695,0.46620899266929844,0.3924367292533106,0.2841291489936976
2024-01-17,0.6137108621341809,0.06098263155605832,0.33360876517416443,0.5277447848454556,0.27378476278811403
2024-01-18,0.5524906850416156,0.8323752870426926,0.8468139621520703,0.875709357094283,0.3235612012109029
2024-01-19,0.9618376117996523,0.7002179813954863,0.2987160246049771,0.27465603832394203,0.0001259210008847929
2024-01-22,0.3817399444596761,0.2945212309805359,0.8990472055392589,0.9047911352276956,0.7277703670282696
2024-01-23,0.8430217180580393,0.5758019131153582,0.3082584154468014,0.24167230704471301,0.4409348873160672
2024-01-24,0.9743535323339068,0.21713787164987355,0.6437732483070471,0.6972918549025687,0.5490670645722788
2024-01-25,0.023357428682248327,0.5478802242844911,0.9733044344171946,0.9460900049039075,0.2434137564243315
2024-01-26,0.7314836352167529,0.46623270514898124,0.8223784252047042,0.6822900038714362,0.1453648928923235
2024-01-29,0.7910161544545395,0.7146158084792859,0.16996478340200757,0.1549988158671555,0.011660397428166082
2024-01-30,0.8339237812338681,0.6678384739177154,0.6210217064648317,0.7683236769693138,0.5192101488273629
2024-01-31,0.5843457625516779,0.8786432441486856,0.15896927614888487,0.06923757399453265,0.03225389704387477
2024-02-01,0.9497211690448883,0.6258527264024999,0.020780088491951947,0.07259703592245718,0.7530555236522916
2024-02-02,0.7498337522334311,0.10140649430231775,0.14601755886987258,0.1350693447409192,0.04979811230374437
2024-02-05,0.9756614172571035,0.17786065656626832,0.6631198513867724,0.6108449151481745,0.1436582713471584
2024-02-06,0.6410228093502035,0.7213824744313293,0.6607363519973286,0.6310223564250184,0.38874625119824063
2024-02-07,0.9730559216602784,0.4971630370664221,0.671049255598501,0.641677148049274,0.20808601220592615
2024-02-08,0.9982440455738192,0.36730494726857355,0.961995616955809,0.9405798161114485,0.07124086638945508
2024-02-09,0.761812404354857,0.20557646139831218,0.6525034483361865,0.6633048437908566,0.04174535549134159
2024-02-12,0.3960896720500787,0.2906862782570959,0.41147235960404177,0.5040900672486492,0.0070348073262084965
2024-02-13,0.8739046962725256,0.03378881547830427,0.7123328797634707,0.7551196138279316,0.7742470594884899
2024-02-14,0.3221610328384148,0.3461708220345051,0.1693543119748889,0.15449763955562526,0.46411672336625903
2024-02-15,0.5305063918332629,0.8131839683942833,0.8358514585650032,0.8375872632767256,0.06689003534635411
2024-02-16,0.023934356589173002,0.7701520470367814,0.6773045023489896,0.7997462799374961,0.07774177595244805
2024-02-19,0.4832786570996853,0.47359765996579695,0.4693073156699521,0.48039674085857614,0.004761815763308943
2024-02-20,0.9834403531068963,0.8843224315593406,0.1616709333805352,0.18753129305942637,0.6250768172015653
2024-02-21,0.9273569821039014,0.31167078423189065,0.7010368217865042,0.38268383294216807,0.015630302435543336
2024-02-22,0.4066066751660963,0.3666748590954023,0.6986910877718421,0.7003919946927292,0.710160764296157
2024-02-23,0.9904909555626653,0.9160957277017292,0.05489673222147243,0.04597319310922133,0.524969907044508
2024-02-26,0.967559612373629,0.19366916663108863,0.7543705324756683,0.7772834796486645,0.45281956625804043
2024-02-27,0.21381050655646655,0.6372112743960281,0.8221700500041804,0.8265624752450009,0.3823800224253201
2024-02-28,0.019188743162565042,0.4332272030648594,0.48280659725136993,0.3775620825739299,0.031814935068950605
2024-02-29,0.7838565725066977,0.8335054238754647,0.44424157082525834,0.3822937540677901,0.08717176709865831
2024-03-01,0.9591191671356348,0.9901914544649512,0.43914747974057466,0.8992829297576463,0.09907412271166194
2024-03-04,0.8963223632453193,0.9624538939814365,0.2255813645606462,0.15307602310406837,0.7244272233028171
2024-03-05,0.3073082966046427,0.8370613140735486,0.2169519084531547,0.2916231435538067,0.4116457576824217
2024-03-06,0.8588912575714784,0.8409179473899392,0.7952627183622352,0.763159100467308,0.5670805403476199
2024-03-07,0.25425744983975196,0.6775740413852359,0.4709013629074917,0.4129130591734258,0.008221729337803269
2024-03-08,0.36108293649742684,0.8805036326351792,0.1845648521523301,0.19945023614861412,0.4064178231398284
2024-03-11,0.9540974433903562,0.5884003003168295,0.5103939753475701,0.4424965441856589,0.41013522108129147
2024-03-12,0.996662742359173,0.08951932296543699,0.3520970933233613,0.34425241262855333,0.03155179293856632
2024-03-13,0.47873421575420605,0.7960538395881055,0.9721637572053058,0.9500514219619645,0.05340525529790227
2024-03-14,0.010455865270198199,0.2033461961892214,0.8977984828768328,0.8827137280070226,0.7694349458504552
2024-03-15,0.9850834852514243,0.31259029076400685,0.4447601493111334,0.4072634357033114,0.5141025965546053
2024-03-18,0.7249351529322409,0.5557309675787012,0.9136488640224973,0.8989823482841269,0.0018643781366359275
2024-03-19,0.2825486160867881,0.35233561994436063,0.6552811161447903,0.7173351629383471,0.1498956869723889
2024-03-20,0.863865986062648,0.5079185135780094,0.10807439818071868,0.0725323946289048,0.16019531914186882
2024-03-21,0.8059420612466075,0.9263788917448236,0.3958796469471488,0.285469124351704,0.20822149457089847
2024-03-22,0.9032675379134084,0.07102358789633217,0.3407341284417574,0.33460763930515686,0.20747784580890535
2024-03-25,0.9793693740575464,0.831787409406133,0.881706702693035,0.8355543548603943,0.02563956904221542
2024-03-26,0.46733283480963306,0.506125253527386,0.30213226642493174,0.37298221149611754,0.4600077076765415
2024-03-27,0.7478660296770449,0.8210565200386555,0.40129138198009917,0.381254321550312,0.4668680591234731
2024-03-28,0.4007415234024921,0.9376239267189398,0.898798850801968,0.9159188599266046,0.28182268709974484
2024-03-29,0.49321977999447336,0.493636089798866,0.47374893405331225,0.48084861297453474,0.6490849056872003
2024-04-01,0.8559100762801606,0.86557192015625,0.4407722685910045,0.6577812661840885,0.5241697462364618
2024-04-02,0.2948621838720885,0.916357466545225,0.9172714653792974,0.8779483362716419,0.0026082139057161265
2024-04-03,0.09392339201415537,0.955188741864317,0.6408193828060406,0.5769238353152075,0.7544426731933146
2024-04-04,0.4074829067066183,0.3692062199566484,0.8827718921025863,0.831875384658378,0.29115202564504855
2024-04-05,0.853733926691042,0.9570120935439641,0.6701025200633428,0.5919627882117877,0.36120519951449714
2024-04-08,0.6253099969585549,0.6324977540174882,0.2161511053009968,0.2960047548882272,0.0032905747206307115
2024-04-09,0.8302702460153826,0.7248307076318908,0.17195192957825875,0.11888931149868646,0.7590863029729937
2024-04-10,0.7383037578616375,0.20859797550408882,0.8267680667708841,0.7846071183834064,0.21832614545799942
2024-04-11,0.44767829750882937,0.8900331261855706,0.23128660060601375,0.13370665946213078,0.6398191732115508
2024-04-12,0.9543991119768312,0.5234143258921108,0.7277069908150572,0.6830403945562591,0.06337142273277595
2024-04-15,0.515781614671392,0.683816029307289,0.3412733893694102,0.38343955126156914,0.28477765245935605
2024-04-16,0.023136815907167273,0.8951983513123668,0.42987404774033844,0.4487620512457906,0.697905997999458
2024-04-17,0.6057864288217691,0.15014929859479956,0.018889037065632722,0.015851954545657968,0.11776586775513306
2024-04-18,0.989335043948873,0.6891215182654515,0.3905065350836877,0.47501423878143223,0.27944395135137406
2024-04-19,0.9127588950285144,0.8010503529133572,0.5272467667437319,0.6129111966888436,0.0009088245063797318
2024-04-22,0.05131692497781415,0.0068408896946520505,0.366715785228202,0.3702776237946798,0.5228720346337379
2024-04-23,0.07282104962225475,0.3264960678223491,0.889419606989155,0.6531715049066289,0.3586985959098515
2024-04-24,0.873625855661124,0.39575397050043976,0.33883659420661605,0.2764853223680247,0.003852907669041236
2024-04-25,0.44077511661278146,0.590643844273353,0.8014221522176714,0.7373731341995811,0.34340417672472046
2024-04-26,0.24199664899960324,0.5919809831090295,0.6528834058408256,0.5808969467032041,0.26320588061009764
2024-04-29,0.031570170213535004,0.7125270569529039,0.1561622182967158,0.10829307878370094,0.048790234258193316
2024-04-30,0.6555682693226818,0.011635573705361505,0.2782969376816429,0.22624360033595511,0.23303228388092645
2024-05-01,0.010610356416687916,0.6241693135531083,0.004239659348381063,0.01250465360081606,0.7216296204010406
2024-05-02,0.026819047077256963,0.46060210180180783,0.5080483033491735,0.44755887292867086,0.0019432507940843084
2024-05-03,0.516537092244354,0.4640876810688988,0.29044807393376565,0.22607826363185088,0.40116639088448014
2024-05-06,0.5799927710835444,0.8845940650516277,0.5712052145071838,0.5931207546942269,0.13288305581159665
2024-05-07,0.9926510124769451,0.33947842384330046,0.4190193994994986,0.440411741334304,0.367830342788274
2024-05-08,0.5291121026263695,0.4241308299353912,0.5973227523607446,0.6843653871999025,0.057757391674642465
2024-05-09,0.5602030582433699,0.8436746610648387,0.565507160481137,0.5746797589198068,0.014298036644967288
2024-05-10,0.6946427409412728,0.9577647922309613,0.1829042092933404,0.1570655819982915,0.6563133120100113
2024-05-13,0.0006987619450144283,0.06239952305429656,0.651313154190225,0.7614698171114286,0.1712525215528787
2024-05-14,0.9269626922382379,0.7974255720165631,0.19692991573620788,0.14375061023147306,0.6733548390173683
2024-05-15,0.7815466350251592,0.9503741720717569,0.5898752276441578,0.682442079196208,0.30422581861582765
2024-05-16,0.0011807471723682653,0.31850453311237026,0.6548850590653991,0.690600540636567,0.05660755458218852
2024-05-17,0.43540339173499315,0.9274407595991706,0.7229283411334897,0.7636554311265107,0.1923798565051614
2024-05-20,0.35313981123419946,0.8551496070533051,0.37421636810051206,0.3745457114768615,0.06271615109984784
2024-05-21,0.6857649936327838,0.2567007727938877,0.20512178327646474,0.2683504114139133,0.11947600639983491
2024-05-22,0.650568712262173,0.06003699872833976,0.16866683897756143,0.055751724488107425,0.13818931653265212
2024-05-23,0.9210236249000648,0.014853560674419853,0.2735276080043596,0.23547469318661735,0.21083748544151606
2024-05-24,0.6788948979577325,0.3806804320367945,0.7515111921009416,0.753493983587518,0.09733774293696361
2024-05-27,0.49736561164625825,0.47043523133955434,0.4697799977167735,0.4760798456914415,0.017057219390267962
2024-05-28,0.8720960792675203,0.8635455575932579,0.9687044767228565,0.9548582392489179,0.6153817534511341
2024-05-29,0.8785803245646752,0.20885838410693078,0.27374685875637156,0.2789883520411138,0.06122488805952002
2024-05-30,0.4527602380496712,0.5180700635361685,0.07049986626991288,0.11272209735263945,0.04386729661352034
2024-05-31,0.5629006272792547,0.1327346104102188,0.3715416998649163,0.1939643103995878,0.23337248098952837
2024-06-03,0.830983804451617,0.8743043360263492,0.013688447336651456,0.021347993060581494,0.7388438983370609
2024-06-04,0.31347822432209305,0.12976904758494168,0.23336458108652092,0.21357060785705279,0.09360433219083135
2024-06-05,0.3607917786877172,0.9111924271297378,0.7358465068813311,0.7070611796737573,0.6967060893134858
2024-06-06,0.8438064444841595,0.801888302942817,0.867348488078892,0.8486411507042343,0.7128618533521434
2024-06-07,0.5531662229060458,0.008394860567749912,0.39804955982665113,0.4774964681270897,0.14586872657313113
2024-06-10,0.28585877537078114,0.4776423220511421,0.9344565388305781,0.9350186828684108,0.002739749236802223
2024-06-11,0.6902266769372563,0.47000450818639394,0.5701543150897506,0.5348559141200122,0.09300716448328049
2024-06-12,0.9046191553538735,0.9101747183352423,0.6872061308462812,0.6634089187858441,0.3256820900147869
2024-06-13,0.7150775697452769,0.05169775573982241,0.5198487162770135,0.5172038725549888,0.697698691018499
2024-06-14,0.14118597091822663,0.9148937282194007,0.42316200094280854,0.41416296910188993,0.040050414012104456
2024-06-17,0.08488055344472178,0.16934880788654247,0.9090045001186062,0.9289026222528859,0.7264479988039159
2024-06-18,0.7330005840392793,0.7960755090616458,0.8123546354370836,0.8374110927948898,0.06864806181494247
2024-06-19,0.49749729860509967,0.48667684999198013,0.4720436877132062,0.4782210609295965,0.02927869873048073
2024-06-20,0.2098875138785493,0.8669621129313769,0.6005053213748358,0.6807917878658598,0.09351221330119101
2024-06-21,0.07671930559194821,0.04665569841096522,0.31211074502334063,0.0949170526805856,0.10434486636642985
2024-06-24,0.011337963581829065,0.7216482098517518,0.7391062915777649,0.7546600547124984,0.0974993904459158
2024-06-25,0.4750695406332673,0.22570393239804465,0.17664266087349004,0.22439953073993932,0.0987544253123437
2024-06-26,0.30831741981090677,0.1572671033785802,0.5487264167946849,0.49314165225290757,0.3342577208372122
2024-06-27,0.12129745704135797,0.8859723021947462,0.8490590302275791,0.7566533358328347,0.25538147375575143
2024-06-28,0.8322172850769389,0.5632617804095319,0.4797071881792073,0.3996213871861938,0.05960179032011832
2024-07-01,0.13355125643450175,0.4717424708706085,0.5386990386779038,0.9351098407929141,0.7561254437801621
2024-07-02,0.8861047076414921,0.3677049279074994,0.33226601332966815,0.2825174484570418,0.010974004403714845
2024-07-03,0.5444231833395861,0.9539318620919558,0.8509030147128895,0.8105088818334102,0.12598467133460775
2024-07-04,0.49579553819792604,0.5009576977729933,0.47163507993605014,0.4748804417338361,0.7492777522200738
2024-07-05,0.38709939447571984,0.9103293580098539,0.19940954706147762,0.22131730780333625,0.17752971981059384
2024-07-08,0.4595746977664092,0.06179322569599017,0.19747247620739186,0.19334911307581998,0.021308966347327832
2024-07-09,0.8355859582641528,0.5534280292432234,0.13557920377631333,0.17664729638179452,0.7586320319243476
2024-07-10,0.6969912901740998,0.7249817367078968,0.628218891144772,0.7078040377179903,0.35452034804783134
2024-07-11,0.7590882986965131,0.9658831593731367,0.6004127031092019,0.6634117490822706,0.584514059887996
2024-07-12,0.5924230883663932,0.48424131446137736,0.32281207407888846,0.3197334020645163,0.316919143486595
2024-07-15,0.4252707942130873,0.6519792195644954,0.3867955163194732,0.3517511861764934,0.1260163763497074
2024-07-16,0.3278202186816002,0.9508893230269684,0.12185409465924411,0.12002619808776246,0.015929430153178145
2024-07-17,0.052568065983584,0.3559999445350507,0.9056968562772783,0.9505444731669989,0.18760212536665063
2024-07-18,0.8234377301710702,0.4083386993606696,0.48602420897833654,0.4702498495897634,0.5219685799040406
2024-07-19,0.12055452233371111,0.016568929606910445,0.0229485145653367,0.01758442447187579,0.03050186801876661
2024-07-22,0.9726966970788768,0.3653201873968263,0.37152527439650423,0.3546176283930558,0.7584043392040891
2024-07-23,0.3728734796817855,0.7155286300306918,0.11255026387770979,0.023264777052038693,0.20668990198313086
2024-07-24,0.4238011097713392,0.6582872299194991,0.708654407374882,0.6455794293518371,0.05395870338878388
2024-07-25,0.10441077824875623,0.011737274599658702,0.7109376028700534,0.6785357489311251,0.029138267079810976
2024-07-26,0.7598197814910468,0.8779834502863899,0.13345407991702588,0.18572013594611667,0.35062413525334674
2024-07-29,0.15782856054370425,0.4393455013954879,0.11378683784619285,0.14533854913773672,0.25843256292879196
2024-07-30,0.8944862381186234,0.8901542480799968,0.14546185032315803,0.19637181318858077,0.0009484956177462163
2024-07-31,0.44451536671704256,0.8415653531231262,0.9557267885070546,0.9697686043149747,0.6203875048011381
2024-08-01,0.05712604694998576,0.653990700728734,0.16124504209763946,0.14441019994875928,0.032858558405425974
2024-08-02,0.4336892945257217,0.30227480391925526,0.029602303357408027,0.04558682411086769,0.4360194161109682
2024-08-05,0.8830391696720798,0.11320314224040863,0.30844544958139636,0.3364284412727221,0.6481303296610585
2024-08-06,0.8369806993594516,0.22520864491918652,0.5221126778533938,0.5460746636076397,0.08111352681935145
2024-08-07,0.8541933403214318,0.492669404782785,0.9234169823148448,0.8881999600832359,0.06986251259157725
2024-08-08,0.11870055913237926,0.924730213592124,0.736691459732258,0.722139489314847,0.07619708858589457
2024-08-09,0.9862090852953304,0.6929703203315953,0.635916720357866,0.652830516144189,0.09829343563319244
2024-08-12,0.17310531580729838,0.9132642598777517,0.9717521287986598,0.9654232514895742,0.21286581962623655
2024-08-13,0.6322334736424422,0.5823599155238366,0.1288026852306591,0.1426263852493538,0.2012558112094749
2024-08-14,0.46457843219109807,0.09327649148608014,0.22206748613673197,0.18484945770262734,0.768212502154239
2024-08-15,0.16674638397963795,0.7228143223444112,0.8238053000957977,0.7465175941836583,0.4973741395169575
2024-08-16,0.662242599357358,0.9671363143016891,0.15209043997760882,0.16662681775179963,0.5651736741487936
2024-08-19,0.9174409030060143,0.5672648698445928,0.07432810803738406,0.08313782901900636,0.6210287038529128
2024-08-20,0.790583091358624,0.6570836257605204,0.32542068002233926,0.39672775952423467,0.5100335895876413
2024-08-21,0.5964939338484064,0.42211754982888244,0.17591577069518693,0.09766073552335033,0.7428272314282762
2024-08-22,0.6059905427509883,0.08267285985410497,0.8106411904588692,0.7220812138203453,0.23842350106543292
2024-08-23,0.630707858735877,0.8949075165930915,0.9165001640623965,0.8503634383749115,0.6774563218719718
2024-08-26,0.5575484612688988,0.6731176821113943,0.9569890016423891,0.9197057123901548,0.02983526932942751
2024-08-27,0.39598208023905074,0.4444645960324852,0.10466739084443752,0.13723781005230354,0.8511614402714225
2024-08-28,0.43481840279797196,0.20613277120577916,0.2345374032302215,0.2611405635267046,0.0012712904272510603
2024-08-29,0.3543559132444781,0.8660125455636309,0.8170974289501807,0.7737776891537441,0.26693104080964486
2024-08-30,0.5676212225321937,0.07212504086230463,0.19391473069514262,0.0883815352468735,0.0831012728222546
2024-09-02,0.4952344221830706,0.44774108438605115,0.46037908028733515,0.4761952612897599,0.01155834542529716
2024-09-03,0.49113661598217234,0.3887185618191062,0.004746702005357207,0.0386355211286307,0.3925204280446397
2024-09-04,0.13627267341451968,0.5442017018827016,0.2394328130963389,0.24073928661632787,0.050614851140108975
2024-09-05,0.7695995427652953,0.8123956230034984,0.46163060080174373,0.46912877407018033,0.04463495885252879
2024-09-06,0.40193801853992067,0.16494612182533744,0.15253326162204628,0.17515145037660093,0.3430582330616731
2024-09-09,0.8584662615857633,0.6388663915003931,0.6665360302569103,0.7195383153563678,0.15007009888190742
2024-09-10,0.29197897640181486,0.7025422589227939,0.06013657811888258,0.04507861843818231,0.7295646555761364
2024-09-11,0.8961578327365977,0.4726275584263678,0.8013257628753168,0.796644851015471,0.0015840503404382711
2024-09-12,0.33540036643866256,0.9605267617107796,0.8054530563557776,0.8203818582322422,0.09936567077550171
2024-09-13,0.6202864794875153,0.9208121278392842,0.38253718701581896,0.4135422548717065,0.03999777863658389
2024-09-16,6.251107053413357e-05,0.47460134116011576,0.7689084916201916,0.7960538245903012,0.6064483405512662
2024-09-17,0.319183429261777,0.18792348153425928,0.7352599386648149,0.7419281266352884,0.9012249945433528
2024-09-18,0.7052191911031975,0.5948087965288738,0.45832672241493055,0.4141082230270132,0.008626199912750996
2024-09-19,0.42413175226616756,0.8002559496577627,0.807221598475488,0.739710357533758,0.801994090869361
2024-09-20,0.3883232746560357,0.9271725640123211,0.3617598666568487,0.4760677910124079,0.2771033833642937
2024-09-23,0.6433488006982455,0.6289812505400773,0.296388587595942,0.12817851348097514,0.5848633119795354
2024-09-24,0.5920634338715401,0.871852334272213,0.8343579045945684,0.777637452538682,0.8691158729033062
2024-09-25,0.5998433138428896,0.6496090519384139,0.10068823792009321,0.09684661814916119,0.651579428515515
2024-09-26,0.6856888281735847,0.6896457996695671,0.08303539043155533,0.08682193391990017,0.004487075418441658
2024-09-27,0.6764042202466617,0.10185742868534327,0.5788394189685508,0.6092607878745012,0.5136667598352966
2024-09-30,0.06008929575381057,0.2880590882942222,0.4021589178108848,0.4805165131100835,0.8487551152502195
2024-10-01,0.026274924726301885,0.9195408658397713,0.921305861537135,0.8654268329517059,0.08127808621095363
2024-10-02,0.522400858297694,0.15507178715517436,0.5913341231978682,0.5651775743050169,0.19730158291261038
2024-10-03,0.44942364462318024,0.6620586567150869,0.9920199442963364,0.9824124905495839,0.9853893653886076
2024-10-04,0.5486361286304111,0.255622658081649,0.6079597969525152,0.6690492471399395,0.350181751428684
2024-10-07,0.2833330123561874,0.437510213566384,0.965055268691849,0.9486302893512168,0.01944474171272848
2024-10-08,0.6870747601784785,0.06587457156916743,0.027264633197098292,0.02367540499665037,0.9190071967006871
2024-10-09,0.8426188474356707,0.261556190639736,0.3221882538640942,0.39578108384441213,0.062096956432321396
2024-10-10,0.7229457839309839,0.7644852690723792,0.9430332793202698,0.918725367211278,0.8962127713746805
2024-10-11,0.7518984167678231,0.9546344086142208,0.3984680290314483,0.42269685228999204,0.10101821751968666
2024-10-14,0.33762382108740774,0.29854520802151036,0.16623423945032254,0.14028977443382895,0.13065326043513367
2024-10-15,0.848753129164846,0.7370512709239643,0.043397447154321984,0.03737398280117001,0.9575742035976847
2024-10-16,0.2803908750980115,0.7350942020469785,0.4481456445396159,0.43219213407390616,0.14202495578537783
2024-10-17,0.5012406125701337,0.8015218331939885,0.526285142491696,0.5498867039603503,0.09386664596310987
2024-10-18,0.13964502547236915,0.8662938472575828,0.18127638896712966,0.1747677356217649,0.7875431679643812
2024-10-21,0.41191746007506375,0.680855542776322,0.7751306370102768,0.7789226893032445,0.3345138468651719
2024-10-22,0.17676636738941592,0.8459983316953033,0.8721181423983171,0.817098627453643,0.5649239713924581
2024-10-23,0.29133134815852707,0.07504346548734953,0.22903897387986324,0.19568329504902898,0.0013381394590922877
2024-10-24,0.16799662812807353,0.8236640142326841,0.31382947830393076,0.33423111387882476,0.9314300410626657
2024-10-25,0.5145800536559596,0.6124515863604489,0.8724749246175063,0.8307611172815732,0.09370439377481005
2024-10-28,0.7199154030198649,0.5161910704280641,0.01013263335895955,0.010889707677202575,0.6487037143116489
2024-10-29,0.9027324087040918,0.8878904391104891,0.3836125118357174,0.4337623136888089,0.1215163656379773
2024-10-30,0.6799847287126536,0.8404111494791905,0.7929822942947782,0.7808234310458486,0.3722256463565175
2024-10-31,0.40930046630876876,0.020673517203321196,0.6272360572114091,0.6421802115672173,0.1441218695158684
2024-11-01,0.5047152663438771,0.43689763096185047,0.45604256872406773,0.5434345874322262,0.7067927722567797
2024-11-04,0.4738714766590983,0.4140227057593985,0.8921137210393949,0.8831271001496127,0.008860592575147602
2024-11-05,0.37251808195916136,0.5582975651788769,0.596855972623509,0.6227760759201464,0.9208056545264488
2024-11-06,0.09650115931483318,0.005435436738621847,0.31759451478713585,0.4009847890715031,0.06604260682945559
2024-11-07,0.9466923385204697,0.898930543357586,0.6660721491641696,0.6649903870728703,0.992368326581916
2024-11-08,0.1727474230967249,0.28236955047684215,0.11533029134612922,0.08053298666491701,0.0444952890028317
2024-11-11,0.7581455767850476,0.005564084840082453,0.08494057622746395,0.06029142233632179,0.7834964869117298
2024-11-12,0.9709531448355346,0.22713232522079518,0.4745594922521004,0.49550879271087356,0.6497804375745071
2024-11-13,0.8420172217470334,0.15504260227465977,0.5868082217186221,0.5690349336754126,0.8736015778906224
2024-11-14,0.9423576209220212,0.22754871987453262,0.5577865209704125,0.5618600367465175,0.7546448983323475
2024-11-15,0.4005957184845239,0.40796697557979233,0.1223236160797344,0.09907679763612932,0.9401765722043334
2024-11-18,0.2514875034570625,0.9668153962753873,0.948612857277274,0.9180036106701275,0.6212948545013707
2024-11-19,0.705365851316812,0.7869958480098893,0.4830603439990934,0.555388797175981,0.45213143977115006
2024-11-20,0.21818223917385612,0.8281145629884034,0.3205064045778939,0.32715659520459117,0.7786491946526235
2024-11-21,0.6374084548822352,0.8550375769227263,0.863773889729431,0.8093201398795591,0.967064217659979
2024-11-22,0.9159081436439184,0.9362350186844314,0.7678787789294133,0.7962433194546423,0.9238453644253191
2024-11-25,0.4551949367299832,0.004830162529095398,0.06153653793877205,0.049178522454101294,0.9817987549267188
2024-11-26,0.7023645246409926,0.4793502338011537,0.39410022968675684,0.42220324694461203,0.9708993580182886
2024-11-27,0.26733726659684853,0.7843829804938871,0.47221927657491264,0.4632815794371732,0.9749311033898225
2024-11-28,0.49238535113865384,0.48692257707962167,0.4666800092578542,0.4779379931460558,0.9203554869169945
2024-11-29,0.8788224867830564,0.7561776011499293,0.5056082026497675,0.2511351342311467,0.9278192371051625
2024-12-02,0.46819998801767826,0.16104316711210542,0.1566259814017452,0.5084533547332355,0.8432518127193178
2024-12-03,0.12089762707080656,0.6382728238168511,0.9344237516317144,0.9274147542824276,0.9294047365719023
2024-12-04,0.8721866010999676,0.6474106140489345,0.1365808874928803,0.11547395703029928,0.9948296069614382
2024-12-05,0.9100577081314316,0.10880459739144716,0.3828231247878275,0.39120476913995317,0.4385551323810917
2024-12-06,0.6407667324367179,0.6791376627010564,0.18079894889883183,0.1602353676435113,0.3699744922577271
2024-12-09,0.7327401515494749,0.8729878336562997,0.8124034637284382,0.8162309815669739,0.9457993068877969
2024-12-10,0.8754045971734326,0.9137109559103679,0.4918340162297602,0.5581287831725705,0.7854703121624975
2024-12-11,0.579536397770545,0.9253001328722488,0.8882402359299333,0.9104521922745452,0.9434099103762371
2024-12-12,0.752369204802919,0.04436968297260428,0.4335417175961017,0.39100920968500497,0.03462685873720769
2024-12-13,0.8960619484076237,0.08402866830389231,0.8414748540345817,0.8478988261776184,0.5643252166719546
2024-12-16,0.9383420628942846,0.3712105883945439,0.27126640410982467,0.2865266766205638,0.6917246948123976
2024-12-17,0.4426103314005007,0.34384305592066805,0.21977179092735838,0.26220041415932055,0.6450352407918255
2024-12-18,0.9595019387092567,0.32424201019249366,0.5425906007335458,0.6505097437785019,0.199038055001569
2024-12-19,0.14842017446420241,0.03628772450357177,0.2753502925361863,0.24642405958946206,0.2906735597699806
2024-12-20,0.3461922806987603,0.9226341798553112,0.48656409195777833,0.3084997124602403,0.9924699957612979
2024-12-23,0.296045661065921,0.22506503323832122,0.33653906075018214,0.3874748960542941,0.9525664909969734
2024-12-24,0.5996030364707181,0.6082881437055795,0.8435341302380361,0.7793977425659903,0.2133353448810163
2024-12-25,0.4949042174141076,0.477591687263744,0.47194128756369963,0.4769704258197614,0.510413564596951
2024-12-26,0.027122506034372072,0.7960155404380952,0.32740196584494585,0.28101584936759344,0.5145885049633439
2024-12-27,0.0157576572362609,0.14924570442548524,0.8410324816067527,0.8239145773010647,0.0034926385664122675
2024-12-30,0.99649591867997,0.25512080913661217,0.5750967351831902,0.6389813792369676,0.6040323600391255
2024-12-31,0.648391600873913,0.8470638747003553,0.5852912041137771,0.7630610024674802,0.783155947059803
2025-01-01,0.49611684273135115,0.48777857587259743,0.4655274754741852,0.47320930581843024,0.413429599320062
2025-01-02,0.11881483280083605,0.9035462552316924,0.9269868447401135,0.9200827308582765,0.5166880943761616
2025-01-03,0.5851261296604524,0.24155825664311295,0.7377213636958433,0.7987967311210852,0.002485862564622593
2025-01-06,0.6236918568274442,0.3314340730560582,0.37457251670646075,0.3045602567587322,0.9726746139013902
2025-01-07,0.3421072731743078,0.7976713962735948,0.7953638556383171,0.7504648083509091,0.30034287485445343
2025-01-08,0.04421345391894108,0.6426243257686224,0.1529572572260821,0.1405865950093679,0.04533844362062454
2025-01-09,0.8665920206067449,0.8181817286551163,0.7905357114139596,0.7110583051360497,0.13203885504648474
2025-01-10,0.1923736205292144,0.8745591246181782,0.993509419370744,0.9857837694766404,0.9674236602326964
2025-01-13,0.8039505414566439,0.05980638541170338,0.8737885238455569,0.964668477203333,0.04937038402344116
2025-01-14,0.5202401558847654,0.5275363957791608,0.16438657999380274,0.12160071134488432,0.2277181916291733
2025-01-15,0.3668465435251587,0.9346503156365323,0.9573887301597965,0.9620114998904702,0.612669624787886
2025-01-16,0.20410089771390091,0.9271570513162865,0.2558108152849212,0.14168102030389818,0.020457797100307915
2025-01-17,0.9401055146387427,0.4542462346872053,0.30084237744829473,0.24643728889291058,0.40794437005260886
2025-01-20,0.4997851522912713,0.4693163885955143,0.4619916973383889,0.47291378256766775,0.08568882683304077
2025-01-21,0.8165369446730224,0.6759125449503507,0.09689894793255202,0.06223298967298433,0.44158021587655016
2025-01-22,0.6070870168788582,0.715644452300768,0.35545070433596687,0.336886519774618,0.0672715858105183
2025-01-23,0.3782881499299248,0.38867755824544314,0.23467954503274602,0.24217082679524143,0.04306879074668006
2025-01-24,0.5339927250174918,0.7372430231259387,0.5420960834478538,0.4861501702581744,0.9032484562644741
2025-01-27,0.2861383520057905,0.04211263489934702,0.09689156575530743,0.10866004567633031,0.008942733407063351
2025-01-28,0.494690724306534,0.8924822304236825,0.6161624351739496,0.6580617374887108,0.35717024349380067
2025-01-29,0.8183506608578892,0.5378328770797511,0.1818909729882118,0.16462859409185043,0.6678278737372401
2025-01-30,0.09527679925982203,0.9773743467148558,0.5760106948821413,0.5078897780802654,0.07705658916590749
2025-01-31,0.27209174279836357,0.32265495249121595,0.4225673762534731,0.4071945086689118,0.6718090587487873
2025-02-03,0.5087779517504574,0.8075678399618001,0.1923696309366602,0.6907341279635697,0.5228528665938916
2025-02-04,0.39680234775485973,0.796943646879692,0.5617587572674592,0.31430079327223004,0.006077180014266873
2025-02-05,0.13343113867278758,0.7825860238342133,0.06483395446404433,0.06733625392160753,0.14158556872061187
2025-02-06,0.11269466017790887,0.22795878077795187,0.3313805733339121,0.3270620626682143,0.742330104450937
2025-02-07,0.3979505716706696,0.667678211159385,0.6209369236528635,0.6117021497711634,0.11470702364363469
2025-02-10,0.17087050505826817,0.9599882527797958,0.8906787287534519,0.8647603110013147,0.7486381498231179
2025-02-11,0.8904601222727169,0.4699429684848949,0.8722183015075696,0.7993861568572928,0.9112985983401595
2025-02-12,0.3471821699168844,0.4079000956253093,0.05553018275968948,0.050841158592989315,0.10530880236069812
2025-02-13,0.8634925754888121,0.7518446626740164,0.39362558363764377,0.44111107136061384,0.13212228317010188
2025-02-14,0.24852895200700625,0.048839749682088894,0.3583771059037793,0.2926360563437818,0.44906935792499075
2025-02-17,0.49173485712765674,0.4430622436369975,0.4627982661840558,0.47253123025392607,0.6337264872862491
2025-02-18,0.6669186428695226,0.9601990269425797,0.8628833479158242,0.8270240202341692,0.5213940355172177
2025-02-19,0.3908848380261667,0.300365138961193,0.5573024720901829,0.6272132813428671,0.0015025697856293643
2025-02-20,0.31497337528687075,0.7875539756119655,0.6548197551344099,0.598527462568406,0.7536428575084737
2025-02-21,0.002294257150065266,0.44182420674798845,0.03594103317366867,0.027832336635045304,0.7249101730839553
2025-02-24,0.033880181680489015,0.6520937484563629,0.5890069657456748,0.5722197066729949,0.9732616843311911
2025-02-25,0.8555667079185933,0.04552960887169149,0.0630792489336883,0.060930838014617864,0.035183583225761324
2025-02-26,0.9079351327478897,0.6643458628085863,0.28801595409784464,0.36394647430267363,0.6700954816895457
2025-02-27,0.537387761532848,0.07692119764939202,0.9135254125691483,0.9108299082481882,0.27925856466159776
2025-02-28,0.34620977837320527,0.03260901945305629,0.20741569076203728,0.29272896934596293,0.8423902701289262
2025-03-03,0.005803616121232502,0.967987376064143,0.08439207645766517,0.112579727186754,0.3922611842995974
2025-03-04,0.6774004096231522,0.7940771696412752,0.2653341556745884,0.4343295057583061,0.8903398450817323
2025-03-05,0.1424341088431824,0.5829950074400316,0.06789498279172214,0.05517701922202113,0.33737247484036365
2025-03-06,0.6610111012742554,0.4987082799296339,0.5144037516806884,0.4868169117694617,0.5331278581029615
2025-03-07,0.6436790606148564,0.2765157138988259,0.7907284075860842,0.7014975853781853,0.0019681811775041965
2025-03-10,0.6855581197867923,0.24173829728570428,0.15558098265726056,0.17801015663657924,0.8944748988978402
2025-03-11,0.3176873038307283,0.8107470859622852,0.5688770045970958,0.5500576451634696,0.4092883189445318
2025-03-12,0.5707775531070706,0.8617190266576158,0.904294959325324,0.880489030731365,0.5186127809664278
2025-03-13,0.2554346167785958,0.9516534937766651,0.15715266498118563,0.15271093456615803,0.9154801061379565
2025-03-14,0.12492966457845259,0.6674418186110299,0.7283711433757303,0.6851889688105759,0.3228094791372509
2025-03-17,0.6445089750713677,0.5730903981074733,0.667197250343818,0.6224227037857681,0.052228394251785
2025-03-18,0.7711756707556154,0.9046946795840731,0.28276999062902736,0.24432466942663353,0.7360625881881133
2025-03-19,0.6484858915918629,0.507093329191584,0.5546203148929849,0.5703645301343216,0.9615027637635546
2025-03-20,0.41669489513698305,0.5431706894733344,0.8913259492155228,0.8374087278569686,0.29132744403863475
2025-03-21,0.11507590180385228,0.16584766535132092,0.5423262897568155,0.4874022950537405,0.542318466641097
2025-03-24,0.8835864852281121,0.36795665065876637,0.8017624719105876,0.7806086881261536,0.983677370971081
2025-03-25,0.365976517583775,0.655560324063541,0.4798326048054759,0.43032629311481224,0.27156517836403643
2025-03-26,0.5719904269312744,0.4250433009739837,0.785506188025919,0.7341691058636839,0.030661092135414195
2025-03-27,0.38865634142596694,0.9336918830475422,0.5782005895702865,0.5928035642326048,0.7499155957496292
2025-03-28,0.5968977497920267,0.8597785113414805,0.30178351438331485,0.23838156784894105,0.5409100338978197
2025-03-31,0.273265809710547,0.9151516177444201,0.8833232546088394,0.9723785102953986,0.5541391989283773
2025-04-01,0.8640851196431181,0.4271156983350084,0.36593859338754436,0.3680040353986602,0.5687358997373124
2025-04-02,0.9925749271311511,0.7878231535829897,0.674144284697114,0.6797969270548385,0.5826996233434797
2025-04-03,0.8544660597758097,0.0550231898196163,0.0013491317617685182,0.0008534801199016587,0.594009890060317
2025-04-04,0.013684627127109964,0.006993385868414107,0.011372286637938468,0.0038699758019204752,0.026198800760746797
2025-04-07,0.06285277868578452,0.020485069554804277,0.19959863326479718,0.20462278697525518,0.9965904041935372
2025-04-08,0.13785208406275548,0.7097478543377991,0.1957902791019581,0.2375099609155137,0.25891657869044943
2025-04-09,0.9817188902545756,0.9910590008843233,0.9321791553451126,0.928643547533813,0.06657840294638487
2025-04-10,0.1254778374506968,0.9886899684727473,0.1202919195254913,0.10202116529967285,0.8987056399200928
2025-04-11,0.9052736883290227,0.9460724013759313,0.7834124655134573,0.7718622288315388,0.7634685530775942
2025-04-14,0.19692171325385444,0.32906681686457845,0.5049784684606976,0.4975050670393297,0.8130944820870167
2025-04-15,0.200396797730075,0.6231877096368639,0.4173406480967991,0.43505319117442154,0.07020041396565584
2025-04-16,0.6211312034205294,0.9817930868796828,0.7679346171342432,0.7571037447560544,0.9905293181103347
2025-04-17,0.8140975498240663,0.3533445597828524,0.9103198706697339,0.9068093052554724,0.9955784043965472
2025-04-18,0.49726465418441784,0.47621423169810356,0.47884452224990537,0.4913495064447105,0.2024808945400752
2025-04-21,0.9159104457160061,0.9672072947882023,0.13128724738794373,0.133969249819476,0.5127625526394307
2025-04-22,0.9260074679393024,0.46628026907814113,0.7732127550786956,0.7766079914801964,0.9904790780188573
2025-04-23,0.26688148508829834,0.016868282750293933,0.1777170920474166,0.08935198483189728,0.984126103169711
2025-04-24,0.79959857102531,0.8561907794713973,0.588566332630525,0.6134031736007932,0.9997743552584374
2025-04-25,0.7758402346968998,0.14498793222441048,0.5686244948074706,0.549160484186854,0.8893186096901325
2025-04-28,0.1056311754750395,0.8455730805398479,0.20721523270400216,0.22575709447603637,0.6860935197327996
2025-04-29,0.40293570946711793,0.37500249322509427,0.10775023578866001,0.11316646350569366,0.7851324291185814
2025-04-30,0.4695499632519029,0.3511714964244502,0.17237505265906858,0.0641470826083276,0.78707539765883
2025-05-01,0.3043839024263724,0.03094710210279024,0.19406905440545102,0.7387435374313422,0.29243633706865807
2025-05-02,0.6862851661365255,0.6607021668092762,0.21954607313928368,0.2431756320090529,0.995570591684385
2025-05-05,0.11792328969423567,0.9470858665125529,0.1690307490293497,0.19270398716504963,0.931239204861352
2025-05-06,0.9015484720782521,0.9664969630041812,0.9426726745175069,0.8947308094699457,0.8851030436333791
2025-05-07,0.7582598859076992,0.27745384192619116,0.19070933623793146,0.23252500894862388,0.8525092149470772
2025-05-08,0.3350660136528934,0.05369266912696502,0.9195661309750967,0.8790388269316967,0.7934442464197952
2025-05-09,0.6440297203151173,0.7683782234563241,0.8129920543681226,0.7673435641307635,0.8921580417069542
2025-05-12,0.43377848081586967,0.024065990293126612,0.8066018593569826,0.7306322447901192,0.9892260032246897
2025-05-13,0.9848176185433687,0.6289996048747606,0.9129565370602946,0.8700757965894186,0.9787882664002158
2025-05-14,0.45369844877276305,0.10478154749122007,0.3106934321878632,0.34531666656950544,0.7470185147000311
2025-05-15,0.6386286661297579,0.7899067757858729,0.10162289703009411,0.12988258330694183,0.5042791033069133
2025-05-16,0.9470694925158201,0.18782310162839716,0.7528371380478459,0.7131792932543588,0.877845154342349
2025-05-19,0.579928284382955,0.8400596325175642,0.5190223296617358,0.5448090208410786,0.9052295659467289
2025-05-20,0.38874061201397175,0.8700168050332052,0.41058192445907227,0.44056245403328365,0.9681805293254336
2025-05-21,0.3288566591940275,0.7470478372867605,0.30230851451305646,0.19576933041093109,0.9914101895266755
2025-05-22,0.11219589662065055,0.33770667614844174,0.2950295378455503,0.3559325979311703,0.9253147506168061
2025-05-23,0.07366962830969961,0.9242174767142839,0.6038001991538876,0.5907075792400629,0.9980533895012982
2025-05-26,0.48951273187005045,0.5069176695148865,0.4684669081309921,0.4798167051931271,0.9119849552164336
2025-05-27,0.462821534763393,0.08295998696737833,0.21557939989274177,0.2530183366538216,0.365315419082261
2025-05-28,0.3630557057158408,0.40797593669773213,0.7966642292507957,0.7952967878554247,0.46879378775509783
2025-05-29,0.05531577901569037,0.7005516980165309,0.1988053639318114,0.18493879973098182,0.39524229450535714
2025-05-30,0.9713586070322134,0.23791855671461598,0.3523582788996844,0.41525711792159953,0.6455986704430399
2025-06-02,0.17280408762930377,0.9507251351065481,0.7856330373834913,0.9312702703970409,0.6794224688439582
2025-06-03,0.812276549618649,0.3230445770484137,0.8686555462759223,0.7848916695652844,0.40333308346781716
2025-06-04,0.6964419938029583,0.6924543758409356,0.18769551449264305,0.2800065127287403,0.7656149784477962
2025-06-05,0.6462550711755782,0.280143745815768,0.6831203699262623,0.6691012530081146,0.13059077620389214
2025-06-06,0.703512122170308,0.2244517899186068,0.8971030970564278,0.8622729484301255,0.6368128369573067
2025-06-09,0.3943379438007267,0.5688637249898691,0.7319431558263094,0.7399047939377472,0.5078930005935047
2025-06-10,0.05063617398088403,0.36785313543685677,0.39284863024893163,0.3569406927631006,0.5110771243480547
2025-06-11,0.4206385866150578,0.48036505684076086,0.9945642913041274,0.990333568454268,0.5155095752142277
2025-06-12,0.8290003593780286,0.9185247195594661,0.3395860672023355,0.4524047474214221,0.5216178164586582
2025-06-13,0.38368550373188065,0.8877656149438088,0.9985394922066873,0.9976463539576258,7.245400682951618e-05
2025-06-16,0.7939910330397746,0.19226282112690965,0.2563240320278101,0.19019863984237134,0.9277177382090879
2025-06-17,0.3808435701789308,0.36554658352637864,0.9718387032811462,0.965576820273316,0.3611673192418596
2025-06-18,0.19437766769346512,0.5112064513122101,0.546651229829366,0.57226448904755,0.5034010141407573
2025-06-19,0.4910454089180143,0.48074676079826106,0.46920358278967383,0.4802172617933569,0.5047824119935715
2025-06-20,0.0013779316591965276,0.2555765058837452,0.5531053818759177,0.4147330846541212,0.5067219461446779
2025-06-23,0.9782541195683698,0.5813008023022587,0.005489822887644441,0.0009603618587914566,0.5094399030509125
2025-06-24,0.7674482624274785,0.05940406751745082,0.029396844633790935,0.022865342355106746,0.5132343501839618
2025-06-25,0.14887973181589878,0.5696751009478256,0.5622372404618491,0.5867718253895644,0.018783739018987763
2025-06-26,0.7926427292999658,0.560826527545307,0.4820863030547394,0.5563683678476024,0.917391575490572
2025-06-27,0.34364159875041106,0.05323019049923954,0.4784059130806052,0.5502236710916713,0.37684311792507696
2025-06-30,0.6437038207027712,0.7012749384501473,0.4339796128641514,0.3871317257019315,0.5160693669469265
2025-07-01,0.13845607284415307,0.8845778192640618,0.355927345460602,0.5688941923053671,0.007668060771639649
2025-07-02,0.3688407882524422,0.6349295878333613,0.878831280075641,0.8861345741650933,0.9355059982467893
2025-07-03,0.33395924822747,0.28751642953371953,0.40369849862336,0.3733809392021347,0.3574592516738504
2025-07-04,0.4929425812497999,0.4805664376265238,0.3435724884052105,0.3467579685529155,0.51331949386598
2025-07-07,0.6272547943036995,0.47234870168004145,0.791940142840517,0.822850731527838,0.006713836519039883
2025-07-08,0.33572490650750403,0.1899631554136312,0.6322448368472307,0.5994290937378235,0.7483838415504672
2025-07-09,0.8279865164444042,0.5267332946082658,0.48229457086325145,0.4966228808759997,0.5102127070766281
2025-07-10,0.1521259833542257,0.558965603391657,0.13527039550606912,0.0834147192430879,0.00352804562926489
2025-07-11,0.6272521269604776,0.8853722089406851,0.8831115852518268,0.8932357412077643,0.7490419013600655
2025-07-14,0.6469667854177188,0.43077642264182575,0.19936226242243596,0.14311898476142118,0.5062463292938877
2025-07-15,0.09395684607021308,0.20657840351643703,0.3212352189850166,0.34673349852208846,0.5087740705948773
2025-07-16,0.178075177642594,0.7625328861474219,0.40601953231177124,0.4368057284510033,0.019140061896800446
2025-07-17,0.0019137629043800564,0.31249880025288845,0.7794619125046913,0.7975372327425246,0.7379878886660135
2025-07-18,0.95074918252717,0.6545608467897276,0.3951919770544395,0.42079548476415807,0.5098052594501293
2025-07-21,0.8835747382401262,0.9362418340667448,0.441177494899384,0.43067640974844684,0.038079012889909426
2025-07-22,0.48867090656702106,0.8868055052942001,0.2673369405740184,0.18386657189421277,0.728094974813912
2025-07-23,0.8293725145721333,0.07941291350228541,0.4326448615706629,0.19034704105924458,0.003950442974978425
2025-07-24,0.1471698758369631,0.1825750214422286,0.7223735206079418,0.7240810404882363,0.9719002040724192
2025-07-25,0.7519587598679112,0.09696997423430523,0.22359876687164262,0.2129750039457898,0.2994616711108893
2025-07-28,0.7357734670289517,0.16263136026500366,0.9305273698536725,0.8841648017128579,0.11517108550265391
2025-07-29,0.1573239625863552,0.6692911634010259,0.9789821709084574,0.9608521217527383,0.681158751639919
2025-07-30,0.45141309901468446,0.14943610731958318,0.7276373721344964,0.7215184017776101,0.12225641775174173
2025-07-31,0.8539859082823509,0.41647256951496886,0.2544118921952273,0.26168486977093713,0.6803100149089762
2025-08-01,0.17292476449819635,0.9550926251732207,0.022785703188695924,0.06789292028481425,0.5107826031999443
2025-08-04,0.3112139526427824,0.8261204225212117,0.21529546643216593,0.19831463042255754,0.11930267508926905
2025-08-05,0.818196469112238,0.596701828162155,0.17634812811477701,0.1837138759024155,0.00596598164567448
2025-08-06,0.6463361680053086,0.4481241304311869,0.2453820309226649,0.2512390305291439,0.7636053424562496
2025-08-07,0.7264723987562052,0.7525879957918408,0.3162279777290527,0.3368271998533724,0.9861745252181225
2025-08-08,0.3329444670352139,0.9003434350769053,0.5218840264895348,0.4779945602590926,0.005282574196906653
2025-08-11,0.8066689125984857,0.012772300986965607,0.48259279174728187,0.5060666149386159,0.7178010951293686
2025-08-12,0.5180401096503318,0.37032368170951785,0.2887156696678627,0.22411198865503926,0.23662465519689366
2025-08-13,0.20507047165101921,0.6152222571241466,0.2863574634143879,0.2961930201391476,0.017533709927113842
2025-08-14,0.10705681086360265,0.1832461265684193,0.8787943101783848,0.8599305610440277,0.4173345489396651
2025-08-15,0.5054440426661354,0.47147727290426317,0.16369489564422557,0.14598963182080008,0.9888830772802866
2025-08-18,0.2269247431328506,0.404983225395451,0.7564212764012894,0.684136249441932,0.025663196094530192
2025-08-19,0.43469301812271044,0.21559087756853457,0.19710899341156757,0.16006659384861155,0.6810653463912286
2025-08-20,0.08987449118599507,0.8526185707173094,0.8495213847010625,0.754917019767511,0.39211324582824
2025-08-21,0.15044215328897587,0.3846354194849418,0.7979866074285805,0.5939395314431355,0.044783220615408466
2025-08-22,0.7320557323571182,0.9027046893584959,0.49727946243650606,0.5314983215579285,0.8814201678330111
2025-08-25,0.9295530213423107,0.4826105896378083,0.8633959436382694,0.8486801273672144,0.15270314896733772
2025-08-26,0.05202779050049919,0.6985371080571199,0.06956311006710653,0.07298995809018698,0.38918875485593457
2025-08-27,0.7886136679186664,0.7229917671779821,0.7775309215986062,0.7707508118591644,0.08664738919679947
2025-08-28,0.508072426246033,0.8416048151914068,0.7052411632377583,0.6460204104510201,0.008634085671007726
2025-08-29,0.32349741547986716,0.9253857580059401,0.28168913360128833,0.26582932377601354,0.17372256066369343
2025-09-01,0.49213767758639015,0.49405002529908787,0.46136471091451375,0.4722591299901569,0.055547493438712466
2025-09-02,0.16986562673435407,0.98196395482648,0.8574903347255531,0.9214099628660505,0.17763843913383956
2025-09-03,0.5905814365835159,0.9119114530463034,0.06956136040800846,0.06699917921289747,0.11422858719173416
2025-09-04,0.11181835201267785,0.18762059797780456,0.23702374409422367,0.2985453664407203,0.48485357804571827
2025-09-05,0.7873377586887755,0.9090546617735189,0.07470393113807605,0.07386780622956939,0.547745208867103
2025-09-08,0.12403714337227663,0.7825601392533744,0.6710963842868135,0.607710786896398,0.041031529983827246
2025-09-09,0.7389147039704616,0.5543323523898365,0.6283222841404629,0.6145037859622798,0.32276113952959523
2025-09-10,0.6557833036322318,0.47999830531517135,0.8705070276655762,0.8184036366040705,0.6766091311032304
2025-09-11,0.6703616765207276,0.3833311067199017,0.12971500310778844,0.11090353785476513,0.2273279162605362
2025-09-12,0.2523271622764671,0.6398712876886883,0.7173591279459248,0.5886243030885863,0.14573888165812698
2025-09-15,0.8488121708780334,0.8480831827935706,0.6657057793083706,0.7015013644036244,0.04687783151879516
2025-09-16,0.2093956598383657,0.5816544226402899,0.8590142499148264,0.8611700026611429,0.7570547190085423
2025-09-17,0.5182154455995207,0.3764884130570052,0.27225463452045345,0.3077470882574632,0.026071902907112022
2025-09-18,0.21994050221039674,0.09564769332120111,0.2619158145650199,0.2934119363919489,0.7309936251850034
2025-09-19,0.5110904831205623,0.8045179249800392,0.18538131673426994,0.17375271697792602,0.16832194697512756
2025-09-22,0.07839924932741187,0.9713559633292475,0.40923873589884646,0.45505540219538215,0.6580865261374219
2025-09-23,0.5593656767009751,0.8856387045168101,0.8811598964796715,0.7649889819020658,0.03704396998805938
2025-09-24,0.6132982623064807,0.08156743650123476,0.9599879420446892,0.9252440529157611,0.7267125963420541
2025-09-25,0.24606229654542544,0.5140647192897223,0.5261366298964057,0.47894139562947907,0.011099270086526895
2025-09-26,0.45204500849104906,0.8684347430249911,0.7659779013889778,0.7590398206606932,0.1091403755787513
2025-09-29,0.6877128113543125,0.9040996222971349,0.029162856170734913,0.02041762931132994,0.5982152780469332
2025-09-30,0.08687580432059266,0.727764499682099,0.1662854964432029,0.1479047304250287,0.35277920155907877
2025-10-01,0.3201152472902532,0.7822843002369713,0.06875951113855233,0.27431641735753587,0.04916243696984418
2025-10-02,0.12465423097921452,0.18780816456124894,0.12304623402180784,0.11639460749246881,0.004323557422482597
2025-10-03,0.04641596214593371,0.8720396559143313,0.6213503075855521,0.6134493152270115,0.7659569402505407
2025-10-06,0.7113616246524752,0.9575804422010568,0.81035611166962,0.7538134027167644,0.5040875040249582
2025-10-07,0.24909539985434345,0.7905050821290893,0.4651569722936037,0.49649209685726564,0.9958694940283135
2025-10-08,0.12320415657414001,0.9459279039472297,0.7774769087369459,0.7708186585323462,0.2699059944637755
2025-10-09,0.34344887349213515,0.02172004105114149,0.1508812503270609,0.14521153285834096,0.959303994926264
2025-10-10,0.24492116133396663,0.7434384135424743,0.022082443209722993,0.01667158352743621,0.9559808868635421
2025-10-13,0.41632922760852636,0.9910013738613709,0.6658459591398244,0.6628369447691467,0.9911272480014461
2025-10-14,0.7013169690867733,0.7630956262660745,0.1914921948180389,0.23316985167133364,0.9896693796193089
2025-10-15,0.2541575274638471,0.7898333007927769,0.29505798250502263,0.3294357155217774,0.673473430381861
2025-10-16,0.8899378321265663,0.9648787130455442,0.1922480773187432,0.21648025669566537,0.9922850176409185
2025-10-17,0.24552426134511676,0.059066180589616636,0.5549016555307569,0.5049090041707753,0.19850030175146421
2025-10-20,0.5012457843921982,0.9823125731385449,0.3566261093704407,0.4705830229741567,0.26135325036737467
2025-10-21,0.5417655823896002,0.004072696682754954,0.6009343379059966,0.5996479895235896,0.7499022489801084
2025-10-22,0.9869057739420992,0.18195095226505076,0.908572381458884,0.7467610546532764,0.5676637897986067
2025-10-23,0.6047378533376611,0.893769413848788,0.9958013805553664,0.9934242683628474,0.11078794567561545
2025-10-24,0.4405289955607649,0.45495911812538614,0.4718589778275803,0.3884605999707448,0.34099278639473457
2025-10-27,0.18032247048724587,0.04097590350326194,0.3612772701749807,0.40306304357416467,0.8976729739164682
2025-10-28,0.11369810510510843,0.22711742471897525,0.14060220100687085,0.12243216048847932,0.08538788533327286
2025-10-29,0.6047286759605845,0.6048165825468543,0.6508867874886569,0.5980261868040682,0.6526357720947027
2025-10-30,0.5322440351726043,0.6208508419230581,0.5005173453545366,0.5144130859194893,0.08271668635570573
2025-10-31,0.7366433175770524,0.3440671076305192,0.4944007550189498,0.6467326944915455,0.6962496016054365
2025-11-03,0.9878331292701388,0.6197183790801646,0.3961523613507179,0.5071560345247614,0.5050273108629948
2025-11-04,0.5996931984323715,0.15094837285879362,0.2937907984609113,0.2616364543050848,0.13605349002444742
2025-11-05,0.10929017082631247,0.720613232137276,0.15923243423152594,0.1254286088564495,0.7772489676302295
2025-11-06,0.09452388917823222,0.48828124595537586,0.39928237803878075,0.39200073541222485,0.45334700376761466
2025-11-07,0.1294275917153441,0.644516093521146,0.5792245277587411,0.6199341730671581,0.27935334634784126
2025-11-10,0.715531964391565,0.9682008883874585,0.6684453058705713,0.6540173954781632,0.620018218692121
2025-11-11,0.0445815330319235,0.47497231288903946,0.8907120103521797,0.8463011438284634,0.0033674563724523246
2025-11-12,0.08341312827059306,0.943364101965931,0.017820226167073135,0.008009226944073577,0.3525972944491215
2025-11-13,0.15742381143724007,0.379352342368399,0.5679881869958915,0.5441604745199959,0.4874651244854381
2025-11-14,0.07654759270648785,0.049817725630822166,0.9036579028912181,0.9033481356270324,0.6055174635821665
2025-11-17,0.4170055516237588,0.31196077078540635,0.40383574378404596,0.41046287025142053,0.06857109325271402
2025-11-18,0.4851467115138151,0.42021674805173004,0.7385507817721612,0.7870815955650425,0.02773617328785496
2025-11-19,0.015182298499907475,0.6137975347562276,0.09641459554551535,0.08976654042741768,0.3409781117589762
2025-11-20,0.8881286976592979,0.31634379123959755,0.40517867318794865,0.35135901056041535,0.0010142548915963092
2025-11-21,0.4211673970399808,0.6447158433546685,0.18833562354588917,0.12775520345645164,0.281342129532499
2025-11-24,0.5107265628616628,0.6180467481617652,0.7875147791749337,0.7582734966387418,0.7079299048805128
2025-11-25,0.2273336721648254,0.8298906177967533,0.1712264177534349,0.17554629222061996,0.07786917558489878
2025-11-26,0.46975706409741536,0.7095579239086522,0.7372140773574618,0.734633320223878,0.0831901493384942
2025-11-27,0.4916853493782588,0.48815593576067934,0.4708932733321811,0.48024785622307187,0.3493190129136845
2025-11-28,0.9943825874657254,0.8569621061542804,0.4976251388145275,0.4315642951795806,0.01372820883566481
2025-12-01,0.6436799388134158,0.6761885591414623,0.45161927916463807,0.7844614884844383,0.33633142421362655
2025-12-02,0.3427113193941141,0.12810471072942764,0.18506264799175864,0.20702403347306247,0.09227576480547134
2025-12-03,0.637303131266113,0.5790931658226386,0.5684424391390787,0.6092977333392287,0.23837985014077745
2025-12-04,0.43866328683271155,0.5997242278105223,0.7547758874219079,0.7783273729210227,0.04732262800781263
2025-12-05,0.9160807223091985,0.4929427761657401,0.7160049935575529,0.6656562538281596,0.7593422247596223
2025-12-08,0.510791618206813,0.2513653514370136,0.07534345192537535,0.07948154176112147,0.2540807223845722
2025-12-09,0.8800268131925569,0.6579854832810006,0.22756889089051938,0.21502141290168314,0.6219383560535059
2025-12-10,0.9723461658210883,0.3810961210168927,0.596887554004863,0.5657124686668987,0.03933406488586018
2025-12-11,0.6574830360486288,0.9618241236910533,0.12774332237279246,0.14782660829400965,0.04864731286881436
2025-12-12,0.4716988581548911,0.6435238167946471,0.3788439410540729,0.39566653519114814,0.2220615938253302
2025-12-15,0.01574251431459021,0.5464419250137958,0.21926877869807543,0.21224338247929167,0.7316006008341913
2025-12-16,0.8486065313102603,0.45757346000240134,0.03683032806940731,0.04552721687548622,0.13260733453390183
2025-12-17,0.4462197364316081,0.8312150068993763,0.7929659299167375,0.7365675417594868,0.6845212829474392
2025-12-18,0.38230555891399665,0.4125696927268204,0.5402081148867585,0.5721318259541963,0.06923121310174074
2025-12-19,0.2761101878295755,0.6863309594264413,0.7727089425143523,0.6997003350940427,0.9877796015371768
2025-12-22,0.6005612120775107,0.9550156282991175,0.9617039906774972,0.9173330858127826,0.9967928413240155
2025-12-23,0.674270759758343,0.8107134050795554,0.6231609835627382,0.6461736673227088,0.9417775655680579
2025-12-24,0.5150441952016558,0.46885033695625133,0.4040249518533958,0.4614297545216737,0.9986613509763171
2025-12-25,0.4923609550119372,0.47559063404176133,0.4637960417054986,0.4716478114749324,0.19325216669363662
2025-12-26,0.45663231054058384,0.8547817196029722,0.04634314552833519,0.03257200710232855,0.501686510843877
2025-12-29,0.956869353212989,0.0027645851965754495,0.9135380626754541,0.9066692923209206,0.9986405058122922
2025-12-30,0.1328150219303305,0.7819935940353656,0.46748314443683003,0.42547467456652044,0.6560032130155793
2025-12-31,0.4940094798205032,0.16452526539770904,0.1203733790336169,0.2502839837373965,0.29935504996215495
2026-01-01,0.49216253389742015,0.4633274929237132,0.45695003306391113,0.4706128553441709,0.5012543952794722
2026-01-02,0.10146243321427822,0.3732158547287197,0.4191018966673595,0.4237356687575256,0.22031307969117322
2026-01-05,0.9029805897057779,0.981428766894402,0.8768746014361056,0.870151461223696,0.08181538565598756
2026-01-06,0.20585739093877856,0.826709628426057,0.1178396636461189,0.07860169510805884,0.6126130408434667
2026-01-07,0.38378017168666523,0.24474527246404426,0.18039219700067127,0.09417654769902475,0.1294209327827158
2026-01-08,0.8540083351267198,0.4726144632240301,0.9792699922381394,0.94770176199602,0.3497223907770343
2026-01-09,0.0005375162360847091,0.7893018417152975,0.9152405142966764,0.8963512928694102,0.6502422737633553
2026-01-12,0.720360363487105,0.9704714980761431,0.6937673791046106,0.6336040642221246,0.29787863866704284
2026-01-13,0.08555961508009423,0.3946577642952644,0.938556828450106,0.9301148401265191,0.20935460092952607
2026-01-14,0.1783682120349182,0.7484242837099859,0.8446512456717219,0.7878800210351791,0.07245016905235269
2026-01-15,0.1892484251081939,0.4098361914168475,0.019722438564951372,0.012340881517593568,0.0176514376304703
2026-01-16,0.7733629924332435,0.2651309297164204,0.5783717681954975,0.5523410360883795,0.4199801058597204
2026-01-19,0.49535792116357075,0.47035489451754264,0.46960930798511047,0.48047987860035896,0.19617210434008447
2026-01-20,0.006433610379433193,0.9907417883543124,0.7480201970364924,0.7800670110819743,0.38622965680952537
2026-01-21,0.07522976610962188,0.884734766224949,0.5933179439976107,0.5881990333021762,0.06812774013944045
2026-01-22,0.5535384523648788,0.8826090501627666,0.13702558961737205,0.10826313196926,0.74192624289926
2026-01-23,0.030143934019191614,0.851240592187946,0.9433367210116502,0.9197987986541442,0.12287654722167604
2026-01-26,0.8628241669991047,0.9264083070865022,0.3766909659690391,0.3310622902446411,0.04070913950159502
2026-01-27,0.7402000785762988,0.5073664919361802,0.9540541309412502,0.9233186725644121,0.09970428967672415
2026-01-28,0.02578687338191433,0.9890991707159491,0.762586777299204,0.7545073671724534,0.7625901889529844
2026-01-29,0.5734953416888526,0.6127395628120076,0.9664270084356259,0.953709540461799,0.009910953083478075
2026-01-30,0.45499800330863,0.00041655494912414914,0.47447932603387505,0.41730183322208075,0.7458035454858422
2026-02-02,0.6377363401202019,0.11975044540605208,0.006351938098555673,0.013501840190354459,0.19562501140205868
2026-02-03,0.7615221859508474,0.9850607759233375,0.7128373763141537,0.7635679965027009,0.23430320596950874
2026-02-04,0.05253805672159001,0.5923232860124192,0.9083083339486407,0.9060104857029805,0.6864816058909013
2026-02-05,0.8330491746703483,0.27804582310745646,0.12494159694691627,0.09490647287416167,0.06702306001103363
2026-02-06,0.4567064447603543,0.7927184435058586,0.5925755542138099,0.5497800084216793,0.7201207720409586
2026-02-09,0.21018810643121924,0.825875916489261,0.7337452826633423,0.7127686118140706,0.047279250337395176
2026-02-10,0.01405414376928133,0.3249518290883466,0.40819734985363565,0.3620545429356274,0.7321007515127506
2026-02-11,0.3360082277004452,0.734417951476201,0.6429468832667536,0.6853333566655941,0.09267528176746612
2026-02-12,0.12027228772375557,0.08857370087165799,0.09752810429940668,0.07853103244248638,0.6482173375690288
2026-02-13,0.3038971209109964,0.8158236989175607,0.5272593247259559,0.4889931626033939,0.43816133275087676
2026-02-16,0.49169490847952046,0.5034199385491935,0.46898633052095867,0.4795148174087723,0.5162907738971592
2026-02-17,0.03741004528739005,0.08803464733963225,0.3652256824477708,0.29007333474106256,0.3958919670757633
2026-02-18,0.060767599732818,0.8385332855734837,0.9805090744573177,0.9780672872391487,0.7402125471397416
2026-02-19,0.010092986918304748,0.45824281323813376,0.831466215956824,0.8280522024809014,0.8717039132302864
2026-02-20,0.871797753653512,0.8021814255566571,0.5047730134525635,0.47124211982241404,0.9998526053959218
2026-02-23,0.20806575389754772,0.9175904106211242,0.38707735871435617,0.449847788566,0.9957246304809043
2026-02-24,0.45999247298154006,0.3135455641328288,0.26086608613131246,0.25133657872966714,0.9986652768591562
2026-02-25,0.3198642988255723,0.6884933499686157,0.4894472756587889,0.3972290425830178,0.1924477149792267
2026-02-26,0.5699336371377641,0.36760497734995906,0.43278373602693937,0.395431172700955,0.4399528149392702
2026-02-27,0.03242371184598696,0.7095363146642943,0.9259451819956537,0.9360508104361116,0.38853735055975336
2026-03-02,0.9228600175500362,0.7546841028204395,0.9982691708679323,0.9955084368509376,0.2147246095994997
2026-03-03,0.47080057181664603,0.041073492554293656,0.9730274117145166,0.9785012886013918,0.4005344274594685
2026-03-04,0.6824300589606109,0.5163885194040052,0.4833701195010136,0.5201504113687839,0.3642237447635027
2026-03-05,0.4717989350199225,0.2517824124146582,0.9730451308890342,0.9976819602951438,0.15653908319415413
2026-03-06,0.9591775691554739,0.8116078455877396,0.9955249310570297,0.9990368259764457,0.6979515682228139
2026-03-09,0.7307641316448072,0.2572279705241928,0.9786644585494801,0.9254473483899527,0.16477723350478818
2026-03-10,0.931854917613264,0.9240997897784755,0.00647210430898499,0.0016483744320562072,0.05435261810647604
2026-03-11,0.42363518446414267,0.241752371100212,0.8412267255393651,0.8478470869428245,0.10731600825796007
2026-03-12,0.12957317832229756,0.24804808688275914,0.9707779156909198,0.9765857836432472,0.006937856981208363
2026-03-13,0.41521121459293675,0.20362477956559458,0.7231237449454242,0.7774975738855859,0.770575747116345
2026-03-16,0.8846074435323253,0.21155692262776518,0.24008274802888388,0.09214800703746884,0.5679135759760401
2026-03-17,0.581902159557586,0.5120299193067284,0.7652890293863284,0.7457933480534518,0.03550131541713494
2026-03-18,0.18103433255891246,0.08357817940854369,0.8255972632107011,0.5057762700193587,0.2643275065150237
2026-03-19,0.7607856896774478,0.005066484425689479,0.6041215737094923,0.4677293983078386,0.15932676517388694
2026-03-20,0.21292906565830466,0.2786878643050289,0.8031225864600906,0.7407155984424753,0.7248215300405522
2026-03-23,0.20580747884898104,0.028732556934687573,0.011584154743742605,0.0061574399357819595,0.5142271208457606
2026-03-24,0.7181632368234655,0.4241354671960431,0.8171188322520673,0.8524109979451655,0.08170928961386648
2026-03-25,0.13493507915683245,0.9599703437369659,0.2957597790584417,0.2844931791102972,0.71158071936066
2026-03-26,0.6279368262072211,0.031669342877657915,0.8942527267533096,0.8613641131658137,0.051534022019537086
2026-03-27,0.4986251743409245,0.9078922620098474,0.8373604629704217,0.9039713968997287,0.13852073615191915
2026-03-30,0.4465880504183898,0.6827257141733614,0.4970627652172555,0.797700307978854,0.01928493231735907
2026-03-31,0.9342254080933745,0.9204131843485824,0.8861428700991018,0.33495939683905135,0.4273625702106776
2026-04-01,0.686303526371681,0.9327990850322505,0.005117766788198064,0.3450630205986811,0.5525438452852907
2026-04-02,0.13958161028216243,0.08154153499692861,0.8967271818125055,0.9915994616581897,0.5845540782170286
2026-04-03,0.4894547694199773,0.4639572159044233,0.4818172817750584,0.5051511681629239,0.5362480949001077
2026-04-06,0.4466507863990711,0.5144088355775502,0.5250837757312075,0.5815176078798446,0.548574284314438
2026-04-07,0.017868476490846677,0.48926998514248565,0.43539319350065636,0.5506323101683268,0.006031612667184221
2026-04-08,0.9577686831686205,0.8656081154174076,0.014082166946934843,0.0004741854389114281,0.10787971896440796
2026-04-09,0.3510609618253884,0.7124992151861874,0.5400228582577026,0.7476973305420076,0.7681638048103818
2026-04-10,0.8151595838412311,0.33907166081132695,0.41935714292184695,0.3804892402472262,0.02963268241314859
2026-04-13,0.6343363557322435,0.37596184557228146,0.7834858291009805,0.7132849933382862,0.374360428571669
2026-04-14,0.9905040050597204,0.8478729096447815,0.17990932595884926,0.04113768627609376,0.1455103473186487
2026-04-15,0.22881341553325188,0.36713479202214094,0.4765754532421905,0.4827255558879224,0.6080429840610673
2026-04-16,0.14425821429562055,0.3988326755869843,0.8289243139906806,0.7959738787164553,0.5301725509884686
2026-04-17,0.045531999472734466,0.8261645782658574,0.04397723706664655,0.010899697299505611,0.01864151435171406
2026-04-20,0.8595737261935015,0.23759861307503846,0.8491897197965661,0.8871197398166393,0.7633016431918414
2026-04-21,0.2148305026402935,0.07342597423961804,0.7314176212610732,0.7151104456325159,0.015211561391919383
2026-04-22,0.8732180150965777,0.6618337413733806,0.76126784113458,0.5733429385379109,0.11496357771017722
2026-04-23,0.6152159923130066,0.3300019054194089,0.7441490412435593,0.7562255908005556,0.016795910529296874
2026-04-24,0.4142206940619764,0.5856199597798412,0.49957453581744976,0.3470277094536345,0.7685941882215434
2026-04-27,0.09665114600130355,0.22309610386756698,0.7339286427780295,0.6931671679265707,0.022030513075823207
2026-04-28,0.80675901778071,0.09571515388783954,0.7509362277056235,0.827301965926226,0.0031059692014870025
2026-04-29,0.6185765469087499,0.19906858368061567,0.9313985297637161,0.9508473734023475,0.7101978603264458
2026-04-30,0.9300383081839695,0.8539262562814369,0.18786856619107137,0.3167930288385455,0.5546974666007027
2026-05-01,0.6022991982154144,0.6029369535065376,0.0965882425706215,0.1894958710007887,0.49937998268437944
2026-05-04,0.9868459603155592,0.05057926229453755,0.9166579227045923,0.870389998948107,0.025659727514614164
2026-05-05,0.92663797751735,0.7007450495007345,0.15496290726436257,0.13333124156183326,0.4244375194762418
2026-05-06,0.6817461270011811,0.9616753198231502,0.03855845653801873,0.036603685343606765,0.5899450020663932
2026-05-07,0.9713421153186707,0.6281611523215291,0.34899255030307763,0.45171478347280386,0.019145931348987524
2026-05-08,0.056455809964668244,0.6224723097271356,0.5939149411600232,0.5584470178600749,0.7380330707623683
2026-05-11,0.9958416978462729,0.4760186898986647,0.7630082319091005,0.774882129752627,0.13222540875901642
2026-05-12,0.2325943287013375,0.23009166880913126,0.8151634402659926,0.8753679241630254,0.3182042072833403
2026-05-13,0.12572336098609208,0.6130059434852395,0.2751541538728375,0.35776052242183365,0.008888047927216855
2026-05-14,0.22066237352821483,0.3491162401927787,0.47617683461769883,0.5046258388034637,0.018534459920096804
2026-05-15,0.11567742397627184,0.03256909531986124,0.8360477467309977,0.9011332285618681,0.7719800129510165
2026-05-18,0.08194554662139192,0.4243662349665314,0.7858515475613213,0.8398700826585552,0.08638297445238743
2026-05-19,0.7824968600269557,0.18417640459028817,0.3832662179764064,0.3770173331057556,0.03835033514927517
2026-05-20,0.44667620794400537,0.6596379323115593,0.04862502237217928,0.006458984431421937,0.2851390771837936
2026-05-21,0.19072751263071674,0.5556615085898606,0.21319549694754383,0.2668394633679452,0.06635023982158335
2026-05-22,0.5772247610601839,0.33471884009031205,0.5876737515809708,0.5160569428939625,0.6596643548374665
2026-05-25,0.4951511150551323,0.47383522277955875,0.4721890619133533,0.4879928370495779,0.6563966477747538
2026-05-26,0.9856642914761399,0.31228331576563323,0.10103835943181498,0.16648313997188294,0.007571788175230498
2026-05-27,0.4279627301229925,0.12824822016596102,0.05211250210559148,0.04468320152672659,0.7397665064277296
2026-05-28,0.3878712674646368,0.8400975108303126,0.38083681447496087,0.509034401913987,0.09978709144092866
2026-05-29,0.12297391843314372,0.8869717578607027,0.2565945123034612,0.2764277958201723,0.5887650016810122
2026-06-01,0.41281712932973175,0.058209332925712294,0.8525708157489158,0.9387696192236881,0.16853679635693336
2026-06-02,0.9141912019870029,0.5743266119739419,0.6339948206569799,0.7092699139032173,0.12150770148554406
2026-06-03,0.40313126712079794,0.12983468569844933,0.7464459025890684,0.7809023353916671,0.05540512242814078
2026-06-04,0.22824825768621834,0.7792158011244169,0.14305726788629827,0.13873538784641262,0.17755084447100047
2026-06-05,0.08232955873879806,0.012718445958169958,0.20070178251871643,0.171477301472744,0.44474375601494953
2026-06-08,0.6855365831447745,0.4236588225631734,0.6630495958319038,0.5943487644283687,0.8966205246045041
2026-06-09,0.4960406467891298,0.060306515238642014,0.1211363069139721,0.11612911923054192,0.9966171472316151
2026-06-10,0.2843965571373188,0.007839250575626913,0.7478593697848424,0.7417569092017973,0.9993451836455299
2026-06-11,0.350570672596104,0.2802654656957426,0.12026913921971163,0.17681994902683784,0.9869053033289346
2026-06-12,0.69911989898749,0.980915257967809,0.09174203971170183,0.12802770411036496,0.18716415166549455
2026-06-15,0.78036438070731,0.9667849321693223,0.04683926707731479,0.06077257004509475,0.33889164886943957
2026-06-16,0.9566054214848756,0.5346824482448803,0.049588553100682435,0.047716416226767665,0.33735386818365354
2026-06-17,0.5056263897193478,0.6861229965538284,0.5609521215274067,0.5883597132574012,0.36063679045591884
2026-06-18,0.49150500326471475,0.02333064094651095,0.526708445665742,0.45991909157470223,0.7654488597603525
2026-06-19,0.4942018032486627,0.4453294037788574,0.4704651318238132,0.4869616708946995,0.10865569865228032
2026-06-22,0.9849509106091342,0.19691761249323594,0.1663893896807018,0.20422730129214678,0.7889562633565468
2026-06-23,0.5515805741179192,0.14304068545771892,0.30680575308780506,0.21850261290516848,0.36943938081756195
2026-06-24,0.9685507858703245,0.015286250071345537,0.056814572927093576,0.09459747003873958,0.18409756179920325
2026-06-25,0.904899449763368,0.7511733185781677,0.7642537817114016,0.7468414069559375,0.046674704910158585
2026-06-26,0.22372022657331378,0.8272472658667809,0.06319132137616908,0.10971683365515554,0.3141909978113975
2026-06-29,0.25270928953572264,0.13399956979564998,0.6996489331356479,0.7408876688618355,0.06027201564129133
2026-06-30,0.7167150122945112,0.4691753776546266,0.42490051737865425,0.268286813072052,0.3358731751183507
2026-07-01,0.5053228229794406,0.8158487131133757,0.21247937525061136,0.3095925062049154,0.6892813232526591
2026-07-02,0.36819610050345336,0.8173909160771335,0.5180785733389909,0.5064212850480163,0.011566748363793454
2026-07-03,0.49346474774523913,0.4944538197204174,0.46969845325320236,0.48543304961830647,0.7428879229831123
2026-07-06,0.995852240404071,0.8019965623357447,0.518081564162039,0.4507402119768144,0.4939904035860428
2026-07-07,0.6201468605208452,0.40752419772616305,0.913966120809818,0.8591992774571139,0.016272597393957523
2026-07-08,0.8880449658600296,0.06666528148794658,0.9820720618894168,0.9474721072805975,0.47351367037272846
2026-07-09,0.91289887928333,0.8754302637677747,0.17402300524646916,0.20117938672824434,0.10108237329483656
2026-07-10,0.06921788667222244,0.27671021148573666,0.3955456940146944,0.3280434312531637,0.24612159880855394
2026-07-13,0.168830613897371,0.025305061018546342,0.9979886869868303,0.995829721138906,0.7081204592254479
2026-07-14,0.4282528261806153,0.8889711858282418,0.7299545551964527,0.7204469415035025,0.5164117898584202
2026-07-15,0.6305417982050274,0.34959061063099633,0.5125908319621711,0.5399163439534267,0.5228502687506721
