Date,cocoa,gold,brent,wti,cedi
2015-01-07,0.22797860204854836,-0.6839564221891964,-0.06190578619725316,0.3482730968826742,-0.3889458846278774
2015-01-08,1.996185569031353,-0.24924978401166875,-0.1877037259644792,0.05858366287796955,-0.05622395925802672
2015-01-09,-0.4871099850367556,0.5512501923522598,-0.6533758225354244,-0.29054437963730134,-0.27823563589563366
2015-01-12,0.6341368938793963,1.3072262981974945,-2.1032613109889415,-1.5383756917551372,0.16966606738560466
2015-01-13,-0.11051655089753253,0.11626977148002725,-0.6497324208553307,-0.15608852863901668,0.05475379006425696
2015-01-14,-0.012716454860292851,-0.040197137497129325,1.3684229448113494,1.6052132984427387,-4.765452350682383
2015-01-15,-0.43684243178074594,2.333088797575267,-0.6945067714569322,-1.372240714161201,0.412853181321753
2015-01-16,-0.9869520841932761,0.849430494650098,-0.01178427327228992,1.3350944288158477,-0.28090195180240835
2015-01-19,-0.04649922773881963,-0.017959579157868374,-0.04820994761301889,-0.00637913042447799,-0.12720049100131556
2015-01-20,-0.5070297625536673,1.1268263412526822,0.18844368867057942,-1.420620777005842,0.1536793022704733
2015-01-21,-2.097391115355744,-0.03955349232249638,0.7751289557360873,0.7376120468107997,-2.6103858186091604
2015-01-22,-1.4758522561161804,0.4219395117882193,-0.4244855267632548,-0.8682368359387684,0.46011385432263274
2015-01-23,-1.3399263058687716,-0.5835959213395334,0.18522316785127335,-0.4566002378717157,-0.9297201047355395
2015-01-26,-0.5552670977978363,-0.9903720369125772,-0.5906472155264528,-0.2987866803214221,-0.5358839188425886
2015-01-27,0.12856661646027662,0.7866521797831769,1.2105204050826335,0.6464977393533444,1.6994379986747201
2015-01-28,-0.8444382192318294,-0.4271192301513161,-1.006678290809386,-1.1854907308359173,-2.242165115303729
2015-01-29,-0.8925017065570837,-2.3383024749448498,0.5241670500314146,0.007958001852234721,0.3354502862220362
2015-01-30,0.16052313984755753,1.5595167021757723,3.2359273297481606,2.3921469424824546,-1.6387812967215076
2015-02-02,-0.6623532212689042,-0.1426026271500767,1.1274443867855344,0.7669378299578627,-0.17745159080502637
2015-02-03,0.5246258075083572,-1.1723318414730908,1.9244751825981687,1.9399138168761358,-1.3941390081443377
2015-02-04,0.9485132007660666,0.19550721076504665,-2.0714957023131517,-2.497440688704463,-2.4989191086408087
2015-02-05,0.5264476576714797,-0.16372138716590534,1.1325307654939671,0.8704190813762298,-0.10990150267461277
2015-02-06,0.9007038374989527,-2.0797565086574417,0.5474447183409316,0.5370912294191788,-0.27970930817643974
2015-02-09,2.5894343161074547,0.3743567200206699,0.2639060022777494,0.5258675099045838,-0.2546459022803546
2015-02-10,-0.11936120857765296,-0.6959515000320023,-0.9959878557619901,-1.4159093119615047,-11.799529896808826
2015-02-11,0.3760580313048919,-1.004699812800652,-0.9827405645737982,-0.5987047814401405,0.22838708367730604
2015-02-12,1.9133627702832272,0.00035920907101149013,1.1881221827497956,1.0920428965333706,0.24836595264535108
2015-02-13,0.31664272496683654,0.4404849111244063,0.15323389686772668,0.7170323719972639,-0.8310935377150929
2015-02-16,-0.03242193465353877,-0.034136389249938864,-0.007391982578335339,-0.013356482624931948,-0.6894109770802145
2015-02-17,0.47648693462157415,-1.5085363279264214,2.7336557215778594,0.35318836967713363,0.333111889199138
2015-02-18,0.8676239223810234,-0.7719983720723117,-0.8558519947835165,-0.7688054196073492,-0.4172180783806795
2015-02-19,-0.07677276483459283,0.5217745794812715,-0.1532225532429277,-0.570668910757667,-0.3320524832017824
2015-02-20,0.012336057672368974,-0.2522598729374137,-0.04387818210774772,-0.4946359267016892,0.02661558579390831
2015-02-23,0.6254431391659041,-0.40298652549420416,-0.6999006779157896,-0.5525287222369792,-1.5245407326468152
2015-02-24,0.6510509865238318,-0.35568127945559946,-0.17194943015419167,-0.1370618234642352,-2.3802607024562956
2015-02-25,-1.456066047661801,0.28757521892459564,1.5418022701936303,1.034610024044834,-0.3647455584786794
2015-02-26,0.6127278409010127,0.7052379676891156,-0.8098699110681941,-1.8092663283549044,-0.21458473072497142
2015-02-27,1.2049202530865006,0.22964654879271784,1.2738158594294113,0.8499803340452947,-0.8495124986025115
2015-03-02,-0.40674282452352084,-0.48201544200723845,-1.5702051117847384,-0.1112814006805552,0.4476550689836748
2015-03-03,0.2966344643992082,-0.40749730359832564,0.6697107413753718,0.5306486430047718,-0.07617280528785238
2015-03-04,-0.34849756686482963,-0.3837550050320222,-0.27211509709497966,0.6010968580728235,-1.5250447215060046
2015-03-05,-0.3336275170176368,-0.5117276828763001,-0.06184073246347768,-0.5136662139337225,-0.739561788197655
2015-03-06,-1.339649333629913,-3.1442601743927505,-0.44950154237999146,-0.7981021645332875,0.388233555002462
2015-03-09,-0.6253430361966464,0.052722781593786246,-0.7369807499752385,0.21312060478021677,-3.417310555522933
2015-03-10,-0.5769649406524557,-0.6333764700189916,-1.3505182163207854,-1.2320311146568563,0.5121863343101605
2015-03-11,-1.052574196173519,-0.9664923020307233,0.5976704385846751,-0.12725313437980265,-1.7322113902467866
2015-03-12,-0.5162478526784677,0.0431088380492091,-0.3183972436955189,-0.8402247010778913,-0.16290926868802458
2015-03-13,-0.5719492706726098,-0.007408210467133538,-1.575237042812931,-1.6541367526621749,-0.08713289654647396
2015-03-16,-0.9315628656016666,0.009103585103724785,-0.8240106887005975,-0.695183315840981,-1.1639275865344827
2015-03-17,-2.275780642177192,-0.5631613026208404,-0.08127275062278393,-0.32393863132065726,-0.018770470623467834
2015-03-18,-0.8652327628119265,0.23502512715779483,1.5457488439805844,0.8087013350582404,-6.045443618278336
2015-03-19,-1.2255791109929237,1.7627135088740662,-0.9132529769787335,-0.5186376645059363,0.5012869790253472
2015-03-20,1.9961245633845794,1.4675881474129113,0.5214602372015067,1.2241167050252537,-1.4865637338425954
2015-03-23,-0.8657349346236212,0.274170803730431,0.3393322260371713,1.176490197117489,0.3763565331599326
2015-03-24,0.6283138084314771,0.28316739330694574,-0.5580894834014696,0.02636092833748241,-1.619007202813599
2015-03-25,0.04751684201932889,0.4596271834209853,0.8854428798885136,1.1766604113743244,0.03436892563007226
2015-03-26,-0.7135927199944387,0.6676790722056838,1.774343819269879,1.497790971850582,0.022954452574384582
2015-03-27,-0.4642219312604179,-0.5175312558478542,-1.7279600834928983,-1.7239016753023548,-0.5996513476525828
2015-03-30,-1.3619430194460085,-1.4757097470217562,-0.11211070942863928,-0.16545266844469414,-0.5837747879914529
2015-03-31,0.062121043453899655,-0.26711624617515556,-0.7938176687790929,-0.7365673301265998,-0.7971454411743272
2015-04-01,1.2897432726949503,2.2865895944087753,1.1832412961428385,1.546940783069916,-0.9018957610359744
2015-04-02,0.500061783126295,-0.5712586931012025,-1.355791948095878,-0.5895375927970419,0.08082619068266093
2015-04-03,-0.03141263721545277,-0.074972216199651,-0.04221442984014557,-0.037739784288271946,0.15043784904468863
2015-04-06,0.8103377712622655,1.4365717202497295,1.8917158242539973,1.9169431565599875,0.012913044489535523
2015-04-07,-0.4245308781834809,-0.6446737636731803,0.5424172259980933,1.0828045284185315,-2.064387169902745
2015-04-08,0.5445920405049366,-0.6899759453145812,-2.0670808685707684,-2.1653080385796386,-0.7515953956241395
2015-04-09,-0.43159429046580583,-0.869940434834528,0.4660503721591382,0.14322552339446154,-2.0439107363972613
2015-04-10,-0.33696815798468027,0.8463097825684881,0.6329799743496229,0.4480553267073584,1.081579821551168
2015-04-13,0.45040452955812244,-0.46697634656183984,0.0230315173841801,0.13401521450986198,-1.0027634071426244
2015-04-14,1.2931165328915881,-0.6277839458486741,0.25915578075996254,0.8095438652387014,-0.04428092255125064
2015-04-15,-0.8487824817739344,0.6792025686520887,1.0598603875091779,1.827526976580405,0.7023183806449224
2015-04-16,1.3618475847124734,-0.3343058810652711,0.03647195205422649,0.17194290072360738,0.9220574586292639
2015-04-17,-0.8278213553206685,0.3644834168084259,1.7593030150310351,-0.6048968405097883,-2.797128476034654
2015-04-20,-1.627118690784232,-0.8859301020270445,-0.0008669917714689379,0.3420445645281279,0.44964827755241477
2015-04-21,-0.20605147852328642,0.7629018136328028,-0.7866353541399381,-0.7354062484354399,1.264107533311452
2015-04-22,-0.06395157711124275,-1.4800497667947081,0.32144568584151123,0.5192991837894271,-2.0613663136302884
2015-04-23,0.8727134451368904,0.5711305974457298,1.206715011246314,0.9778024311567829,1.3005181084815363
2015-04-24,2.140158132371942,-1.7958121277752275,0.23935400277808316,-0.39600833185093914,-1.1085169340628929
2015-04-27,0.6813637671195777,2.412904365296556,-0.2851633920249736,-0.14650886924932172,-0.04438623556194062
2015-04-28,0.11550720810455502,0.8443982679722525,-0.16400679159116685,0.008927913117098429,0.04504421032399926
2015-04-29,0.5465944901459753,-0.34104147686955893,0.7285316345780644,1.0718223833518967,-0.1250474752819161
2015-04-30,-0.15137979338529808,-2.2117257259309864,0.5843164110333577,0.7255856902699909,-0.7022007650943948
2015-05-01,-1.6714822039163122,-0.7332322602364406,-0.23608896598225243,-0.37947296269002867,0.2807009616854006
2015-05-04,-0.09673818446816324,0.8921148589876545,-0.05026998632398031,-0.2121080633302741,-0.21271766931188182
2015-05-05,1.4703297423011905,0.477517374382691,0.7190889943597413,1.0879566879096014,-0.9106958393072353
2015-05-06,-1.1521023567316464,-0.25939198380868844,0.14649575365084683,0.3724963454519505,0.028551297548676014
2015-05-07,0.19835312406709607,-0.6902457888204451,-1.7575434753673165,-1.6274501527354746,0.5828970249210932
2015-05-08,0.5250249011825784,0.468798423538236,-0.18381811065970977,0.2618546774676327,-2.7546312205295562
2015-05-11,0.6707387215721435,-0.517397102865949,-0.4331980891488305,-0.14331999731517034,0.7795070277863511
2015-05-12,0.7148122162512452,0.7114369544577912,1.402188538367814,1.1241092109814452,-0.342851278384864
2015-05-13,0.42418463135285744,2.092918771904091,-0.06334793168607153,-0.22022292948823766,-0.7864042486236403
2015-05-14,2.0227624726716162,0.5258348016767369,-0.19429559304602023,-0.54784848312979,-2.6293762565051937
2015-05-15,0.9678882980854872,-0.023526378735413647,-0.07469261879724043,-0.20769384370196978,-0.44011213259069415
2015-05-18,0.1260000901527342,0.12213436487922918,-0.3030780646017134,-0.271004892147502,2.3262914616523385
2015-05-19,0.07679268482413358,-1.6445134718154077,-1.9798461903132334,-1.9904668254764253,0.7148044454847351
2015-05-20,-0.4749294475115694,0.04804915795505641,0.6638683617395632,1.2435144819298107,-1.5245029453859908
2015-05-21,0.8068560621335741,-0.3973935546316517,1.065776727931786,1.2459194765185213,-1.8221313493727513
2015-05-22,-0.24867253984702384,-0.07238778150892143,-0.8876360710158033,-0.7399804958551429,-0.9383155812862807
2015-05-25,-0.03622993266075573,-0.053314634225758016,-0.051583620969528184,-0.05067397527325117,0.41810343823430923
2015-05-26,-0.10271776832003421,-1.4793851033563932,-1.3718922950398875,-1.3365358210330691,0.36260296684617876
2015-05-27,-0.4026959522151546,-0.2118759963352776,-1.3492624823132369,-0.42861755141590135,-2.588860069504132
2015-05-28,-0.41055871060305293,0.12882448645350536,0.2895221642161149,0.0784915637596973,0.5546482349902634
2015-05-29,-0.8191638229855306,0.06340531300429748,2.150763534212621,1.9498499237418438,-1.6321364360761141
2015-06-01,-0.8098828952791804,-0.14995302618796408,-0.44261871861508273,-0.0845094836650234,-0.12461840953578995
2015-06-02,1.3728162832125217,0.4585823285017381,0.38892341338718406,0.7378257667798552,-0.9842954263034704
2015-06-03,0.27758535341436386,-0.8934274392497872,-1.2404973141493887,-1.2561768213800582,-0.07358805279988151
2015-06-04,-0.2676264366102825,-0.9942026727736868,-1.3010991452336491,-1.2350998433155336,-1.6648262169876689
2015-06-05,-0.014227644370407532,-0.7567813792524716,0.7731798254804405,0.7050669722190099,0.09706846088728051
2015-06-08,-0.0123040191924303,0.42904861407073214,-0.47065052167376037,-0.7075060210301366,-0.39714568925587473
2015-06-09,-0.2787154239527297,0.3490176158919987,1.4819910814414556,1.297563540493162,0.021908969186546987
2015-06-10,0.4732386478918618,0.7998199335191586,0.5156214817325165,0.8136407168542573,-0.32628450412539256
2015-06-11,-0.8697838654171973,-0.626583655455371,-0.40986869645044205,-0.4577119310447607,-2.0778820889694716
2015-06-12,1.0885770184436128,-0.1902887842204955,-0.9270931412776146,-0.5897580876282825,-1.2805022038670357
2015-06-15,1.5770547504832744,0.5751807723458882,-0.9808824792846004,-0.3459874058612942,-0.8237700742676761
2015-06-16,0.5950412208321356,-0.5180093551074407,-0.06623584793197454,0.27034698559425474,-2.1696371990436725
2015-06-17,-0.1689552364008911,-0.4956678042807508,0.8578174697535954,-0.07429666763422003,0.3920730745019122
2015-06-18,1.6140120545543801,2.4694339688619036,0.25921763652796354,0.3645922226210324,-0.63632364336457
2015-06-19,-0.6853873275845981,0.01948441324574567,-0.9955549589128102,-0.7195982180276711,-0.7582360124347928
2015-06-22,0.4041073869001856,-1.6299679167737215,0.18100950383509715,0.0007011649478329512,-0.13887945156655393
2015-06-23,-0.6609381353378022,-0.7748759997619257,0.8179255079651163,1.071589049195462,0.05427643637136565
2015-06-24,0.6137696457939864,-0.4048240009865806,-0.8048375225772147,-0.6495663592033024,-2.16261812348
2015-06-25,-0.4158314689938151,-0.17058408710126366,-0.2927914763417649,-0.5315623347865158,0.1795061906067555
2015-06-26,1.186095985141257,0.06778982112269098,-0.02415980086089225,-0.11369543314945484,-0.48348466719365324
2015-06-29,0.15105413429514672,0.47443986519568027,-1.1673958191716478,-1.2124383779996453,-0.847586204524686
2015-06-30,-1.413869910686193,-0.7121150174548482,1.2690053252534688,0.883067213648393,-0.49917039468460483
2015-07-01,0.11116921390919214,-0.32819415379649214,-1.3643489166442753,-2.1556826869918573,0.34218869341945385
2015-07-02,0.23777141229971524,-0.6660569847226318,-0.010030148290167963,-0.0860630851341356,23.25486907777885
2015-07-03,-0.03469967418695257,-0.08428801290488172,-0.07490361073359468,-0.042194565916464,1.4506556403338458
2015-07-06,-0.24593661909790052,0.943954533144989,-5.050694365851111,-3.7663575958013427,0.41720973932252137
2015-07-07,-0.6983856625517509,-2.1009039783796677,0.07088157176130708,-0.1905098178731825,1.5543094816390453
2015-07-08,-0.11437249015446178,0.9454158855136376,0.031163962568724175,-0.4787444128063008,0.9943910207698534
2015-07-09,0.7262133517282037,-0.44316286159474966,0.8214617250075956,0.7087882511615274,1.1200271220768208
2015-07-10,0.3479532803020721,-0.20575990067576114,0.05146435709848005,-0.05030523802778839,0.6612258878805253
2015-07-13,0.13153269247093,-0.3200337351045659,-0.5303274357157053,-0.4271961636514457,1.7353742985899707
2015-07-14,1.5821127424999943,-0.2681965442969616,0.3495166329909781,0.575479714478891,-0.2222444318020515
2015-07-15,-0.5071548753898221,-0.7105577928517463,-0.9602116806513009,-1.278615422738291,-0.09808739352909018
2015-07-16,0.004520888801449398,-0.4496100815349589,0.2411913305573227,-0.4142903993604515,1.4746759018927005
2015-07-17,-0.3193834167463545,-1.3813677371165982,-0.04313757892763658,-0.056631421853245344,0.026571409274766318
2015-07-20,0.12474085224980071,-2.870786641298227,-0.6430507123384729,-0.6310506611410382,-0.1821696954497749
2015-07-21,-0.44464315754884265,-0.4980287841806577,0.2231904826633422,0.12124541687074526,-1.3208604854661374
2015-07-22,-1.482104654105491,-1.3591001319705678,-0.7319887542709409,-1.0441884988218946,-0.08857583532674407
2015-07-23,-0.9315121557535407,0.1708897431922757,-0.719854537746811,-0.6683753390258999,-0.23400909192214508
2015-07-24,-1.5389198050676545,-0.9718240538627805,-0.5888261368444367,-0.3061549104116033,-0.08224836486861736
2015-07-27,0.24688656910383555,1.0999461293254449,-1.0221268135134778,-0.6983481475292458,-6.90724770729691
2015-07-28,0.23721622738849818,-0.044378023441346545,-0.21559099566491488,0.46094739509398724,-0.3509093193823055
2015-07-29,0.28808162472690346,-0.4570047373113051,0.001147434352246241,0.6828052523039222,0.0279402110059509
2015-07-30,0.06364935893182297,-0.5554748403460709,-0.11479498211506689,-0.27498038005693953,-0.7721006394538248
2015-07-31,-0.34415620718480067,0.6455359442563817,-1.0924315741195083,-1.3754656243921222,-0.028501927775962846
2015-08-03,-1.154433746914658,-0.6587804847003993,-2.6516125012159177,-1.8086697852802822,-3.928937592492257
2015-08-04,-0.07482583548187553,0.059054666834407216,0.2648705114429832,0.39691315016735823,-0.12266045364033629
2015-08-05,-1.2281135178695988,-0.6419913683571885,-0.38820359877666777,-0.5207381305579849,-1.3821398176495672
2015-08-06,-1.7328087356132025,0.4376604408067717,-0.10249134660109982,-0.46086895510043957,-0.2861488035609818
2015-08-07,1.2613504176192933,0.4077303504951989,-0.8512712230714551,-0.7374043812900856,-0.429805210828232
2015-08-10,-0.33706205461913774,1.1381919387990929,1.5091505719372076,0.8941210637161834,-0.276463348732979
2015-08-11,-0.3800159352218897,0.36023617430300875,-1.0544838339226277,-1.681993290093089,-0.323988198361232
2015-08-12,-1.2876033233043258,1.7316474826450776,0.3586565592915152,0.12141928246317661,-1.0659288309987018
2015-08-13,0.13643646363877274,-0.8005774003797914,-0.433990832330382,-0.9500463232202299,-1.468261875037962
2015-08-14,-0.11843540069672409,-0.3932487246933582,-0.21859356074257674,0.17873571615059164,-0.6529681569081747
2015-08-17,-0.22995491806100668,0.5438787913061727,-0.059078454065338286,-0.5928898944190937,-0.06476108883177271
2015-08-18,1.392870624398456,-0.20859220797458483,-0.26893587318529966,0.6236300052143121,-0.5436532804626086
2015-08-19,0.8853541450836365,1.1428012066681943,-1.7628457275338787,-1.7193687644366875,-0.9710136707763999
2015-08-20,0.5350476398120656,2.6147844361061217,-0.5949899929935338,0.2299039031056293,-0.5658563016242195
2015-08-21,-1.7309945937195013,0.6028896464137704,-1.232958375095677,-0.643210760565988,-2.1703473617909532
2015-08-24,0.20636462386220666,-0.5846717989783821,-2.8413495314356356,-2.073876430069886,-0.10161160326846688
2015-08-25,0.6368281478097385,-1.4554353871008026,0.31142723434681796,0.7929519557676997,-0.4405439940907958
2015-08-26,-0.44933780984821914,-1.3503472481433152,-0.12058684977141403,-0.5911636512149521,-0.4239713402035992
2015-08-27,0.34944351622664027,-0.30240038189896395,3.5277964575491296,3.0543879930634716,-0.26790933754113594
2015-08-28,0.04200575073187957,0.9366225858839587,1.418040853683614,1.7161675567337686,2.5040394559629964
2015-08-31,-0.3851699754402846,-0.16061867447070677,2.1434938036622335,2.2950321665248086,7.248696714451739
2015-09-01,1.1028641587647712,0.6022119230045113,-2.099815817170132,-2.035809878739467,1.5075222442537517
2015-09-02,-0.7681030905256482,-0.6184782455121431,0.3563439984481292,0.355653617414729,-0.05989970310171983
2015-09-03,-0.12587403735076258,-0.9248930943370609,0.031241013754626703,0.23374348962181032,0.4304511765522563
2015-09-04,1.3936503191685212,-0.3910170309360964,-0.5042693197704001,-0.39526415898919437,-0.3411379903950699
2015-09-07,-0.028784975605863083,-0.07088910765261629,-0.0343199394485332,-0.030237077783665436,0.036857258115072074
2015-09-08,1.4041059895829786,-0.0814933492925502,-0.08075392594301087,-0.09312480149289558,-0.24264651679640903
2015-09-09,1.212299304402818,-1.9468644844211702,-1.081323370229684,-1.2089831904271018,-0.24203661556837774
2015-09-10,0.019381903571458938,0.6190917645532131,0.6574788395593316,1.0547837627914252,-0.23488950144984397
2015-09-11,-0.7275383672349122,-0.6494859937828401,-0.4477140843009423,-0.8151871828437239,0.17572229823982055
2015-09-14,0.7454214285285353,0.3519531612989811,-1.0761583444130356,-0.43264045699900494,-8.890219935286485
2015-09-15,-1.5720173066649448,-0.5626574646623419,0.09716882790574247,0.34725582476995764,-0.042530760199579236
2015-09-16,1.1513438439525305,1.6560134337457486,-0.05789486087702632,1.6602402473448423,-0.5285040525692201
2015-09-17,0.33110151474883653,-0.19042512704534087,1.5504701171446658,-0.1608225163196452,-0.6488362884378379
2015-09-18,0.6612674457228269,1.9974781473446055,-0.9842735084438472,-1.5357876855613093,0.7069517764110814
2015-09-21,-0.033274573479625286,-0.4358347644036663,0.8592555839349523,1.1834271867685504,-0.13347750752776208
2015-09-22,-0.014952395895940227,-0.8095433406577558,0.06855589370402383,-0.526816865350064,1.3129175942724014
2015-09-23,0.03396603103954405,0.5265801207963927,-0.8839474732325404,-0.8907661289439883,0.8296388666185883
2015-09-24,-0.5837916581351861,2.004722212315588,0.22848007570608453,0.23013216892842614,-0.41734254996135667
2015-09-25,-0.47035073641143194,-0.6315786468747159,0.25181997904217557,0.4938612046300947,1.622884198516728
2015-09-28,-0.9085027977380932,-1.2594373965592847,-0.9416137184646513,-0.8980518560389147,0.7268009081601371
2015-09-29,-1.5978853438890224,-0.5128785609967629,0.5986423741111467,0.4985752366862288,1.6581088509498223
2015-09-30,-1.819067055697232,-1.0844935613651063,0.06459391751579281,-0.12037624165626207,1.5634082644430023
2015-10-01,-0.2845420997648575,-0.20443831066255067,-0.5611226520258,-0.29514279902188933,0.29890054336978394
2015-10-02,-0.30191161190329274,1.991335343999594,0.30616510959266297,0.5808285742132258,-1.0176202411614463
2015-10-05,-0.12090893968473038,0.09496633700471521,0.8872792646864104,0.5407968838373161,1.0906753436668528
2015-10-06,-0.0408051640775837,0.6607316706667063,2.1531286539478005,1.7666563094181118,-1.5184122591612466
2015-10-07,-0.3904126954352947,0.15308803458662915,-0.40685740561546446,-0.5473644721879002,-0.6979627986124034
2015-10-08,-0.5617229902844163,-0.4023283571811032,1.2452760619808279,1.1653368000978712,-0.2279597833216597
2015-10-09,-0.3485421093992309,0.911862936339116,-0.3081760606788135,0.12807803524670863,-0.9358284261442091
2015-10-12,0.6494017235129264,0.6935586348496287,-2.173738501232681,-2.047567502830976,1.0352534973986707
2015-10-13,1.3639508783626548,0.04690370610159541,-0.49503274087476,-0.3624839724112569,-0.9228164550105622
2015-10-14,-0.45757244342382547,1.1471646626691285,-0.13959182626153926,-0.05142793464430856,0.09252725950727433
2015-10-15,-0.17949112736215483,0.6206905536549504,-0.37277340289095734,-0.23669499279750805,-0.44227607255380763
2015-10-16,0.3658251161884032,-0.38057184865851174,-0.03261294920002771,0.6695360996747808,-0.37121102243918047
2015-10-19,1.3178085833243358,-0.9246077980706027,-0.1444359461895838,-1.167048821872283,-5.199963924026419
2015-10-20,0.8364689141845448,0.31304631929024995,0.039066682340371826,-0.32066090957873594,0.6146349916844306
2015-10-21,-1.5069605169971925,-0.9347929613480116,-0.811784214428686,-0.33060630747234176,-0.07518440792732695
2015-10-22,-0.20925619015646668,-0.1736651423544154,0.14738943536381494,0.11292005412116315,0.3563867855799991
2015-10-23,-0.44045948497904736,-0.3529245915088624,-0.14139101974210097,-0.7545961656354048,0.828110505564186
2015-10-26,1.2605084959504933,0.2673025286645938,-0.49169320662356575,-0.6176963956397094,-0.9314723377610244
2015-10-27,0.565397294822972,-0.06464873729891,-0.8111115482906227,-0.7724625578434667,1.9087608016757713
2015-10-28,0.5322541622012267,0.8983021512554994,2.1984663237840296,2.3967713173315524,-1.1013993032983604
2015-10-29,-0.13958983740191774,-2.8061889160178075,-0.236194961408746,0.09188678093395893,0.22710299545508397
2015-10-30,1.099596588047636,-0.6549279926638082,0.6772596966833779,0.41042022417872864,-0.4614764336331246
2015-11-02,0.8812202881208925,-0.5924054316799249,-0.760330088195054,-0.4280292931648638,-0.2073608347806849
2015-11-03,0.016994818322953697,-2.092918584060458,1.5893479538580266,1.5091283430970515,0.7015138018102671
2015-11-04,-1.6273116863678276,-0.8346943958075228,-1.7840233928320104,-1.3721284705095873,-0.19079876857768976
2015-11-05,0.6567677101258458,-0.27807311075918245,-0.5474488817949537,-0.9590145467122622,0.008617231286260013
2015-11-06,-0.6946216939398968,-1.6814618409356559,-0.562145758949187,-0.7709752510623712,-0.9271076854248135
2015-11-09,-0.7658304535273728,-0.08322980589698996,-0.2683647919934458,-0.3776960402133143,0.75401774999364
2015-11-10,1.4694783693995859,-0.027335345160338233,0.1722759263677497,0.2389190356638543,-0.1025900122319724
2015-11-11,0.9343719886251358,-0.40649467863677263,-1.6445569213379265,-1.1527677567939574,0.06235372228537035
2015-11-12,0.01694950443856007,-0.4682026087668979,-1.6988426566651618,-1.0491731231855237,-0.7646487940859511
2015-11-13,0.8668985016295203,-0.07449254758023383,-0.48274858512953733,-0.8838198884204965,0.6914384916125835
2015-11-16,0.5242048955196584,0.2428977698871889,-0.10202083738891655,0.7630300970768347,6.3243737630661885
2015-11-17,-0.39994542875381534,-1.6598860746143038,-0.06049376687384619,-0.9062327950052902,-1.5070842604499575
2015-11-18,-0.6590853713818965,-0.1062753523148946,0.5113916622577244,0.021090147468205665,0.20083703729188143
2015-11-19,0.8694961986487376,0.9325844107751905,0.004784744588535886,-0.21664981232248678,1.1119527599871444
2015-11-20,-0.033090928117337125,-0.19867915349688178,0.4614340349261188,-0.17639802360590506,-0.9043769972826329
2015-11-23,-1.5891389867902799,-1.114606405956366,0.14223090546316075,1.255438646563463,0.5390686198184166
2015-11-24,0.5667434046859426,0.7210374226436568,1.3706808019227705,1.0051647949140177,-1.5352640996777456
2015-11-25,-0.731701099063465,-0.4501135450464683,0.03230458572473089,0.13103089732490789,-0.36620683331816056
2015-11-26,-0.0459628341233984,-0.07899983408491118,-0.02900735219340526,-0.03747288981967664,0.3127177602181633
2015-11-27,0.1362196132742014,-1.6897756043671353,-1.559870578955991,-1.424365224675165,3.204912007785327
2015-11-30,0.44318379582664424,0.959524982481051,-0.34943042886327697,-0.1138066321241488,-1.694331916658247
2015-12-01,-0.012096842870451995,-0.24811114501278783,-0.27254621163213705,0.16109605652864217,1.6466383921634566
2015-12-02,-0.4541753189669921,-1.1569816652364573,-2.3805402842842676,-2.131347361850683,-0.33385713215747786
2015-12-03,1.3233581523903342,0.7477324134652366,1.2313339913526307,0.9963578744424925,-1.7261732038025157
2015-12-04,0.06977420755947258,2.5079313335431075,-0.8534579829509927,-1.0573738821567378,0.36504069248859755
2015-12-07,0.9914246016213857,-0.745884943475737,-2.3092543159262235,-2.199629117086211,-0.033144137090035566
2015-12-08,-2.581263488774725,-0.09251788498305825,-0.4887804709078311,-0.16647572511735115,-0.3797135521250397
2015-12-09,1.3887143424000699,0.0696837342272082,-0.212281866647209,-0.33094833204662294,1.4556545687257147
2015-12-10,-0.614371453652767,-0.5023314800645765,-0.4066036261868348,-0.39362742708633375,-1.1503040598013854
2015-12-11,0.051407886280456325,0.3100330306538129,-1.8543327492312787,-1.1083408878241003,0.38963826022058606
2015-12-14,0.4623618621807684,-1.3046750321901646,-0.08431567085500402,0.5729265912414366,0.7748116986537963
2015-12-15,-1.0218806123754658,-0.2903959586188808,0.4372903059576258,0.9212756707757436,-1.795778699261019
2015-12-16,-0.9475893859587284,1.517027188741869,-1.2862295682350458,-1.7235323719908675,0.39099847515923497
2015-12-17,-0.9828824246910463,-2.7244955674052553,-0.06497813592521011,-0.5355760187848547,-0.24578543612658774
2015-12-18,-0.07159404661075429,1.3247055661948148,-0.3691716832884513,-0.22852371690515125,2.497996113810667
2015-12-21,-0.36614720855424226,1.4181856649198392,-0.6202492256616127,-0.02440052263662196,-1.4944114577617758
2015-12-22,-1.1142987657001069,-0.6160815241543502,-0.3282653056325495,1.3233122610447603,0.7104184311566499
2015-12-23,1.5500055071512784,-0.548796487826584,1.369970071507561,1.2395371642552677,0.35816892415030394
2015-12-24,-1.2564544428881994,0.6291603299427265,0.558829100031583,0.5203447574751647,-1.7117927052770647
2015-12-25,-0.048326036045823695,-0.028090516773186767,-0.009161407164985657,-0.02592389896695527,0.3248312954810123
2015-12-28,-0.4384280570858225,-0.6677224843801093,-1.5456507064134735,-1.3299314658560333,0.015649767303972023
2015-12-29,0.385095674903649,0.5752481560063428,1.2191403660908204,0.9336354477062044,-0.42947306458899936
2015-12-30,0.41731555658575664,-1.6703740456964091,-1.4960932832740996,-1.216869191306579,1.7466153238999353
2015-12-31,-0.49284101096457655,-0.09143450194896614,0.797075134463054,0.34516996691067037,-0.4779294910274213
2016-01-01,-0.04380819159033637,-0.05442303461999601,-0.04620677988174465,-0.027454678122585525,0.07693860359049405
2016-01-04,-2.3214204254232085,1.3783371896395593,-0.09391342918408949,-0.31656599906608757,4.8145407788053145
2016-01-05,-1.7340051597909665,0.2980086885511219,-0.9696296966757744,-0.8733030953977164,-1.6422631761783753
2016-01-06,-2.0746898272217984,1.2104757944890354,-2.6832368536301674,-2.1752209088555445,-0.14274145082525178
2016-01-07,-0.5131372485197416,1.3972444167786608,-0.5531905811174577,-0.7047236655265037,0.16121089474713263
2016-01-08,1.3424731883016996,-0.8474567779445475,-0.28200093490860206,-0.1416993556075269,-0.2476233039929842
2016-01-11,-2.9466027484365145,-0.19370491980834617,-2.2281882599670912,-1.8165003195700202,2.2231437753587744
2016-01-12,-1.0804958149300783,-1.0241215479016543,-0.7311880551319505,-0.9535322254919405,-1.812205517906462
2016-01-13,0.7391923094878452,0.08407130192736914,-0.6234855608835991,-0.002512312657198649,0.08371261300011933
2016-01-14,-0.8848282185989541,-1.3001446631122355,0.6779239733676827,0.6752173242555204,-0.4682350012655653
2016-01-15,1.134598139467439,1.5228694942179228,-0.04891978909496411,-1.8484825298618732,-0.11878003778216839
2016-01-18,-0.02491397648438613,0.0019156765641882467,-0.02341893209279302,-0.048650182718501155,0.17428390036485616
2016-01-19,0.6666833017778676,-0.1934911139577425,-2.7117726147236167,-0.9982071766261316,-1.742118824780487
2016-01-20,-3.0869027903119477,1.478110045964222,-0.9290965222615759,-1.9977456772483895,0.32122804648863146
2016-01-21,0.9906326634931425,-0.6772246808644853,1.246996290760846,2.53522258455927,-0.002379605806976213
2016-01-22,0.3648291166827453,-0.23909445303997987,2.6086537333232793,1.945187149053954,-1.633912555534234
2016-01-25,-1.2590689553609988,0.7304526961436881,-1.2135896487292381,-1.2685835285323988,-0.8465161925882291
2016-01-26,0.19107493727880343,1.319967873377189,0.9374338128824705,0.6918940454489817,-0.6936161026800359
2016-01-27,-1.575164157948135,-0.4722229166789966,0.9052468584734966,0.5534774570171687,-0.20570655754037465
2016-01-28,0.5938904539675057,-0.11032491161281274,0.5695717043013602,0.6096482008363687,0.29813153596181796
2016-01-29,-0.7400831324870555,0.015383698454258599,0.6123717447937744,0.26415811299715325,-1.6199494929299543
2016-02-01,2.4846232197456426,0.9584371910600419,-0.041082629403186036,-1.5356247920858273,-1.2389317803716433
2016-02-02,-2.333865450781732,-0.07010187265042486,-1.5910097633921383,-1.3150185516883568,-1.1614630835342565
2016-02-03,1.54954516603411,1.169456339397363,1.6529213113551684,1.590073763948977,-0.1636277767480511
2016-02-04,-1.5068735207957864,1.3614558769659773,-0.41253926255921947,-0.359925260190117,-1.5418038507584655
2016-02-05,0.12438955360543631,0.01128429532487192,-0.29755343581716354,-0.5997546487556535,-1.076212376744721
2016-02-08,1.724049445766798,3.17858654369705,-0.9594524749033105,-0.899733940816481,-0.015287030264133857
2016-02-09,-0.4214275554374509,0.09729893151703453,-2.1662157880087793,-1.3422522624900313,-1.6451513020508066
2016-02-10,-0.2672816742668124,-0.29428802926542375,0.3042287109980632,-0.39269193157820986,-0.9852097828359395
2016-02-11,-1.2214443573516616,3.3361415690111462,-0.6445659698823887,-0.9942470832647682,-0.42234196612611774
2016-02-12,1.1920062427092561,-0.36685226668116566,2.467387804948538,2.3345485827010943,-0.26910257699428713
2016-02-15,-0.017599913835172676,-0.048235010899918246,0.013835780859288771,0.012847772609878263,0.296998707234967
2016-02-16,-0.7093893021983171,-1.6315936853044315,-0.7749941088440351,-0.3050582637002939,1.852900745485739
2016-02-17,1.6680061951813259,0.07614156025163711,1.5146053063886313,1.1631311918529588,-3.514361861452328
2016-02-18,0.1386255228770801,0.7557397939798087,-0.14326222319730014,0.07474400303551053,0.22947746995977175
2016-02-19,-0.9967655150449871,0.21634237005816823,-0.8618654439163148,-0.9155532981049079,-0.02544232448391457
2016-02-22,0.33689803018078557,-1.1449585509587163,1.099984761092694,1.371554485218922,-1.306288147022851
2016-02-23,0.3093420150418889,0.6178602029745837,-0.9853958140136018,0.2832872832681041,-1.4997050693581189
2016-02-24,1.0136498237743146,0.8728924630312008,0.7560833959259508,0.19694836238225447,0.6497560968440491
2016-02-25,0.2504019155922596,-0.032070167037398574,0.5786641073630824,0.7246860432204829,4.32306049597786
2016-02-26,-1.1443790808293317,-1.0497768203064128,-0.13393925960726547,-0.256322910285727,-0.677321347339849
2016-02-29,1.2749074468620964,0.7126942163058787,0.6197711953477771,0.8058363514094959,0.1138449270794867
2016-03-01,-0.5152510160241732,-0.21046080946486045,-0.025017233289169518,0.5453234119905359,0.3606137497156375
2016-03-02,0.29743330762918546,0.5675420453127796,0.7389679358189143,0.20969137414188727,-0.2524762091349337
2016-03-03,0.01361648911926408,0.9074262083889396,0.09573327373815402,-0.1127359030145365,1.248505342301965
2016-03-04,1.123815020620058,0.6904787236944433,1.324043508956554,1.292619934975553,1.0284631652933098
2016-03-07,-0.15330197220481417,-0.38890989241860047,1.6139414785018016,1.8260426783109494,-0.4257230216371461
2016-03-08,-0.8115462296694463,-0.1153507628963923,-0.8375105405101771,-1.2431175056848924,-0.0003031924341080136
2016-03-09,0.9852822770971544,-0.36452939555074415,1.0109649315118554,1.4240578784077942,3.4386631214975028
2016-03-10,0.46162248975788645,0.8646333215157563,-0.7721132327627436,-0.3661695117591636,-0.8457381353571846
2016-03-11,-0.024813354374946174,-0.7973763199075409,0.22524901675117748,0.5053564337908368,0.8092891836415822
2016-03-14,0.2055246147178781,-0.9384172358243184,-0.723492958145742,-1.1612830698607852,0.06808511296969652
2016-03-15,-0.9012553763383108,-0.9435572996292254,-0.6972218378352082,-0.7479171312750251,0.21630875399185714
2016-03-16,0.7813245526807245,-0.14246107330774518,1.2693271654772016,1.6883340008837233,-0.28521333429354034
2016-03-17,1.465937926950708,2.2001524785391893,0.9482896784916524,1.3010076506875135,-1.447262494334356
2016-03-18,0.02052418138314838,-0.5686870212806608,-0.2658995039016155,-0.5695648468487482,0.012925404832592913
2016-03-21,-0.9145854372579677,-0.6351243869160988,0.2589627802273474,0.31479151142857725,0.12214422991227716
2016-03-22,-0.7609135998224245,0.19812373925995236,0.18028870432219304,1.1618641147516071,0.3072319595447877
2016-03-23,-1.4795428673195197,-1.5085471039115408,-1.247835951303525,-1.2956135515398672,9.657284891556047
2016-03-24,-0.06054222281712343,-0.23131109447397788,-0.08675116553782734,-0.28785340108413954,-0.9792702706160894
2016-03-25,-0.029608151770869586,-0.046113891361783,-0.06144644952673948,-0.03288482629389103,0.15868699470770872
2016-03-28,0.1347135090948576,-0.13732141513492752,-0.21226802041994436,-0.08955840500963452,0.015363191370307823
2016-03-29,-0.028803057125460288,0.9658661667587652,-1.2399826714393085,-1.0301809394939359,0.525998168942743
2016-03-30,0.05348215780657756,-0.5616433312882414,0.054357393925854425,-0.010645036174501372,1.4986743424871085
2016-03-31,-0.5411930991750813,0.4104253750139548,0.3026103601839674,-0.015227561623549473,-1.8585812561235737
2016-04-01,-1.54052135039487,-0.8183518575404526,0.029899533220432678,-1.618432737571442,1.1886367015871564
2016-04-04,-0.2611824635591366,-0.3548037229502323,-2.3789742188201,-1.081668605174119,1.1161258836378913
2016-04-05,0.21029304155746875,0.6560172645032708,0.10051049495779954,0.12762600692428155,-1.764817671791095
2016-04-06,0.3705021510081472,-0.42610411538189313,1.9215163065840741,1.7235274585303897,0.30018350211506806
2016-04-07,-1.15549778415364,0.8945784026371069,-0.37281288246834554,-0.44549032670164856,0.08023053093186222
2016-04-08,0.45701662772692764,0.4197673677913325,2.308908744257297,2.147467170594913,0.9910593033084739
2016-04-11,0.7393601867139411,0.9504131159659869,0.6986102137089829,0.5109649441460502,-1.2485135378423509
2016-04-12,0.556010526066049,0.17097772549454957,1.4665069677800864,1.4425570780352563,1.112063999801951
2016-04-13,-0.34196707169338436,-0.9182087222230119,-0.3758040390349068,-0.3320902507822641,-1.2365487777713233
2016-04-14,0.7562993322699285,-1.635319031420633,-0.2878201147984878,-0.2498246113324612,0.9097971479010561
2016-04-15,-0.2968101731854885,0.4766752352374799,-0.6646600651327985,-1.0271752397520861,-0.003817151472337419
2016-04-18,1.186487357413138,0.008096262965079964,-0.2197048464512165,-0.5377226911373623,-0.6711590317004856
2016-04-19,1.0316955166703952,1.3645689141811486,0.937493110171547,1.0648301884543336,0.41595306552080036
2016-04-20,0.3432005867852489,0.013687561188849576,1.5140040301486082,1.2608195339457042,0.6097875610450006
2016-04-21,-0.00782067833430068,-0.34567225957212777,-1.0515430912820745,0.42390129670521554,1.9036993070572827
2016-04-22,1.6159858848007107,-1.541526265602277,0.44389675324963296,0.4254671229126838,1.4454847851026769
2016-04-25,-0.519753567006531,0.6447222935446727,-0.5917072439177161,-0.9743746536407943,0.6767015550082799
2016-04-26,1.38422253026299,0.21779465886336957,1.0624514201180775,1.1142721938960132,2.6465057118049953
2016-04-27,-0.24364003040007864,0.4768322316210701,1.2044564600193965,1.0202510510917466,-0.974175115276803
2016-04-28,-0.30113702222929156,1.1776554068642868,0.7959285367563343,0.5345885782554995,0.43235360155287644
2016-04-29,0.9993013646112711,1.6803810775844372,-0.014047125003837134,-0.11790432996565242,1.8982387686032591
2016-05-02,-0.3920442921396148,0.3707981261220571,-0.057321669427984,-1.0384259740480797,-0.43573714739040925
2016-05-03,-0.2634071890852341,-0.30159176150217054,-1.2995618885637024,-1.0166709703760712,-2.2531410178219673
2016-05-04,-0.43456509111888925,-1.2529369265528978,-2.0344565865801165,0.05973307048594278,1.2299135056863175
2016-05-05,-0.6356125849315726,-0.22159667962094737,0.22648354247665567,0.4382387061319628,-1.3570959937448424
2016-05-06,-1.8820270478424275,1.4586647792897354,0.24085659436404253,0.27601201087961863,-0.009464867566054703
2016-05-09,0.21405233819447117,-1.832680166257874,-1.5858426753371468,-1.2096922309969347,-0.061930641006863844
2016-05-10,0.44952035269501533,-0.22284783813244108,1.4960893007830414,1.0407863167864075,-0.011070487791484689
2016-05-11,-0.8226172950967385,0.6789518078788797,1.5600213623270311,1.3459548666926635,0.1254240625163596
2016-05-12,-0.643328601983178,-0.31577043837587254,0.3619506490305996,0.3755354359067779,0.35129953063947905
2016-05-13,-1.339905706268225,0.053157933814942035,-0.19048537541865124,-0.4633192860417044,-1.9702743207281794
2016-05-16,-0.826951773835862,0.061483271804810655,0.8413361762367972,1.284771156933619,0.8286865398188415
2016-05-17,-0.6944657795615314,0.1562668281812845,0.2148745634990054,0.4807535210377662,-1.098666588595974
2016-05-18,0.7139581121352867,-0.22796816356609345,-0.3050444980861178,-0.1388240973213733,-0.07657584398203213
2016-05-19,-0.9243706132954572,-1.5348819347736855,-0.14726023537116717,-0.0722250014214605,-0.7677494945213388
2016-05-20,0.4102565755372314,-0.23936491676809876,-0.13267866021679975,-0.44954656907208096,-1.435182384703568
2016-05-23,1.0815782224241675,-0.15825863525300649,-0.3943848939661844,0.2777615065391405,-0.2775590010965197
2016-05-24,-0.16468612222405746,-1.8276772900279137,0.19141932140462098,0.5163327022862952,-0.24539275173370512
2016-05-25,-0.7218209050033039,-0.5426166233738703,1.0602624296095373,0.9473198520639288,0.28105310544838313
2016-05-26,-0.23135704995902154,-0.34445464270833737,-0.17020883206742346,-0.11946862752480154,-0.22771333529501228
2016-05-27,2.0892120698892875,-0.5862066174199124,-0.31179346821958703,-0.21839877305760916,-3.192846224439044
2016-05-30,-0.016740872651350595,-0.07381392164655122,-0.06353441564362743,-0.05657908466206469,0.4337266782904123
2016-05-31,1.168868300723727,0.02931775670653199,0.3407575681462275,-0.33472425253098115,-2.8669374171419237
2016-06-01,-0.3072977386940283,-0.3081569184995569,-0.028122861569256596,-0.17357119371170798,1.0466578314374255
2016-06-02,0.20771773985680933,-0.2546412074924786,0.32747827525787776,0.14311237699833015,-0.6305030088087319
2016-06-03,-0.6126924045320811,2.6497420646800265,-0.5306500618327162,-0.8042004742142422,-0.7617721266529242
2016-06-06,0.6819020644848071,0.36277753940970037,1.0288112756373768,1.3180881191275327,-1.3611330049618815
2016-06-07,0.5311190045829652,-0.05403894575752791,0.9970938207442571,0.7918634251974995,-0.2185504610299232
2016-06-08,0.5285071377826969,1.12095074061713,1.204545204221861,1.0242707685159382,-1.0154911602774408
2016-06-09,0.037486725528166655,0.7567390805844273,-0.6480242957574112,-0.863231744819123,-0.6654168503654828
2016-06-10,0.39382947999091766,0.21096758126238033,-1.6831394036187188,-1.854888127621383,0.057134972702580424
2016-06-13,0.23969590209627062,0.7746183931850267,-0.2976284702333718,-0.2701478773858211,-0.899172269519794
2016-06-14,-0.07832108089220574,0.06549966126536731,-0.6601366530796027,-0.47828576457597627,-1.9054320571410346
2016-06-15,0.3085357667107773,-0.03431429882394274,-1.0464095157431992,-0.5882614382271929,-2.9174509155347086
2016-06-16,-2.4038012797619097,0.7345522723202262,-2.1096553034178807,-2.0868608099357173,0.5387972442427813
2016-06-17,1.0146291543257653,-0.3011078061229468,1.8115507597735672,1.6087459786942488,-0.1986911491430008
2016-06-20,1.3924534166245586,-0.25894552133723625,1.2478432136899102,1.2093440587156006,-0.3322075569043965
2016-06-21,0.512697218614428,-1.6219564938804532,-0.015904174368116277,-0.4746533398695962,0.04319335496988675
2016-06-22,0.18497236588077323,-0.3087505989539911,-0.6826658801444079,0.19858418242933404,-0.3478738364788333
2016-06-23,0.6130155392350652,-0.619044874053443,0.8642816436902192,0.8587280908129769,-0.4923329248079155
2016-06-24,-3.6699901020720835,4.702829612309171,-2.3550369682416017,-2.356868884490399,-0.059670485686450746
2016-06-27,-0.79548944804192,0.1984643826936064,-1.0539024269978077,-1.1114210365549173,-4.232817580499079
2016-06-28,0.29459965548682826,-0.4107511920637315,1.0154211740225625,1.0996980392964388,-0.08344388446799945
2016-06-29,0.5527219733335812,0.40836755072556,1.5046272843026727,1.4616184310094806,-0.6734449736541696
2016-06-30,-1.583631307774033,-0.32119855216691545,-0.6632119483627996,-1.1137314525160729,-0.42714113054170927
2016-07-01,0.5849168154002532,0.9583547227725351,0.09053444733149939,0.4014256024435884,0.3371426232263934
2016-07-04,-0.026042626633138413,-0.004730084705977548,-0.050438433279649614,-0.026711329497819184,0.043280340490182354
2016-07-05,1.434226545873683,1.043553103442081,-1.603489686522058,-1.8903652859753035,-2.0527852784509157
2016-07-06,0.28362032942343435,0.4535428203694466,0.581127649093872,0.5135791496749531,0.4070116431680072
2016-07-07,0.5790238841257482,-0.28510663879878423,-2.0046973125917082,-1.680023225928572,-0.43320732468333806
2016-07-08,-0.29040595457843454,-0.24496114040945888,0.1991781353596392,0.12813930872692078,-1.1559239116129814
2016-07-11,0.007512126057658628,-0.139737210424338,-0.4478636848342388,-0.4868657527371162,-0.45444110168929924
2016-07-12,0.27946761584960944,-1.2700161899351448,1.6722826950187886,1.4075694134472665,-0.34107854745185867
2016-07-13,0.5732321204306683,0.4051542717319504,-1.630703417171235,-1.4408079778588303,-1.334767367935867
2016-07-14,0.2838660235734057,-0.6931140803648154,0.7181409053301911,0.5541949670222848,-0.41016252390553665
2016-07-15,-2.849182390582082,-0.3623207921188827,0.12239962500027501,0.15879767567919514,-0.06776768213440318
2016-07-18,0.35718253747166284,0.06353679033697784,-0.49418862407731584,-0.5339296404225469,-1.203251063792395
2016-07-19,-1.842252215412265,0.15595577644302155,-0.2739158280152587,-0.4703970687161996,-0.6154533835137451
2016-07-20,-0.6484704625264469,-0.8688874358854763,0.3521949563180599,0.1786260987753575,-0.4141845120002723
2016-07-21,-1.4641904633201894,0.6969350188356733,-0.8433861650237525,-0.18207480132376055,1.139631327761692
2016-07-22,-0.38448169344373434,-0.5110729691931538,-0.4854571018810193,-0.5103638457635171,3.359181686832525
2016-07-25,-0.7319290227514591,-0.3229539409886854,-0.9324873202889274,-0.964393876126502,-0.4464835036839565
2016-07-26,-0.10263953594238504,0.03815754807240055,0.06707318089030198,-0.22553715749452455,-0.23485631643610522
2016-07-27,0.10234693646881465,0.36714164151969664,-1.3926464020148672,-0.938526500512295,-2.969279894673343
2016-07-28,-0.18850109322981531,0.3677014243088317,-0.7801622386837831,-0.7380970248142423,0.27743698164032876
2016-07-29,-0.3768467908805468,1.1542820029708745,-0.3065736734589129,0.3589451554583476,0.717954858737206
2016-08-01,2.043327114009462,0.15571224659732455,-0.07169035341017613,-1.466385906722422,-0.6690461852872723
2016-08-02,-0.6569702266373825,0.8655444191093642,-0.7282347990165021,-0.529421212451474,0.12329919165709347
2016-08-03,2.031601099311079,-0.597672992018121,1.3018176010703264,1.108991434685516,0.03821133088633191
2016-08-04,-0.05333409941112714,0.11882659188771293,1.159869031543856,0.9136059836089863,0.10545723103109154
2016-08-05,0.5708754298160938,-1.6746834337316039,-0.01964039410805917,-0.13115618972599224,1.8161302160220838
2016-08-08,0.17527897530484127,-0.32665691161633686,1.103229519937758,1.042804076074164,-1.169723528977793
2016-08-09,-1.1491155342231822,0.352918337852497,-0.4348341451682377,-0.24078408397926818,-0.25624012958171116
2016-08-10,0.8585157863663391,0.35631384709292646,-1.0128412308089452,-1.0282650288302118,1.5241038996536294
2016-08-11,-0.3879117698324559,-0.17755874881974598,1.9578298862031998,1.5180537514346124,1.8779988488806996
2016-08-12,-0.21827712295259002,-0.5792135014948959,0.8225076826128942,0.8169582381981716,-0.2500625959722976
2016-08-15,0.7343232266806643,0.2783565710670969,1.2464212241083066,1.007692579242564,-0.42609573120211025
2016-08-16,0.20207320579860782,0.7639542729104221,0.7583231759867393,0.6603336378977815,-0.41518141075684073
2016-08-17,0.2611412583933989,-0.6474513097063488,0.5324789957154468,0.14610163821245012,-0.10134220618603762
2016-08-18,1.0893207286883813,0.601806532972833,0.9003743599729346,1.1946517303677266,0.059713998123282847
2016-08-19,-0.3077937534312633,-0.9075462838131821,-0.028447125332450272,0.22984964178033104,-0.7980550509155955
2016-08-22,-2.3904265754184406,-0.31119668524017907,-1.6564462190786349,-1.3544108774260093,-0.5196052131830794
2016-08-23,1.093630666224271,0.1732954291929253,0.6185604262608448,0.8116939122975381,-0.18125804253173097
2016-08-24,-0.5033978943685422,-1.431341902634761,-0.8713751115480138,-1.146063829808122,-0.465156475992393
2016-08-25,0.16952476529119523,-0.4762683267430906,0.5052274697915535,0.39618198286890477,-0.5656154276302084
2016-08-26,-0.29609784650208915,0.046472968085876344,0.17959830060088436,0.2252239860496223,1.769177491696923
2016-08-29,-1.4441464349183475,0.06453011743054247,-0.6711187557780469,-0.6147245277523364,1.958343383004393
2016-08-30,-0.7211306525093538,-1.067987417605076,-0.9449875701543177,-0.6066499276359891,-0.7122858375076749
2016-08-31,0.13571718997902482,-0.5364592640327173,-1.422226972403651,-1.5458127688293104,-0.5723538920997487
2016-09-01,-0.0512125034289588,0.4079226723579365,-0.07802559634271983,-1.356224066677363,-0.1961934016679551
2016-09-02,0.03429244727926246,0.8682079455658321,-0.29286272687261306,0.9485817917980115,0.20940231585428168
2016-09-05,-0.031083324356453706,-0.034137386417934436,-0.05654910453675639,-0.01906079953140725,0.15176695457464437
2016-09-06,0.5253639387173474,2.4463945371715528,0.40745372547980474,0.28817769831278445,-0.6590348061745135
2016-09-07,-0.34126027924661617,-0.3825171856867612,0.7489245248974845,0.5462738591595522,-3.30425882451649
2016-09-08,-0.8561761447403698,-0.6730312176502925,2.1604893680385566,1.8090335920750868,-0.41765140102248277
2016-09-09,-2.479586425844361,-0.6267372350338744,-1.9231928983574043,-1.4479308861714093,-1.1013519307677422
2016-09-12,0.7676589806452153,-0.8361419748515361,0.21786750273643074,0.2600126623992245,0.46186841710219295
2016-09-13,-0.20572215286448983,-0.25574572735356516,-1.18391756908626,-1.161036991354126,-0.06293252630059144
2016-09-14,0.5822924679893843,0.14718041888278827,-1.2013122758269676,-1.0887838151197042,-0.19694987300542244
2016-09-15,0.4955600435789433,-0.7542427358393319,0.5737317137401222,0.2040325713082388,-0.6916690630251975
2016-09-16,-1.6188305304149941,-0.7722965796620935,-0.8018622305263338,-0.7417585147197334,-0.1224693544536429
2016-09-19,1.5256318047066113,0.6042447216556442,0.11792198536055747,0.17386360762608372,-0.6637300212591557
2016-09-20,-0.1500927676012519,-0.022055619626255383,-0.12469441306254678,0.08681638272695294,-2.207442791283361
2016-09-21,0.21139424385326538,1.137050348519756,0.9047956905914493,1.6482818676544724,0.4880827302497289
2016-09-22,0.9234226081989552,1.1633447064390743,0.7842265627538573,0.7983403905414579,-2.1215821554651306
2016-09-23,-1.5327534079890022,-0.29466276213797543,-1.8172059571720174,-1.5943394384866791,-0.45590488401842383
2016-09-26,-0.19838269584780036,0.1441302674191775,1.268982501188635,1.057763807952397,-0.635720017292541
2016-09-27,0.48303609686623256,-1.2763517293022881,-1.2853340075024555,-0.9857080523179086,-0.10053470333596704
2016-09-28,-1.001690572456042,-0.6853385735071718,2.2714931902769617,1.6904154988060867,-1.9761492039852477
2016-09-29,-2.296129730849368,0.12275516365144874,0.3877605575765143,0.5237776229599443,0.19125393243739325
2016-09-30,0.7007075678658344,-0.8307888099767187,-0.13207310857993604,0.26254105471080375,-0.1833772180812441
2016-10-03,0.6948179873944407,-0.4942089165119961,-0.0054042150359817995,0.38786355183279475,-1.385454689425406
2016-10-04,0.4665227210497768,-4.190571925197786,1.395351555427218,-0.12142426217763358,1.5850743133368186
2016-10-05,0.4421558859075135,-0.27660957697162275,0.751439973210062,0.8728864983243814,-0.7049115131349086
2016-10-06,-1.1360777463243,-1.4093157652716215,0.5020053875891052,0.4605809550076806,0.2585557929560112
2016-10-07,-0.08540358909735472,-0.18496661537291437,-0.48731413190408396,-0.5549279101535238,0.5763383360799667
2016-10-10,-0.03174549869019874,-0.06328125475727368,-0.04710631587279566,-0.04751855105323372,0.5103243563207684
2016-10-11,-2.8933514828704334,0.31050557335120377,0.35977163786082855,0.8220053020595284,1.5221292382627754
2016-10-12,-0.5563561794255265,-0.22401786870161758,-0.5809972296990533,-0.5746250260527466,0.030321960161351025
2016-10-13,1.1865984012911392,0.29454872649151503,0.148150949018071,0.18164960995493135,-0.05134096617430613
2016-10-14,0.47372662572836854,-0.23123386775054186,-0.13476436432926367,-0.1270705051325364,1.4980359294487016
2016-10-17,-0.6600762674258291,0.053295416805490756,-0.483714426443929,-0.45735471800222127,3.0091161202790127
2016-10-18,0.14798454011634735,0.5611376896477132,0.09787310834844777,0.2980891526582958,-0.36298420342374954
2016-10-19,0.569047501171769,0.6463057215809226,0.9827427072485708,1.3100705070944458,-0.09050149629650538
2016-10-20,-0.1872753583466744,-0.2669321602966855,-1.4001099927225913,-1.214601038442027,-0.10159289219421688
2016-10-21,0.1541801382837939,-0.04608666450891893,0.33630292331798395,0.33547270132171614,0.18460495056958667
2016-10-24,-0.5020130952763098,-0.46039249771345747,-0.4019942530330559,-0.36740193360987144,0.0014096257882988674
2016-10-25,0.6778364906710577,0.9233705371450721,-0.7800384012600576,-0.6223835985914259,-0.08935768368776033
2016-10-26,0.7756171048169566,-0.7469620062195499,-0.9671241085822693,-0.8528499245874804,0.09176566268010772
2016-10-27,-0.8992246943644747,0.21997662034799476,0.4441668945151379,0.4762361854022817,-0.7128938658028705
2016-10-28,0.5312916760596232,0.7186795870389826,-0.9137126606866554,-1.0889080793702517,1.4873586018349667
2016-10-31,-0.5291964178756067,-0.45177120937795034,-1.666648196652226,-1.8924065499883216,0.054562848207400476
2016-11-01,-0.9861907552372455,1.4478181799082703,-0.06462057618950366,-0.22800542145293912,0.4202295515283336
2016-11-02,0.27881083905596565,1.9513820962260657,-1.698041814886501,-1.278288695555754,-0.25679340517011295
2016-11-03,-0.12896960381572237,-0.40873869733881496,-0.598978931053547,-0.6510663551874307,0.23313379102205348
2016-11-04,-3.2065914367591875,0.029315892879343133,-0.8980426491561555,-0.5688657905680632,-0.29780371685903767
2016-11-07,-2.2701832636383483,-2.330056123995028,0.5236614495498892,0.6823369592262447,-0.7658010360680877
2016-11-08,0.19502611748038645,-0.5715034229998712,-0.1723982056642773,0.05262822797341162,0.29294876663185904
2016-11-09,-0.6887647279265701,-0.149480659796071,0.3107376321458897,0.2371948792458956,0.18945479071675692
2016-11-10,-0.632872687377038,-0.7180733762222048,-0.6537489329096435,-0.6563137494323685,-0.1488178533337871
2016-11-11,-0.034927373501314744,-0.08677637906581034,-0.06396522457455221,-0.05192940689732593,0.25385543451775616
2016-11-14,-1.5273018490976882,-4.336874288228444,-1.8233465874813766,-1.502089122133552,-4.543833011670988
2016-11-15,-0.40471162167842456,0.05339408465402052,2.6619588357748083,2.3429999303796536,-1.313392509795453
2016-11-16,0.8526851104841298,-0.10062488968101731,-0.30347689694236835,-0.21514905984787747,-0.791891321479144
2016-11-17,0.3374972101543549,-0.6678977988454999,-0.14347713156159111,-0.1794403454583895,0.162842465218205
2016-11-18,0.12764305407222265,-0.7988345736578317,0.3024892731824769,0.2134795974391907,-0.024057724525921167
2016-11-21,0.12699248493601598,0.015336233451739399,1.9568141735491469,1.7276067771119017,-0.1798341690360986
2016-11-22,-0.003785247977925857,0.07238756246702131,0.19076146218082982,0.47658917536870843,-0.45748018179687644
2016-11-23,-0.05824835104811162,-2.137235578975912,-0.16775993264829941,-0.10261610940601475,-0.3365411348925868
2016-11-24,-0.03234194888534308,-0.1301542995479136,-0.04949911785478157,-0.04703361536976178,0.35589548936679594
2016-11-25,-0.5528580160604416,-1.1000673179446816,-1.7837742710682956,-2.099979735215041,-0.24887038271820008
2016-11-28,-0.48182113805945725,1.0893975995427523,0.834294020227394,0.8678526547739388,-0.1437824629680318
2016-11-29,0.01968790206674194,-0.2719995905637268,-1.7951358978534622,-1.7561648726262244,-0.5944084301602868
2016-11-30,-0.5465251579037774,-1.7065752228775866,3.2926246625355597,3.303787683203385,-69.94249221133173
2016-12-01,0.25032534289418973,-0.4886900584747128,-0.004938746000202335,1.0692012389972094,0.3916826955579078
2016-12-02,-0.29340795914412815,0.7184116731518927,2.4639113635734744,0.38203047779640104,0.009723688626187641
2016-12-05,-0.9843149849855505,-0.14001141093839853,0.2583258727271439,0.04627245291582026,-0.00928772698706113
2016-12-06,-0.31114979029212136,-0.6957099456542939,-0.5309044595582684,-0.656887230531419,-0.2450823642234579
2016-12-07,-2.0009612041589593,0.6510817011848754,-0.5645311606839347,-0.8967870347081609,0.11825733097817265
2016-12-08,-0.6881797766588285,-0.5561309082836665,0.4653033902523876,0.7166535708766183,-0.14987703470796845
2016-12-09,-3.154170814096048,-1.1401447782727734,0.23134092729464614,0.45010499621593036,-0.20633394664078097
2016-12-12,1.9985639485341715,0.3183735550947264,0.8190699567436226,0.9480336395904957,-6.857785877501725
2016-12-13,1.3143410117332732,-0.7563130209327384,0.004125230826461631,0.08639220101358029,-0.7300161072686563
2016-12-14,0.6629975441204895,0.3922176256887184,-1.233261309513554,-1.576929478788963,0.20493248885952556
2016-12-15,-1.7781236705898034,-3.649753824979344,0.017173865783208623,-0.15631266635604119,-0.2735759417377878
2016-12-16,-0.14862174974768455,0.562470338796303,0.7482159299550083,0.7181091611718214,-0.33504971908191006
2016-12-19,1.6888608356842205,0.47524300536138303,-0.22156496900429193,0.14106661245692767,-0.740546600804154
2016-12-20,-1.211801696448702,-0.9364553434905378,0.2764602327203821,0.0509601065168719,-0.2211164158405704
2016-12-21,0.5495574891344036,-0.13299141717188745,-0.7098417500470554,0.18166790857682186,-1.5606578680953649
2016-12-22,-2.3719807623438114,-0.2993943852261903,0.39904817996874314,0.3723179835267514,-1.1317126044277144
2016-12-23,1.8413843228138813,0.25015019960076296,0.03885402227372694,0.023836170528337506,-0.20189511813188968
2016-12-26,-0.011931149774275538,-0.05330092945004396,-0.03841969118519294,-0.04966038148289591,0.28837354848149144
2016-12-27,-0.6785395503807478,0.5107604573785013,0.743708964740698,0.8625318681938376,0.02134076654209578
2016-12-28,-0.820795124412951,0.1790265591209884,0.07722865505291694,0.12498719342722173,-7.407667878213726
2016-12-29,-1.0409079924805136,1.7748730530193062,-0.10890138911261808,-0.3713844937790103,0.2899352844305093
2016-12-30,-1.0370384198435316,-0.6381583006594616,-0.06433286334777025,-0.11798612432256997,-1.193864470402297
2017-01-02,-0.034897410024465496,-0.08505971778907484,-0.05902294407854883,-0.06115312095127305,0.3394012453690806
2017-01-03,1.0141268596343025,0.9966041251130182,-0.7243138582293197,-1.7920275409612443,-0.5562791832828199
2017-01-04,1.773818339067236,0.3125475158500038,0.9267263114851391,0.9274203761221088,0.04017666963328671
2017-01-05,0.5820826906796122,1.5431668115265251,0.3798380399611805,0.49193429555882406,0.04179688373974137
2017-01-06,-0.045371407511125804,-0.7444581569999846,0.1790707904716749,0.2016637040467368,-0.8261386953681009
2017-01-09,-1.9145278000044814,1.0196104682675349,-2.3754196503209926,-2.409161482279525,0.07996691488740768
2017-01-10,0.5175617066062671,0.043075446268907434,-1.2616085901736553,-1.173767365683655,-0.5940787470072478
2017-01-11,-2.0037640044234744,1.0184185365511784,1.1603137724370705,1.2236988755519314,-1.1429745973681005
2017-01-12,2.4341006203889997,0.28154802139889606,0.7220592702619951,0.6329516414642382,0.0008806257234050066
2017-01-13,-0.37585987939714816,-0.38769036177815713,-0.49240702273448367,-0.6038996562805798,-0.5407005619924243
2017-01-16,-0.02685068766153438,-0.07368190618021392,-0.04902641354134045,-0.05280494849981071,0.3273429209672453
2017-01-17,0.4657037991510689,1.5459745385168635,-0.044058924422440804,0.056137575639336156,-1.6772321249032178
2017-01-18,-0.06520813270454845,-0.0700589007915055,-1.554728460327793,-1.4668264836075242,-0.45692915977593485
2017-01-19,-1.6119869068314387,-1.0234873829274596,0.13673211877023222,0.20406924968572673,-0.44685487642424754
2017-01-20,-0.5937311142866359,0.2228692846901178,1.1582338305761104,0.9623596339637233,-1.2472611264328837
2017-01-23,0.5560974684153417,0.9572209441496833,-0.2604442929328314,0.2789687287643329,-0.8141229642197075
2017-01-24,0.8165525934714049,-0.4625840677803018,0.15769356841103604,0.37771488354858024,-0.756690476897048
2017-01-25,-0.22629075633125922,-1.3104661272246112,-0.40854925323330776,-0.48551880726626967,-11.207787865637435
2017-01-26,-1.4528269753399021,-0.8508044764868526,1.09207078420935,0.9946486348458933,0.3440019994312347
2017-01-27,-0.9285714220063768,-0.22433848481233337,-0.7488667282861848,-0.6574907447788408,-0.019307215975173778
2017-01-30,-0.44903951713719165,0.43358603436992,-0.344089302148367,-0.6074578429914052,-0.1425006591648308
2017-01-31,0.5896811626288085,1.4715678872754414,0.40360279973185126,0.12282639686817441,0.02036421264149627
2017-02-01,0.1277237682088448,-0.29066702894175617,-0.09894575792170501,1.0744662768265982,-1.979589820474933
2017-02-02,-0.6522294029445431,0.9761238471693108,0.9124953149376607,-0.3903436500269527,-0.8598006992596027
2017-02-03,-0.3373028613145374,0.1413239929813387,0.22180536829961822,0.2461465699361365,-0.7148234669994251
2017-02-06,-0.6797346568179405,1.0205335515600114,-1.250979810508897,-0.9600611603118318,-0.13031002950744966
2017-02-07,-1.151879174006555,0.3597976836874734,-0.800709889221608,-0.9647799361945781,-1.6224082802413975
2017-02-08,-0.3593787351051318,0.26568834771763106,-0.02114331969431773,0.11066995868146112,-5.986848243815383
2017-02-09,-0.5520507458039148,-0.2860804504271815,0.48840576394848717,0.6565146524681829,0.21625305871549172
2017-02-10,-1.0161916190755342,-0.13879927016592933,1.1389767650877614,0.8813613185919146,0.04974966154365888
2017-02-13,-1.4761958100498997,-1.0405110517749598,-1.2487949357536225,-1.0488546761751225,-0.006104476955255445
2017-02-14,1.1080636756471895,-0.14822349761410483,0.3319494043813105,0.2113141698306902,-0.007587587976100562
2017-02-15,2.5365749864658556,0.7085166603058506,-0.3130640559926343,-0.14749208143228337,-0.006689661793965207
2017-02-16,1.2105835388931476,0.7810912699236702,-0.17528314878239987,0.2210502252469714,-0.07275930335492042
2017-02-17,-0.9254880395415642,-0.27343106811838597,0.10894014092461084,-0.009143590368739284,-0.0553999051890831
2017-02-20,-0.03135960679616632,-0.07526744198299601,-0.06772054056717758,-0.06270958187489972,0.0850176969668159
2017-02-21,-0.12288980653227602,-0.07818140329004673,0.9504519280138324,0.7834272808305631,-0.3482246475530063
2017-02-22,-0.07541082319388599,-0.6371211415169303,-1.026267737866129,-0.6623896329882186,-24.807490372989054
2017-02-23,0.9505684654717153,1.8000036790267686,0.7850242484175757,1.0114226907816406,0.151084292211886
2017-02-24,-0.9905213702685327,0.6300406887896287,-0.7537894818602865,-0.6232987021261804,-0.013173350639300148
2017-02-27,-0.33679139693988436,0.004816375665536382,-0.1394970038669087,0.001944706199326202,-0.9143029652304332
2017-02-28,-1.9382208623375443,-0.5267407935686051,-0.4932163675152552,-0.11872490122868838,-0.644750048565724
2017-03-01,-0.3531121542004695,-0.4454326763971336,-0.06967499837424847,-0.31607667124059513,-0.6981458866721016
2017-03-02,0.7876326055152327,-1.7840751763597398,-0.735413077725197,-1.7861306085945758,-0.05962540013540657
2017-03-03,0.682214465622869,-0.7619592507887666,0.9384065942828665,0.7914790775900012,-0.2806888270077359
2017-03-06,-0.5662055841720738,-0.19024160093386225,0.07263826973443942,-0.20789680810193614,0.21371663607883418
2017-03-07,-0.507198304507124,-1.0390934781450814,-0.16848538310950778,-0.14215218676655383,-5.33166638282486
2017-03-08,-0.16412348605352586,-0.7889704247840965,-3.792490368960392,-3.9181913243793685,-1.9940447321823067
2017-03-09,-0.41046703706610177,-0.7370967091460098,-0.9097724332661824,-1.0305117795523684,0.4480614104049319
2017-03-10,0.9614465034788463,-0.2740516991333847,-0.8369302725311845,-0.7797620232325476,0.027206914207256423
2017-03-13,2.1911001163412185,0.10739736169822525,-0.09575856553745503,-0.13344288946184427,0.3699506322014011
2017-03-14,0.9863207385831878,-0.12025561198022135,-0.47071080380516556,-0.6974870336522578,0.5151385118997169
2017-03-15,-1.0560430311061664,-0.27579918722674446,0.799490426867816,1.0197846095349041,0.31228281452246626
2017-03-16,-0.5490704135215635,2.8785824680797822,-0.11072420350053994,-0.13111398965593046,1.5103088002718028
2017-03-17,-0.3792756793263911,0.32100040840549726,-0.022033674953956334,-0.018101334932248234,0.47889074952765326
2017-03-20,2.522824501793268,0.2960886309143524,-0.20581851905738846,-0.6355509089677606,2.2532989858095585
2017-03-21,0.8316884229543569,1.0991428119428184,-0.7861665100893376,-0.9842074866883951,1.2365612799422543
2017-03-22,0.22314779792332956,0.2643728114168364,-0.4322036230043777,0.6455187439138046,0.5018234367005326
2017-03-23,0.21973039201729475,-0.2689165209998253,-0.17220760547853842,-0.38570597684014707,4.465205036082548
2017-03-24,-1.0269897863400888,0.049833000040953354,0.2108731881190228,0.22935474668672565,1.6022334639646787
2017-03-27,0.3965082387411458,0.6135684219317563,-0.1213206112853226,-0.30980428948249106,-0.34764945693497123
2017-03-28,-0.49825210885057203,-0.04966415623811899,0.6555830550979728,0.6626572905135698,0.09794292892176908
2017-03-29,-1.0310899760312486,-0.24595404750870026,1.2934801849059512,1.2378641972119593,-0.03810876173274107
2017-03-30,0.2036285972299527,-0.8877654785019685,0.6099962412878501,0.874229294324675,-0.1025457837077319
2017-03-31,-0.04624409260051395,0.1309458216042087,-0.18749610333193661,0.22956675935953136,1.934182698657092
2017-04-03,0.263329797618204,0.2885477187315223,0.29426674460342045,-0.45683429027254213,1.2296620795816775
2017-04-04,0.04996619632187811,0.3656359256741968,1.237426769404734,0.8334941017380725,0.5287137260863468
2017-04-05,-0.0001714585254193384,-1.030719183646733,0.1899293387844063,0.0926899524775987,8.475701641197615
2017-04-06,-0.622803632211209,0.3984549945830641,0.6008133494273132,0.5945298434380906,-0.9949371072617487
2017-04-07,-2.1161820975173016,0.35969938106920196,0.374160205754069,0.5951341244245084,0.2828779250209504
2017-04-10,-1.3585009151270944,-0.38944334763412636,0.8623295461061384,0.959213060323678,-0.16507795130563274
2017-04-11,0.4053581221083238,2.0229239519669346,0.258891528820063,0.33293995516201097,-0.4080932385600958
2017-04-12,-0.8354279268470334,0.38395790335256275,-0.5160984725816362,-0.41391306160461966,0.26294862774439737
2017-04-13,-1.7081500928565176,0.9436421554739649,-0.04166507677790194,0.018396365948105727,-0.22217197977071382
2017-04-14,-0.037883496787291096,-0.03037492471072939,-0.08393781811682464,-0.06586044298324109,0.0897394285928484
2017-04-17,0.8441165447260515,0.26264294802523175,-0.7827232683923249,-0.8031782634613626,0.009754027656966504
2017-04-18,0.43774723177679586,0.16325513644016662,-0.71548883433792,-0.39974795906026567,0.47201496916727437
2017-04-19,-0.9460224972223792,-1.054282218868196,-2.74496757343985,-2.798127202658575,6.130087994199123
2017-04-20,-2.3400539517194687,-0.05354857193803095,-0.0452556381547734,-0.2669047953237536,-0.3545964762332022
2017-04-21,1.2428565185288871,0.47562432580291636,-1.2194437940949527,-0.7911745371452833,0.092757966630965
2017-04-24,-0.9283731056399815,-1.206536843319194,-0.4623740248025342,-0.4948688513626033,-0.1656463450506165
2017-04-25,1.2062224707572962,-1.1353748512632327,0.4575894296755822,0.3085234642462121,-2.0030878374556793
2017-04-26,0.29989259376074634,-0.4598238330594632,-0.3684662781084555,0.01957918284466186,0.3954441636924816
2017-04-27,-0.2067816411822336,0.08161678030754002,-0.49756343127739716,-0.8583795468775862,-0.37478548910150444
2017-04-28,-0.8908851643967635,0.18424801314960113,0.2615515306733011,0.36084557734464506,0.24131629597573592
2017-05-01,-0.9155363614362273,-1.4199494148385612,-0.3198576560110542,-0.6566614378107007,-0.016637340384494766
2017-05-02,-0.22804088492822192,0.07185080785014218,-1.3944399449167655,-1.5232141262604406,-0.39676232361927
2017-05-03,-0.7420922799528665,-1.002858073341046,0.29647151476620986,0.1087982521980947,1.5917905363243918
2017-05-04,1.6532587503514606,-2.2818053997663337,-3.066573996476144,-2.819552225243682,-2.3010651996776232
2017-05-05,0.7177582383208215,-0.32425823746067356,0.5723686694922785,0.5898823148850493,0.22895964023768028
2017-05-08,2.3211052402940178,-0.024072816184145137,0.15296024313003084,0.1689415895309181,-0.26770924415742603
2017-05-09,0.8246454604189581,-1.280716191014224,-0.6303787223119853,-0.604118513913594,-0.3438154056540865
2017-05-10,-0.15775619372784444,0.21599440651227128,1.4094416490529929,1.4077214183260358,0.12451093141294314
2017-05-11,-0.07210798159560874,0.5382474791147672,0.48484461538943807,0.4573141035678565,-0.4401771167269286
2017-05-12,1.4781491614981066,0.3363620711193138,0.050390089186605334,-0.02874680798634742,-4.126501899701818
2017-05-15,0.5586672351954055,0.20807549830566072,0.9262800099570975,1.0056876008511293,-0.6887639144676921
2017-05-16,-0.8474332431192276,0.6577099177188974,-0.20104048253127188,-0.23011256868995877,-1.637177493716795
2017-05-17,0.43503445710423355,2.4630959428483785,0.5281113320311421,0.38545947972983163,-0.5610329240977465
2017-05-18,0.6754485189167013,-0.5410563162383811,0.2631009643999166,0.26293304152539787,0.11784716383496074
2017-05-19,-1.3300703857659748,0.011644127819564682,1.1227306103637498,1.0650589739135639,-1.1450601468582786
2017-05-22,0.13148945887869698,0.7180837772679989,0.23899723264961772,0.4069149176373676,-1.924765433451814
2017-05-23,-0.35741024065791804,-0.614529693150547,0.2621126286478365,0.7937559764381859,-3.3203803531970815
2017-05-24,-3.2113188025545427,-0.32496234209032077,-0.2603181478694962,-0.17026617013421672,0.4180335020134885
2017-05-25,-0.45443067934431314,0.2647279791481631,-2.957759971084414,-3.060572296605716,0.015327669697445513
2017-05-26,0.7972770885951631,1.1357854333527646,0.5063940146023471,0.7600080366460823,-0.08469752167496855
2017-05-29,-0.015915312404351473,-0.02716822845392691,-0.07277400734099895,-0.032891517711986756,0.5735064287232903
2017-05-30,2.9464889552578093,-0.6173893519425055,-0.3302596238151497,-0.1870482090604849,-0.04188079970698189
2017-05-31,0.22386451864115858,0.9093511236388512,-1.5629137204400154,-1.4640575516378527,1.8753776321414162
2017-06-01,-0.5130400055898896,-0.531470708396368,-0.06387915252882839,-0.0241720715501681,-0.5188619412377936
2017-06-02,-0.5087827089408021,0.8981163363823728,-0.4401882970146454,-0.7690417152262639,-0.8564708016367869
2017-06-05,-0.30369152337537525,0.2124479307917447,-0.5400504584692788,-0.32087151884674203,0.26182821846676824
2017-06-06,-0.3074394879989521,1.443266008385747,0.5934918360402495,0.7695338827223278,-1.267437774058199
2017-06-07,-0.29063621841460646,-0.42241747845208777,-2.2381166510967963,-2.6882461784522027,-0.027200012602341273
2017-06-08,-0.023780791457451475,-1.411514177064059,-0.2559953128144881,-0.13671418091623755,-0.6169022367857172
2017-06-09,1.26270576789847,-0.8677871443870161,0.19039682264153135,0.1322242871572363,-3.9167595842864427
2017-06-12,0.8350986801471708,-0.32889927348361514,0.08939836732966876,0.20081358397482973,-0.13012664708671978
2017-06-13,-0.8186217851400512,-0.10644333032940613,0.3904539987588731,0.34199471078713745,-0.8782505420812748
2017-06-14,0.3670270363344596,0.6352497346663135,-1.8650556567095156,-1.8899028017679111,0.22785870578442838
2017-06-15,-0.3290792837862798,-2.1369161377769723,-0.1507187126048723,-0.3165092190660215,-0.05188905831651679
2017-06-16,-1.1864829418800058,0.041050598777413586,0.3671494542220297,0.22623343212119784,-0.5594332628242151
2017-06-19,-1.8417735892571185,-1.0545579897188224,-0.5155259157363437,-0.5930070507013963,-0.27735735911811016
2017-06-20,-0.5088812456157745,-0.43040378473106516,-1.0058833944352283,-1.0603245972981574,-0.023926036778598107
2017-06-21,-1.6145425588991766,0.1674280128084888,-1.3730320618757796,-0.757430860551083,-3.2748480875684542
2017-06-22,-0.5284760593671404,0.3781447064165345,0.32300254010292323,0.15763756579515667,0.22219889982699376
2017-06-23,1.2118013368044447,0.8496897527915888,0.27625816891606036,0.24150907531748517,-0.08833831746066793
2017-06-26,-0.8403936406704451,-1.073851556974581,0.2784392584632626,0.36143931280698977,0.12674253639547756
2017-06-27,0.4145487252565241,-0.09646895315861621,0.8755961900033626,0.9201577698043014,-1.4297717949442303
2017-06-28,0.17884388520676142,0.09890487967253259,0.7029020568868238,0.5194332331956063,-0.5809050478911821
2017-06-29,-0.3457702942311905,-0.47863298609100297,0.09791054822719572,0.17421096591823412,-0.436361644963506
2017-06-30,1.9858486274688953,-0.47304159470148127,0.5356257478291235,1.255269616122414,-0.18749259844826768
2017-07-03,0.40783439744898936,-2.65030288500762,1.9945160563365403,1.1280006676828946,0.3037569821921553
2017-07-04,-0.018392931470769057,-0.1551591140652048,-0.007581592846352336,-0.03382348137917042,0.0929737288308215
2017-07-05,-0.2803155880753768,0.20054873012250013,-2.0930568304023787,-2.3696814254522005,-1.0101940327163819
2017-07-06,-0.5034284284933997,0.13504506075542433,0.21889870454839022,0.3153992277295363,-0.04041932777577837
2017-07-07,-1.3840203559880249,-1.594963497124945,-1.4713248686751814,-1.3852454308720143,0.28415994609224154
2017-07-10,-0.8879099896222269,0.2649715356548169,0.09174658517288717,0.10544036703931399,-0.3446834396500858
2017-07-11,-0.5679824442730018,0.10856696253131083,0.5583684885936213,0.6074984791507299,11.265502051155785
2017-07-12,0.025125094150885263,0.44338657746955545,0.18527247717551365,0.42738207483572543,-0.6591656319351834
2017-07-13,1.302100505334615,-0.264008902011416,0.6625117347412036,0.5830516383510539,-0.15124939964304265
2017-07-14,1.0597659507429704,1.1073945536996161,0.47414412330146494,0.45429374403047557,-0.33837018454967804
2017-07-17,0.8113688098834798,0.6595680156150686,-0.5572573870952027,-0.6193884299268843,-0.2384184191896022
2017-07-18,0.008144762607723155,0.8725939131909486,0.40072138675042945,0.36196677818733597,-0.854157062280299
2017-07-19,0.7752455716931288,-0.031230132585352552,0.8999930521159896,0.7712946872598503,-2.5754181331482573
2017-07-20,0.27096075397213176,0.32525498827330235,-0.4767843774029915,-0.4172614147771088,0.3921106894887469
2017-07-21,0.26812594891334857,0.9983108186118953,-1.4913326687386297,-1.2572511555207293,-0.501593105298565
2017-07-24,-0.02101863271483832,-0.08185355862562814,0.49571408190771415,0.557076152083659,-0.034743981614721975
2017-07-25,-1.0667521029187546,-0.3204280158110298,1.679077134504535,1.6558148356581524,-0.6571881065262358
2017-07-26,-0.3851742772098959,-0.38810698557943474,0.7616055325633282,0.8547921379005466,0.1848053323521303
2017-07-27,2.4930731479598767,1.113720464764362,0.512364003749623,0.26023329232551135,-1.8356239220995418
2017-07-28,1.0368976781202732,0.9293426804169663,1.0186447521174098,0.6627971877104364,2.866684845610048
2017-07-31,-0.013724908082542927,-0.23497109627842602,0.1051257642541382,0.44958166208174893,-0.8412556894899259
2017-08-01,-0.8452976371859612,0.5719237838256283,-0.05866082505066882,-1.1652714885404052,-0.07760833921411232
2017-08-02,0.6879096259478793,-0.13976262423135705,-0.3513285454512523,0.38240828431161483,0.14591738634237889
2017-08-03,0.11704180998350869,-0.5221777773005347,-0.46097833714516817,-0.6493214516157545,0.2241158907531682
2017-08-04,-1.556456168834576,-1.161211814177369,0.3925048007253751,0.5276743812376419,-0.4717454469340817
2017-08-07,0.7652487835418805,-0.1252761867052891,-0.12046458044009811,-0.2512618069764614,-0.16398028866070716
2017-08-08,-0.2666849767589126,-0.2843804340162343,-0.3384072308608161,-0.30621472268016847,0.2580817202808102
2017-08-09,-0.39593429855684087,1.8250706711517126,0.6153137871373539,0.3940369400726911,0.4249214334690163
2017-08-10,-0.8573311668838542,1.1053559171736376,-1.0631153319284454,-1.2230630684623442,0.020949382126278785
2017-08-11,0.5211272112465914,0.37221192448044416,0.16825276528254363,0.19075324019199955,-1.6414486935152388
2017-08-14,-1.6545616740007645,-0.41519998982715794,-1.82436952206179,-1.518671868943525,-2.220787568400508
2017-08-15,-1.4788525090066926,-1.1787849760522457,-0.009764065669841929,-0.11109046325219567,-0.7891359983776652
2017-08-16,-0.5632961326198859,0.22437909968057132,-0.7137413125757053,-0.9341047890781641,0.020487042680104647
2017-08-17,1.4830299683654264,0.939362260980604,0.8249768509265418,0.27949818877037774,-0.34320394563543694
2017-08-18,0.42280199033409654,-0.11048475300699029,1.9122622799126991,1.5564687436086098,-0.056220251240469546
2017-08-21,0.17398168524180743,0.4587599361209605,-1.1294916933050962,-1.2646149948401841,1.078705646069972
2017-08-22,-0.19251160227263567,-0.6569339839693094,0.16658254224675298,0.21029808778663303,-2.640804994351455
2017-08-23,-0.397758228860549,0.3099302591151234,0.6714690385340941,0.7638584300827412,-0.03304968418053766
2017-08-24,0.37570446466480883,-0.31969224712163274,-0.6135678976786979,-1.0835648385956993,-2.779175970394041
2017-08-25,0.9308428780621427,0.5685566168452415,0.3459644531297233,0.3844256752896934,-0.3275093240541678
2017-08-28,1.2777647694254084,1.8088492537662397,-0.6525842035941432,-1.4204955093224536,0.164076536509317
2017-08-29,-0.9243736978093351,0.3245810151405516,0.05760024464962368,-0.18821216527706747,0.12387781690229667
2017-08-30,-0.7161172821594686,-0.5586704961145644,-1.4371952090168922,-0.5404251034407186,0.11838783018053446
2017-08-31,0.3912999164124312,0.7282334563516403,1.6048274841589474,1.2442070506142031,-0.30577670777445565
2017-09-01,0.49882581538231596,0.7867667485026996,-0.10663695247793897,0.03238260121859109,0.2364885860390852
2017-09-04,-0.019928839312629638,-0.04263877053107784,-0.034023613910772944,-0.04712076023733439,0.11793800050545099
2017-09-05,-0.35178867544639664,1.3985385769713696,1.1049855916199662,1.4583962087079039,-0.46543982825050884
2017-09-06,-0.5408237544155119,-0.5246830651350453,0.8406290874126097,0.49518410829051485,-2.358443087637416
2017-09-07,-0.2639658923267925,0.9891889719229041,0.28526122387768155,-0.11857263091163706,0.5354972683019125
2017-09-08,0.6828400299648579,0.05268988843104256,-0.8263802114888446,-1.9035344232211784,-0.4414600527865361
2017-09-11,0.006594869719845903,-1.5079322580422407,-0.007737938836607772,0.5185491702591348,-1.1355675599295891
2017-09-12,0.6598895774326579,-0.406735167568737,0.4122329093748844,0.12417842388253127,-0.04018146166597297
2017-09-13,0.9959340002303558,-0.5291763447580174,0.9695814293183947,1.0889162202582152,0.20276750323189238
2017-09-14,-0.45621610242593036,0.04184094440910028,0.314070774014346,0.5782159092813073,0.15102645561591152
2017-09-15,-0.34432202732179645,-0.49957817249639475,0.12998915696938865,-0.041939553675406215,0.01498100906766839
2017-09-18,-0.9412550780426853,-1.5317836833185288,-0.22727525391828612,-0.031342803968437534,-1.6463019599215185
2017-09-19,-0.305792646844483,-0.13198725942665063,-0.48907576395893354,-0.5676877918359442,-0.12486475939778233
2017-09-20,0.874798023055901,0.5252778041540467,1.3323735561533656,1.0303330810181563,0.13119699120591538
2017-09-21,0.6011003823589115,-2.287140527732699,0.11553461478083764,0.12102827457241379,0.20354383021551523
2017-09-22,-1.0566996890754212,0.12823479215456476,0.469648217767956,0.07685210555218332,0.016006908089543196
2017-09-25,-0.3385268023902129,1.3175832896224882,2.5153632529341015,1.9046232695743248,0.7386968371600802
2017-09-26,-0.057366243128811965,-0.9843519920017461,-0.5866954458695347,-0.4296116717162124,4.817643665358765
2017-09-27,1.205278637877074,-1.456118887099479,-0.5890200916853637,0.24204989346142142,0.21474701497270604
2017-09-28,-0.984094362134935,0.09289184942454469,-0.5956086430008204,-0.7731815421229998,-0.1543695776493926
2017-09-29,1.69794122660223,-0.4665337430716512,0.05314776995044484,0.06280468015788178,5.27883358441974
2017-10-02,-0.17009749348397366,-0.9891372202518723,-1.640797588596079,-1.4573437173944506,-0.41587318773311155
2017-10-03,1.154067375302441,-0.22723651980112516,-0.20948194129844702,-0.2602890715003995,-0.17253255868986642
2017-10-04,-0.11988646498147766,0.15424737069074643,-0.299129563524259,-0.591206149534184,0.26362107536876656
2017-10-05,0.12894036850786775,-0.4702122662865741,1.2145149154641064,0.8990884780200987,0.3790259352769022
2017-10-06,0.0007745252930517064,0.09490191114444543,-1.4897604646745453,-1.844870199361699,2.3102710840664096
2017-10-09,-2.114199916271952,1.0414026195575437,0.10050808547235793,0.23169413674288766,-0.4148017802052142
2017-10-10,0.9410067047723614,0.8947284289322983,0.7493869641133313,1.3974099189373974,0.33470052421868657
2017-10-11,1.3302004411807886,-0.5420223354274974,0.29364522656733305,0.3610066859431349,6.150527087463522
2017-10-12,-0.19191083977631412,0.6995197577276098,-0.7651952907214101,-0.7998303383955524,-0.22735625014157854
2017-10-13,-0.10425970533082843,0.8113501922564662,0.8916332101685943,0.824476389160341,-0.27197129844025464
2017-10-16,-1.1526665580478193,-0.20926324066652677,0.6186329761668873,0.39725990194175065,0.9295609793998121
2017-10-17,0.49080004103357416,-1.866862287074359,0.028700335348310128,-0.03644131648647819,-0.7893889997021091
2017-10-18,0.05668724574714649,-0.45693904768806615,0.23772836187334015,0.12471441328091694,0.9539042091175183
2017-10-19,2.0147728495892205,0.6541354415975044,-1.0871285480731598,-0.9555000319461971,-1.0607062158218803
2017-10-20,-0.1812577244508625,-1.0517485063411613,0.48196379535835676,0.13754708759318915,0.7430702204299324
2017-10-23,-0.37498947037922825,-0.07661770914033487,-0.4927494559729531,0.45828980152644044,-0.12818229813768192
2017-10-24,-1.046052031382867,-0.36508339591939143,1.005750540844693,0.6416199363742101,0.5920343191559257
2017-10-25,-0.1629226710611376,-0.04209104735312228,0.06775968769425077,-0.41100078191703865,-0.36931826429823267
2017-10-26,1.2098454944617423,-1.087599251377356,0.914431625398375,0.5057084467371119,-0.40444511727607735
2017-10-27,-0.3195362867255261,0.13391861253255405,1.2044402800682463,1.527891106208696,1.1496610012142556
2017-10-30,0.0478882289864548,0.5624297601652989,0.4591020007870657,0.2570069395357252,0.46705289294050295
2017-10-31,-0.6506190033183653,-0.8592178478928769,0.4648339928752685,0.2236461053705013,-2.2215991882969384
2017-11-01,0.7276179876520328,0.701255604641897,-0.13923833669460936,-0.16568601401891556,-0.2725356302465457
2017-11-02,-1.905224566734119,0.04016797438613513,-0.8190262055182114,0.2478434872114575,-0.9525952211812126
2017-11-03,0.19610940821824185,-1.040209901786808,1.5147290729808172,1.432367448616198,-0.3649450971538307
2017-11-06,1.4442071782217698,1.368105554739721,2.1917952539618546,2.1406343367268854,-1.4513627380466252
2017-11-07,1.1376526662656992,-0.6498692226117241,-0.5123076302637719,-0.21043921967548967,-1.482074681143997
2017-11-08,1.2689657562254375,0.7727412387768395,-0.22155200035388287,-0.5398226412577699,-0.22649664723708546
2017-11-09,-0.4426543562265473,0.3902534896259189,0.3363120985165046,0.35984933557654075,-1.0409984669311532
2017-11-10,0.5690348971970669,-1.518076187389494,-0.4546060320494242,-0.5953560651294436,0.44371279013721227
2017-11-13,-0.3817694522491117,0.41165581166500975,-0.42354245798183837,-0.04994947021047059,0.46168675185742836
2017-11-14,-1.4866723520166512,0.40491413067173326,-1.0500414286783715,-1.4513156072513056,-0.7022649645522121
2017-11-15,-0.43603217772839653,-0.6160658080369275,-0.43175991933053226,-0.5176733591964235,0.797976846584276
2017-11-16,-0.08003352310652014,0.003919841431510663,-0.6150088997726877,-0.29418441202390877,-1.800386488036242
2017-11-17,-0.15509521895300746,2.0012989434511144,1.3180703669597083,1.622853137204936,-0.2437528498567505
2017-11-20,-1.1284806480740817,-2.162535653355967,-0.5419475308016785,-0.560600736032463,-2.8144882740721275
2017-11-21,0.43857197197530334,0.5038645587692926,0.29794395773968096,0.7634784512485875,0.45312375415600237
2017-11-22,0.4245957321612872,0.9954453931919176,0.6992138734502528,1.2769013072797577,-1.043753270771373
2017-11-23,-0.02382980054082358,-0.03261525258124387,-0.0472437463467212,-0.041931893588519314,0.3454023018027685
2017-11-24,-0.2962580909434943,-0.5538013522204914,0.5107313587923269,0.9841739389456442,-1.176331429716115
2017-11-27,-1.2401096558157718,0.6232592072017241,-0.0817285393332692,-0.9880207840410731,-0.030266811349711528
2017-11-28,-0.5384182927229975,0.04443207527837351,-0.3168120068917706,-0.20012512823504586,-2.130192220907022
2017-11-29,1.3334087446277336,-1.3519341541060563,-0.6421044551260644,-0.831262929728461,0.4348182523308264
2017-11-30,-1.3316563756678952,-1.0265397183793028,0.42546500625160755,0.03789159033283381,0.10948503977586994
2017-12-01,-0.2588582337438566,0.4736770717230157,-0.1662921774483176,1.021692006796253,0.024036056445900802
2017-12-04,-1.1029654941035156,-0.5181298825196696,-1.2894282876535377,-1.0422557614125738,0.39072354636654133
2017-12-05,-2.1568577749254625,-1.4301078082301517,0.3553537066290915,0.08698293084421257,-0.033769127984578186
2017-12-06,-0.5619844127588784,0.008250974496558056,-1.9548045559729792,-1.935282287353728,0.10982208452382033
2017-12-07,-0.7960259484218647,-1.4660710898798126,0.8778284720300578,0.6323335656160602,0.6990015791058929
2017-12-08,0.17458399912004108,-0.6150829834817726,1.0982393140650324,0.6110923161153609,-0.04917647829791288
2017-12-11,0.7191614861587866,-0.25404409085260127,1.1928252994739406,0.5763810308226743,-1.1279088979041403
2017-12-12,-1.3746607127579926,-0.6554594161050457,-1.2701552833631378,-0.907264574824617,0.02385665137368089
2017-12-13,0.5930935987694405,0.6748447436634127,-0.8744146664295033,-0.5947934515326639,0.27473573573442955
2017-12-14,-0.022784996219063824,0.8821127704475386,0.6817608789809703,0.3681136497628948,0.7720190441255113
2017-12-15,-0.5170298563488746,0.012192428160863137,-0.1300228071304073,0.2122719651069113,-0.051565844677449256
2017-12-18,1.3447360468712657,0.7978102957090766,0.11698597476359773,-0.2011892762941283,0.9330799167843922
2017-12-19,-0.31506376367383576,-0.20858392629224656,0.31144194002648506,0.26414615905564665,-0.08720600836056484
2017-12-20,0.5401422618712272,0.5152571223688662,0.6863177969751928,0.6501540206935967,0.016345397700553498
2017-12-21,-0.7505865128416928,0.0775773325254113,0.28766830408733135,0.25233540055122955,0.19674408441848623
2017-12-22,-3.1190521540610505,0.8330491772236495,0.300626654982461,0.06765185708799795,0.15791857934822306
2017-12-25,-0.049138944826993734,-0.04529726949877482,-0.057716509655342134,-0.06753371619234066,0.1604385517481037
2017-12-26,1.3820438639552823,0.8924602975775708,1.765606715274715,1.841794258411888,0.16176162009323294
2017-12-27,0.2741676333519667,0.27450133086105954,-0.5820717010788414,-0.4343324697727766,-3.585443578073906
2017-12-28,1.2735804698344544,0.7171844545039532,0.21757742363139748,0.1645335819474075,0.450767150211648
2017-12-29,-0.5524713857787374,1.2810232706647644,-0.19167492397176897,0.6501482556096471,-0.8471226733450851
2018-01-01,-0.030728929355580407,-0.02968861696375333,-0.06941619402089545,-0.06229264451177731,0.35002792929526966
2018-01-02,1.2332836532725413,0.7066970126622891,-0.1065526934922941,-0.14120485685613304,-0.670461299673364
2018-01-03,-0.8331682774647676,0.21454503512483783,1.2613751944544247,1.608958580343514,0.3363503575307965
2018-01-04,-0.09011963230535024,0.2726934811303243,0.18521132907335758,0.42537660088818713,-1.3188477011736914
2018-01-05,-0.3169842910442516,0.03160065079020588,-0.5129173069488562,-0.8054789140141869,0.6307416133249097
2018-01-08,0.5255473006661254,-0.2586173782138786,0.08634954139160221,0.27695208512660163,-0.7150189927271892
2018-01-09,-0.46382834382340077,-0.8450951678155831,1.021015560738189,1.493208280679719,0.3247920792939803
2018-01-10,1.2066006131402482,0.5262124148590503,0.3418122755093129,0.680427578762125,-0.5777282576157594
2018-01-11,-0.3933139857901412,0.2972842758196109,0.012106552462484859,0.2135835385419522,-0.17254831759640396
2018-01-12,-0.44220753875367275,1.3557456030157848,0.5790878204184206,0.5497261869687009,0.5463956151630915
2018-01-15,-0.031141826359592444,-0.02939962274343699,-0.06474442418605225,-0.06910157826387124,0.060978967773587016
2018-01-16,0.5119928692965733,0.13671505265990816,-0.8581222600541637,-0.8350544368436293,-0.5078416143361209
2018-01-17,1.5490780712871064,0.21048107206658398,0.15263488094056457,0.21626558173883265,0.3422942196097254
2018-01-18,-0.04404587498326065,-1.3876480903408626,-0.16510238774585498,-0.10268808914200604,-1.1738508233363734
2018-01-19,-1.5782948517755333,0.5211776330538438,-0.8638909413779545,-0.880011566720029,-0.27667372644906424
2018-01-22,0.164988675153785,-0.16625488586093845,0.36438882879782936,0.06656607729703419,0.3746212332653769
2018-01-23,-0.2926453473814279,0.4477018265070882,0.9418356920370149,1.2506400005952159,-0.9622080122367633
2018-01-24,0.7440343404666326,2.1668850658476786,0.5617045894964469,1.416543130996714,-0.8310774519239477
2018-01-25,0.12592286180787046,0.624881381792613,-0.17034331486154128,-0.18185149641727985,0.46405656250318583
2018-01-26,0.7453758910539463,-1.0963843012361616,0.035402502036565635,0.7182874315440663,0.12041279597343049
2018-01-29,-1.218641695333763,-0.1078208455008745,-1.2749620846982175,-0.8098761645603362,0.1367558822148071
2018-01-30,0.680643418783325,-1.6858661785285993,-0.5691832469956307,-1.4019764479334946,0.27910275714912236
2018-01-31,0.7487263947757034,0.22869407987209206,-0.07449760673888885,0.17152656095641705,0.11094744163788385
2018-02-01,0.5947468189588032,0.46808496224877766,-0.054572938298061424,1.1704647882604384,0.858471616235678
2018-02-02,1.198668151904361,-1.1204505467673447,-0.6393627849794158,-0.4488648894553654,-0.17901240209312694
2018-02-05,-0.4190662892966775,-0.1808584961578244,-1.1725993906554326,-1.5653036918656258,1.5213453693570147
2018-02-06,-0.14803032032532754,-0.7862395321681802,-0.9310376126828068,-0.8627663923688957,-0.19593036504307226
2018-02-07,-0.8573444733779101,-1.6143399055392955,-1.5614902675600308,-1.6788243313543039,1.2650199217652787
2018-02-08,0.5882698568300692,0.4234512102775837,-0.8056301542968769,-0.6462759802893678,1.239575214764866
2018-02-09,-0.1138662316109134,-0.45188849882462845,-2.1478411866174394,-1.822849975247286,0.9533123590662497
2018-02-12,-1.8961738307168143,1.07978240833267,-0.2757538667689282,0.004766159323887813,-0.29189406878491686
2018-02-13,0.8308097402884433,0.3647993478526046,0.024112373369471085,-0.13179148509458208,0.305086780029916
2018-02-14,1.6310684719231614,2.7359223817687557,1.435108660808112,1.1860746880114317,0.3915954695085197
2018-02-15,2.2540907025625816,-0.2663556700467701,-0.0537031384277807,0.5969684319951865,-0.09737919328835842
2018-02-16,0.015661595550658967,0.021234904581865506,0.4185346388663362,0.25171512681131947,0.18875430645052843
2018-02-19,-0.02661373862941632,-0.060301144289525876,-0.05380051761759347,-0.04918780353902166,0.15443922749205863
2018-02-20,0.18037959943243528,-2.2345823416626334,0.3289714781969403,0.15259871720134974,0.5801811707749186
2018-02-21,0.6509031972166578,-0.03109243488635058,0.10505309098017965,-0.27590698444915535,-0.511530389289346
2018-02-22,-0.43961874514681615,-0.007043662428904004,0.8945213314497596,1.0454210947255425,0.43614181863287615
2018-02-23,1.2242556817517025,-0.278467827817782,0.8439422746946031,0.7302285492777327,-0.28708237965552513
2018-02-26,0.49081840283967115,0.1547266790427337,0.14784225499215614,0.3084633875999471,0.6810277239581786
2018-02-27,0.35767287581826057,-1.4734113938804172,-0.9158513378815234,-0.9925767803326485,0.024877733843988288
2018-02-28,0.0006449104563708743,-0.11505383470018588,-0.9250196532837919,-1.4415371906911096,-0.5267099548985281
2018-03-01,0.7428175134603112,-1.2644676197267954,-0.1676852567085938,-0.6653983401729096,0.3481752213753952
2018-03-02,1.2433589836779415,1.6159862846749706,-1.4487531013938273,0.1734666380355816,0.5515559936120853
2018-03-05,3.3163707875791357,-0.2722498392031185,1.0137665443794397,1.1840981414529559,0.5503705347728599
2018-03-06,-0.10232761674212569,1.3110129408489273,0.16959842938116157,-0.010452593831262968,-0.015191959006766887
2018-03-07,0.015565698075883027,-0.6673994691290275,-1.4440911708520379,-1.4759657791560732,-0.11955657486839368
2018-03-08,0.9992122175222605,-0.6178066093037501,-0.7528424191034491,-0.992151291226288,-0.7386195615163942
2018-03-09,-0.5849131207195712,0.13924616557630073,1.6115309956159496,1.5588939819117822,0.7810636484543659
2018-03-12,1.7312294368218537,-0.32656238599760123,-0.4950311954199616,-0.5737517578863173,0.02298527888885875
2018-03-13,-0.28009153002358705,0.5181008915609122,-0.3140409988422956,-0.5837891912534273,0.7954181891141855
2018-03-14,0.4398870805811338,-0.1828174565068648,0.1495879882358986,0.14826100410804727,0.4340681910796483
2018-03-15,-0.7877337026481276,-0.7823023251631586,0.14924017002928888,0.14932001057064084,0.6185060186233465
2018-03-16,-0.3107033223921586,-0.6141392663606172,0.9734425410981378,0.9737276923716418,0.6970559462313912
2018-03-19,-1.6127028680736952,0.44125487786058804,-0.1905805175162615,-0.2857024654900643,0.518677771847384
2018-03-20,0.6807918233109849,-0.6026355254159386,1.2525522862311078,1.1487784206622806,-0.30293797244031323
2018-03-21,0.8730527220732021,0.8500689608698232,1.8135550719113933,1.4987340418928923,3.087951020387735
2018-03-22,0.20278148735562485,0.5320123262382256,-0.46917195276733126,-0.7550412205633941,5.425476566376698
2018-03-23,1.5702430002063652,2.128723578363147,1.248881736858595,1.2157305974137014,-0.7274691128357101
2018-03-26,0.25428939613283635,0.43618686764733716,-0.3105573630118703,-0.2921568848613403,0.42718409892802167
2018-03-27,-1.4826920181890562,-1.169923250393583,-0.05530724470277098,-0.29950005043158345,0.02098854328253002
2018-03-28,0.7992241455804405,-1.588036001332268,-0.5739693485298873,-0.7913627725816615,-0.2592481694342407
2018-03-29,-0.8150638143479636,-0.23481611401341487,0.5758371855738581,0.3995583130894026,0.1520297815934659
2018-03-30,-0.030944726679055956,-0.0675890622556757,-0.061419257407656365,-0.04635073700351761,0.06890958669513915
2018-04-02,1.527590952443445,1.6553142656559705,-2.5206200175363898,-1.8142168363242788,0.08937464847376263
2018-04-03,-2.6669736704008926,-0.7761675293547432,0.2675034742278578,0.32819994509321565,-0.28238607212867023
2018-04-04,-0.47950797773241394,0.16447005853407345,-0.15957044955345978,-0.16055430691027897,-0.07021202900987104
2018-04-05,0.6046927996907819,-1.0392198845218612,0.19620942353689647,0.09244114806467307,-0.6177988456189445
2018-04-06,-1.0821460112300472,0.5601696201445634,-1.0806048602307918,-1.4183484967322133,0.39490490865183525
2018-04-09,0.918025555101393,0.3412138943585562,1.1818266905180668,1.0668653921923197,0.7737396686011679
2018-04-10,-0.26570743231086935,0.4479589271073014,1.819227287436325,1.6530346963341795,-0.41238433673675856
2018-04-11,1.0917246193253756,1.2233861226896738,0.7217071325218989,0.9620857435396536,0.7509117400263247
2018-04-12,-0.1093817438337426,-1.558340037552561,-0.039422118350938826,0.15243110404329838,0.5825929435206987
2018-04-13,0.3954980929781861,0.4280411716398858,0.36956624520202136,0.20287009906170372,0.5551769499647091
2018-04-16,2.5595006007965733,0.18725768280796312,-0.9400008110009525,-1.0183421191204611,-0.17714160126156808
2018-04-17,0.4287682969967816,-0.08123538346389707,0.05301851763127914,0.17341422266453416,0.18973773798270624
2018-04-18,1.5565160495732075,0.28675616090951317,1.4105299228113968,1.5420359026988102,0.017169613627971335
2018-04-19,0.10026860021691966,-0.44554648263046276,0.19600291180093404,-0.16924677367409532,0.4874045071844923
2018-04-20,-1.3409571091439048,-0.9990363729432321,0.18297592805942137,0.017595663057485604,-1.3081322426703639
2018-04-23,-0.08102146654300013,-1.4102430448506058,0.45684575515507936,0.1674836046422959,0.4160317709978402
2018-04-24,1.4211210225668005,0.7089701256621304,-0.7344726715263804,-0.9059452837790227,-0.42660043389357777
2018-04-25,0.3168387867137067,-0.9781919656560042,0.044397278139303435,0.23578761346959604,0.19580111826853444
2018-04-26,-0.5562322989706247,-0.5565912302660733,0.542118724399703,0.07176826291123797,-0.837267490631552
2018-04-27,0.4363774121471814,0.2944893183118215,-0.13687578545536253,-0.14636543535083105,-0.1547312169234359
2018-04-30,-0.11486747756017668,-0.4476741642041221,0.3998347014711131,0.39847227379314715,-0.5369636604057543
2018-05-01,1.0849754039012143,-1.293665827271374,-0.062338115214314795,-1.4139849477460762,0.40397804705525253
2018-05-02,-1.2761508087193185,-0.22865144342658913,-1.7274472347443428,0.5532659148292043,-1.0070203491803154
2018-05-03,0.417730650711465,0.7288697798101627,0.1202614729366058,0.41748528986942635,1.0397687764906303
2018-05-04,-1.0641220379823055,0.1547259192982587,0.9703017601984879,1.177218441632344,-0.07162930640555831
2018-05-07,1.1289815165266321,-0.11411116508691244,1.0351378436462173,0.887598855685067,-0.4395029086486653
2018-05-08,-1.2454774948810405,-0.09414938164768868,-1.1101076115225588,-1.5998111487734685,-0.6293434013341155
2018-05-09,-0.3611350533487753,-0.1458849258448244,1.7942330571769964,1.6258835098134656,-0.9605689064965012
2018-05-10,-0.2931799907177896,0.9109937882234295,0.14750701567937488,0.1395258987059927,-0.8967744582523809
2018-05-11,0.6998854431604936,-0.2236987843153826,-0.2883489646368456,-0.5899704795368915,0.2217255818589296
2018-05-14,-0.45605846542794337,-0.34045206583380894,0.7809172608493388,0.14784253410231465,-0.6290732964744171
2018-05-15,-1.8606480622460706,-3.0221767555379944,0.10234902695360003,0.24173880899202588,-0.3577266591761091
2018-05-16,0.9986932463306514,-0.034522568400108054,0.617199428912462,0.1024514397595024,-0.07994371166716016
2018-05-17,-1.588048475180116,-0.2699007772220854,-0.034233789188072766,-0.06134821490546785,0.30267789852842436
2018-05-18,0.6385038098311328,0.12702366390866468,-0.7035412872876688,-0.2713935662097453,-0.9153198131268397
2018-05-21,-1.1158258220712953,-0.06585495382513423,0.5008970602754739,0.8811448668611228,-0.4899110544872632
2018-05-22,-0.4926230085100721,0.084727164345463,0.22212521476411248,-0.16337881732774764,0.5328930393498598
2018-05-23,0.4930699887300532,-0.3273095259839655,0.13944585459892603,-0.36928974589725455,-0.8623256342060108
2018-05-24,-0.28907004015949156,1.473570671191209,-0.9473538889831853,-1.257583445533347,-0.2520959387427823
2018-05-25,-0.8922994559406916,-0.06178858936714787,-2.1405376828856664,-2.8654656862010164,0.3538618811987503
2018-05-28,-0.030227748155162024,-0.07457272309874856,-0.10795623158823797,-0.08006744990247973,0.14224868531559748
2018-05-29,-1.153760906983328,-0.5578999362812591,-0.9069637455582651,-0.9914368780137277,-1.4599854096959295
2018-05-30,0.5834168309894013,0.20592239215464733,1.531883543650957,1.0816261041847037,-2.0023729324858666
2018-05-31,-1.4847559055599804,-0.2161261267037399,0.024537856685617296,-0.9305022850607458,-0.3317890475962309
2018-06-01,0.04356431147484692,-0.6613974412571151,-0.03380886805165023,-0.9787667100906942,-1.153534145298853
2018-06-04,-2.198364882973038,-0.28570787815385024,-1.8530353026622197,-0.8261051427905872,-0.4027346132131383
2018-06-05,-1.3042978613685614,0.4067159185603246,-0.025562695134300508,0.48846173070422527,-1.9172649544534635
2018-06-06,0.11095027167585757,-0.10689034328923819,-0.09769190074051588,-0.6144124554849921,-1.026566565258731
2018-06-07,-0.4815165926621862,0.10037136491098252,1.3892886288003146,0.8290855219649838,-0.9486049081183882
2018-06-08,2.4310652050093258,-0.14366338499093453,-0.6393722045692766,-0.1860012658620221,-1.2880133109552694
2018-06-11,-0.3967469375071688,0.008757072173400162,-0.04828868515108664,0.2223389485268946,-0.23480537880563848
2018-06-12,0.7472648490133622,-0.527676956108703,-0.5074159947362636,0.1593383804735985,-0.6473109362402077
2018-06-13,-0.6386125671485987,0.11495124620315854,0.5872800842763319,0.18227857995580993,-0.7565015425229968
2018-06-14,1.2947361020127004,0.7740263511205319,-0.6815708542422818,0.1646237750653723,-0.876443124695383
2018-06-15,1.8210969693527497,-3.5790667816456,-2.076086677508424,-1.7426573541289203,0.45466653820071234
2018-06-18,-0.740642565353209,-0.010701195612065008,1.2092861416737204,0.5673131706143909,-1.171746036561525
2018-06-19,-0.743452207069531,-0.13689254088792713,-0.22899340554228206,-0.6900706908794491,-1.5634750416843066
2018-06-20,1.7124601939146067,-0.5744302236887423,-0.2747072292206567,0.8746897562124785,-1.1000543097093656
2018-06-21,-0.9910316796844967,-0.5509953841390854,-1.3013688335923046,-0.5925657371866365,-0.4209931285934975
2018-06-22,-0.4536994621436322,-0.0719793654696487,1.6492166532252983,2.36045384340373,-1.2831563644769592
2018-06-25,-0.9145370361743066,-0.2892196779760712,-0.5671055456032689,-0.37351100767983164,-1.40755851892075
2018-06-26,-0.06357002326651444,-1.1545139126662398,1.0042344806695547,1.711519354045416,-6.044598079520576
2018-06-27,-1.705647497647081,-0.5695824343378155,0.8081124166685032,1.4627317136994031,0.28942844487520064
2018-06-28,1.394598403901904,-0.6992092829931768,0.13094608091496712,0.4132800717223065,-0.5850842149706622
2018-06-29,0.990839533572639,0.3213022184445346,1.0239230187882615,0.41703874882546865,-0.005158669562690041
2018-07-02,-0.1999095684200102,-1.4785185379635084,-1.4638670290853197,-0.1832839880312792,0.12399641361937358
2018-07-03,-0.8418568394184105,1.302202310558172,0.22733146341703198,0.08861789251950952,-0.5111990919820554
2018-07-04,-0.027427083571354118,-0.03111118585345605,-0.07048696489659931,-0.05098059056406264,0.22260876037605923
2018-07-05,0.4780757124353187,0.5879152331566855,-0.30301700932470765,-1.0066323069752758,-0.6528633727572023
2018-07-06,0.21449353100717786,-0.40793700851788345,-0.2610090919940762,0.5807129951328447,-0.4418644518951762
2018-07-09,-0.30870891876786016,0.3567224867087541,0.628471632113058,-0.006786190945161018,-3.2809961528498146
2018-07-10,1.0265082565214438,-0.5784006798041811,0.5286012864905761,0.1534489383850543,-7.984161810376117
2018-07-11,-0.3174382654551732,-1.431085608390207,-4.256545412437624,-3.304671834042191,-1.2241655199053558
2018-07-12,0.06620198952307971,0.13802724033283922,0.4174297433872725,-0.10993544999446535,0.42605611058949944
2018-07-13,0.489008925525847,-0.7313063370936062,0.3604252868404613,0.417755370483596,-0.016882453379917936
2018-07-16,-2.017931554576001,-0.29012266942745796,-1.8387957177819345,-2.1682481718522952,-0.015344450973451525
2018-07-17,-0.317484038777985,-1.6405227601497787,0.08873440041182343,-0.052827261651313025,-0.045950125308244626
2018-07-18,-1.1372097121593334,-0.060844184492812835,0.3029057847965483,0.39873214800676937,0.07446883082939824
2018-07-19,-0.9136463618505102,-0.5694850658273394,-0.1936371162453893,0.43023503570937194,-0.1053513927574962
2018-07-20,0.5637159417983159,0.7950196157035089,0.22435834211340036,0.6466878811387781,-0.218452974642778
2018-07-23,-0.47490318991609587,-0.7394899527068985,-0.046178850255893564,-1.8619190711076132,-0.08472811060421857
2018-07-24,-0.8818333362291222,-0.12008488017821083,0.18045564373713097,0.3285476469279382,-0.3505783647017191
2018-07-25,-0.2781528607766952,0.8671768762065938,0.25308196575134456,0.4653547385327306,-0.048454380270577094
2018-07-26,1.4234678373788043,-0.8145391254156146,0.3412465753632764,0.1684128396467405,-0.37970717090517897
2018-07-27,-1.6782311261485297,-0.45109986083936393,-0.19883298126653745,-0.689865423656323,0.2768361111311575
2018-07-30,0.08704714302483114,-0.2622502634827617,0.4044124633644846,0.938076166219095,0.1487035873238734
2018-07-31,-1.4658058909822704,0.21795526714549981,-0.5447453271567807,-0.9808718270499408,0.33010773572304014
2018-08-01,-2.193289664057433,-0.8302587537876526,-0.0585160988442459,-0.7965648173711688,0.026200372449431526
2018-08-02,0.004634010976430596,-1.0712469424236966,-0.6580474139425602,0.7980161042247544,-0.7707055068447092
2018-08-03,-0.5884740455288152,0.3534143484296512,-0.2520079924257383,-0.34204564733738624,-0.8602353296854657
2018-08-06,1.6257475234989562,-0.8111995616310033,0.3448702782280361,0.3032642325344632,0.7406384255655943
2018-08-07,-0.40426693374767114,0.020085502289304287,0.6562412392387637,0.0712080296565905,-1.9889196658666317
2018-08-08,0.14391472873144823,0.3189234598977887,-1.9694156932661098,-1.7432804639000756,0.4745202147461242
2018-08-09,-0.6646832545447909,-0.1690049523305463,-0.2298177061472524,-0.15215208106217387,-0.7366397205515975
2018-08-10,0.08158803979474837,-0.20170089392614113,0.4592818991377666,0.5314506838237756,-0.1405486103856439
2018-08-13,0.7427216099505614,-2.8377575591037982,-0.2012955340596935,-0.3504018761751939,-1.4151956218291404
2018-08-14,-0.2997660163092805,0.04884757234906906,-0.1721524138890432,-0.1719377224500962,-0.9620628297268587
2018-08-15,-0.5812042240484779,-2.1381538018305286,-1.4655211182444143,-1.6588684804950622,-0.609458318767342
2018-08-16,0.44450548358170766,-0.3199438035580954,0.42950036826564203,0.25360306934266696,-0.6903016062582551
2018-08-17,0.22812756740936158,-0.050102233611767154,0.24404526497139092,0.28957404021824446,-3.558416171351006
2018-08-20,1.8269666953844677,1.2742280921154638,0.26099661528661516,0.3539318364571701,0.5806094118005874
2018-08-21,1.4573105771895958,0.6933371703328922,0.2963246147759465,0.6797392822932814,-0.010198683529508942
2018-08-22,0.7970900899932933,0.4060118652508597,1.7483040211914598,0.3636014928502595,-1.1841982696047992
2018-08-23,0.7409792940706551,-1.2360436374214172,-0.05942657720550048,-0.07237584155784973,0.16379936732852748
2018-08-24,0.4639170831232095,2.290088485203187,0.8240002224290737,0.7085265075264221,-0.5435899867049088
2018-08-27,-1.0514712870577252,0.2935703222716222,0.26046556783407987,0.08345319300030676,0.5237257459490986
2018-08-28,-0.5469160416666409,-0.23606996418818282,-0.25473728853464883,-0.36928918108599346,-0.8983919605111953
2018-08-29,0.7926881596960451,-0.40045876301217187,0.9170527741296286,0.8397160655391903,-0.5758288290925379
2018-08-30,-1.5087601947157845,-0.8519700955134354,0.46341109416233933,0.6290643473849957,-0.8931400099517877
2018-08-31,1.1885263551376437,0.19516176098588864,-0.33235700933587725,-0.47135922425112436,-0.2506824643447477
2018-09-03,-0.012642580121137536,-0.0645490189707092,-0.0674211138323595,-0.06873383801064845,0.3701163676199034
2018-09-04,0.21467701111675241,-0.9656117587515866,0.5762161891995,0.002754349873268293,-2.5083786341681855
2018-09-05,-0.4415450124353134,0.1520097348585126,-0.8542341313462992,-1.2703369920137144,-0.5317415346129992
2018-09-06,-0.1077585198587841,0.2889417439859116,-0.756205577452202,-1.000455139851024,-9.632874553213094
2018-09-07,-0.4797871507803031,-0.5828831285631613,0.19213913160984528,-0.09081954380134731,0.15816092051976555
2018-09-10,0.8275424572213764,-0.16982424282645564,0.40564499468256093,-0.2666870206881782,-0.06321599262655576
2018-09-11,-0.9776407657494547,0.21318840172627823,1.461580888540112,1.6135042957607375,-0.22044644972599176
2018-09-12,1.4691131663526316,1.08140800041053,0.5398129749471252,0.9906731320636661,-0.3133772829594535
2018-09-13,-0.8411544669307534,-0.3648390027738046,-1.3796140174447318,-1.68188833316408,0.22244349036102593
2018-09-14,-2.0211593393295417,-0.9467823618949436,-0.15771452319415513,0.25089807542120646,-0.3502354070464814
2018-09-17,0.3154154495022311,0.46776756232214034,-0.12548846832822702,-0.11910999301120509,0.24781311999434097
2018-09-18,0.10538094834005476,-0.41775953906794955,0.7640498734044249,0.7678488539485251,-2.690229172849584
2018-09-19,-1.0258193176730974,0.5788445925483741,0.2600732029954799,1.0634166100302822,0.43893940545456167
2018-09-20,0.09847621012811429,0.43879012552626334,-0.663557495766553,-0.3187095291686123,-0.3221715815926442
2018-09-21,-0.7706907330719054,-1.3156690537243374,0.007037933365359732,-0.08165503560804423,0.19188332024431193
2018-09-24,1.4652750265483658,0.2628556572219703,2.040133437364617,1.1287104374375023,-0.04297980598398686
2018-09-25,-0.8659032521948986,0.01974783561651746,0.4936856133381835,0.13318073569451314,-1.2993697862717797
2018-09-26,-0.9929119702982477,-0.8452827473236336,-0.44572426858334563,-0.7306648519738294,-0.8641565777357814
2018-09-27,-0.858398040905913,-1.6200945194955882,0.23668508845237515,0.4317318048484757,-0.3608792659450416
2018-09-28,-1.3403869179659316,1.0383394925101093,0.7477299721195952,0.9959550467772981,-2.9480444237173273
2018-10-01,-1.6136245344546463,-0.5871941978871165,1.7771349110334742,1.8069107353300051,-0.1713954976322342
2018-10-02,2.1853782303793756,1.8090254820581584,-0.15197292731998688,-0.09543717648924142,-0.3973491800865615
2018-10-03,-1.451717608404986,-0.48075640732235847,1.078551890912713,0.9692640195852013,-5.790212525150609
2018-10-04,-0.22932532697385136,-0.21846505797441826,-1.3183538764348526,-1.8729466845817755,0.4319065070489811
2018-10-05,0.2856670555046402,0.38716615135861293,-0.370191071891849,-0.06875169778615633,-0.10468143560289402
2018-10-08,1.338656256246398,-2.051628302211199,-0.27464634272426064,-0.09727429077721671,0.07532470129767878
2018-10-09,0.6837886221371752,0.18315113011457868,0.7388960259361043,0.5000956935117153,-0.09809900578229547
2018-10-10,-0.6717420396018318,0.18202854447707284,-1.502134183167529,-1.60249530484867,-0.2574564357906138
2018-10-11,0.16575830847655484,3.930166729820872,-2.1165026890030454,-1.8012195474901687,0.2498249465778293
2018-10-12,1.3228679347426644,-0.40024898467015474,-0.0015401068544614689,0.18664106518402443,0.6648200634503361
2018-10-15,-0.4060039322260682,0.6227440913793277,0.14301616415060298,0.27135113999324306,0.007727224111225078
2018-10-16,1.079011530771494,0.04380178232732144,0.3674583544475784,0.05788058573650127,0.5714773403343658
2018-10-17,0.6362791528457843,-0.3614136676774527,-0.980999697449938,-1.803693312151209,0.8854604226956444
2018-10-18,-1.6891455031408145,0.17466069993509187,-0.5917075093003737,-0.8549468267273658,1.2089590910545835
2018-10-19,0.31632875833792673,-0.15601701540939783,0.25732082098211495,0.2695435112810902,0.4486762784625581
2018-10-22,1.171015927919836,-0.4324577407949314,-0.02666261310045159,-0.007174959914627452,0.5944020733774865
2018-10-23,-0.6790457926530294,1.0380019807276921,-2.63391793379994,-2.20498344447108,0.5669910479211867
2018-10-24,-1.0650082322977314,-0.5218102425727729,-0.2542426344029606,0.19092878443664218,0.10906716676962362
2018-10-25,1.4592012229101745,0.03997792669836054,0.3641109830612081,0.3133035557375945,0.9998049200094429
2018-10-26,0.8181953791103107,0.2560299759335365,0.42481658139211786,0.14611322374792612,-0.13121681686852657
2018-10-29,-1.1242686815623435,-0.8012337594940199,-0.22270969239133911,-0.46693282492019383,-0.3198652353799816
2018-10-30,0.3693032730504739,-0.2699552313938646,-1.0470680632270248,-0.7261298101003658,0.2951340787989683
2018-10-31,0.3616108286773149,-1.070512550320302,-0.38236354072932854,-0.7313272094384566,0.1517737300507479
2018-11-01,0.5809453045755181,2.20074230381578,-0.0585845290233192,-1.309159792411643,0.9276551183359498
2018-11-02,0.04261836865108107,-0.42065907348167775,-2.072157442998256,-0.4572030733915651,-0.07297782953857929
2018-11-05,0.8792067197454281,-0.16851221311078088,0.13637988468624354,-0.0796743399914201,0.5161713309104363
2018-11-06,1.2939546301318223,-0.59332369212016,-0.7871045680209128,-0.7440611465728028,-0.45014736689758894
2018-11-07,0.06399791903236746,0.13740062698279606,-0.1054425116208231,-0.47438111390067605,0.5347007966684973
2018-11-08,-2.343494238973312,-0.3549295548426018,-1.0998156942435413,-0.845501517240857,0.6681929021228532
2018-11-09,-0.3316163418537193,-1.6180858275122687,-0.41280557759918074,-0.42905412792375647,-0.7319443689940273
2018-11-12,-0.8428596142656081,-0.5919444518559733,-0.12393250854463246,-0.2577811272012075,0.3273903915069148
2018-11-13,0.012146485296136047,-0.2787727311791374,-3.770850603035749,-3.675125669832458,0.5991334798569239
2018-11-14,-1.121874234623954,0.7698048202292356,0.2591455937571648,0.27824627734772,-0.00255565909233976
2018-11-15,0.13699210247358937,0.4352355506849602,0.20365177305001467,0.10648234463103366,-0.4658035325783753
2018-11-16,0.5477044521843487,0.7226972546405304,0.05190159509803173,-0.03553732486081031,0.3346081737645156
2018-11-19,-0.8265900392826314,0.18342172831039683,-0.01790901787563533,0.18073836862239198,0.399465377349565
2018-11-20,-0.2672471153685339,-0.45573638327344546,-2.8071091176023737,-2.702895989112311,-0.9238225961807384
2018-11-21,-1.3610373204701656,0.5912180779824152,0.4055646936550704,0.7072267829826961,0.17821420597697699
2018-11-22,-0.03337383312647227,-0.04235249592096116,-0.061021511882623954,-0.023149251233878607,0.21292907515739945
2018-11-23,-0.5493114457566084,-0.5495558873091512,-2.7107233513662234,-3.095090891748762,-1.688530715184428
2018-11-26,-0.12054790294011611,-0.16619554388742214,0.6949336074929301,0.6230333213798532,0.5971379491046132
2018-11-27,0.6538190335017787,-1.0084345256628695,-0.17438567223106644,-0.0593463018490984,0.05082285509498662
2018-11-28,-0.5819055761869559,0.9652474738338769,-0.739306086001578,-0.829722064638328,-2.9039748449996794
2018-11-29,1.00896840002275,0.24516340571440864,0.33221449423608673,0.6741668027728182,-1.8533954202857317
2018-11-30,0.8589939152086148,-0.46456332309072346,-0.4634667544102094,-0.3496220581694274,-1.0728728772905387
2018-12-03,-0.016977490519097513,1.353046487064368,1.578883097758407,1.265411108852123,-0.0018097214556758866
2018-12-04,-0.9332252834295612,0.6985007206183493,0.18931373921295946,0.17397439033387663,0.24117201286195625
2018-12-05,-0.031488649622205114,-0.04204211409853523,-0.004068333768071941,-0.031205870588871528,0.053188589991312166
2018-12-06,-0.6741677572005325,-0.37114224492129166,-1.1737917596602727,-1.307638922428677,-0.7979161230800863
2018-12-07,2.2836673649146926,0.810223298383707,0.831773638857911,0.70244688290492,0.34514543577057677
2018-12-10,-0.42163103854968587,-0.3522756514409719,-0.9978092047769558,-1.1405799222996849,-1.7296463852492479
2018-12-11,-2.06788387655141,-0.26597825388395546,0.08971124086287673,0.38195399514949874,-0.510804417273926
2018-12-12,0.9872591485399811,0.18434263546838592,-0.08142445035873237,-0.373941689910734,0.40797236671327164
2018-12-13,1.8798624132254669,-0.24235244303029588,0.7650447467033541,0.9692290598307726,0.15092997126342578
2018-12-14,0.7336797901660699,-0.6928997776941362,-0.7639180066150104,-1.0038243470777013,-0.17605039650445084
2018-12-17,-0.15565287705423214,1.0345393095223252,-0.4792724725574439,-0.971286481251935,0.21540525822601825
2018-12-18,0.799245917913396,0.15719891910177153,-2.3956870873701392,-2.624315859632452,-2.0937750592738067
2018-12-19,0.8913434635545459,0.2447354337447264,0.4885526224338434,0.5036332867137203,-0.510724267101327
2018-12-20,-0.9212285704150093,1.1775057250806849,-1.8304469329154587,-0.8265547165165572,0.08309836678057746
2018-12-21,-0.029361938588182073,-1.0546329519605637,-0.35676397293657797,-0.21553716604015272,0.2390741016291067
2018-12-24,0.8595143857898946,1.328349645802894,-2.120273461567166,-2.080114574162989,-0.5788664068634962
2018-12-25,-0.015480396488982659,-0.021071508817224995,-0.06963279328788707,-0.048752826421923884,0.3448612817772867
2018-12-26,2.214650162292631,0.1027567674959499,2.132474101175278,2.2265435552041777,0.136303255052992
2018-12-27,-1.02345144559374,0.7664241948393463,-1.1122505167324264,-0.8960818563582145,0.1477625332800712
2018-12-28,0.611642695349054,0.22261858015594035,0.001465613715074627,0.3618303377614839,-1.1028961647076407
2018-12-31,0.12972647650932106,-0.22706545239077394,0.7660694717636107,0.027010454826547074,0.4226469479271955
2019-01-01,-0.020616118940313094,-0.07826433211827882,-0.011843862376730005,-0.026638644599223316,0.13096958321973376
2019-01-02,-0.43523478854721054,0.2125673768496406,0.5782801058222415,0.7223098274634066,-7.701612538110751
2019-01-03,0.0886739400449815,1.0883045665612476,0.5476009846760888,0.3504927645468628,-0.2883788806072514
2019-01-04,-0.7788269718596879,-0.981315451901903,0.605658345171736,0.5806274082338602,-0.44334780963256526
2019-01-07,0.9268594945137346,0.3237941036043394,0.14193940543870837,0.37485027569760193,0.33922285379483275
2019-01-08,-0.5578209501217786,-0.44009272853055864,0.7940139433421839,0.8959956898423385,-1.253688360382169
2019-01-09,-0.6412783194312731,0.5652478603022076,1.5620435117891573,1.8266150683191935,-1.6881178393721394
2019-01-10,0.33256626980033954,-0.5462021969283707,0.13949718635853864,0.1444909240227755,-1.260541102647156
2019-01-11,-0.28331236906739116,0.16768290661434643,-0.6989478766506755,-0.7481266203870589,-2.3584842279244183
2019-01-14,-0.33435102968638325,0.15204290321289632,-0.9450921791439728,-0.821235250067316,-0.5061222979568402
2019-01-15,-1.4453519830749766,-0.3924406421743645,0.9208263738038718,1.0732203529648945,-1.3733338894878495
2019-01-16,0.9783111985808237,0.5169479570171638,0.3729333527494982,0.1189565474090205,-0.4918600629322811
2019-01-17,0.25421211674243044,-0.12530112996235213,-0.10112182793599181,-0.2110184260860916,-0.16829292178510813
2019-01-18,-0.6113518476690204,-1.1922975366117015,0.9364889791275649,1.2693248737731544,-0.5390997040977743
2019-01-21,-0.02877746229680028,-0.11800347341876496,-0.023831911428478774,-0.019914228773126333,0.3201496337779084
2019-01-22,-1.3617049150345903,0.0585750181668385,-0.8387443908819665,-1.0195490232138802,-2.520873645093043
2019-01-23,-0.05685762527539679,-0.0063375522134572326,-0.3095290300898629,-0.013574384660340373,-0.8025517268767268
2019-01-24,0.22086785829040514,-0.5555412569137926,-0.10160978952094966,0.3747274649577541,-0.5378911800210633
2019-01-25,-0.7259767653707385,2.081387171996552,0.3562552927563641,0.4343039945853767,-0.020840885214232798
2019-01-28,0.541220693870906,0.5197576205795688,-1.3771017794221219,-1.5406897374575754,-0.3329555498678162
2019-01-29,-0.8287672034324609,0.5551517219159862,0.9631457578672331,0.990033344821757,0.3349613349408496
2019-01-30,-0.9524527080575428,0.1257115311433171,0.19551538497894827,0.6936504053819577,-2.1185604004804066
2019-01-31,-0.22424746291505734,0.9734132506336075,0.1559340480166315,-0.38152893979521774,-0.03396290741044359
2019-02-01,-0.027224931505468834,-0.33127675559441433,-0.05970326802705454,1.139797433684366,-0.3451218189817414
2019-02-04,1.4275133691937902,-0.3610886913429406,0.47356577779464837,-0.5834203147820402,0.2734327687679325
2019-02-05,-0.2252482355935796,-0.09684273061001218,-0.49222213406769727,-0.777874367388118,-3.548847040739506
2019-02-06,0.8680991893925295,-0.5897326797616768,0.5553449319388675,0.22713497382594958,0.43243460776981807
2019-02-07,-0.866310831137581,-0.10709610333968887,-0.9937734847589255,-1.1981203646880636,-2.22232201741016
2019-02-08,-0.6322318708454416,0.3992828233860991,0.34579164606650103,0.008210437809240545,-3.1321796630600427
2019-02-11,0.6457522260824753,-0.815291149286301,-0.6010267187420582,-0.30726560087466626,0.43481054980364814
2019-02-12,0.051511056131921404,0.14241981223756112,0.7708151813556143,0.5575267353323597,-0.00857584790011359
2019-02-13,0.4838084932452798,0.1103563417877632,1.0345482418091023,0.6762750858686569,-0.06640523340265232
2019-02-14,-0.4137353911746453,-0.19120375801805295,0.8330205743604608,0.42224924633869526,0.06427457215195799
2019-02-15,1.797824231126181,0.879929243927583,1.45739643341268,1.0425716130955853,-0.01722677696812609
2019-02-18,-0.012080705053278821,-0.048871363997659664,-0.015979153127410634,-0.03327666183391377,0.044111698848359394
2019-02-19,0.7379277613456988,2.4459730966324384,0.13614843919891773,0.42697550943657836,-1.5631975648698093
2019-02-20,-0.9976397185880972,0.31601657070865447,0.5005002199833016,0.7657856576347377,-0.7505933577998285
2019-02-21,-1.0319147417653622,-2.0257541462612587,-0.05872119330982339,-0.0029740475793645442,-0.8087509043419105
2019-02-22,0.27697686319529363,0.41818563741641746,-0.010371502002689383,0.25537198263125177,-1.0984721466107348
2019-02-25,-0.5578184810057153,-0.374886086416942,-2.3758525993809085,-2.011386333212561,-1.81983622362796
2019-02-26,0.45834709978813454,-0.16254614362158215,0.2688968588927886,-0.05466329874126247,-9.154913372830764
2019-02-27,0.8786057029285864,-0.8249953088104375,0.8900734248717868,1.3624537609472376,-0.6620348183691142
2019-02-28,-1.6376701653369097,-0.6016643005971211,-0.3281731313259834,0.2317377767371594,-0.06153373801850463
2019-03-01,-0.532380067255254,-1.804665776525964,-0.8725313154302966,-1.4676818879845663,-0.5800911257093697
2019-03-04,-1.576426498040175,-1.333975766027659,0.4319012552329751,0.6463608244681314,0.2935510732345327
2019-03-05,-0.013434399329425513,-0.4048956347171473,0.10213684998508359,-0.06710561700860851,0.006684180751917736
2019-03-06,2.1886006368193547,0.2218391591894589,0.06650015567907554,-0.3829611744762912,0.009385051800959748
2019-03-07,-1.4904934849605531,-0.18065345333601443,0.2277263168170082,0.3756901918537246,-0.9773836013845304
2019-03-08,0.34007143302635323,1.3392397720131421,-0.5943388327640952,-0.6534882883663975,-0.6411725155658436
2019-03-11,-0.26007469466407374,-0.8678166826084655,0.7359551001066843,0.6627488238540482,-1.2806699596072872
2019-03-12,0.33244786119406233,0.6744717814325434,0.02651225886439988,0.03618307974488066,0.0011087765644665622
2019-03-13,-0.04731489147241754,1.1047322559179733,0.8133427865777407,1.4222851671555985,0.2031829358497963
2019-03-14,-0.07548247365715884,-1.4464553323635965,-0.36628289035133005,0.31857253474474956,0.022982845524440822
2019-03-15,-0.12625866338028058,0.7205771024006776,-0.1345006874279526,-0.14894674793216825,0.031988044545966814
2019-03-18,-0.052875296611471806,-0.19039153212128493,0.31079054381195736,0.5595566008769701,0.04413106684941327
2019-03-19,0.12490155457034506,0.39734737854880514,0.00518056301685475,-0.12087832004452624,0.05991433145755034
2019-03-20,-1.560666327170368,-0.5132179028170839,0.87829512287138,0.8548724291599592,0.07915154993973758
2019-03-21,-0.32674778939676297,0.4875870843110223,-0.731235637002182,0.11865228699117776,61.22029007393335
2019-03-22,0.6807178494624697,0.5141568552818887,-0.9548224407763105,-1.2020713232705345,1.087744260662188
2019-03-25,1.455297666979557,1.0078770494756535,0.0847112377764888,-0.325655742476223,-0.5015305136554402
2019-03-26,0.5071735928405926,-0.8043465654571205,0.7173827098521224,1.2046562518712711,0.004097678604616771
2019-03-27,0.25084578604863433,-0.5498994981456499,-0.20429933093947347,-0.6333084433998051,-0.06333758350863077
2019-03-28,0.20017544961758116,-2.1891873381666613,-0.0781442892955364,-0.19138224200260734,0.0361643730601101
2019-03-29,0.5526506018553288,0.18416667776416007,0.5427493454295728,0.8812208646873042,-0.061216640861934506
2019-04-01,1.1489260863560227,-0.5358255803944731,0.6122994540405456,1.5535599118035264,-0.20269173707360566
2019-04-02,0.6859820871099797,0.07759031276953171,0.3377671138413106,0.9889808238900583,0.14929242006416021
2019-04-03,0.4604617130710843,-0.07884844106683735,-0.12837384192294313,-0.17054291392161577,0.012621572823063833
2019-04-04,0.9131411325694779,-0.17227195051553734,0.02363214924224018,-0.45096961549149867,0.11159525695359569
2019-04-05,-0.06827191184304908,0.07292448608464977,0.983247764581359,0.9782050200091462,0.08417809928465333
2019-04-08,0.37931161519629797,0.6651929224394516,0.7763338463366877,1.3283328882774283,0.12868911103599814
2019-04-09,0.35960587658513926,0.6478824180038267,-0.5830117460972108,-0.46661357039834245,0.04254906389385061
2019-04-10,-0.09852635168211385,0.5559979388761064,1.1368282689376574,0.5676913675301921,-0.05569831564140636
2019-04-11,-1.393770834196853,-2.3041953603873844,-1.0125948471075537,-1.1195117310251672,-0.7659200455229153
2019-04-12,0.850333579762519,0.06343355219662948,0.6581143579100988,0.22695321038761532,0.392886892214369
2019-04-15,-0.46519389754860374,-0.4778855631622232,-0.45656255777087806,-0.5539805991333588,0.3265685292129426
2019-04-16,-1.0898844127627028,-1.6507725682676415,0.4838929188279794,0.5850246378215875,0.07269617278127095
2019-04-17,1.367807032955541,-0.17209118891812686,-0.1781946287023768,-0.35009749114704486,0.3818991276200646
2019-04-18,-0.9997217854485239,-0.1108941700528974,0.29697699537963157,0.18148090645822362,-2.267109262871423
2019-04-19,-0.036602425358856425,-0.07839180965038817,-0.07591118708723783,-0.06316418501880744,0.4408596582678702
2019-04-22,-0.8883341758839466,0.10315909610976062,2.1464374084777473,1.8395419647609277,0.09182211929562605
2019-04-23,-1.11903084230085,-0.5554287649414328,0.4032647869419086,0.5814282990899531,0.11278983732963968
2019-04-24,-1.193172963720695,0.6216855287842777,0.023610092481828042,-0.4904629033054696,0.23167079489345097
2019-04-25,0.8545612930207881,-0.02039823289722284,-0.2800103108307531,-0.7954516386551053,-0.11137209955765995
2019-04-26,1.2664128966901742,0.9807768961788771,-2.2779077687013953,-2.0728247643000626,0.22481880230703108
2019-04-29,1.1750877849532702,-0.7630223481398395,-0.19525904975554736,0.0997612083375472,-0.0842960198180324
2019-04-30,-0.6064953978834429,0.37834371781681647,0.5506614668468948,0.327285601128523,0.23669570138832538
2019-05-01,-1.3878935599185809,-0.2258025868126945,-0.5935476108102851,-0.35322384094971726,0.16057977086398054
2019-05-02,1.4294421608625494,-1.464916454628689,-1.3418498829028016,-1.8546030219289469,-1.0835590490196276
2019-05-03,0.10364276242428715,0.9813448470365094,-0.012073870698019643,0.03970331646160454,-0.15214761144769473
2019-05-06,-1.1305728859739477,0.24359803702555533,0.2556682418108418,0.2317094665612967,0.8744172481120471
2019-05-07,-1.0854800433916219,0.13705729968482266,-1.2857023782493286,-0.8739385910077241,-1.0221051209657646
2019-05-08,0.06423935179192315,-0.5513225598901279,0.33913372645020173,0.6021212676379549,-0.4641859816700619
2019-05-09,0.756035995043207,0.3835469021110727,-0.05882682945617688,-0.44407957404239057,0.3983498932743249
2019-05-10,0.0781984274795842,0.19427312263060634,0.14826815285603862,-0.10078957343459387,-0.8681335708049328
2019-05-13,-0.6925785108249791,1.6325342548116355,-0.4288830721654359,-0.6860708695839757,-1.3828552006789223
2019-05-14,0.12066295616105216,-0.617160208948975,0.8794775538068905,0.6644843333230479,0.6140280084703477
2019-05-15,0.6982849785009657,0.07915067538645344,0.43734063832497366,0.19027010821355572,-1.0448178904878176
2019-05-16,0.8497008477727234,-1.351361555450766,0.7548941394346386,0.8202286187593337,-0.8887971021807713
2019-05-17,-0.5089615252431102,-1.3140474288687967,-0.4345680576715094,-0.16359178866027427,-0.14891986403718319
2019-05-20,0.8416329215023498,0.06193466559937857,-0.2992833382098191,0.2975061299532819,-3.4562839768093703
2019-05-21,1.4663927534679695,-0.5440344389349558,0.11953021683909529,-0.18386251102012194,0.5918419503316161
2019-05-22,-0.8270139227221752,0.08916818226418102,-1.278109517333778,-1.8958074696176435,-1.3353050737658694
2019-05-23,0.28608356136900137,1.234584122184844,-3.2678705021064363,-3.7039070660315025,-1.4685263363773708
2019-05-24,0.9868085110236053,-0.2367004506407558,0.5420534424351275,0.4534681102042103,0.23430972388173885
2019-05-27,-0.021433743571833676,-0.08623453954559908,-0.07585428381011589,-0.03513900627748947,0.12457964253020447
2019-05-28,-0.4509090340183846,-0.8308267690014856,1.0040179307569386,0.364877603245749,-5.35050923876815
2019-05-29,-0.3352759034361801,0.3697794502692532,-0.5172722427948371,-0.3177822740506665,0.41040858935396307
2019-05-30,-0.28806433806911325,0.693364593797952,-2.0335607741493287,-2.0049348949274233,-2.256893951260679
2019-05-31,-0.7608148983545578,2.0964283358566647,-1.7269950032852672,-2.4819186181753334,-2.622450374776235
2019-06-03,-1.338902202576049,1.702680602857145,-2.1847627907286804,-0.22363811404914952,0.44374339224152526
2019-06-04,0.19894420173548608,0.05330354716846331,0.29319759214834895,0.11945289065328085,-0.35533245422571613
2019-06-05,1.0635450864441582,0.3976556052633524,-0.8488009808698793,-1.3619496515072111,0.15219987625902054
2019-06-06,0.656059355391673,0.8312270780040507,0.5702164867625408,0.570028349947718,-0.9679402172029075
2019-06-07,1.2894111357510962,0.3001710106309866,0.9354959876742405,0.9422094459273591,0.302357648245449
2019-06-10,1.6157907187866412,-1.6333546747430407,-0.6167435587670359,-0.5293586444692456,0.05403295107301512
2019-06-11,-0.1357045595398931,0.039289564295886044,-0.03778241326781286,-0.03635007499307902,-0.5996707376500634
2019-06-12,0.6625778169101588,0.46547570984229575,-1.6059256593834368,-1.6784102782253196,0.23672946207239737
2019-06-13,-1.0110306751395024,0.6530988703498166,0.7632813682105698,0.729851534756503,-0.9314470557347683
2019-06-14,-0.6482419359871106,0.04112779140531511,0.39078809906395007,0.13634625371731288,-0.5644416230904813
2019-06-17,-0.08452489401126217,-0.20485847300948642,-0.7175345626300622,-0.46594404808425643,-1.8250123324915941
2019-06-18,0.6904414404679137,0.7048298443523182,0.7456717869655786,1.424359120741008,0.47447804818689227
2019-06-19,0.19801309546047605,-0.24200150213299226,-0.25519190269021275,-0.11733576402865019,0.01298142112218877
2019-06-20,-1.7260699698792195,4.665463521183077,1.7750573681019426,2.0964087972111374,-0.09199950795945232
2019-06-21,1.3541736827879742,0.2655859006559666,0.4595226553695093,0.5145280467199912,-0.5892796292238732
2019-06-24,-0.3836290639716567,1.102386319489239,-0.22685742270151926,0.292937372110958,0.30039725143720014
2019-06-25,-0.6019955863313207,0.028517619850555335,0.08551684956897887,-0.08582533626167861,-2.4039710885449237
2019-06-26,-0.11014894981947113,-0.25419127959488524,0.9545562288606155,1.1253465963974238,-0.3501492304004812
2019-06-27,-0.23455137719960895,-0.26179611193536145,0.015666287253088062,0.011045129941158464,0.6814894348169485
2019-06-28,-0.756717478209686,0.02783852347563453,-0.03303404587200709,-0.8084435037168122,-0.06864084654995221
2019-07-01,1.9202978831923978,-1.669608286211063,-1.1874347528125195,0.4271448614347497,0.5886724132141383
2019-07-02,-0.7210272736449188,1.1638344081076124,-2.0981165322951805,-2.3741196407530576,0.19637304958096571
2019-07-03,-1.0042157318073062,0.8385540149005818,0.837094801344613,0.6779272343281677,-0.016230680578803156
2019-07-04,-0.0377670847476244,-0.02004521029855773,-0.05395615009551504,-0.027473116480411258,0.12218317601248507
2019-07-05,0.7257370136789135,-1.4305526862525129,0.2513286851899709,0.08463086652464122,-1.918146967830647
2019-07-08,2.7752326086952857,-0.07796515551082729,-0.1282914802765499,0.07585407016828574,1.0326784918175167
2019-07-09,-1.2117828321227109,-0.016667452492137684,-0.010315807221031837,0.09656681898395506,-0.10238841577421562
2019-07-10,-0.32474955215285295,0.8110669762044499,2.1050737369112515,2.182222702621336,0.4651314976363519
2019-07-11,-0.4353063519516448,-0.4169817881469512,-0.33456428737318916,-0.19539944938495246,0.4847789243804624
2019-07-12,0.24189443412910167,0.32111618505862355,0.11563933888251154,-0.041656276498053285,2.623940022889883
2019-07-15,-1.9632811289895857,0.0652064662798804,-0.22765635373698592,-0.5965908639215871,0.6112539265219677
2019-07-16,0.16549817196953018,-0.20824940658181468,-1.6831234897362364,-1.7861405205425869,0.2969297080972668
2019-07-17,-0.7308555391831281,0.8165623580540697,-0.57096508467187,-0.7242222610371015,-0.48727144451344967
2019-07-18,0.3455462619350068,0.3197047803187599,-1.3660415816942069,-1.2188998790377508,-0.5649600258914103
2019-07-19,0.6152205683159312,-0.11703117557670675,0.3034960938353667,0.18983780086256588,-1.2997838026352009
2019-07-22,1.4984956619644492,-0.04505197768327421,0.5154482951980983,0.4204062483556384,-0.4696883580545973
2019-07-23,-1.3162769026127612,-0.4512939456069485,0.39333796358242884,0.4034624026388764,0.43330260535540943
2019-07-24,-0.31418793213241103,0.13458562848492706,-0.5345122838053792,-0.7823445972292433,0.5281111978073454
2019-07-25,-0.7106300938897678,-0.7508305311174387,0.11002073081928515,0.06052729426318525,0.4345097323474522
2019-07-26,-1.112942658190246,0.28001131679137176,-0.002971874674911032,0.11134088478529265,0.8657457439444071
2019-07-29,-0.18218095813750687,0.03942185503297263,0.15949902038308872,0.564600736001278,-0.6030724213582259
2019-07-30,-0.12797378060850884,0.7632584651537341,0.8277035906947698,1.0465031067766009,-1.4956944318316356
2019-07-31,-0.8811917374502394,-0.3264053499284648,0.3539382709377759,0.44397008238714447,0.46189409807448056
2019-08-01,-0.4424215178805288,-0.5038355964415905,-4.37189224110774,-4.536741720474994,0.025655801900502064
2019-08-02,-0.26473036881542333,1.9763057193762603,0.6954324330674655,1.0094977892891008,0.59994604072008
2019-08-05,-0.34583407489231166,1.416209190215222,-1.273410265948163,-0.633350189413431,-0.020224341577823317
2019-08-06,-1.536794697104216,0.5389983719813187,-0.5476101376234164,-0.7268740398247836,-1.337489782018292
2019-08-07,-0.7993232502750298,2.401946366828022,-1.7244187022656416,-1.7217531427373882,-1.3859123253112928
2019-08-08,-0.5583208336268428,-0.5512596979478211,0.5746944713742521,0.8060916933347725,-12.57654612107906
2019-08-09,-0.3133328118934761,-0.13716016344781254,0.6107166082831934,1.129934550776296,1.6987058173097012
2019-08-12,-0.06081818040979424,0.48808185754923894,0.012356516626396117,0.23290097269387058,-0.30526326918838925
2019-08-13,-1.2148432604052959,-0.2268969698556521,1.6110974376742682,1.2634700272420876,-0.1409943931885631
2019-08-14,-0.3312790367273001,0.8142858388786263,-1.0394409395640043,-1.1161258782592145,0.0754730233514227
2019-08-15,-0.29931466088257547,0.21197793378692129,-0.754820864291135,-0.4797399573414565,-0.2851072038872886
2019-08-16,-0.725631649269254,-0.5019055177994285,0.17390009258843722,0.19718050619351532,-0.379379861755786
2019-08-19,0.41822536497648305,-0.8669188972315973,0.6277044604726532,0.7917987731818862,-0.758155517843688
2019-08-20,0.6693255441952762,0.1981822625680056,0.15999744983428638,0.05869241067569568,0.3623964654151017
2019-08-21,1.232724390390688,-0.04547616942557426,0.1497852330680716,-0.4733164200581557,0.03813320994812108
2019-08-22,0.24148827165470077,-0.5620505032460804,-0.29489017742654844,-0.2676463316714244,-0.4903662591639813
2019-08-23,0.20570594001395556,1.9703047909527878,-0.4612486209711585,-0.8893191088803373,-0.19879171719380478
2019-08-26,-0.35718181023234125,-0.00652258973811527,-0.5359297377123692,-0.42303177163348854,-0.629412835362231
2019-08-27,0.2354532355473336,0.881720686995624,0.5528292559088407,0.8827371938244256,-0.5776648586478466
2019-08-28,-0.273156075566094,-0.22192644052612234,0.7146229472603561,0.5811572162071238,0.4215899323080567
2019-08-29,-2.346002166313255,-0.788925676086212,0.43719910365926035,0.6431488166467652,-0.7056885163805715
2019-08-30,1.071076030011607,-0.5655841130375343,-0.5544861561007436,-1.2359352152570233,0.35951723325119717
2019-09-02,-0.022653333659334186,-0.07212101799006979,-0.05644263030038085,-0.053206610496687956,0.1237643629777448
2019-09-03,0.657315157872567,1.7524121450060945,-1.9731700504932346,-0.9216549047040457,-5.84399040633166
2019-09-04,0.6876938834627955,0.27864379908516573,1.77919496967661,1.6316146575299335,-2.4421517640787362
2019-09-05,-0.7427770954943067,-2.263365960971048,0.1398827476347317,0.013137708967948723,0.45699392332408306
2019-09-06,0.921083503846519,-0.7015027924143239,0.4129632301022545,0.12173519741402984,-0.3951815961759635
2019-09-09,0.5366351355131207,-0.32721726579658017,0.7398695283224365,0.9797776718640946,0.19050170770212133
2019-09-10,-0.5328501257984259,-0.8384309925373856,-0.18353395540522982,-0.3716588737203862,-0.21747991438711078
2019-09-11,0.47259105012018443,0.19065363276043804,-1.2833844430007502,-1.362957714604127,0.15073374770059422
2019-09-12,0.24118606588253375,0.24390264212925844,-0.4075270528468926,-0.5477691468251583,-1.2990048842924928
2019-09-13,1.5230821793079419,-0.5786032179901555,-0.20594371622507981,-0.22790474806907862,0.38497471387146137
2019-09-16,2.436793897367861,0.7705527907492449,6.756514712636505,5.875419165996912,0.06259813795594155
2019-09-17,0.26915549289452767,0.11081603112823106,-1.6026707747990812,-1.826489645769404,-1.4348366678128057
2019-09-18,0.15211980014686768,0.11572040976752587,-0.3425267630958205,-0.6343987044287057,0.40618713970504905
2019-09-19,1.686278239351509,-0.7022131829872074,0.2392069915937585,-0.025604350312716004,-1.3168795514340088
2019-09-20,0.10558810108245212,0.562137029911647,-0.0728710178962689,-0.049717139806967375,-1.726812266285505
2019-09-23,-0.49859072660831283,1.148050664757792,0.17635570938248232,0.27365979541887403,0.4687621271032016
2019-09-24,-0.4106229989028383,0.569404263867217,-0.7485241890427079,-0.825994437164528,0.0845821377842259
2019-09-25,0.7254400328457469,-1.9865866555662717,-0.36089593441864304,-0.514574244092831,0.147063615651461
2019-09-26,0.876376993653109,0.07972825649066133,0.11402769384475228,-0.08762194840003225,0.1714932746011969
2019-09-27,-0.3964554921835735,-0.6503467147827716,-0.446766233823776,-0.3576665119520666,0.29063121616129906
2019-09-30,-1.255086067528251,-2.529561703166225,-0.6315143906187067,-1.2883829749434623,0.0382748676342288
2019-10-01,0.24083304063734562,1.0135271680654663,-1.0964169724301434,-0.3384286527707515,0.6503706117421367
2019-10-02,0.7137690767222341,1.289675787410418,-0.734209403661646,-0.6979229651073754,-0.020165111438185845
2019-10-03,0.9373545581483608,0.39166443014426483,-0.0547958031239055,-0.1715314657210587,0.47873285272024024
2019-10-04,-1.160827381750845,-0.10032717582165522,0.3466098973409193,0.21758811531356576,0.04654425051857876
2019-10-07,-1.4042086265726637,-0.6363651143516319,-0.04220780755844922,-0.0790982079372226,-5.368036882622681
2019-10-08,0.6268092915605918,-0.11120237454652963,-0.1051572499490727,-0.13645600169051822,0.41243841390250446
2019-10-09,-1.0871755133068939,0.5675615479362249,0.010573834610498269,-0.0774307955359807,0.1280012765451586
2019-10-10,1.3300547129993114,-0.8372137077772231,0.5075191416519714,0.7997002421947058,0.12826412817605268
2019-10-11,1.1249065252975332,-0.9605661070075644,0.9800675638158297,0.9730293583803946,-1.1791370348026917
2019-10-14,-1.4289424379824056,0.5671144518170802,-0.853361964159535,-1.0052195099757644,0.28238360828137093
2019-10-15,1.7426072689724348,-1.0737694257131956,-0.49576046699265,-0.7191509650565155,0.1269039882226597
2019-10-16,-0.17762926252003416,0.675025921102005,0.44393378967147734,0.40881360374665693,0.9021845371457324
2019-10-17,-0.6689247570059741,0.2848803749931002,0.33442830959273456,0.4539133228228773,0.2536663459325413
2019-10-18,-0.08212763322226385,-0.3570215050255598,-0.4285833747259274,-0.1725929030355978,-0.928874682494397
2019-10-21,-0.3215538571873457,-0.5159487409095137,-0.43921188876871786,-0.4902759003835613,0.35698205966721974
2019-10-22,-0.6757243963320075,-0.1324738507041442,0.5665120682778932,0.7440076719719657,-0.7862246944172979
2019-10-23,0.19005616771972117,0.5811520942400971,1.2235848801343119,1.648037493629667,-3.852492508509556
2019-10-24,0.1227647852720617,0.6680443154602895,0.40041543862925155,0.20333730514943762,0.5428167253026156
2019-10-25,-0.7463154422817069,0.00783316495374553,0.27413250333830197,0.34758132767333144,-1.6795176216957457
2019-10-28,0.6846452247607364,-0.8258418195321989,-0.4446417109142907,-0.859564464247491,0.38344580259370864
2019-10-29,0.5376321024481145,-0.33633905404067044,-0.044748618178695465,-0.3127005337878733,-0.01896612183631253
2019-10-30,-0.826248917981693,0.4361840722779786,-1.0030792319780126,-0.5175391988597958,-1.8660333994857854
2019-10-31,-1.381548665165465,1.4538617316092584,-0.43899426300267474,-0.9189387361672171,0.40618173848285893
2019-11-01,1.9116291190384167,-0.28028739596993296,1.317099603944881,1.8133888985858952,0.04413453254483308
2019-11-04,0.1806606992222389,-0.07433660381118866,0.36616471592786026,0.27133281854431085,-2.1371754460961623
2019-11-05,-0.07775577889658535,-2.2834656970065303,0.7464797400149952,0.5726565257663718,-1.472514862809907
2019-11-06,-1.0377008211769432,0.6069308827741018,-1.1999299743886986,-0.8508374620667966,-1.288349706818323
2019-11-07,-0.14000280029603618,-2.1192644011660544,0.4339859138875319,0.6518748584851441,0.46178451685642274
2019-11-08,1.5691077444845656,-0.3605757365587576,0.1361294881039249,0.04173600682295277,0.025656542696049577
2019-11-11,0.7097077745454516,-0.5361349778289439,-0.3707728365785613,-0.41579567471005174,0.03562624490796315
2019-11-12,2.346381816766519,-0.3576120812337793,-0.18841814762915907,-0.11708455037314383,0.12044928742413823
2019-11-13,0.8902484096123853,0.7175824461348304,0.24152948929158602,0.2696989449282695,0.1797136193177701
2019-11-14,1.7776968470462808,0.7898611707288339,-0.15915995486839624,-0.42602605680151434,-0.9041092849863779
2019-11-15,0.08590683081138163,-0.4028691054636577,1.0221006335049083,0.9515882284751905,0.35296864746876494
2019-11-18,-0.5084051729868857,0.2188778932771964,-0.9571359424150688,-0.7575000519480204,-1.685709678208016
2019-11-19,-1.0174088034855409,0.14451183582812724,-1.6827648110876212,-2.014051900243647,-0.26991020346923256
2019-11-20,-0.28492339887701,-0.06076237401044543,1.3094130298275795,1.625600019906691,-1.1090739383909032
2019-11-21,0.2649034297895796,-0.951395805902203,1.3592339986359145,1.2012143099671095,-4.7001633414347435
2019-11-22,-0.665295627317364,-0.1000285976042554,-0.5110558791001576,-0.69159926995425,0.45018328812422115
2019-11-25,-0.44516225738145326,-0.6480802561697067,0.1831057960935046,0.14021460584983111,0.05901261647743374
2019-11-26,1.2289009278694516,0.1964837302808403,0.4990284577583235,0.29600864759252044,-29.702350889179844
2019-11-27,-1.2841778505878718,-0.6459493149536752,-0.2426490953117785,-0.31182644931651854,0.4034907828726927
2019-11-28,-0.03788862537398861,-0.0932188641382584,-0.05960918820243935,-0.05507857885561487,0.0019213998465121352
2019-11-29,-0.6657613091684933,1.064540673223583,-1.7015559469582298,-2.9742759483395766,-0.46327673913759826
2019-12-02,-0.32374234001844887,-0.33389464478552167,-1.4835323670921157,0.5344543911504175,0.1853964233600088
2019-12-03,0.576440402653869,1.3757937868192702,-0.19193283969364894,0.07655896739432035,-0.3777617624400862
2019-12-04,-0.4535459371750315,-0.38874608273530636,1.8462011332107124,1.8635196251229174,0.16080133245650163
2019-12-05,0.7183735431042821,0.17323358959918608,0.2937812985754071,-0.017330871676265704,0.008487184332392853
2019-12-06,0.1352156435139795,-1.670270917235279,0.8011405082556723,0.5742857276708242,0.011910640179760274
2019-12-09,-0.1657714944873656,-0.10791322838976083,-0.14947762259956282,-0.18611005014256324,0.016693735892276174
2019-12-10,0.5917491250440382,0.22855614416846756,0.03017497157116391,0.1379056452189641,0.05635343276253652
2019-12-11,-0.41875124862130747,0.5613801971181044,-0.6127036158336697,-0.48464594847219467,-0.4406752138494931
2019-12-12,-1.14559116284363,-0.29981807790662596,0.3621050467833785,0.3259513072020007,0.21876772200041883
2019-12-13,1.1651511797277914,0.7446759009052536,0.8738179151024127,0.78945841168875,0.13123702499623904
2019-12-16,-2.7402156723208617,-0.10073940655188568,0.07304366401352612,0.08932899216593759,-0.9805346727324586
2019-12-17,-0.3007000653391794,-0.11429143497487804,0.665398526970573,0.6655533299868502,0.45348582847487795
2019-12-18,-0.6840563668737731,-0.267221656465286,0.016546327213302556,-0.05820036415875338,0.045637631036079054
2019-12-19,-1.7360349740370133,0.45458998807554063,0.30419401396372986,0.24227737733232463,0.24828227414644904
2019-12-20,-0.4737434989235783,-0.396830877501523,-0.4592845555619804,-0.9154880490396273,0.49551094789231165
2019-12-23,0.21056025569600204,0.6711686030962006,0.17950667428097852,0.011473536028615084,-0.01303539050808909
2019-12-24,0.36338938592083125,1.5518449647999306,0.7589564763497894,0.5893466794704988,0.44972707740019485
2019-12-25,-0.026179021090350127,-0.021256587691595993,-0.051764918413627854,-0.056592928309086896,0.04992580019603114
2019-12-26,-0.9807605367358642,0.8571001460627068,0.6919923172164308,0.5987385867685642,0.15494385788128456
2019-12-27,2.2454281541353147,0.3630777796318472,0.1907636913349697,-0.013404144805239946,0.7202991170692529
2019-12-30,-0.7909657243777224,0.003169037337481945,0.23832465356203242,-0.12331514297414611,1.0255290252443012
2019-12-31,1.7273843346798596,0.3856267376351244,-2.7529610706198304,-0.8860048731894515,3.5781927322515967
2020-01-01,-0.013532642674897327,-0.06012532978988034,-0.09799510438309386,-0.08413048550088068,-0.4303232239174542
2020-01-02,-0.20350379769111815,0.390327823378326,0.12368182175875196,0.07962539409319981,-0.16622850578191667
2020-01-03,-0.31984054676602997,2.243995445463612,2.0354732800426945,2.43033654542115,0.17755667692186788
2020-01-06,-0.8292953844887393,1.3749653922569547,0.2289419081338527,0.2212468020300199,0.25345154941796283
2020-01-07,1.086919470939809,0.41001120286021864,-0.5452931679134635,-0.7782814096248875,0.06865136975659177
2020-01-08,-0.7432125775589643,-1.1711113365949595,-2.4846015061436155,-3.889913831178686,-2.3161310389494205
2020-01-09,1.1683783665824976,-0.5522586789172217,-0.144253279289521,-0.12853862071955646,0.5447268452772595
2020-01-10,0.7536951172581164,0.37831794052733514,-0.36915700031919463,-0.522900916253583,0.04576229931000202
2020-01-13,-0.15355108601917536,-0.7836397705597018,-0.6528826998175121,-0.9398642069369978,-0.2616068990306189
2020-01-14,1.5518528398341802,-0.5835169727614811,0.1548706231112438,0.07125885873487275,0.42133127629938394
2020-01-15,0.6970225980023831,0.7136963239875481,-0.456443301742984,-0.44443127392248966,-0.20476959560055993
2020-01-16,0.4566733521658858,-0.2962027403220913,0.45270156900665187,0.6128764789060529,0.9436237736607372
2020-01-17,1.7242302643453153,0.7361820265276058,0.14068368402754,-0.025229189781659715,1.7574949444278165
2020-01-20,-0.01336522818684309,-0.04176231660882012,-0.047205781461249416,-0.05696722077821128,-0.31050934630692795
2020-01-21,0.3867108799492797,-0.27256194215379764,-0.294969341037558,-0.2748244260827723,-0.27364712272369757
2020-01-22,-0.32192820775863135,-0.1728273619577503,-1.3737747997478658,-1.854212077357687,1.1333200434309159
2020-01-23,-0.6779003335951186,0.726052394628826,-1.1506949856671806,-1.2052786497743664,1.413350127950873
2020-01-24,-0.8178827179399712,0.5111782912221643,-1.3079798312747017,-1.3693521812250076,2.8547930787474995
2020-01-27,-0.013239461365662572,0.43484518714757503,-1.2887169012694708,-0.9744009894988439,1.161918742325514
2020-01-28,-0.6874085821834004,-0.7137858664291865,0.06521331030797899,0.22909227818167927,0.4976274425811921
2020-01-29,0.4810607089327029,-0.044872266164367895,0.18988057418219575,-0.17264388811095369,-0.31163430566641914
2020-01-30,1.5466341283983212,1.1351827280450615,-1.4334801759277864,-1.1559023355869529,10.06977983979682
2020-01-31,-0.5073951131587994,-0.0839773398287067,-0.18867863108368513,-0.5714930806413421,2.0238674726812285
2020-02-03,-0.9317866107987081,-0.5713270922186622,-3.5263789976685254,-1.3593992342263015,2.5430474586414
2020-02-04,0.4492149646321295,-2.469448168167639,-0.4061860612787367,-0.4779690652486727,0.9251349677689766
2020-02-05,0.6693633030867191,0.48109321358374074,0.8015620127771571,0.9188073188531775,-0.31896587244433844
2020-02-06,1.202534979634142,0.5740480554677401,-0.26496059047023574,0.14107517789127155,-0.06659143922720534
2020-02-07,1.0080429500016144,0.2484224830727862,-0.36022429323683747,-0.6062346305659645,0.02214294174104541
2020-02-10,0.768662924584132,0.46355402066457724,-0.9595990397566794,-0.7310720644574091,0.07143270694884304
2020-02-11,-0.4551858870227608,-0.847595678736236,0.49108496704158167,0.27853540080547295,0.05403828065655659
2020-02-12,-0.31200200170514425,0.055890995675822605,1.3110417670848145,1.0952012058451266,5.413239810249865
2020-02-13,1.6475507387827824,0.6132457017305778,0.39665190054548655,0.1975217606718153,1.098798235987578
2020-02-14,-1.6408858116836482,0.6199119206049077,0.7228172188725945,0.5519602210832363,-0.384182586080635
2020-02-17,-0.04014431432199331,-0.052483529254773294,-0.023909962568947934,-0.0398052343145878,0.6604952308646943
2020-02-18,-0.10623692838575892,1.4625655528172825,0.305546839357934,-0.051313590505736965,-0.2512918495355401
2020-02-19,0.4654478195426296,0.6056067545434041,1.0685696638713946,1.272804993044036,-0.018844333920448268
2020-02-20,0.25271536947082224,0.7084048182514868,0.13027876600068974,0.47054485719823075,0.835885197535052
2020-02-21,-0.3666786151819922,2.258994601874341,-0.7076572280906674,-0.4724715795577318,-0.2564426572193458
2020-02-24,-0.8278943369465732,1.9790048619566811,-1.9766308293082577,-2.1928497198698977,0.2745485820853592
2020-02-25,0.06778402661138612,-1.632992185352758,-1.1431914399351406,-1.5033542449063577,-1.680371391858375
2020-02-26,-1.2932027792245693,-0.5569428125862057,-1.2800758692827803,-1.071756613423489,-1.2593490921733423
2020-02-27,0.066697602819064,-0.07370604746085109,-1.0456948982296792,-1.4358125550105132,0.44137233592664965
2020-02-28,-1.6122438963856511,-5.230315616407288,-1.3786894498955018,-1.919115155247691,-0.08462237242698863
2020-03-02,-0.30246835259892657,1.3965729368683386,0.9474801568484018,1.328128828433713,-0.3857068125808184
2020-03-03,-0.2080442654138785,2.635960758981197,-0.06972209534552357,0.276805433430394,-0.15985009425738678
2020-03-04,-0.637122991241699,-0.006168777497837175,-0.5984011453813234,-0.31095119344054833,-1.1407161397010612
2020-03-05,-0.6973195107022478,1.0826623772591775,-0.9904122725795966,-0.6932004160731624,0.4260262556914207
2020-03-06,0.3791609103217038,0.18957815215295135,-4.148086162540676,-3.681667557893345,0.07601542394572125
2020-03-09,-0.39907748064939974,0.12979971963454381,-7.033923652247157,-6.922129538125287,-2.0533916270306807
2020-03-10,0.7148249058492046,-0.7301550629243504,0.7410536885606066,1.1303920994173453,-3.490299713255132
2020-03-11,1.0846423457790524,-0.8854597093873521,-0.46122001737178153,-0.501781562794854,-0.2859946987594775
2020-03-12,-3.0489374792743624,-2.567565916546537,-0.8384959529788927,-0.6109133533621479,-1.5248084434999836
2020-03-13,-3.5761589860887475,-3.640771276826395,0.17649218579508086,0.0749379535952885,0.4368345365563249
2020-03-16,-2.09984976128156,-1.4809517101299776,-1.447892051338118,-1.4650210541420858,-1.7262735054960632
2020-03-17,-1.5747225514624055,1.657676353158779,-0.5468188946989531,-0.8786632234996824,-0.8581697379896736
2020-03-18,-0.7901093189136148,-1.9770612121836606,-1.743928872024709,-3.774597957750227,0.42176111760112867
2020-03-19,-1.5811842594295684,-0.047122954965693936,1.3971881264540722,2.006196574832942,-0.2989200472017967
2020-03-20,0.2824445514203743,0.1986217395453055,-0.5746404824609656,-1.0814654602528453,-1.9941146768047406
2020-03-23,0.5943411900101199,3.4941302621945765,0.02062509528667423,0.35024448364860244,-0.9361333395826302
2020-03-24,0.3893823693136668,2.895067141886659,0.029244196949312413,0.27049331052182535,-2.566006892032475
2020-03-25,-0.6437822165028958,-0.6201608103010671,0.09599430258410621,0.20915363552244567,-1.7942094511251552
2020-03-26,0.13259781933551693,0.3965848566498833,-0.5142080587300359,-0.9612833062860451,0.38753111259196843
2020-03-27,0.02244778774287958,-0.6719500244454417,-0.7606625437584886,-0.6048338748983264,0.04301425073240785
2020-03-30,0.16428680853887925,-0.09594431384770707,-1.28729463409796,-0.8458765763409088,0.02527451912404931
2020-03-31,-0.4104137401370688,-1.0684493265468582,-0.06261236003026018,0.2095954468788,-0.4568068269840722
2020-04-01,-0.5698097162138023,-0.20439064155582884,1.1453228158280795,-0.11892138251550045,0.1965925458249324
2020-04-02,1.3931007866005087,1.2995109357455155,2.6959152985826806,3.1364381836555957,-1.2296214319770482
2020-04-03,-0.5170832929698865,0.23428705316922246,1.5968124402237351,1.4780708544444427,-1.1514818495228256
2020-04-06,2.385630144924223,1.1443204836348642,-0.306652955139814,-1.0644260265034788,-4.2787188338565345
2020-04-07,0.9299958283482014,-0.30199445332219793,-0.43142321388489924,-1.268950206924472,0.44375352761327946
2020-04-08,-0.6744258075678466,-0.019335563766162116,0.3468664195626954,0.691902142689729,-0.08761179984009891
2020-04-09,-1.6463476832284294,1.8716018328626487,-0.5710547399835925,-1.2368528644420724,-0.14246055274273745
2020-04-10,-0.037246731529201556,0.037638151213320585,-0.019721549805909837,-0.028299121674431185,0.09491109234307224
2020-04-13,-1.190475112436683,0.1886019284485437,0.09332934585019897,-0.2193863131195999,0.017338419505903455
2020-04-14,0.23685190836407227,0.2815987354380545,-1.0753445506012937,-1.565052073917465,-0.8371291425250074
2020-04-15,-1.407830177426328,-0.7711679279614263,-1.042535750548288,-0.19053890869385476,0.3375704820130808
2020-04-16,0.6565023332605866,-0.2307595619693482,0.01665982436338637,-0.01600818368188837,0.0897942765988565
2020-04-17,3.1953093445563856,-0.8829645906608725,0.1149568744945489,-1.317209588116579,0.015423659141626623
2020-04-20,-0.7819757976867397,0.2898633312737273,-1.5793024695887767,-0.03137152917948685,-2.05704957798997
2020-04-21,-0.809943686312061,-0.6810433742183684,-4.403796013682975,-9.646554184187112,0.4090631118942503
2020-04-22,1.088129620701962,1.4042968857842408,0.4054955687501997,1.8274676808010966,-3.164192843457065
2020-04-23,-0.24452796410993038,0.14808533320176132,0.4009033005547615,1.081394151459422,0.4083440283934075
2020-04-24,-0.0633230575963859,-0.2949920789958887,0.05967461862797254,0.17201025408711385,-3.3370455873820424
2020-04-27,0.11547989316118591,-0.36909561332868474,-0.751828193338359,-1.9303253402216194,0.21312286689498297
2020-04-28,0.217443353247727,-0.08023062237997741,0.2281668252050933,-0.24543620801333335,-0.7780332953600123
2020-04-29,0.6777121450718391,-0.24351950654603058,1.0982225794482376,1.3236595217201743,-0.6450272493567635
2020-04-30,0.713588387129127,-0.6327200393487293,1.3476701678826761,1.5544165865613542,-3.0336355150990437
2020-05-01,-0.2544637268492173,0.2767838329924314,0.5540680567597522,0.35479295625313373,0.4354879705010259
2020-05-04,-0.3268068137451525,0.38065675599199,0.3612083527562665,0.22924674166347886,0.00794419207186016
2020-05-05,-0.21004321883629137,-0.0977241338503569,1.6407699152213755,1.5526640904110856,0.08911515628483363
2020-05-06,-0.3370522339753361,-0.712354156283572,-0.4733902158034152,-0.18417505954923408,-0.018342670041715383
2020-05-07,0.35060378499878614,1.2231675240044113,-0.10821790462286138,-0.18195239776700114,-0.13065085032352475
2020-05-08,0.37778908324467697,-0.37881293692744744,0.6397535158288726,0.4800973300903595,-0.30398939700105504
2020-05-11,1.2935427103972672,-0.5391240768219749,-0.6140408970086754,-0.2662771182540175,-0.3497509413049656
2020-05-12,-1.268282572104631,0.2651708897660589,0.1513045408311236,0.7412967401809237,-0.7915082451897738
2020-05-13,1.0737177361393824,0.31163627774599467,-0.4256764762540728,-0.2329905938733401,-1.4408444618319085
2020-05-14,-1.260771574528793,0.8346931380972448,0.990537448815875,1.1020261088074077,0.46522151105199744
2020-05-15,-0.3234498729766425,0.5311292209008159,0.68647552296916,0.879620894978938,0.11945727314384182
2020-05-18,0.07782623213075357,-0.7804767777458825,1.1529505359876586,1.083537884039233,-1.3603221753902413
2020-05-19,0.628092662985808,0.3868039413292121,-0.05910579717059385,0.303094125409457,0.456906053191594
2020-05-20,-0.7394631213853705,0.21492408717112066,0.5479190972478635,0.45007051546739185,0.036413426997619985
2020-05-21,-1.3569937329862063,-1.1567664725351403,0.14894620375428091,0.19959895373224182,0.20199135363258738
2020-05-22,1.1338760613711687,0.4610069975205869,-0.5108560302412071,-0.36594710294177174,0.059131354229447056
2020-05-25,-0.01565028003747397,-0.017312972839046467,-0.029222991154732616,-0.022981676482135196,0.1243753399116636
2020-05-26,-0.025110184321172374,-1.2170282996737711,0.5843650449479543,0.6355291387043269,0.13964569969504223
2020-05-27,-0.7036692311304116,0.14252785308599206,-0.8954555921080581,-0.9757808955221985,-2.9850568391507015
2020-05-28,1.4130212532232058,0.09251579736678962,0.3164377900605815,0.521598230185852,0.03248173698083688
2020-05-29,0.5120551302615749,0.9435510720523375,-0.006134277989560018,1.097593732590377,-0.3009008696751087
2020-06-01,0.7950689355014345,0.03186176663045182,1.968217773301652,-0.0360673540009365,0.37286863395683456
2020-06-02,-1.9467065626471034,-0.5652470568190818,0.7384415316227446,0.8744557868265248,0.0884473208859464
2020-06-03,-0.18745595421642308,-1.2395640250268964,0.15056650332748447,0.3042038225043135,-0.782893223268278
2020-06-04,-0.004817830384337032,0.8349320223278043,0.11237918631474597,0.06279960020325745,0.5495219010510743
2020-06-05,0.01812027219755566,-1.871116224037049,1.4240858833859602,1.5220222401224437,-1.709400570803174
2020-06-08,0.30211479811728165,0.8536374144970542,-0.9046971710060161,-0.9599609950629304,0.5384118256866974
2020-06-09,1.515370460022832,0.6935852259480109,0.21254577825850962,0.47610817176754794,-3.1953916654641334
2020-06-10,-0.3058886726013845,-0.07516244645754372,0.31449876218920075,0.4475059333307661,0.4239452996835492
2020-06-11,-2.3674079829971126,0.76919746521332,-2.2299264702052213,-2.525553500750245,-0.919268545156269
2020-06-12,0.6766799749896572,-0.12932773723816343,0.05125921243046816,-0.10339767220473922,-5.674401729494801
2020-06-15,-0.8912734039558518,-0.4446540423250395,0.5687698958369726,0.5687126324810893,0.43722021068469064
2020-06-16,0.0759550372705697,0.36384486915307035,0.7788630807373228,0.8664316245262143,-0.17344367754942008
2020-06-17,0.3877793675046154,-0.046496731824646295,-0.16236422460984543,-0.31140162361636736,0.13501293209203968
2020-06-18,0.8429309364863871,-0.2505178324512436,0.5215419707826086,0.6161062512174307,0.09671615435231358
2020-06-19,-0.7095377277300217,0.9509812043169518,0.44762418126103476,0.6608555974445994,-0.24579596511413443
2020-06-22,0.36163118769335917,0.49412334756781207,0.6168331498522193,0.5181625871603668,0.21198950343522371
2020-06-23,0.414486759734027,0.695019626789673,-0.33906148617932375,-0.09310507830974152,-0.39536983807392895
2020-06-24,0.3277677410062143,-0.31593889400273817,-1.851983879047375,-2.065652743988302,0.23971400497502435
2020-06-25,1.711788169715764,-0.23409804472198664,0.45902936805914396,0.4794766317590577,-3.075872042748725
2020-06-26,-3.6182164432336186,0.45532464228453723,-0.0705905057839367,-0.2002209917910097,-2.241765520772207
2020-06-29,-0.8345460418547288,0.08387874807004085,0.5054708269935226,0.9475420523321179,0.5312319888401897
2020-06-30,-1.313551146051253,0.8664161183025246,-0.470755182885335,-0.3668361261292295,-0.0019237582441466985
2020-07-01,-0.9197204457435757,-1.0033269490876264,0.6880271124920075,0.4244081490081232,0.08430558417494882
2020-07-02,0.07675943215726262,0.4615553729700542,0.8894411511023345,0.6898910476001417,-0.3076468699997948
2020-07-03,-0.022517555189527912,-0.030164582432139375,-0.0064413617692878665,-0.024009286395366935,0.19644204739159182
2020-07-06,-0.6181339701511573,0.18312014845586264,-0.05879846749665444,-0.055611806000974956,0.1929945740007044
2020-07-07,0.637167956501036,0.781517111693457,-0.06080009554963857,-0.049490903355282355,0.12769107419419376
2020-07-08,0.06986588170650572,0.565851421661998,0.15539644624092497,0.25582966143464225,-1.662265120451753
2020-07-09,0.996000054486029,-0.888340585068284,-0.9848291117902905,-1.4879037295548365,0.42867403857603265
2020-07-10,0.22358550696074891,-0.13555977610654985,0.8253245452941115,0.8954423979458641,-1.200874799397711
2020-07-13,0.6979594368346591,0.6397894842000347,-0.5679382365689196,-0.49000482277926166,0.5061288183216122
2020-07-14,-0.8528294994538135,-0.05097795314679746,0.14385291469682296,0.15166563569778174,0.23752825370838934
2020-07-15,-0.47818081407404783,-0.010844241105611486,0.8978077942350617,0.9544136553095407,0.4167213690731169
2020-07-16,0.5574370236558738,-0.7730331368185377,-0.478648053457383,-0.5205024596780334,-0.009206429082887461
2020-07-17,-2.7781149917289043,0.46953222293789815,-0.3010994837970457,-0.22752234974475727,0.2353238698747499
2020-07-20,1.2642338050172215,0.401297478829519,0.09546024031403107,0.2056371861207361,-0.3958994669341814
2020-07-21,-0.9503466544101434,1.4929603402882046,1.1763369237465133,1.3271481337869133,-1.7409523021578437
2020-07-22,0.6054600749913329,1.1741599366987663,-0.061358537499000956,-0.09675062292571909,-0.14414354744895624
2020-07-23,-0.08440948710652943,1.2932101382232337,-1.2276887567503763,-1.06895424366975,-1.1737435298587673
2020-07-24,0.46228316538351955,0.40279468765198057,-0.043052793604811915,0.19687599785817536,-0.44657615233656867
2020-07-27,1.3376763261343165,1.653987346868229,0.010675570028093417,0.33329823885864435,0.4259150817654368
2020-07-28,0.09292974871781308,0.642454638615561,-0.29787989253217945,-0.7592845642149353,0.195369806771318
2020-07-29,1.0380097491606985,0.3819266941139302,0.6286577691665519,0.2281063369727082,-0.3522890865825278
2020-07-30,0.047068796134080736,-0.5638954298097132,-1.1338814352900148,-1.8412764943659672,0.3856170206551861
2020-07-31,1.1446044343421269,0.9114555180954516,0.3984521710534954,0.3397803906572007,0.11440795758179886
2020-08-03,1.3748355808288621,0.13438852112873018,1.0534835610015025,0.8440260275591356,-0.3766054756757029
2020-08-04,-0.40419641800840034,1.6299435363544024,0.33244384848429037,0.7843463255528235,0.31565853543752587
2020-08-05,0.6046750707620305,1.3216361054926589,0.9393917761634297,0.5450892466063848,0.15491102071802404
2020-08-06,0.5499704365634341,0.8527531733003056,-0.1412679091343497,-0.33289394654689786,0.1588194025447201
2020-08-07,0.682574975944305,-1.7548071562504244,-0.9905670651016303,-0.9756652015696382,-0.9486232683720268
2020-08-10,-1.0207463567165909,0.4928336332426128,0.7050247315241085,0.8048526287809683,0.501304748578707
2020-08-11,-0.7737831258055966,-3.9883655476118274,-0.7267585087915216,-0.43578985494606,0.10736152134312293
2020-08-12,0.3947035936420983,-0.07255250293078236,1.192567317466096,1.233898330833993,-0.8738718749930505
2020-08-13,0.1412637600039064,0.8271831292042555,-0.6686701368032192,-0.5415089010381492,0.3994850567874211
2020-08-14,-1.0810973402211679,-0.7926708798329551,-0.27077945257308333,-0.33150832478113373,0.13684171754946817
2020-08-17,-0.348849745960656,1.8462882977098563,0.7007895140819498,1.0196027541809862,-0.15817910955784548
2020-08-18,1.1324198232749545,0.5429717247890935,0.07020452326229161,-0.03464162667181189,-1.0234915337290038
2020-08-19,-0.6398913274631779,-1.52069103673244,-0.18019880099300975,-0.0016402633699533055,0.44095411539162316
2020-08-20,-0.15691751333038162,-1.0221542393158065,-0.7597908569498252,-0.5310555120091812,-0.78448927162384
2020-08-21,0.37853392582699547,-0.042014404533706154,-0.8991201828097346,-0.39082769503124387,0.38276189507437614
2020-08-24,1.0388002696138332,-0.3080039877134495,1.0365204288735854,0.327131591672932,-0.1423600595159736
2020-08-25,0.5645231773935495,-0.6856547293403176,0.9735143870835338,0.9866493460353487,0.23899501733287992
2020-08-26,-0.2504685661158788,1.103741503273508,-0.3359067470647864,0.012123477649018085,0.6767032526226024
2020-08-27,1.2870754071124333,-0.7576965406876057,-0.8513398327306974,-0.5839459318653341,-0.010511791620129609
2020-08-28,2.0359768376576013,1.6484430748316365,-0.14740982068671268,-0.17283966915595447,-1.859030595185432
2020-08-31,0.5620526963749097,0.12742387486998336,0.2535515496173595,-0.623552481322559,0.44992656433786743
2020-09-01,0.20084191467442064,-0.013720988252436256,0.383509029158288,0.15911451208004135,-0.6119445325903488
2020-09-02,0.25479855015423436,-1.3557968962833058,-1.8331081436679293,-2.093844267825224,0.3394033318695703
2020-09-03,-0.9082790210994759,-0.3549799415416739,-0.5869845189924927,-0.27165900603407794,-1.5787135591548294
2020-09-04,-0.7818167477029653,-0.2007109846988156,-2.111883944663991,-2.377234884682378,-3.116774460838052
2020-09-07,-0.031306605351382154,-0.04822704938005645,-0.09762658154897286,-0.07225563240589376,0.4672204127924458
2020-09-08,-0.820319559210995,0.33781094879523965,-3.8829846303817,-4.012715233112201,0.09804227923799298
2020-09-09,0.10860581221669553,0.46512405335467466,0.7815453294167328,1.1046940091005382,0.03208302704731954
2020-09-10,-0.5352418100791995,0.37830346275440185,-0.7004057384162103,-0.6961642998443734,-1.466410624589891
2020-09-11,0.25857782267463414,-0.7448547922388711,-0.24551299909065463,-0.014858390964368702,0.4771127653212338
2020-09-14,0.14190783855805508,0.6037210650253831,-0.26510217951920306,-0.10293326111061521,-1.489457779887295
2020-09-15,2.797153869098743,0.1183227059116922,0.8548523110661173,1.0044059763688844,0.39199364010606313
2020-09-16,-3.041210113117266,0.13291508829208004,1.6112089518588415,1.8385635173208263,0.27642666248917086
2020-09-17,-0.08063309133535694,-0.9745576636559949,0.9728474846004046,0.7287761585626644,-0.005557661262829424
2020-09-18,0.7107295876291685,0.4832166648234593,-0.12936558695782738,0.10354293946716388,-0.2469577745513515
2020-09-21,-0.23164966256757477,-2.459610031695966,-1.6640083432245767,-1.845363353650257,0.24568115463864051
2020-09-22,-1.3669505514731588,-0.2498875873941397,0.176814889132907,0.20208119540452846,0.13393524550465555
2020-09-23,0.4092810972024027,-1.910130085811047,-0.014911225922834814,0.27683366545340377,-0.8582176295633402
2020-09-24,0.33127264494377806,0.2884404759204626,0.12681907832287942,0.33824093951459905,0.39699427179284574
2020-09-25,-0.6010521826599601,-0.5482561392174313,-0.06068836650617021,-0.09531555521552765,-0.8013555321901786
2020-09-28,0.3311547249246727,0.6748666525486656,0.489358160432055,0.33390649999913746,0.47095032326105113
2020-09-29,-0.002152257042878691,1.0276514419329392,-1.5683874794571204,-1.5308462877859228,-0.8038289026010481
2020-09-30,-0.8406638342013341,-0.3398665214250162,-0.1479503838457181,0.897519532984769,0.5418531345668613
2020-10-01,-0.7854313412153022,0.956683074793613,-0.0940975271181408,-1.5959013081019962,0.07321003623458534
2020-10-02,-0.5567393009729832,-0.4088318980646761,-1.9505243167424968,-1.6815105602354854,-0.053199950608497734
2020-10-05,-0.503396474714241,0.5366897747706144,1.936375498024902,1.8105825685488524,0.217252125903315
2020-10-06,-0.49122152460252805,-0.5924321603134847,1.1720508407435568,1.1347386539754203,0.3715128122454246
2020-10-07,0.2896973916812094,-0.9552837716472692,-0.5584839495002317,-0.5763763097577767,0.08939727260834733
2020-10-08,0.4246397210860524,0.1726246022128222,1.1670015704725238,0.9320167692226679,-0.38939402750040486
2020-10-09,-0.9079617578490567,1.5503123430889887,-0.45419046163286747,-0.48213951519145387,0.3212240263214583
2020-10-12,0.22881371128097305,0.14690089432041945,-1.0743534515829356,-0.9986503716482196,0.15651891872285237
2020-10-13,-1.4288089963029444,-1.73531184979454,0.5981769497041232,0.5670042914690784,-0.3885163074621595
2020-10-14,0.1866681580802007,0.5240639410176599,0.7604044192977584,0.6553545357333909,0.42737935445627495
2020-10-15,-1.119657551816408,0.06531196356172445,-0.16503376969730285,-0.08874453415355732,0.12111373857649473
2020-10-16,0.3782159999545766,-0.17063067225132408,-0.26085063866805014,-0.10602680148852926,-2.01926797085919
2020-10-19,1.4346787985211473,0.23147276350026344,-0.37416773037723894,-0.08452021623295655,0.4531595543649837
2020-10-20,-0.9694010727291497,0.16545211674633567,0.5158484752371506,0.5809486304541996,-0.593647302961772
2020-10-21,0.9678661623801655,0.7055078866186139,-1.6316331624032556,-1.4989465432736626,0.33404889411126876
2020-10-22,1.0047106344424643,-1.2813453526964158,0.6817389514883135,0.515938268594669,-0.7181740253185631
2020-10-23,0.08929104238079734,-0.050448287638364786,-0.7810341230090039,-0.7982731331338763,0.3683334815901529
2020-10-26,0.36322351862330243,-0.016422656300229703,-1.4745572063968118,-1.3089036601752408,0.22011210001837483
2020-10-27,-1.009745953458891,0.2829511253402945,0.6757922169526367,0.8656120399382023,-1.3580647399690702
2020-10-28,-1.745716542124127,-1.8990443288172485,-2.2791580100217423,-2.062649121894545,0.4265275829857483
2020-10-29,-0.8783708148949056,-0.7189429637889643,-1.435566214936738,-1.0695958510289183,-0.6801870393112027
2020-10-30,-1.0994675681833845,0.5957615148085683,-0.2621567096187606,-0.35053832932811324,0.35890345251230055
2020-11-02,-0.8847531643147741,0.7081025987760056,1.3323204957325805,0.818134490140388,-0.752381502078338
2020-11-03,0.7501154152818428,0.9945659454217738,0.6413510518611771,0.6906662629592549,0.37623471820585985
2020-11-04,-0.3519556041817018,-0.7994142411390743,1.3443317409905933,1.220856783678594,0.22303865198402248
2020-11-05,0.8287474853022049,2.7532748004443053,-0.2560428357626141,-0.3077991471468881,0.11331036158530537
2020-11-06,0.4747222905095478,0.2619238566497713,-1.3739998584816342,-1.4769164947299454,0.36249990986837205
2020-11-09,1.3082567694212393,-4.673125037977817,2.4527419937681763,2.408253523391515,-0.2289768210739185
2020-11-10,-1.1868609867793911,0.7383508545484109,0.8461219511398154,0.7371473061875227,0.04215389524798513
2020-11-11,0.2876964017881908,-0.6170638165869332,0.1559892151790541,0.04548676548194855,0.22902414188705597
2020-11-12,-0.3275694582732898,0.4362652391612066,-0.21732961345741655,-0.27647826476958065,-0.39080884263324783
2020-11-13,0.5588534500240895,0.52924730713295,-0.6283425091646877,-0.8229593888961174,0.32191034062574314
2020-11-16,6.381204103876434,0.04404529512738086,0.7843759094801215,0.9006709478241999,-0.16565048337821273
2020-11-17,1.5724927964456594,-0.16411716464076634,-0.08746368382533835,0.05257779888977304,0.3703849103265116
2020-11-18,0.7984317199314379,-0.5404940359444473,0.4746976825691259,0.29189531266196583,-0.5245445988783022
2020-11-19,1.035852646605282,-0.62986729372528,-0.15429137013856128,-0.1001593101178072,0.33935708674969045
2020-11-20,0.5608580763759979,0.466967929365161,0.6546890666231691,0.3400442776732501,-0.369994568622244
2020-11-23,0.7072298182431155,-1.6753806230320833,0.976602993754189,0.8334281141859441,0.3134535039944097
2020-11-24,0.3681521259083972,-1.6814203128968987,1.6006054844919209,1.7060902181899487,0.2605922352564951
2020-11-25,-0.7505617524615226,-0.05792319883659974,0.6293665829383469,0.6841530789750052,0.1236949581801362
2020-11-26,-0.023802953859046943,-0.04625213524208846,-0.0047886603488770454,-0.02897879059088151,0.16038714793628814
2020-11-27,0.5004969823390565,-1.2411091654363466,-0.41892932495191676,-0.21247420158575922,-0.39254754649768697
2020-11-30,-0.34971430382551977,-0.4049109322982721,-0.6061376476873771,-0.23479772084107853,-0.21225120920141818
2020-12-01,-0.6323073869984316,1.904815299060258,-0.2302016019364849,-0.8729651688013725,-0.21484259195474387
2020-12-02,-0.7161436957790649,0.5521327739490364,0.7603059479584475,0.6822394935526098,0.32865007219496684
2020-12-03,-0.1575175993032613,0.4870979788950541,0.42207934193766,0.33310648638046597,0.3755863033989606
2020-12-04,-0.27761381989939415,-0.070665390778624,0.5220635411913266,0.6121393763780258,0.09008035440293384
2020-12-07,-0.6035332745626596,1.1787476505614527,-0.5176996345911542,-0.5777724396345334,0.16055004005872128
2020-12-08,-1.9882440321026411,0.40739635634273386,-0.0026828522066612496,-0.22865174153647314,0.16181945940796336
2020-12-09,-0.4117491161267515,-1.7276449331471888,-0.04286946079496403,-0.14220797169195,0.16247391562996605
2020-12-10,0.2424161075306395,-0.15152037205165259,1.5294331530915493,1.4159992870452367,-0.1718981059654645
2020-12-11,0.7900656166405613,0.2466606396120536,-0.32758185617192936,-0.26552940250814766,0.2662967728339492
2020-12-14,-0.5115650213573741,-0.577834483836261,0.31532739349305033,0.4292455909976635,-0.9443011380545705
2020-12-15,-0.7454515722805265,1.0946354430179932,0.4755510926201346,0.6968147779388304,-0.03834117413714851
2020-12-16,-2.3528245133809644,0.17355780719458,0.3249833791704015,0.19379126631894977,0.29935625001838057
2020-12-17,0.3352352375203955,1.463545929375282,0.4489080269976818,0.6141808221236786,-0.3658660947078404
2020-12-18,-0.5661647070070968,-0.06589666846239908,0.8599327418208985,0.8724377361669233,-2.787843426635921
2020-12-21,0.7511043742832891,-0.35470271299387884,-1.6680382918022874,-1.7545198182867692,0.6034991666195164
2020-12-22,-0.3290665689009927,-0.6637426673712803,-1.0013220407610834,-0.8752573138344966,-0.48760252457027725
2020-12-23,0.3287369365275788,0.32421917094431757,1.1218881147808726,1.1177351254933043,-0.322038541659515
2020-12-24,0.5570431073396149,0.22033483015747599,0.04824643469015834,0.08314173151584914,-7.444159669874023
2020-12-25,-0.01564081916455816,-0.0421056608262274,-0.037685894342657275,-0.04973666441227396,0.432832260000873
2020-12-28,-0.5573374966654434,-0.19034726196489024,-0.5545167506662566,-0.773846482642321,0.023182384741388062
2020-12-29,-0.9103554753721088,0.07239244400964463,0.19538411369349248,0.3742371354247184,0.03226043099853742
2020-12-30,1.4719274221729521,0.5487094401957525,0.23207024925105754,0.42482755791125365,-0.5633040556217812
2020-12-31,0.08723309532301764,0.07803229999391444,0.5080657621264651,0.09609988922550819,-8.93542451237981
2021-01-01,-0.019794931504066797,-0.05165930469985389,-0.05150340131661758,-0.05760262058208534,0.4193640414986291
2021-01-04,-0.8645264990979097,2.7517463053353097,-0.9762184071751141,-1.2865964847282685,0.009844143898967693
2021-01-05,-0.6708072831811561,0.3892830983941242,3.0246916117707,2.758451031978495,-0.033126530300854926
2021-01-06,-0.510385891362467,-2.122155762386418,0.6521528687283156,0.7255120591342042,0.039775822149508124
2021-01-07,1.033290204731869,0.12569124985121152,0.07680769478030483,0.17172384083597309,0.026960776552561017
2021-01-08,-0.5449313058319671,-3.6932496005417046,1.5471034324624997,1.503655342428692,0.08822697604348546
2021-01-11,-0.6579114417482119,0.5075709536507366,-0.3302569632339439,-0.021185878521106843,0.029488186646556783
2021-01-12,0.29328437436795823,-0.31006682502157346,0.8421610192349084,1.0027909498816188,0.16205597613512848
2021-01-13,-0.0013866284943332822,0.41738236606897094,-0.5452338600531401,-0.36822344312809835,0.05104048671508966
2021-01-14,-0.0038564358503045794,-0.17562781234684355,0.29967304459856714,0.6690214929381626,-0.039484842730354644
2021-01-15,0.4703945183329757,-1.0139693050756693,-1.4137051650155068,-1.4155888970378485,0.18338392948530463
2021-01-18,-0.018667415760405558,-0.07984492890201113,-0.07738135846285545,-0.06943675827271525,0.33556727973692785
2021-01-19,1.1305767788218413,0.43619408516776614,0.7198171898750545,0.6166343764769939,0.08563940396489714
2021-01-20,-0.3917222297090089,1.2247521425440346,0.13816659059789674,0.23868229419143072,-0.3735061028115233
2021-01-21,-0.37447469401220007,-0.031759755474362154,-0.023554716800395108,-0.18020119533222334,-0.7269224883859778
2021-01-22,-0.418510035572066,-0.4993436683624774,-0.8063686102592323,-1.0935602328410523,0.4274394253054375
2021-01-25,-0.4266147758017995,-0.1024395115477209,0.42902799743258196,0.4922637977444572,0.3376285362527106
2021-01-26,0.6831950335935395,-0.2561205053192795,-0.03409751741315344,-0.2348180881802547,0.0859495541025468
2021-01-27,-0.809172227523416,-0.3474688137534189,-0.17172272832409088,0.22235095330650423,0.36805048054694445
2021-01-28,0.08704562592998961,-0.4190453986064379,-0.3995290640842889,-0.6935312160729974,1.1499544829805863
2021-01-29,0.3899122856347656,0.42406909578131324,0.3385589246573412,-0.2417922169213765,-0.14404536782713478
2021-02-01,0.2943938880907275,0.6710581810190679,0.5007421752230644,1.6173861079420708,-0.051205800175702365
2021-02-02,1.00072738963102,-1.6277878337730365,1.2938842230407768,1.368676981361482,0.21653270462144916
2021-02-03,-1.4323201244703414,-0.017603206078090777,1.1175019987750303,0.9899417495213595,0.26291829731476923
2021-02-04,0.06335082567470143,-2.4074075284109613,0.3995317513095762,0.5430478213052052,0.23237023102788712
2021-02-05,1.064230914757667,1.0307358801207478,0.5236292354006702,0.6317252331055685,0.01733964438910719
2021-02-08,-0.21088073231880355,1.067221403069507,1.3322542781420355,1.1857135847982623,0.41703116756937525
2021-02-09,0.05253279776903074,0.15725233121272597,0.5387263358513398,0.3747221126394422,0.09122572360631592
2021-02-10,1.8570295287842944,0.22523925055974278,0.3770088227599911,0.2963035100101328,0.3801729964607075
2021-02-11,-4.405236179510999,-0.8584771401120898,-0.42070695218102316,-0.5626856960880546,0.3068589369804152
2021-02-12,0.8790427792016532,-0.2553490211881594,1.3708990455692618,1.316035458405368,0.09144265387635786
2021-02-15,-0.013471739256775528,-0.05938991949259594,-0.0478106468634239,-0.043160149089193835,0.38067263471523477
2021-02-16,-0.1074000829882708,-1.4034741754399416,0.948602998857735,0.5944959276749966,0.09144263508206667
2021-02-17,-0.9236497131472332,-1.5628973560535249,0.9984584274992413,1.1878019693787945,0.27100269285663803
2021-02-18,1.8158731325368684,0.02478600837545107,-0.46219324544017026,-0.739388861913764,0.6731393776926524
2021-02-19,-0.2885615201622544,0.08657958141833176,-1.1578402794260936,-1.4823035490336902,0.5006275227078545
2021-02-22,0.7611146763073724,1.727625581396658,2.2747254587085184,2.123907511652881,5.059623994726139
2021-02-23,0.21683635738852347,-0.11687072146739459,0.08063420918441411,0.13589853503751206,-0.4342667580487143
2021-02-24,0.8726689165258945,-0.4913830412026904,1.4612011925673387,1.3769019486039893,0.13194171548067005
2021-02-25,0.875872759124639,-1.2928485026532182,-0.16381335686051562,0.2397299338681739,0.5465118249594024
2021-02-26,-0.07823070599610732,-2.7271838596062885,-0.6992673417980911,-1.9554135537144945,8.812041774622527
2021-03-01,0.542821514046246,-0.4442725959616185,-2.2889572364410564,-0.7724203791065614,0.05203141824557497
2021-03-02,0.07973543765805954,0.5267012631304465,-0.8581823326837786,-0.7753341958877124,0.44908246000738433
2021-03-03,0.17434590160426772,-1.0339559591292664,0.9525842549997318,1.1444380027282965,-0.2384905878713442
2021-03-04,0.4864201045570934,-0.9531658749332657,1.952341548891626,1.8903922922241458,0.43084799525207046
2021-03-05,-1.3327534880122085,-0.211710484474933,1.7287235517338986,1.5324752581045176,-0.006959481814217292
2021-03-08,-0.25155939246407133,-1.2692100896831198,-0.6684357582776277,-0.7051957763373655,0.023967427176295502
2021-03-09,0.3162788703025111,2.2151629127056167,-0.48814514370168416,-0.7370236303716987,-0.20953418249719302
2021-03-10,0.3216563888068672,0.2764306331759961,0.17980091634375334,0.2306802958224589,0.36345624570990226
2021-03-11,0.32256386157752387,0.0019089991714040988,1.1075859236174281,1.0310725533314749,0.06969942929422226
2021-03-12,-3.2149754833859263,-0.1991038833512003,-0.29184336323441157,-0.30265918312093454,0.1378086628364913
2021-03-15,0.22739436555849174,0.45738180896164143,-0.27126596971611183,-0.20098634764697038,-0.35976625257861145
2021-03-16,-1.3783951446086735,0.06002772498823886,-0.41468624727241976,-0.4790400613563206,0.30926299956362224
2021-03-17,0.12579389534788984,-0.26313606281669905,-0.3564897785902884,-0.20078082861442748,-0.3715693588722059
2021-03-18,0.35055000661402447,0.2479292077952857,-3.843557921086457,-3.746240615210011,0.31436168579487017
2021-03-19,-0.8990719507454521,0.4895908774688497,0.5701034451203529,0.7461873543215228,0.15496299823172402
2021-03-22,0.18894501127699206,-0.24707467111951614,-0.015340747827885802,0.05293813561197564,0.37606111509470797
2021-03-23,-1.097451170212968,-0.8472901487217307,-2.2610037112448134,-2.466030074606804,0.09035630437272102
2021-03-24,-0.2571537067189159,0.4124800638544448,1.698978235028188,1.7265710926112001,0.1606643770178747
2021-03-25,0.3752045539173544,-0.5306610904568401,-1.1557013893318218,-1.3158505690351348,0.7153074723910773
2021-03-26,0.018501303411610517,0.37894356164783083,1.1524173144153986,1.0786829293817093,-0.009587876679657803
2021-03-29,-0.4509415525703431,-1.3157621532481658,0.15617155980070224,0.25935177308006874,-1.9799993276259922
2021-03-30,-1.8171797472689206,-1.9144825928322662,-0.3966381666829794,-0.518147187462679,0.45204526213314716
2021-03-31,-0.016832234698170176,1.7649971638492925,-0.33080725536088756,-0.7406991455728124,0.10135431154453146
2021-04-01,0.8642665167323812,0.7387024714844345,0.6203959058881111,1.1031283482593341,-0.708417307721303
2021-04-02,-0.016331445371720384,-0.028453095863348175,-0.026603999272415947,-0.012947060645115426,0.3662633872299927
2021-04-05,-1.1699730227059875,-0.025542566172167207,-1.5296387446054294,-1.5486516941721038,0.1303233123274696
2021-04-06,1.3949672475190347,0.8062500423359275,0.24694666577759367,0.2912014183141142,0.34035767118544513
2021-04-07,-0.34840865704350016,-0.10854042482790416,0.17587077655218472,0.20501819394676876,0.2900004706368779
2021-04-08,-0.7136004268662883,0.939069700343775,-0.004943374655267773,-0.12263001765846836,0.08831268216316236
2021-04-09,-0.04959245553099296,-0.8199792364988645,-0.18523923803330802,-0.20041242743541768,0.1586910302666532
2021-04-12,0.24533020340494704,-0.8135328432836039,0.16164437389531805,0.1973612904370025,0.16084733253749964
2021-04-13,0.8274835201646713,0.830231360533614,0.21137243164366373,0.27848828651687924,-0.9449807021427175
2021-04-14,0.24910426250527068,-0.7096741128543961,1.8860669279459408,1.9438394425345953,-0.48707024267038473
2021-04-15,-0.18803028790173038,1.7781128391877217,0.21299437700218388,0.17926343595775304,0.4190325171488372
2021-04-16,-0.13114916408055952,0.763503006996413,-0.11484752515126011,-0.25142621572392365,-0.34116943298811875
2021-04-19,0.5878814741136648,-0.5611761233484525,0.13701101132386206,0.12486210444181739,0.7988239970840842
2021-04-20,-1.26312563095028,0.3733372826478515,-0.3710560304654177,-0.719399293134539,-0.00867155305841636
2021-04-21,0.3956981671093059,0.8146063291676205,-0.9408090231984967,-0.8388492592649796,0.351572224751156
2021-04-22,0.04296824882722098,-0.6546754279800573,-0.01608774931565284,0.004051572604867835,0.3989701480787094
2021-04-23,0.14959041298809633,-0.3202745483430449,0.45829034283678005,0.4885937949733692,0.05534985114650973
2021-04-26,0.7854782534411975,0.06410144172729351,-0.39050943625707096,-0.21601881080440566,0.3749090075592724
2021-04-27,-0.2158461713061687,-0.12492342272878137,0.5485558148463169,0.7716877539590841,-0.9833097075313414
2021-04-28,-0.160632899226687,-0.35403809956580923,0.6241130302540466,0.6964650750374274,0.396649557859985
2021-04-29,0.5741190498587323,-0.38709391223995304,0.9958984393265957,0.8797776096084269,0.6042145379893207
2021-04-30,-2.6962044562002347,-0.12241956455690604,-1.0698160148193123,-1.1892843328400204,-0.9493017360105944
2021-05-03,-0.35710311945581336,1.477702810421039,0.1826017291200323,0.6233535195260863,0.3650016942307495
2021-05-04,-1.0538841578626612,-0.953626967768532,0.9909150488747829,0.872557455506575,0.30777842152840174
2021-05-05,1.5778089764195475,0.4163556438554146,0.03138952219448207,-0.08045832503163766,0.27378967141575405
2021-05-06,0.3771830830428782,1.883071251567064,-0.7621975503706812,-0.7924563945119301,0.08559610191788246
2021-05-07,1.0557231853545874,0.8699461095380308,0.08447850631134846,0.09043363153352227,0.3690960474170938
2021-05-10,1.0534030816328823,0.32534710016673607,-0.036909205947725815,-0.033109476191080484,0.6221947070776491
2021-05-11,-1.0168075243283894,-0.13164361846442454,0.14349013670133698,0.26149971451339105,0.19390024423335753
2021-05-12,1.0316211106995492,-0.8134686459504582,0.6392955167328312,0.6743951075024456,0.3006692988633233
2021-05-13,-0.325606254043413,-0.014223101672597714,-2.169355254075517,-2.1586726915274603,0.09003217746578146
2021-05-14,0.2434151664197264,0.7672219680036099,1.2223986754815561,1.1354305164965588,0.16032166059721617
2021-05-17,1.3256531725641953,1.6748328486477948,0.5120365280644598,0.6511825062292824,0.3826922872743637
2021-05-18,-0.7246439360479894,0.017066751900286573,-0.6092847541418412,-0.64302981794598,0.09119114325585943
2021-05-19,-0.7560478363235046,0.6766178308503011,-1.7213941510423612,-1.7255440549733956,0.16140796165377552
2021-05-20,-0.5589069977713611,-0.0027782614143826837,-1.254041724725772,-0.986537037702678,-0.9464550047587352
2021-05-21,0.22655832872338563,-0.3368553984209967,0.8623411302451423,0.975462481527553,0.4113543440035944
2021-05-24,-1.4875206191470232,0.37616324139689417,1.389397657322828,1.5913978734269423,-0.8149065474820559
2021-05-25,-0.23504520108117374,0.7208576344145948,0.1240146321499387,-0.005075004052566207,-1.311633402849054
2021-05-26,0.900605875234007,0.14867539117971648,0.13042015273215182,0.050843212905284554,-0.4605486951445844
2021-05-27,0.1561556029214007,-0.3737814787197127,0.3829935678931913,0.405815601021377,0.43546579938675956
2021-05-28,-0.42326209649638147,0.3248600071784962,0.08409444457141357,-0.4266659232439654,-4.391526836596076
2021-05-31,-0.02962490259270026,-0.046924532029698075,-0.0472658423172433,-0.052953269154975204,-0.8726098737962459
2021-06-01,0.4031634108081338,-0.03788360591336588,0.4404611576819008,1.0401500943937836,0.4669760936553713
2021-06-02,-0.1374227183427231,0.21814814362331844,0.8459293902800876,0.8104576989299878,0.03414082280524276
2021-06-03,-0.2824583186726328,-2.318078830554324,-0.06730504290812694,-0.05381653217357862,0.1392025949671512
2021-06-04,-0.17034988877088963,0.9878298089256837,0.43732465319219366,0.5962387593671222,0.04465745471565587
2021-06-07,-1.4476712687142612,0.39206865063924595,-0.3991040138044944,-0.3643657916702625,-2.054712941322638
2021-06-08,0.5616661155015271,-0.32252717393739533,0.5735010761414506,0.620978729011761,0.053815803004514995
2021-06-09,-0.6761353566369175,-0.011285202939617257,-0.06041026528931207,-0.12289413041042806,0.2291464519615913
2021-06-10,0.8179640168464397,0.00048546048014511123,0.21396117514660545,0.22994775201330728,-0.22341775395705687
2021-06-11,-0.8241289223995211,-1.1244321183703754,0.09218456545220062,0.5081297184211718,0.3818944961092229
2021-06-14,1.0870428735739,-0.958755195506888,0.09626805997866003,-0.08332676894416755,0.15793323957176153
2021-06-15,-0.5730594017471977,-0.7108048188600705,1.0223194520044157,1.1326990179178058,0.11051627559564144
2021-06-16,-0.6706423024411408,0.24041136937424565,0.32747131148723785,-0.020577477377834698,0.35546680325390373
2021-06-17,-0.9352024473585827,-5.884568602894301,-1.3162917833747516,-1.1805398757804368,0.08818566216450299
2021-06-18,-0.26406650935932235,-0.5297813482768979,0.30325281233160223,0.4789296946907664,0.15832595346444342
2021-06-21,0.1232774884116882,0.7014613721041193,1.199215303325245,1.832301918072086,-0.38625878703772487
2021-06-22,0.43681016208890056,-0.3296568671776412,-0.11902788484621553,-0.5597739438518907,-1.2692520218715195
2021-06-23,-0.7826413275884325,0.2717026912422481,0.2935439500427192,-0.05105835410120855,-0.2957583167477166
2021-06-24,0.4378908440738854,-0.4250873535592603,0.27514150337390736,0.13695061430811847,0.3953085193992448
2021-06-25,0.9177385937827283,-0.011289904093502764,0.5210895962713595,0.6491311760487557,0.13678637989829684
2021-06-28,-0.022357559352894213,0.12227599143105262,-1.4970500460654754,-1.1605579161501645,-5.4922279505075515
2021-06-29,0.23178658096193325,-1.0653193418338267,-0.017763041275159944,-0.014516385921043703,0.09043736538248784
2021-06-30,-0.05477881162658865,0.3933733745467721,0.24364187826095185,0.39892200905395675,-0.21737849898923794
2021-07-01,-0.9732395293994772,0.2712358528623729,0.5905017567039885,1.6315095097545955,0.02172698834339201
2021-07-02,-0.9969316943245243,0.36742802761570653,0.2507102780732195,-0.10628750062371878,-0.3843297407202617
2021-07-05,-0.03850633058889699,-0.046137711137819566,-0.058967648967590845,-0.06936467103089435,0.2990328407687744
2021-07-06,-0.6210466710970555,0.6328634960653986,-1.674171871427154,-1.8672452757292595,0.1915382932643402
2021-07-07,-0.09306979312246272,0.47117640264763677,-1.0800352066247503,-1.1052067396136511,-0.7872414891687567
2021-07-08,-0.0610739639733259,-0.1666893869856366,0.4872522023558869,0.5353178477908789,-2.0739148697098555
2021-07-09,1.4634734604859787,0.6085686662685708,1.172422264529311,1.2880436541852909,-4.951653779825956
2021-07-12,2.2456352358484746,-0.333930968948662,-0.3629781809705871,-0.4070744991661561,0.47217715831310425
2021-07-13,-0.7955454771186871,0.18311855751539383,1.087404150435907,0.8645506169578009,-0.1345848008511449
2021-07-14,0.04081902505442032,0.9400481114612589,-1.5197470409385678,-1.7728249320143594,0.09312433482239085
2021-07-15,-0.8872029111639814,0.23843656253006093,-1.103189381073145,-1.143718499835836,-0.23841485833560233
2021-07-16,-0.5647034857089617,-0.9857475034928616,-0.009302084403136082,0.04807397169034066,-5.188122095750225
2021-07-19,-2.2380827706605366,-0.4910383383180562,-4.230313261075053,-4.109390089597903,0.43955218602117824
2021-07-20,0.433472676045511,0.06986717640214637,0.2901091616445305,0.44832436425376976,0.010128648000461546
2021-07-21,0.18800351664483603,-0.6214277958093437,1.4466590197038904,1.4924764407520161,-0.008579545215748824
2021-07-22,1.3575909157184165,0.05978989696235642,0.7740087422355209,0.7901293701349119,0.09415781501636787
2021-07-23,0.08485137850321138,-0.323545378699065,0.15747281309358852,0.057208915629156136,-1.2325463159411905
2021-07-26,1.797588222443811,-0.27723015722803945,0.1850461564914902,-0.1221872345541792,0.3634854297658586
2021-07-27,0.00976710405143853,-0.01989376646097307,-0.04678322029886682,-0.18897421901925088,0.05051568358521063
2021-07-28,0.8027220045588099,-0.07115852673966752,0.10641982361692842,0.3971336200054407,0.15954784401287597
2021-07-29,0.1718522669308412,2.317812180414211,0.7263328366388482,0.7164060595217637,-0.5408658882708923
2021-07-30,-1.741723154308782,-1.2100671790642759,0.1372963864050002,0.17087129869628007,0.29995693070636076
2021-08-02,-0.11634074288611759,0.2549365677780241,-2.21151464578347,-1.827017108323519,-0.6594005156426069
2021-08-03,1.5308500798842142,-0.5872318401597797,-0.3394653120070564,-0.47385384601291025,-0.03122394376010892
2021-08-04,-0.807444517956498,-0.05812817359522001,-1.2524352036561617,-1.516603831792784,0.2717571206918133
2021-08-05,0.25588553886552096,-0.4389107629782082,0.44093308715342,0.46663767250794613,0.33699776118403213
2021-08-06,0.26580020902302304,-3.2783215721522785,-0.39499508499154934,-0.49808585694710666,-17.911223077657798
2021-08-09,-0.17404662932125467,-2.608214584860139,-1.0595004592507158,-1.1173374605406698,0.41371474800023844
2021-08-10,1.3710142226809283,0.20602743423622713,0.8875192244151587,0.9663471638677591,0.014154685134670207
2021-08-11,0.9517432060538026,1.3492794463159816,0.4449896291646059,0.5106901242933811,0.046485300123777204
2021-08-12,-0.06778053471933053,-0.09871882416321191,-0.10073193536070407,-0.12200048811441369,-0.35570849527099063
2021-08-13,0.909827449059119,1.5739827623643883,-0.5102460022710716,-0.4371513301613948,0.18568439201495615
2021-08-16,-0.0912850467402196,0.6786970155364564,-0.7923277460893414,-0.7683300044081738,-0.2780453676405443
2021-08-17,1.4351516304477305,-0.1434808049828177,-0.4044587370985492,-0.4865413148936473,-1.0744923322506845
2021-08-18,0.49738159875686155,-0.26334401003004587,-0.6457164661265004,-0.7698704524016062,0.4063306011966397
2021-08-19,0.22165342175521963,-0.1502902412712376,-1.3947030661705548,-1.1846244202308993,-0.4033064616159245
2021-08-20,-1.4214966671682638,-0.013173178378520441,-0.9968884818932197,-0.894450717168934,-3.432277185305396
2021-08-23,-0.17772312258027873,1.3239946800792521,2.4031669892623526,1.8991724882851333,0.4448680209042788
2021-08-24,0.34072981409941505,0.13071474142484893,1.322639399205582,1.0095825817656685,0.0393615096952906
2021-08-25,0.9459345665480912,-1.1127474858560717,0.6855897527939979,0.41342662903945415,0.08992520826336954
2021-08-26,0.2295369531008596,0.14910688177818104,-0.6802759432629915,-0.5499642644219364,0.05676835883347701
2021-08-27,-0.979792307643131,1.458863277796422,0.8976120494219892,0.6901492753180488,-10.268863589245743
2021-08-30,0.3134756021666497,-0.45378989918474294,0.37394761309180535,0.23791078784924813,0.4150894264443369
2021-08-31,-1.3844403548914097,0.2835193961953,-0.27326598034242566,-0.45822619367344597,-0.13794671164668962
2021-09-01,-0.08838560104175378,-0.16178433053907418,-0.9293979469055377,0.008571085932769644,0.15780861936623802
2021-09-02,1.7112997034590274,-0.33567785302562164,0.8336208204568163,0.8573930158744364,-0.040264878988321644
2021-09-03,0.9528221380224773,1.312391417156861,-0.310643468396069,-0.4830889415887642,-1.2922892690334746
2021-09-06,-0.02145417601079839,-0.0131183677959838,-0.04090153729442248,-0.05021417310904031,0.3713393303709109
2021-09-07,1.7244071612923062,-2.2060206728403307,-0.6920143630713033,-0.7059968152865729,0.04275776024748673
2021-09-08,-0.5664340532535923,-0.4434513809377446,0.5692529867027671,0.600939297726081,0.13595939943084445
2021-09-09,-0.3346784473224819,0.3389189763213056,-0.8788873376176384,-0.8605439297182589,0.09606662994839632
2021-09-10,-1.5795220173772109,-0.5291510840440103,0.9899783296092717,1.0238795628049446,0.07733861980281762
2021-09-13,0.7073607935843476,0.07299874495500062,0.36998025620165526,0.4605419213501014,0.11827632144421751
2021-09-14,0.3925039895222694,0.7529116430729046,0.03525587372985739,-0.032874347829313526,-0.40708110726794977
2021-09-15,0.1280006051324246,-0.8169401910740872,1.3323187439143056,1.5068241894457917,-0.1527074324180671
2021-09-16,-1.056423595175428,-2.5549097124594384,0.12127019294257198,-0.027030328269124146,0.10505387472733846
2021-09-17,0.14285372893382423,-0.46937837553035905,-0.2773056948968857,-0.5218561177434956,-5.618412806102974
2021-09-20,-1.688829561375975,0.720052298340642,-1.158830061146362,-1.3164906134283796,0.4427162079227583
2021-09-21,0.23360787393148597,0.8673316655661486,0.24518589269835203,0.12397081540845166,0.04501018020338785
2021-09-22,1.0517761392569172,0.01443567483667703,1.3248715956966712,1.160129937614248,0.14254665964875124
2021-09-23,-0.9317747945784902,-1.924944670680487,0.7454979116920497,0.7179230749017773,0.31391132647316566
2021-09-24,-0.5219822297676062,0.003563609860349722,0.5909186681488429,0.43993890820692094,-1.3184707728447926
2021-09-27,-1.0963530398315993,-0.037457476812230044,1.0214252086420776,1.0115448334984296,0.38654508113936376
2021-09-28,0.17603256089188127,-0.9990950815558778,-0.34875751088531215,-0.15032785943842128,-0.5211699712898341
2021-09-29,0.7824490842307182,-1.053740953569864,-0.38944630952366416,-0.3983070370442457,0.3116765090891529
2021-09-30,1.4526495917494653,2.1684746012080884,-0.16950447306192723,0.09202999500273065,-0.672464942593155
2021-10-01,1.280643021891228,0.1135225913662633,0.5272221766175648,0.6195837507006087,0.35893429735914173
2021-10-04,0.8903917084890713,0.4958506062410483,1.5135770796516614,1.335683261498699,-0.7383134496500657
2021-10-05,0.0426547007137469,-0.43612259690391053,0.9367960265901819,0.957231705906626,0.3749588215206387
2021-10-06,-0.9018884625665899,-0.017312740022004846,-1.1144540383059314,-1.182209786107067,-0.3124224130112424
2021-10-07,0.20611904303524736,-0.22000852435224283,0.5566771307555883,0.5474941926454018,0.2890190215366414
2021-10-08,0.5033366502254976,-0.16806493449289703,0.2524888494176414,0.707264800835028,-0.8459878366970095
2021-10-11,-1.553243119192222,-0.175285337630718,0.8877982224872647,0.7952516880238967,0.39654054749398804
2021-10-12,-0.19905397242864178,0.1769269729496702,-0.21091654859532274,0.04242774608051461,-0.7840964425366718
2021-10-13,-1.7187520911848388,2.2851564082623788,-0.23826821170279736,-0.2097717579889638,-8.283720281544078
2021-10-14,-0.4590070600692471,0.1869424188481003,0.5632914506793386,0.6185926638149604,0.43599353599290414
2021-10-15,0.5039124490045757,-1.781802733122171,0.6143752109973821,0.7128401125508934,-0.31043939411787885
2021-10-18,0.044646726700665794,-0.2553022513834278,-0.4665799089081819,0.07487923684146346,0.17092900918167764
2021-10-19,-1.2473775108698428,0.22930922976897264,0.5327415005116758,0.36782238330903727,-0.10547115576568303
2021-10-20,-1.3512777837913852,0.8174565797694608,0.5301819358461096,0.7118307011082894,-0.2820816053132885
2021-10-21,1.1680795929126542,-0.20079461039742152,-1.0459988525578465,-1.2369511302707146,-0.27741375044086564
2021-10-22,0.6390037642892059,0.8003923196983442,0.6513806276908767,0.917425645098293,-6.164111703060214
2021-10-25,0.7468127463951397,0.6001538308746494,0.29409721938505573,-0.04912459965078611,-0.24403492441299468
2021-10-26,-0.8437126884646412,-0.8386574019020258,0.27872489617076,0.6626965162544799,0.3468620093152925
2021-10-27,0.4827589957039807,0.23002618669762684,-1.5838285126962213,-1.719309426413852,0.020690476045007334
2021-10-28,-0.7882274207735345,0.17970230616242855,-0.2922582587080252,0.03137718314985847,-0.11239155384148741
2021-10-29,-0.6904010700271875,-1.227780250775584,-0.050605473617675874,0.5269267767108625,-0.08349570536225392
2021-11-01,0.45278169267676344,0.6647350499518173,0.19140700172761607,0.3219105766099202,0.17237292077168864
2021-11-02,-2.7066512304762926,-0.4410554798239711,-0.0594990583949366,-0.1737534060665187,-0.10432037625967328
2021-11-03,-0.8538945749038589,-1.7076639158119362,-2.413125410784877,-2.6849962251880006,0.20180406958551816
2021-11-04,0.35774160828815915,1.7676285530087483,-1.1252299051922015,-1.4955588637468167,-0.32204305448159637
2021-11-05,-1.0993037153229732,1.3710155007712326,1.3924377035386046,1.4527984640745184,0.48696099756764655
2021-11-08,0.8615747654833231,0.6017257261764798,0.4045651038134407,0.36274956182566764,-0.6913183501493785
2021-11-09,-0.022343708416094,0.1220349049754404,0.8663616547138643,1.2941561894702591,0.3572038536083074
2021-11-10,0.9647014199110474,0.930758533374967,-1.463597208043545,-1.6947062850260817,-0.046791302469324
2021-11-11,0.27221335811555564,0.8414042511226711,0.07578305794111558,0.070288366630329,0.2156573459902437
2021-11-12,-0.3991693963985872,0.2318001726354403,-0.5361787652752242,-0.4944140442132398,-0.46733455202024715
2021-11-15,-0.3350446849361167,-0.1474599479298582,-0.14657364048410512,0.0005852396487526729,-0.26219863449917125
2021-11-16,1.1528710048992246,-0.7718803781205404,0.1937998211321511,-0.12008627771005485,-0.16564747336143973
2021-11-17,0.20121559763550442,0.8429037817128546,-1.6190495325781706,-1.6165993762471014,-7.095857479195224
2021-11-18,0.9106183259091029,-0.5224805531406473,0.5574826770002314,0.31613418705591817,0.4418654462163052
2021-11-19,-1.4842716085926893,-0.6468033272147534,-1.6882135305560755,-1.8453908436605713,0.03655271229731512
2021-11-22,0.0823198652307892,-2.7877072968600185,0.4364586266320874,0.29187781336774454,0.05015241215877636
2021-11-23,-0.5325720592909596,-1.4437205550032712,1.5917450406308042,0.9480441010900929,-0.15592263542546272
2021-11-24,-0.5976237094678385,-0.0661030101142127,-0.04706647476445623,-0.08999247490452406,0.23380959335522092
2021-11-25,-0.03554437277681029,-0.05583623930653925,-0.02807216018002122,-0.045626576653426384,-0.2681620980751548
2021-11-26,-3.1432061725608915,0.013952207989181871,-6.575961914345063,-6.949832274653458,-1.3739464642348291
2021-11-29,-0.5122232847979993,-0.24003519076195465,0.1435820879984914,0.5540960361479441,-0.13270146802497845
2021-11-30,-0.2406310549198935,-0.6094604861122979,-1.0323581370357935,-1.4035537598454937,-1.1105734611439222
2021-12-01,0.12610603504157208,0.42608059660117253,-0.6273896882298052,-0.25476595707496424,-0.13500265646840554
2021-12-02,2.5913904142092106,-1.3857962025884825,0.23108298692488002,0.3171194385739412,0.33858754821322196
2021-12-03,0.3155484867744324,1.256604925056765,0.046479735182771396,-0.11353503866091957,0.12583964668762623
2021-12-06,-0.18858146718604774,-0.2914064071307899,1.2025161829083748,1.2897846086014033,-1.720793637617131
2021-12-07,0.5588637381768822,0.24950079883260431,0.8641438608507247,0.9892680840130311,0.44311173487041794
2021-12-08,0.2819258527699676,0.0006388940320191959,0.14906958935423267,0.10742643143279043,-0.5732751709659314
2021-12-09,-0.47771212862372275,-0.6309096369522077,-0.5585378783965851,-0.6217903563043553,0.3305955374458654
2021-12-10,0.32781850225403525,0.46150644922438555,0.25395047982652097,0.27129361690334247,-8.226794807558205
2021-12-13,1.5483465339981617,0.17969332988230133,-0.3589756036028376,-0.19599889531475956,0.3979874147777883
2021-12-14,1.2531008527225744,-1.1272674727991132,-0.34445766380840875,-0.30015251707474766,-0.21575656915370647
2021-12-15,0.9248308039199743,-0.6327071966531043,0.03509238047904147,0.0316119046007892,-1.2207332891216403
2021-12-16,-1.78289583239244,2.2386060927777356,0.510579692465814,0.754913003360528,0.38423709561590014
2021-12-17,-1.150695909584687,0.44056330831083956,-0.7824660322023539,-0.8384564086988673,-3.6820466809807133
2021-12-20,-1.7184429105015206,-0.6512093926034275,-1.0924359657564346,-1.4592115059640811,0.4232771591684596
2021-12-21,0.7941562534552186,-0.43588762346707427,1.1881916578843352,1.3576834862179943,-0.268317778972297
2021-12-22,0.11394866886418607,0.7772693250079382,0.6206368748267022,0.7508596747122268,-0.010361152913950993
2021-12-23,0.1318960068397593,0.5595019804591365,0.7790894434185452,0.4607065576813352,-0.9640071594683275
2021-12-24,-0.02628319708047715,-0.04008499559690645,-0.013813618155221433,-0.02740380971623875,-2.6455473934922575
2021-12-27,-0.3054636656359506,-0.25667076047677245,0.8921588758273642,0.8772853252690852,0.44289971981367476
2021-12-28,0.5294524074781165,0.06469840238498063,0.154452959374867,0.18601542309000843,0.018291371141887332
2021-12-29,0.6731745334268298,-0.3908990696461156,0.1327437756337394,0.27658872718387767,-0.5600610734076714
2021-12-30,0.9886706495152502,0.4252331267244947,0.009919153766461361,0.20537702345330275,-2.7738822650311037
2021-12-31,-0.9121706601395991,0.9330128757153923,-0.9705409215721068,-1.1080137339629916,-0.44667284103101956
2022-01-03,-0.523228759410661,-1.877822878363926,0.6479297259059372,0.4387740180156233,0.36029291307693473
2022-01-04,-0.9097544166927979,0.8194814068021604,0.5638019330075205,0.49535893393800184,0.022549897052126525
2022-01-05,-0.1557585416643283,0.6476368610057943,0.46341595133734553,0.47669850165032057,0.07233771010992505
2022-01-06,-0.8618419512741178,-2.3594696063224063,0.7103981603530036,0.9408119503121246,-0.11536871968325063
2022-01-07,2.34108000119404,0.38248465371489626,-0.1829664806497998,-0.372276071220423,0.1177461909557215
2022-01-10,-0.00976057866691903,0.045189880712587484,-0.6288672380851047,-0.4708840904964156,0.07714685720127289
2022-01-11,1.4520970360488492,1.2341612534176247,1.8162612151721584,1.8064946697283057,0.09823209421064355
2022-01-12,-0.6371561868447458,0.5119739174732707,0.5439316743679845,0.7962256218376529,0.27338112580069923
2022-01-13,1.0438510474370664,-0.41516520610225094,-0.1365885146595534,-0.3359252568014043,0.0792571841597062
2022-01-14,1.0305668612445844,-0.3723779884494974,0.9549234036588247,0.9531049850250496,0.050904937448032726
2022-01-17,-0.018595520561404313,-0.07372154395945323,-0.03870774603634427,-0.0331521488226987,0.18590453184472197
2022-01-18,-0.6158348199189851,-0.33903331318883617,0.8934028525189158,0.9426450559779481,-1.9051321474684744
2022-01-19,0.5192339342787684,1.9554651217035315,0.554858858338655,0.8919947785055257,-0.5960152541635596
2022-01-20,0.04053406356109891,-0.031115993118310734,-0.07202585264754799,-0.07375308696925363,0.4470199407038864
2022-01-21,-1.8607906147271094,-0.7094335049263182,-0.38493137831567126,-1.1883329226660508,0.25531070316808924
2022-01-24,-1.8745699584627509,0.5231755902125135,-1.2074741393192683,-1.183009891734137,-0.7554962132214911
2022-01-25,0.17844613864339798,0.6356091434270059,1.204240074250658,1.2387350722311021,0.36121928390587305
2022-01-26,0.1956891391291791,-1.4491643220707766,1.081691510237749,0.9284647886767458,-1.158657914378637
2022-01-27,-1.4258048269358878,-2.4031601786301175,-0.410194562009879,-0.4362427471949287,-6.453013135210771
2022-01-28,0.9294014738485269,-0.6483367984646057,0.3973516013851255,0.06457686849174073,0.4426059105590842
2022-01-31,0.7319830093248227,0.5465059127967249,0.7194713363257149,0.7301401942645189,-0.14633886381807354
2022-02-01,1.8194323310550418,0.29006859603978996,-1.4202066910620146,-0.009431083749962963,-18.518961284630855
2022-02-02,0.06960804623084112,0.5080949515263163,0.12217068479215207,-0.015138290911199911,0.40640636589737195
2022-02-03,0.3243848816813587,-0.4340759590361687,0.9858505051327161,1.2628504079714855,-0.10445234443904086
2022-02-04,0.6767350063742521,0.15447819180053765,1.3342239221535757,1.2445849014938455,0.05154797429193485
2022-02-07,-0.933511505170072,0.8528120775517293,-0.37027540172322093,-0.6430747920301786,-2.1837978326753054
2022-02-08,0.9019911846638273,0.3523013035084659,-1.2614494130765825,-1.2669052550840922,-0.5547831852304766
2022-02-09,1.743615139984345,0.5050520788105803,0.3815093114734081,0.10654679438900261,0.35799553677482965
2022-02-10,0.5612566517722047,0.019686682452321407,-0.15811876230400063,0.08296548524166864,-0.3689253069959957
2022-02-11,-0.40584644579619583,0.23985903468398923,1.8742128419998305,1.957421777445628,-4.151160210816527
2022-02-14,-1.7923422565031983,1.7473087842581057,1.1397865332094845,1.3159855159123321,0.40834255662698715
2022-02-15,-0.23763976441743953,-0.8113624879899618,-1.8190932975494063,-1.926721070390919,-0.08674006668018172
2022-02-16,-1.1639557121414532,0.8606058533416825,0.7104775434402482,0.7015850335238065,-0.03798790443982369
2022-02-17,-0.4877103561308633,1.8182214783998052,-1.0194051842500145,-0.9712686788090109,-0.33473616252066013
2022-02-18,-0.36479990458097417,-0.11437279131773084,0.2364212347883916,-0.38509411026321816,-4.783926641192129
2022-02-21,-0.02933268875533872,-0.062125359406085594,-0.0627761544513392,-0.047817677092937286,0.4102486698456209
2022-02-22,0.7828256215617384,0.37044910719863494,1.7510689185148716,0.6176315777984825,0.00610876351201307
2022-02-23,0.2963358126368399,0.13457049181510708,-0.016889687603822916,-0.16941545059859223,-0.6493291039118774
2022-02-24,-1.056068171726194,0.8763546922157308,1.1305296390596118,0.3401641578221628,-1.1098158504262718
2022-02-25,-0.07892680182666827,-2.284123984071047,-0.6148833244880922,-0.7472701994741935,-1.997130888880628
2022-02-28,-1.9279640243311917,0.6003035432445649,1.523593224264087,2.226569429626508,0.43694692805110014
2022-03-01,-0.21972659915317613,2.392769529583236,1.8598601984185232,3.685722361943013,-1.805257972166531
2022-03-02,0.1512940061675882,-1.0221994918269643,3.318069951990667,2.724898714885297,-2.94621505272189
2022-03-03,0.71887633331366,0.5748943925908926,-0.7310639671752941,-0.979579364039016,0.4119077426391623
2022-03-04,1.2684685208128357,1.4735038507254912,2.358132860064943,2.466057682604549,0.003130695590536436
2022-03-07,0.30695841247274946,1.3220082400907545,1.3095004192852504,1.0203532826998836,0.004162461648853872
2022-03-08,-0.025029102652101256,2.0041804467011177,1.189378112560881,1.132385397489815,-0.09446603914726272
2022-03-09,0.5638253950579606,-2.1164537770478624,-4.289099394143579,-4.221113726781171,0.04335156222847107
2022-03-10,0.39201790114269763,0.36050495536059174,-0.36194035559436116,-0.602783605617241,-0.22647761334776945
2022-03-11,-1.4268893995305976,-0.6357417775410718,0.5057445309811468,0.6490073284693463,-0.05526303153916889
2022-03-14,-0.24065871035498843,-1.00381924429829,-1.0658187840388942,-1.3811585283850176,-0.145563474754961
2022-03-15,-2.579632185970871,-1.3718054551817123,-1.375250653778864,-1.4448755391492685,-0.20165170424706375
2022-03-16,0.17888023721050997,-0.9553846729397993,-0.4257363036086691,-0.32533766643123696,0.14697540470489845
2022-03-17,0.7194210267638551,1.377779639488341,1.6202733134495142,1.6355096707373136,0.02110289263632147
2022-03-18,0.7160178762328427,-0.5605211759322511,0.2357387163333556,0.3395248124396198,-12.590678093500408
2022-03-21,-0.3793421655254819,-0.04678186030326542,1.389160012499597,1.4644753370057186,0.4048396981895427
2022-03-22,1.4230256292773824,-0.37982568202171335,-0.012970306762699118,-0.0688720456346413,0.00617827434490979
2022-03-23,0.9486035295632561,0.6307209368809887,1.0712602697605018,0.6227923401679698,0.0077198304485754324
2022-03-24,-1.0460534044600445,1.0561244085332366,-0.44736869004086616,-0.5628917679936193,0.01084174553586692
2022-03-25,-0.4910656814793076,-0.33760736154624144,0.2803919809092341,0.3065008873626531,0.015217535008289073
2022-03-28,0.8418387962361717,-0.6722085420896667,-1.6315873952976343,-1.9014527054284478,-0.029768466622714797
2022-03-29,0.7750487797963598,-1.2951181561622525,-0.47579709843037404,-0.4167740001364712,0.06399828432647169
2022-03-30,0.23484732016222645,0.8713032013198103,0.5760029997793052,0.7663222024077516,0.019783245470758767
2022-03-31,-0.047354612155099944,0.6780174620983469,-1.1642389875304653,-1.7739847847082324,0.08745911946452939
2022-04-01,-1.1503271452381263,-1.3593271137725396,-0.7810828604740871,-0.2608877380923709,0.09952277187642025
2022-04-04,-0.8640654870063583,0.3585898224023105,0.6193461864967862,0.8754927367349077,0.049334968209548934
2022-04-05,-0.6715578338381682,-0.31735552604093187,-0.22085891471561261,-0.3099008893657574,0.1490827260427651
2022-04-06,0.3108863988949846,-0.267015979803682,-1.3556986388865935,-1.442733392085921,0.22453270274607606
2022-04-07,0.549283705172724,0.6691260827230975,-0.17103667816628806,-0.08680997564071193,-0.13174191177550706
2022-04-08,1.026573552636507,0.34288133392389486,0.49191603014685137,0.5315988631396441,0.2194391437697313
2022-04-11,-0.11068273263763564,0.09140266367112322,-1.1364808767992678,-1.0621862717683541,-0.2668301628869821
2022-04-12,-0.787331169595843,1.2937587732696436,1.5198730727335317,1.539630516014524,0.28704901399123667
2022-04-13,-0.03532148623806095,0.4062715305489565,0.95397843912466,0.8519120791701286,0.07045998536072676
2022-04-14,-0.029639894061588748,-0.508808415273676,0.6895427733446842,0.6174075585169487,0.3646571537361838
2022-04-15,-0.029979540804509246,-0.06767192107951123,0.003067748579425139,-0.015440896607105816,0.10414069391219068
2022-04-18,-1.4402994883606826,0.5303063216693586,0.340281389654336,0.29751969701847014,0.16118604572548217
2022-04-19,-0.04112051270489051,-1.3701306302843843,-1.5691097763794402,-1.59665008030734,0.16214829793362592
2022-04-20,0.24028458653117862,-0.26740507043661077,-0.16519247128520445,0.003562294638190483,0.34173834354042076
2022-04-21,0.07059484084288317,-0.43411707030820457,0.34359698073870215,0.2609150819378366,0.10522010060453973
2022-04-22,-0.8876805501645858,-0.7872602324762886,-0.4853045766669054,-0.5316420934841566,-0.01639461213141078
2022-04-25,-1.9519691557064727,-2.0884193414325964,-1.3020025486004103,-1.1200811065107301,0.3094206736695154
2022-04-26,3.0785715603665222,0.30695609417978403,0.6942086158279239,0.8796210373775676,-0.043923336381594735
2022-04-27,0.3162436817941673,-0.8638755751173649,0.0585991103550479,0.07820487367908051,0.3083682830085834
2022-04-28,0.597684418166137,0.06701094116423056,0.661450085246826,1.001049802280373,0.22188357749859924
2022-04-29,-0.10822826131952164,1.0739843140221301,0.5121776625914642,-0.2226453110490586,-0.31028820231062443
2022-05-02,0.7277742892918206,-2.58020584111768,-0.567735476407139,0.11946740358719311,0.29416736552121575
2022-05-03,-0.3887078407760886,0.22745043261841968,-0.9048130718702927,-0.9945868000408815,0.15876548135823232
2022-05-04,-0.6248112927830924,-0.13613586912500994,1.6340086077948681,1.736547134725392,-0.2819738788966051
2022-05-05,-1.5916333268537286,0.31915859298036525,0.21589150231504414,0.13112191690342198,0.29523217888573156
2022-05-06,-0.47141605353874766,0.35012842078139317,0.4662554187163828,0.4611765050000387,0.2466238080526457
2022-05-09,-0.42406221807973626,-1.3807130494754745,-2.192791826954254,-2.3603252668428363,0.2205471787030376
2022-05-10,-0.2659753684805378,-1.0673899997914365,-1.099649368785811,-1.0579293862931722,-0.30928536622934744
2022-05-11,1.0053407041252203,0.6279133618641851,1.3873060901553393,1.648263290124957,-0.31575431708673135
2022-05-12,-1.3353524448887928,-1.6759360542928312,-0.03515606399730609,0.10825176334734117,0.34441439556069087
2022-05-13,0.478637081211999,-1.0512984062918787,1.168406465304456,1.1964674291803015,-1.5688829604391823
2022-05-16,0.49231496894496013,0.2631366884841736,0.7385327234243958,0.9913383515204383,-1.7682684259731245
2022-05-17,0.1635030609626866,0.22991029487579268,-0.6580527582261158,-0.5039369028409592,-1.2333606580324694
2022-05-18,-1.0578018479053655,-0.18564940026830817,-0.8803748244570521,-0.8295831223834453,-0.7801833407548484
2022-05-19,-0.35255289708997206,1.4565436492031665,0.8183936037020441,0.6846766615407364,0.4665766071919711
2022-05-20,-0.7237310449023168,0.027472094266993853,0.12290865626766044,0.2666290299184864,-0.851575076996608
2022-05-23,0.5125065187718302,0.29008576171962197,0.2557161330171489,-0.9100126695823644,-0.014292761912501164
2022-05-24,-0.275598580779551,0.9618870954547631,0.015088245124769684,-0.19702372472857985,-0.7146067841551257
2022-05-25,-0.8993733525567729,-1.1120851451046914,0.12576031376364646,0.1389381875078334,-0.5819289999585798
2022-05-26,1.414996552992041,-0.026308131242648018,1.1504048249744605,1.189094818742224,0.16085425385161456
2022-05-27,-0.06776640716833589,0.17382398029301147,0.681067610300525,0.29250560395119235,-2.015332950946357
2022-05-30,-0.030403538054989476,-0.05218114396760153,-0.009743177302198041,-0.03217879177760577,0.45407645821718273
2022-05-31,0.8220104241045719,-0.5881658382489594,1.1941259111365425,-0.1813806581338194,-1.1469507733118314
2022-06-01,0.6697421324291193,-0.043319030461832234,-2.3893829074577098,0.17629691582615234,0.3887802037003502
2022-06-02,-0.9965903914721073,1.3969183256397055,0.33758996463133384,0.5869839291595385,-0.3747296107070133
2022-06-03,-0.4419730235757616,-1.280441589365349,0.5919321254044095,0.7534196873677617,-0.2738317442676669
2022-06-06,0.44964955677406265,-0.48020664954111497,-0.08635823474376397,-0.1816748046307427,0.3130305946528271
2022-06-07,-0.3603501717056315,0.4356374070313801,0.3197381697163468,0.32821751685815453,-0.5839688833493151
2022-06-08,-0.4766971763927127,0.22823085961808137,0.9859137638389799,1.1082055507075426,-3.469254145440794
2022-06-09,-0.8309622516209892,-0.24833286088629755,-0.19015623122033534,-0.28493657569834097,-1.5296420917971238
2022-06-10,-1.2012305057059354,1.3713110048802124,-0.40975222295211644,-0.41975845466852624,-6.556824899893995
2022-06-13,-1.4441571369705195,-2.67693545450984,0.03702841163644935,0.05836822614525416,0.4333146789128791
2022-06-14,-0.26341480750207263,-1.2407290704871823,-0.47943650421088135,-0.9962149665477947,-0.03710418262509556
2022-06-15,0.1340234449939466,0.2487706623909905,-1.1321654097381497,-1.7229165448632078,-0.09591201702941213
2022-06-16,-0.11539530790049383,1.7725797289272414,0.4355028151314942,0.8535970176552609,0.07167996978648267
2022-06-17,1.6016453097557708,-0.5529714812143571,-2.8575169152679294,-3.3875855609204044,0.02281441323827695
2022-06-20,-0.01895921312298243,-0.0753611141266669,-0.0760793859452892,-0.06746914766705048,-0.4860916824446772
2022-06-21,0.7555627783204878,-0.11396919584956096,0.4405811686018575,0.32861191643745674,0.2363858580113339
2022-06-22,-0.4868296722715693,-0.07733261150015469,-1.0603008242654615,-1.621140654968901,-1.3654556850401145
2022-06-23,-0.5874084721279605,-0.570100579142231,-0.6554665970470338,-0.6818785653188071,0.38144133667148805
2022-06-24,0.018974067721305048,-0.02939350025055796,1.0369660844589204,1.042227865264626,-1.085769974470048
2022-06-27,-0.5985103756789943,-0.4034770167492728,0.6692391993982537,0.6014662956589143,-0.9031055849763353
2022-06-28,-0.26704742253246766,-0.286745755055287,1.0218256268770733,0.6806622858125891,-0.18843861446456467
2022-06-29,-1.0883913320086707,-0.31253135534683313,-0.6258288132623997,-0.6808405291151842,-0.34252211136179933
2022-06-30,-0.8121478799727747,-0.6963668363266751,-0.5781608021032622,-1.403626193265964,-2.135707696738126
2022-07-01,-0.8223767146911162,-0.42975091974808993,-1.30088121536542,0.7822150307996782,-0.4372368070126182
2022-07-04,-0.039849991542916456,-0.07750062530228012,-0.07754550111673904,-0.020885424827942062,0.3977881710162522
2022-07-05,-0.003270743318285305,-2.622524833042988,-3.6951320007962196,-3.1814491022611997,-3.476403661136724
2022-07-06,1.22761088791459,-1.943704505862747,-0.6710028682719372,-0.3280503265347735,-2.738846823626901
2022-07-07,-0.08423749433092195,0.07471199802822075,1.0594091820693596,1.1599146463273688,-0.394071962707142
2022-07-08,-1.1386599830416941,0.12445848015978277,0.6508424679755842,0.5576483495541984,-1.0942555531077502
2022-07-11,1.6338580747845866,-0.77987317991961,0.023966798260092306,-0.22030168418784704,0.4184761324443488
2022-07-12,-0.576879506269233,-0.5534749326731152,-2.411242430951387,-2.623529253269945,-1.6975588614988646
2022-07-13,-1.5664261558653558,0.681200010304285,-0.046723293438384314,0.06693511521561213,-0.20418066515083194
2022-07-14,-1.7427342093925442,-2.131605612693086,-0.19443179154097381,-0.17083496329598036,-1.3031209050044492
2022-07-15,3.5650819491299903,-0.2794555077182404,0.5677390833430482,0.5075438070124323,-1.4827072694699106
2022-07-18,0.19002983538991589,0.40696158767231155,1.4729148197721484,1.4808624297738178,0.44347627161133163
2022-07-19,0.4111425037796974,0.007703711107684626,0.30647889076608936,0.4538163753187775,-1.2025537114905056
2022-07-20,0.4860210723681433,-0.8215856973091371,-0.12533012174185615,-0.6089656495759075,-1.2151378832481743
2022-07-21,-1.6066161224447773,0.865777137090704,-0.9715148107678259,-1.8861859833114423,-0.019391457170100348
2022-07-22,-0.21373449030149444,0.9955415270210446,-0.26169227592928085,-0.5153178255013333,-1.6270301330168133
2022-07-25,1.920705242171775,-0.5991888012126038,0.5759180173826425,0.5425708967889328,-0.6684125049739044
2022-07-26,0.5411412555327615,-0.17899426382928893,-0.277660291552508,-0.5353547406661604,0.3872511435716766
2022-07-27,-1.0720180646038284,0.030643812632793307,0.7351470465819655,0.6574911040229181,-1.880250236136499
2022-07-28,-0.9380018574901717,2.2076303062955867,0.15434868736026663,-0.28124004855134044,-0.8689007513369869
2022-07-29,0.10963579822556466,0.8086459445822438,1.0117115660885292,0.677898652445631,-1.564534357344028
2022-08-01,0.36023698645862334,0.35088487213069064,-3.7705204595467903,-1.6214366542035337,0.38512225798754296
2022-08-02,-0.00038119635785301896,0.08592536656577611,0.06417667469084003,0.11596753651772018,-1.0806207116364395
2022-08-03,-1.4970900905039037,-0.9068639217965833,-1.0987063966085984,-1.2968892551046656,0.2204077833406921
2022-08-04,1.6347206228634241,1.8930445204052078,-0.7909673442621746,-0.7320250567189205,0.052349966021852386
2022-08-05,-1.0587439908123628,-0.9181228554742543,0.1683999189053369,0.11541299017826519,-22.41410949552132
2022-08-08,0.7981806865327471,0.7413065079565164,0.47659602518400834,0.574409439680207,0.3847449607868024
2022-08-09,0.521174113176342,0.3990306939214186,-0.1210519281077811,-0.11423803974612413,-0.06291811340366535
2022-08-10,0.797196237750804,0.05263427760369453,0.3246957759819277,0.5006939172295258,-0.03405094200009576
2022-08-11,0.23481789447204665,-0.4170953165633648,0.6992565366873497,0.8929596308398596,0.01232907835173848
2022-08-12,-1.3774732137017491,0.47963006488905796,-0.5064870340636997,-0.8917647173995281,-0.3165152258379924
2022-08-15,0.15249891917931327,-1.1227586374315137,-1.130973171303114,-1.0786198043416275,-0.03461382514708837
2022-08-16,-0.6791744301293018,-0.6202730861403557,-1.0695369971304443,-1.1347115260348235,-0.211147503443716
2022-08-17,1.5853742016334433,-0.9164998170701899,0.40034770268228137,0.5244975062694829,-0.5336444941514319
2022-08-18,0.03156974182364891,-0.42028628647889993,1.0398172767708316,0.8538884886728133,0.2597462154316802
2022-08-19,-0.9709345431348547,-0.590484511173062,0.04059054822301839,0.07993311865313608,-2.7398386396061682
2022-08-22,-0.3700485793003205,-1.0103244029647938,-0.11150626537618323,-0.24610298242256573,-0.7119738871039877
2022-08-23,-1.2067568474520243,0.7817460934210152,1.4302077457801035,1.3846940494956632,0.35878842129095834
2022-08-24,2.4288128198297456,0.03388061873078922,0.36177735755699203,0.43135927057638374,-1.0669815962581732
2022-08-25,0.3412158129671877,0.6202524253861037,-0.7444847880303128,-0.9981871188953747,0.3201248072639587
2022-08-26,-0.11101542988733373,-1.5434276117712842,0.6046733355851702,0.16492794915192038,-0.014376575736327482
2022-08-29,0.3057758491144716,-0.08219394028381766,1.5918072505286316,1.5826171617050944,-0.03983483588319809
2022-08-30,-0.18046981940891918,-1.013719276710376,-2.219543488955162,-2.16138609628154,-0.04205874504483988
2022-08-31,0.08515594577077643,-0.8451804240292101,-1.00309874323971,-0.7862750789959024,-0.5489746143903886
2022-09-01,-1.0658204984970527,-1.273658926979873,-1.5212968415396457,-1.0812929928540949,0.2590029619101322
2022-09-02,1.0738980767851969,0.8539384532802865,0.1439679226964621,0.04655465221585231,-0.15610423525732367
2022-09-05,-0.018258285735170826,-0.03374421765310939,-0.05251549746308075,-0.029404635401005776,-1.1905506475100973
2022-09-06,-1.1183120543299379,-0.7574587483944999,-0.10113118006638099,-0.029045353765495618,-0.27541883749162716
2022-09-07,-1.82201429580334,1.0094772688009797,-1.9333123941922068,-2.1849496787907725,-1.1192855853529704
2022-09-08,-0.5653496421902631,-0.5592442186698511,0.33673526061125086,0.5401775082204012,0.4456244996295451
2022-09-09,1.7296357527102515,0.5152901533150801,1.2690222099291943,1.200829576360387,-3.0962163021927074
2022-09-12,0.5716348688767007,0.8267077563157382,0.4003914466322449,0.34900879308565413,0.16653089208438498
2022-09-13,-0.8375423990170358,-1.729152673995312,-0.30347833550024106,-0.20774074704354048,-1.6142230106285669
2022-09-14,-0.1017497773995961,-0.7442176681372394,0.31236921143600876,0.4338467484229609,0.2843757521447092
2022-09-15,1.4641628750260125,-2.405534103263862,-1.330358027081709,-1.4669405636036088,-1.5213309469906844
2022-09-16,-1.1775936631485853,0.31192116454261026,0.13952949711245693,-0.04671945746661123,-0.7728671866198862
2022-09-19,0.16765651505399845,-0.45168617473309125,0.20483319421383944,0.22601292897253902,-85.04956956066644
2022-09-20,-0.3442570522338611,-0.5639975359034987,-0.6130655525481533,-0.6039098179419418,0.35255269524358473
2022-09-21,-0.09863268829971301,0.2840570751800726,-0.39490418341190403,-0.7305320964177485,0.022172539116879685
2022-09-22,-0.7590874086292021,0.4153337069873935,0.2249208345324229,0.2023617221917389,-0.6462225022820157
2022-09-23,-1.8308733721975334,-2.0206315887093202,-2.1277946287573126,-2.3609357045992794,-0.8467125321539097
2022-09-26,-0.13746401001311578,-1.8146230525666371,-0.9639635955352778,-0.9087600687973209,0.3484195778100882
2022-09-27,1.01780586605796,0.13310773099763198,0.8551924642132752,0.6872846063727054,-0.008785845043171495
2022-09-28,-0.11444993765744428,2.4974190398026224,1.2495740859833107,1.460643488504459,-0.028536727733790214
2022-09-29,1.0543037568544507,-0.10404552480280282,-0.33845120071673435,-0.3705020771157966,-0.08136789361015324
2022-09-30,0.6167786689467596,0.19141316109342418,-0.25470997131549833,-0.7517730426670453,-0.579626836166929
2022-10-03,-0.4232624423852641,1.9513687358132565,0.35085943765256716,1.614419995922057,-0.08470608396680858
2022-10-04,0.5171800309451567,1.6615788306514645,1.3051904061116024,1.0685964372868368,-0.08314374961883415
2022-10-05,0.7355696861195187,-0.5264609923323549,0.6790179455058653,0.4383172739391145,0.10702514422390695
2022-10-06,-0.47208082593241585,-0.05354751390576314,0.45860873465525814,0.23603326499633515,0.010751308372758325
2022-10-07,0.5186848912958018,-0.68894926614636,1.54844345361669,1.6068420856657115,-0.13808648376716354
2022-10-10,-0.9420662618230248,-2.015876946784604,-0.744047771167402,-0.5745858350235453,-0.7605603984851579
2022-10-11,-0.3048905375370287,0.5385918252162393,-0.873555377001036,-0.7227833128570598,-6.5116981932621
2022-10-12,-0.7548465600610561,-0.5177052012711585,-0.9050820108551296,-0.8481592996580013,-0.8100797181739088
2022-10-13,1.6356488505381308,-0.08851157182415892,0.8801766400933688,0.6536918456324766,-15.941225517084474
2022-10-14,-0.20581632384106308,-1.776463181906462,-1.3900663582318094,-1.4038641259465368,0.40456591378743123
2022-10-17,-0.9308847401271804,0.809754701703022,-0.058833523634842746,-0.10359845451578134,-0.27486594122132707
2022-10-18,-0.904015036379608,-0.5018491691962497,-0.8086129566176451,-1.088107664964119,0.11736661391748447
2022-10-19,0.04011208297632194,-1.3940723147532432,1.0539155112051335,0.9916733238851451,-1.4639886086769696
2022-10-20,0.47710289474798234,0.10363431128247738,-0.04859923251880708,0.14565324268961743,-2.588967330317875
2022-10-21,-0.5849722018611762,1.2137736335447507,0.5099253038357673,-0.40542124678960956,0.4885704986094113
2022-10-24,0.7608310077297729,-0.150470365109785,-0.15643341151915965,-0.23537260978476052,-0.027477377739318767
2022-10-25,-1.0777053999009956,0.19213143317588358,0.08962105190101265,0.28359230523753093,-0.8678628507203789
2022-10-26,-0.5067412738638094,0.6501171375193345,1.0940944670113202,1.1320360375492735,0.2777441524661457
2022-10-27,0.9102424205092277,-0.23781597434235863,0.6286822345645181,0.49252494857670925,-0.0018322390795142958
2022-10-28,-0.3340056591983051,-1.4137976896487325,-0.6503343940357876,-0.5692329809288804,0.002974779958787312
2022-10-31,0.8312678869251507,-0.34163413203691295,-0.5673371824491223,-0.6824913228013426,0.003815455467643897
2022-11-01,0.31397148647504414,0.5276901056484394,-0.1777690130039845,0.7965141051866683,0.002621978958859159
2022-11-02,0.7761855786823494,0.008117965662521872,0.7966285965631141,0.7190338095887451,-0.00714276278835671
2022-11-03,-0.2043484625182642,-1.2942668125402523,-0.9069682653130441,-0.8870586298117675,0.025340068140631573
2022-11-04,1.5683804397572323,2.912101293989193,2.1557311101451404,1.9336669775680644,0.008853454229391345
2022-11-07,1.7404309222641203,0.24997729041848282,-0.3476367196393096,-0.3506365356140816,-0.2715977153100065
2022-11-08,0.6994859554238123,1.871128975233947,-1.367392073333819,-1.2990533281729548,-0.6005575942774668
2022-11-09,-0.13786295377718838,-0.08220032455904286,-1.4628032195819547,-1.3360532359629451,-0.48815070475035804
2022-11-10,0.5728862804561434,1.930966366749383,0.39741217817938285,0.2007326205954913,-0.741610396114068
2022-11-11,-0.9124103221480746,0.7148713604046791,1.07668004410719,0.9824580695926564,0.377262288487107
2022-11-14,-0.582200594840821,0.3170669647664947,-1.4167067754909797,-1.2930813491173463,-0.35562722135504576
2022-11-15,0.03842447099700907,-0.02230925200181492,0.2808614831923931,0.35706300860532375,0.20673023070061936
2022-11-16,0.0437557004385956,-0.08024240451787071,-0.551234961668826,-0.5689937230584148,-1.9753729870976087
2022-11-17,-1.8983693935176964,-0.6176838735661356,-1.628775250022284,-1.711741693688549,-0.39386306582022335
2022-11-18,-0.4410397507311594,-0.4921092040702625,-1.1245544477439593,-0.6543132917992824,0.35783396632485454
2022-11-21,-0.6648331962753044,-0.7732965147823414,-0.16971249499234087,-0.17561046366664992,0.06685448686728919
2022-11-22,-0.18864164082726553,-0.02708950180514433,0.38628930652862464,0.4677340483421486,0.08503878737246008
2022-11-23,0.38233921559859607,0.28932136193138147,-1.577285489614564,-1.3326468701882002,-0.006550397199635917
2022-11-24,-0.0271411374996964,-0.03704714200979813,-0.06658350574011462,-0.04764580461153712,0.18918074769523346
2022-11-25,1.0124048350848869,0.39154787749822034,-0.9903038605364732,-0.7674935923240023,0.16949745741403316
2022-11-28,0.0033000425494697835,-0.7396406238612507,-0.29307991907702613,0.3780156302170193,0.23264746130910427
2022-11-29,-0.16088901963043875,0.37383287286136946,-0.15466766508635646,0.4082331786831007,0.19303042236402898
2022-11-30,0.44004484503757146,-0.16795378754032558,1.2787386156121041,1.0644963283595852,0.21663461652060714
2022-12-01,0.5233041951384562,2.978649233986894,0.7506582034196879,0.28661384965808556,0.3630023263031212
2022-12-02,0.41823390149723544,-0.1859800971900623,-0.72459352656734,-0.6332505911218761,0.08384247398849685
2022-12-05,-1.5470684240067099,-1.339064240929802,-1.6847456681798152,-1.5585309639619795,0.400043777469759
2022-12-06,0.08957624890788886,-0.0017153497381883047,-1.862507760926125,-1.2918789494316887,9.51235580780587
2022-12-07,0.10334183880725988,0.70901313727132,-1.1623106455531076,-1.0409749695558566,14.057399956834727
2022-12-08,1.311005353498702,0.1292630482166668,-0.5839061974292732,-0.2811060240297477,-0.46651192119255186
2022-12-09,-1.0219179533147187,0.40143308540566824,-0.09407748865279844,-0.23460444974884714,3.873156323812327
2022-12-12,-0.09289664315114768,-0.8725738124386361,0.9342964931827725,0.9762091194590452,4.659650246123134
2022-12-13,1.0073417853173288,1.5336253115968,1.3566163955244117,1.0061168718116102,1.4308285126171343
2022-12-14,-0.4725735165923908,-0.2820110328704842,0.985721221881524,0.8373000704438489,1.3812310353018733
2022-12-15,1.1033490404436292,-1.4715650592105745,-0.7298591211881542,-0.5590811129057169,1.7770608860629447
2022-12-16,-1.1256581154466905,0.5059391404088011,-1.1468097963706934,-0.9013464953134676,-0.5464562075355539
2022-12-19,0.5909866725734088,-0.1336717198958293,0.3047857274363152,0.3698240852284785,0.0005485574862583992
2022-12-20,-0.053451856396316444,1.3005040671286283,0.044449738806989714,0.4014093185716023,-0.007083982947091106
2022-12-21,0.7877603104754737,-5.372742542532469e-05,1.1444313698237405,1.0478672690847763,-0.013441588591650731
2022-12-22,1.9705007682100228,-1.4125031740818623,-0.6648900716752257,-0.4110382421326978,-1.3890951118848192
2022-12-23,0.5163936736121778,0.3296979141235237,1.5271378745670041,0.9805955888639967,0.32715640759972037
2022-12-26,-0.02689966678060062,-0.032065075864775944,-0.024141206059687396,-0.02312869314955277,0.005662352443429526
2022-12-27,0.091049618132981,0.8769023436478259,0.19385797437351165,-0.05593942243665852,0.001471901370916665
2022-12-28,-0.32856871806501936,-0.35051495753057776,-0.6310832375206812,-0.36218675571103776,-0.017438292796147677
2022-12-29,-1.1234905034591602,0.5121726772421362,-0.62483908986707,-0.37215668070333796,-0.12548351671296593
2022-12-30,0.5181098744820618,-0.019096878539421835,2.0030835846364266,1.041973791610222,-4.831992983881034
2023-01-02,-0.02788329477536646,-0.04968943256802482,-0.015888440859974526,-0.029404246945416816,0.4011546502240547
2023-01-03,-0.7572934825761372,0.9775378302285987,-2.077371774279431,-2.141584170945367,-0.06284419518498716
2023-01-04,0.7675075815539446,0.6445633969726259,-2.155530826886415,-2.321516218332139,-0.14981878133741497
2023-01-05,0.3348004329170446,-0.94065084969938,0.2637611706780204,0.3263794412107014,0.018121802586295144
2023-01-06,-0.3426929668337545,1.4188064049101667,-0.11211808430558105,0.019814068195526616,-6.701102783696282
2023-01-09,2.167560382438215,0.4119778035837413,0.4625429628825291,0.4085612268976248,0.4008460332726494
2023-01-10,-2.110863223447924,-0.08913757379536576,0.18218641559495277,0.23021834696657417,-0.020188130710265963
2023-01-11,0.6465442343089797,0.09712139185890657,1.2173765672262038,1.2327369525475003,-0.10812830054739361
2023-01-12,0.14169664038211752,1.0097981653802732,0.6253542115194256,0.5034374065022112,-0.07054919738054416
2023-01-13,0.23453207849136212,1.1131905693269917,0.5864586016325962,0.7706978968947112,-13.913951413458431
2023-01-16,-0.02924654455454669,-0.011656562222233983,-0.020428405025993485,-0.0308998496667741,0.4030044320763114
2023-01-17,-0.27706148050426976,-0.6002268652641657,0.28909227641670704,0.14246387131399296,-0.012719632583861636
2023-01-18,-0.5576552017465112,-0.21098256276947439,-0.5381045517209928,-0.47963729969126384,-0.011274247992575735
2023-01-19,-1.3105409357514,0.8406295871989173,0.5854494036597007,0.4777096502659177,0.008523100712995026
2023-01-20,-0.06773448238763469,0.19457542744180378,0.7612475576857416,0.5844821235319523,0.0014916614580252018
2023-01-23,0.9692168153359905,-0.0099984344310924,0.28580808755480547,0.15963979595440833,-0.21188990560700652
2023-01-24,-0.6108332630152467,0.30008911063869725,-1.2242171165346347,-1.0778990629375764,0.05952436240993324
2023-01-25,0.14310332365548536,0.34089851390548237,-0.07576564289310704,-0.050925249227354724,0.01686047427977331
2023-01-26,0.923776942966475,-0.6886717270062455,0.7121294780061739,0.5383812051236059,-2.50727390174814
2023-01-27,-0.0764130150668317,-0.10659200983175952,-0.517262290219812,-0.9880333001230686,-0.8425461584288807
2023-01-30,-0.4484606766279495,-0.3743704654099246,-1.1340154158582603,-1.284666826727791,0.39643212550058354
2023-01-31,-0.8285728548860514,0.3015269132116866,-0.3316811179248953,0.5507357672754967,0.003701633286047055
2023-02-01,0.25272831660997364,-0.14354210300125328,-1.1218243709032605,-1.6579476138734066,0.00483697086333069
2023-02-02,-0.27323690266032685,-0.7336152655372634,-0.49724439776968543,-0.3769531195806873,0.008439115555621752
2023-02-03,-0.4175386389113425,-3.284850020234414,-1.5318918809084794,-1.5862363922149758,0.008827102832478052
2023-02-06,0.1825038400407813,0.02604696643209335,0.5507662371767553,0.34234344501847624,0.016645361622899982
2023-02-07,0.07774037274665307,0.2614838556795118,1.583310084474754,1.6883144509862271,0.012842461703683476
2023-02-08,-0.09041193814154842,0.2805446773903296,0.7846489518704737,0.6899087989855303,0.028335466058375815
2023-02-09,-0.06441348495932177,-0.7032135058544521,-0.34730930016876327,-0.25223453048383876,0.02791173360553779
2023-02-10,-0.437896661111321,-0.2853250080919969,1.064760850718278,0.8796553431379576,-0.09347049057545435
2023-02-13,1.5959809835278105,-0.7299321684735316,0.09138843456346626,0.20382146869735643,0.014769950871964806
2023-02-14,-0.022700485220973447,0.04426815931880058,-0.656785255354103,-0.6769451184271661,-0.3597231166506211
2023-02-15,1.9129825433605256,-1.3041097516158229,-0.19052823899337848,-0.3291544271423219,0.16938281128467353
2023-02-16,0.18708027300554284,0.38623455597894557,-0.2253934447670435,-0.11026283863907227,0.20324663617338856
2023-02-17,0.53739565440196,-0.14839114427200867,-1.5044360405220147,-1.4392565467112743,-0.7630823799023118
2023-02-20,-0.029975976965051946,-0.06826973523315581,-0.08553973659234207,-0.06126297308336361,0.3646651250201961
2023-02-21,0.22696920828999415,-0.5542491632269323,-0.04758513934798693,-0.15950748369951637,-91.73533921243892
2023-02-22,0.12504049826413224,-0.15074674878022573,-1.7462852688702601,-1.5296657503190179,0.39164317644548974
2023-02-23,-0.27410586959077504,-1.0270365108879764,0.9152144449322978,0.8059352896154168,-0.0344294113547978
2023-02-24,-0.6330551682443604,-0.7373589013337121,0.5268128616836287,0.528174069293992,0.024050313184562983
2023-02-27,0.17752826438385397,0.4819144495036992,-0.47515998635946216,-0.4339913864550092,0.006944360188801685
2023-02-28,0.8681648486180142,0.7838165823520279,0.872921218446684,0.806482816394619,-0.006542500766286882
2023-03-01,1.3685968221804998,0.5693992506944461,0.2245186174803757,0.36640354352275195,-0.01840480434052724
2023-03-02,-1.0765072603543024,-0.33988377834710887,0.2535827873903375,0.2615981346641734,0.036342516986450836
2023-03-03,-0.8422094370219918,0.9177246625130114,0.6817428168750113,0.9709977956354069,0.04616730544099219
2023-03-06,0.7855107522137821,-0.02133888711111929,0.19705907592142516,0.4780592735258597,0.01125826226024183
2023-03-07,-0.9645027443703132,-2.4792147270656124,-2.1145619645587974,-2.03139049237487,0.059936863392488736
2023-03-08,-0.7740280507451589,-0.22933009612532035,-0.477172225794138,-0.6169276434791868,0.07167235383974566
2023-03-09,0.04011082830675493,1.0781005655656657,-0.7800263871277542,-0.6167547335316961,-0.018679098562575852
2023-03-10,-0.8119012195596264,2.157552603615715,0.6895935861662766,0.5224029209930914,-0.007651750343340901
2023-03-13,-1.7688721899112518,2.891674685669001,-1.379086459891955,-1.2049581376494385,0.34259073715386734
2023-03-14,0.37088170201903803,-0.22414638901450992,-2.2047471578290563,-2.1372634023689567,0.05458631351266405
2023-03-15,-1.224723748349024,0.9099261976420621,-2.225884801219471,-2.027424696398134,-0.009230716993688036
2023-03-16,1.9783096844875203,-0.3725529050821755,0.3887163873615931,0.2873826074827715,0.09303414343384583
2023-03-17,2.057499251648365,2.3398336176503545,-0.9347857195179708,-0.8167848517188797,0.19105605439063766
2023-03-20,1.1107453007745307,0.4106765615957583,0.3678706529828173,0.39314720432524947,0.21587605950401242
2023-03-21,0.7266926432874428,-1.7425595848357223,0.7509269841511883,0.8153266058090894,0.14270747487440633
2023-03-22,1.2917256948041789,0.2627655782521366,0.6998134853061938,0.7581994630356699,-0.0683640632315658
2023-03-23,-0.1566631092647163,1.926258182887373,-0.4325444125033515,-0.4988778069063456,0.3513846509635579
2023-03-24,0.3310394761884823,-0.4198188516461247,-0.557153545202633,-0.4053343545111657,0.06776883973788109
2023-03-27,0.38159168799350657,-1.2102760234007115,1.7118002117334086,1.812492403630082,0.23796549609469111
2023-03-28,-0.052216839387735255,0.7014960020601559,0.25978974867456966,0.1802682355695842,0.2588915700989155
2023-03-29,-0.5223389509360367,-0.2616465182369605,-0.21221554849263896,-0.15187512046731622,0.18278983955910144
2023-03-30,0.8297171171728943,0.5154961647666397,0.5122086718679406,0.7140688610179262,0.20154512226830046
2023-03-31,0.3449202634816436,-0.47955124291303136,0.24833056629060474,0.6754862265626325,0.20174337345360452
2023-04-03,-1.5648340115619117,0.5519384467377931,2.9579105826709564,2.5052676450603024,1.297288336826013
2023-04-04,1.031111836353402,1.5453970213023673,0.01730198923797225,0.13281587651884208,30.00888301854982
2023-04-05,-0.2784606622078335,-0.04069006858421522,0.022237717226684123,-0.0869366584323806,-0.1312941610975958
2023-04-06,0.3378594323824763,-0.39891356176476966,0.020233801724620037,0.005833561367077978,-0.14813907481469438
2023-04-07,-0.03046851537789455,-0.056333229346594085,-0.0448853178470362,-0.04330393950118827,0.013053745554760231
2023-04-10,0.03729586173588952,-0.9854290066518131,-0.5569493777426766,-0.6281016978147601,0.018286390062113137
2023-04-11,1.4587015399126402,0.5776403306378359,0.731188749323481,1.0158021354083153,0.04384150677075142
2023-04-12,-0.7351022248209039,0.23299340872407703,0.9115689709437155,0.9804570993550115,-0.2264673075595329
2023-04-13,1.0682079012951131,1.2489844132786572,-0.7109311623015723,-0.6741528050761776,-0.6952686533785679
2023-04-14,-0.4345342413399305,-1.6114650475762293,0.07458836728905129,0.1536127334129926,-0.21567594634314363
2023-04-17,0.3996685024519209,-0.4315917885338331,-0.9878533173982469,-1.0864719640950444,-0.19088205293628693
2023-04-18,1.1372107616350018,0.49876752863713775,-0.06425388855928434,-0.04178452450902044,-0.030356626175603738
2023-04-19,0.5349982721913019,-0.5468223194242954,-1.0996770499100985,-1.1161995843955428,0.0351184250500599
2023-04-20,0.14984748316332405,0.47227283809532367,-1.3307640357831854,-1.1871948225806406,-0.25764013900311744
2023-04-21,1.8397468485727342,-1.2673548122401788,0.24227589443109052,0.27171180901360303,0.393257584489188
2023-04-24,0.6524447627322081,0.33584450937248617,0.5893323532405225,0.48516937148810424,0.11279965404045168
2023-04-25,-1.16790000793391,0.18691220043538023,-1.2744673057459894,-1.0745471238212696,-2.5923603175468117
2023-04-26,0.5297825850235371,-0.42253518228586817,-1.9891420914666234,-1.7078113613851647,-0.28657486847865565
2023-04-27,-0.5820008122238187,0.1325457674707066,0.27743213936350913,0.1863421302530658,0.4654586310434545
2023-04-28,0.47757126344726125,-0.034902242796874046,0.5945693874015413,1.0829059340357674,0.13953348490295692
2023-05-01,-0.0939087886451907,-0.3774746315690288,-0.16146331832436328,-0.6408763132667391,0.0939152399682726
2023-05-02,-0.9332497604276525,1.4537038348936269,-2.5128645291251464,-2.314266342681967,0.13724947861577416
2023-05-03,-2.655956819465384,0.6619567195250423,-1.633736050101826,-1.5578860078033911,0.20142282981043094
2023-05-04,0.771157615599923,0.8678264718749751,-0.013771262068368614,-0.06680269649939628,-0.028436208296393824
2023-05-05,1.191051551933781,-1.4291770706282934,1.3355729703783432,1.2827868095284567,0.212568262354421
2023-05-08,1.4240825707403626,0.31219832267924613,0.8041578245618128,0.813304725596007,-1.5615537426404509
2023-05-09,0.9720924797366071,0.42604600338388493,0.2068094614542931,0.2307171878113057,0.4462934855179984
2023-05-10,0.5815793044842799,-0.30582351084082526,-0.5406134605636763,-0.5890428643022643,-1.9700808262727636
2023-05-11,-0.37863912871835986,-0.8283757802455322,-0.8025024301968777,-0.8831323201582058,-0.7515896440102716
2023-05-12,-0.35215317982873656,-0.09043878514069376,-0.5044685363451233,-0.4532363370149504,0.5277350229957098
2023-05-15,-1.3759320051707278,0.12028007218216227,0.522823542171536,0.4965208729672266,0.3499879080858516
2023-05-16,-3.4991206337020206,-1.5699665667926566,-0.22357665745949917,-0.15723868153093984,1.4939524648795708
2023-05-17,0.04432439400475424,-0.5044659050959862,1.1652672795022483,1.0246063759118114,4.683347524174503
2023-05-18,-0.2064085565316449,-1.3472505433131863,-0.6639460933877713,-0.5448374046787007,9.835499485729441
2023-05-19,1.4938524108773634,1.0715542449478657,-0.20849682023938518,-0.21479945973886322,-0.18072906651630724
2023-05-22,-0.8816511870848432,-0.2165899743464392,0.1896771019112466,0.2095112511609501,0.40179955964275027
2023-05-23,-0.1718109189937078,-0.18956109389948475,0.494186522764042,0.5120060749387475,0.08330008620921636
2023-05-24,-0.14847689819146354,-0.5771827904143411,0.9491345558395243,0.8350393005143598,-0.1189198758408814
2023-05-25,0.10932777876000081,-1.1575847389121365,-1.3997391390493612,-1.5895801768501259,-0.13540452103697337
2023-05-26,-0.5547316375243976,-0.04056177278396872,0.3678840108484624,0.4119263513805543,-14.88355655925578
2023-05-29,-0.03413407940640267,-0.057468958611426896,-0.06526034616123368,-0.03369673025829171,0.4053858180399067
2023-05-30,0.259270480786922,0.7340463964204885,-2.377019392883211,-2.07315525368816,0.02856474905036753
2023-05-31,0.01339562481112855,0.30243504029990903,-0.5889535116797348,-0.816537874024399,0.004237697163572747
2023-06-01,-0.009541884248665769,0.7593629085986839,0.8603693916708475,1.0329400771177526,0.009778182058401984
2023-06-02,0.35108301513288104,-1.5035356722810251,1.039461419870419,0.8411931268280708,0.002254374918158928
2023-06-05,0.6092168932063983,0.21006537817435147,0.323899962177853,0.19182124067131118,-0.027790125441454306
2023-06-06,-0.2609227792777738,0.385457578276494,-0.27287130771927254,-0.2641059806420914,-0.2032614557291954
2023-06-07,1.2046649414429802,-1.3940166327651233,0.3574183553896517,0.4131749588472472,0.1173838166572132
2023-06-08,0.9318441961299049,1.1230126097276747,-0.6818600487939842,-0.7842185899451595,0.04338196939703297
2023-06-09,0.6088930325196248,-0.0995295790849558,-0.8303457684439017,-0.7237618945603873,0.027342732156905938
2023-06-12,-0.9313529285178191,-0.4677287432898927,-2.08400438780491,-1.908763503169489,0.048322099776563716
2023-06-13,0.9909511286898279,-0.7139809390528242,1.3379827996342792,1.1576811061301862,-0.33005756875985826
2023-06-14,0.037428985821752754,0.5583456379369796,-0.6596812173877198,-0.6184531065028501,-1.2378319349625833
2023-06-15,0.7240747591354857,0.10933917909522141,1.3781368179527858,1.1752786436101008,0.4337549778109876
2023-06-16,-0.8040139196165452,-0.023002195651325476,0.4870075447350458,0.5670441420106556,-1.724323374668248
2023-06-19,-0.03839559375738331,-0.06486612416768184,-0.011430097332968974,-0.027237709795832177,0.41394549506813805
2023-06-20,-1.001954946366722,-1.525408926983437,-0.4565768566318134,-0.752919291823239,0.557448680056842
2023-06-21,0.4257117691489589,-0.2567697217426261,0.6799674525538839,1.0613438563663866,-0.1040540991659019
2023-06-22,-0.5846043395270528,-1.4110787926885415,-1.909491972385714,-1.6860707152372536,-0.07744912409422788
2023-06-23,-0.36254520222400943,0.30202171273642936,-0.2306363136583016,-0.22888586244973974,0.18564425794189454
2023-06-26,1.7601265530387467,0.24787301397567094,0.11605120854136035,0.07247165572994912,-0.587995654383919
2023-06-27,0.10468429916151924,-0.7040884168130381,-1.2346617108081452,-0.9794336768022529,-3.417416081496471
2023-06-28,1.6071880431952306,-0.2071096104235978,0.9905320447106377,0.9583451105027984,0.4667442401413679
2023-06-29,-1.488029345508079,-0.2873235309295225,0.1401361366905729,0.13958845809896173,0.1654440434430246
2023-06-30,1.9153460237052788,0.7451713430661381,0.31740065212261986,0.4065677268660198,0.034786820762685175
2023-07-03,0.8257859517047254,-0.0019760985865709805,-0.1990515941628598,-0.5369490985488494,0.2054195416150975
2023-07-04,-0.023183811327526144,-0.07128884980089908,-0.04984812534325233,-0.047397113018949805,0.07912509327748421
2023-07-05,-0.5835464180835933,-0.2225510447520402,1.3017029316019935,1.2150307531456501,-1.554513556691534
2023-07-06,-1.1087005047064242,-0.8653330297134391,-0.11129179519786436,-0.018739332283720413,0.43736284770791384
2023-07-07,-0.09589516037118408,1.163922911167363,1.2785998961092138,1.2821372576267236,-0.08201620655479501
2023-07-10,0.44764238755688796,-0.1144698908993647,-0.5396146392771233,-0.5727904515587522,0.326969779242749
2023-07-11,-0.0848950716147564,0.3694310951585583,1.0927800916770787,1.0966156106929457,-0.3958180159053316
2023-07-12,0.02657358889719585,1.7077215726632538,0.4219642556018051,0.5331095246432664,0.2975282394646376
2023-07-13,-1.3622851136788299,0.1834753136321826,0.8011202314773223,0.6702817730653868,-0.4859908778961372
2023-07-14,1.4366381779883546,-0.00388173598892158,-1.034783852113991,-0.9710678168692422,0.33797475690945694
2023-07-17,0.9641284630196584,-0.5878862230477092,-0.983640738231191,-0.8421272662578037,0.3105944233353468
2023-07-18,0.8678606006057166,1.591085987205267,0.6597364216871213,0.9033885861634003,-0.1710536882824975
2023-07-19,0.45312164490615603,0.0057876280389111716,-0.17076966144602676,-0.2693195216545096,0.3569386901883579
2023-07-20,-0.8609599480609889,-0.6603807323562156,0.07711979442746984,0.12510015656990725,-0.10131738185582208
2023-07-21,0.4661131098541386,-0.351483838075215,0.9619129427357563,0.8890517934355069,0.2312740301279893
2023-07-24,0.010219033580617926,-0.3450724281332526,1.1332627015336343,1.034200565879999,-0.0680971801996246
2023-07-25,0.9639064218197866,0.04024812540953727,0.5936466311354792,0.5261812482409095,0.3502607792591059
2023-07-26,1.480225930506235,0.3948376917017959,-0.5300477154875411,-0.5910279232209896,-0.1600298096294037
2023-07-27,-0.42737233783110473,-1.6793385525283582,0.868829600208664,0.7842277047157741,0.2502212945715402
2023-07-28,-0.10619805470419362,0.8960763798271255,0.4733178321233162,0.27730148009189354,0.3326984858109286
2023-07-31,0.38531895400380173,0.6405701475276977,0.3680116526854655,0.7639953218784352,0.21983789897194875
2023-08-01,-0.11953453246598192,-2.0578948454802743,-0.5236852822886704,-0.32923131482615575,0.29625566048006136
2023-08-02,0.31721956825967895,-0.35595200723941994,-1.3572944959451956,-1.3662111459090398,0.3911535066414351
2023-08-03,-1.3590230768279854,-0.4417470536222065,1.2760053787606607,1.2371228861422379,0.5748848143195557
2023-08-04,0.31362700367485324,0.4336021022061696,0.6911870037210435,0.7443474916795068,0.0004138234277470446
2023-08-07,-0.6741265205783198,-0.47302731209829985,-0.6427392076173793,-0.5817883152197264,-0.1228193328599033
2023-08-08,-2.838169064905841,-0.7438347443827811,0.5125823104527253,0.5467530842702931,0.24908255818802516
2023-08-09,-0.3154000450003279,-0.711964309795109,0.9041702379349448,0.8814140451716346,0.046260030879254906
2023-08-10,-0.743314741850002,-0.16733019965005863,-0.8409851602040587,-1.029239282594533,-0.20641487044138815
2023-08-11,0.25384291434507456,-0.18667691982353457,0.2217104913148748,0.16046653223384874,0.2869722116640083
2023-08-14,0.43780732279810175,-0.24943167857465395,-0.5063912908697008,-0.47697059732090863,-0.35381805449730036
2023-08-15,0.34221170432917647,-0.6886893086067474,-1.0499364670113647,-1.0381802347196842,-0.13318894573837334
2023-08-16,0.5953671416834662,-0.5832392356179353,-1.1481141332757834,-1.0631163448967558,0.41495742184888773
2023-08-17,0.7682890786706699,-1.0164628541044727,0.3768701233609412,0.537132977339931,-0.15701877479755952
2023-08-18,-0.9397102967266333,0.043478384034141684,0.42034294032886876,0.4787126299125237,0.2477887314787121
2023-08-21,-0.25577219536720086,0.48647417102428225,-0.2996147668913561,-0.3693686785902663,0.1601160300974512
2023-08-22,-0.5536729621121582,0.18123313165226826,-0.3928146303490418,-0.2895657592600596,-0.3558804036253028
2023-08-23,-0.15838698025013284,1.65969926257938,-0.7232392752205115,-1.0222788164585037,-0.07759463890243487
2023-08-24,0.7795531312627146,-0.041430065097363286,0.02973337254987862,0.0403157355147668,-0.5717469550710459
2023-08-25,1.315780616445374,-0.6002866982539323,0.8187461444766412,0.4718796065993348,-0.6607933870232652
2023-08-28,0.21137525441486205,0.41032942585356136,-0.09898425456568301,0.13987916841254827,-1.0234654074871148
2023-08-29,2.1516800114000176,1.3245638242724327,0.811422397834044,0.7058966090258653,-0.31514993351586923
2023-08-30,0.8907594864064092,0.5243044062641905,0.2423947897609133,0.29261921391470613,-0.26797820956026985
2023-08-31,-0.09427568112752244,-0.48999969029620055,0.7644376877801942,1.422159474059937,-0.8592173213524028
2023-09-01,-0.5326171671163186,0.02435798152163931,1.3113820828419989,1.3038224483098828,-0.18968812668926066
2023-09-04,-0.03559073023039907,-0.07275790685854826,-0.03248149281047672,-0.03709088737834145,0.3617344218857893
2023-09-05,-0.2887341678629602,-1.0875195020498398,1.1152253835961685,0.748058666174011,-1.0322655398162457
2023-09-06,0.28054570220367386,-0.7182662143134791,0.3757758311201614,0.5531768302349452,-3.7712530432273352
2023-09-07,-0.10475169095605409,-0.14488922435328946,-0.5728379707292222,-0.5360659011677408,-0.48527325431162266
2023-09-08,0.6427683298672305,-0.012278357785245424,0.49025868637203646,0.3936748876836504,-1.4941115303636192
2023-09-11,0.009810970934127604,0.3004987586894641,-0.08053866768151349,-0.2189328528432861,0.2845959881877027
2023-09-12,2.953496499728767,-1.005226678592242,1.0657479671544197,1.1112688679029437,-0.31402222964412363
2023-09-13,1.2221290590189717,-0.2866096228759315,-0.19320479853337724,-0.28517263431404244,0.23277385599322142
2023-09-14,0.042689113458648675,-0.01679495329278758,1.369750261944756,1.171559758936948,-2.7029424139121736
2023-09-15,-1.5636850335795287,1.0158947137012464,0.12308246383854078,0.40038912846297836,-0.1458239621789624
2023-09-18,-2.2577737359626537,0.5632425697077662,0.33009770254845294,0.4733368954181007,0.040430394875342834
2023-09-19,0.2902907116944161,-0.02155327089496402,-0.13583179947701604,-0.27468023123545193,-0.12216174809257771
2023-09-20,-1.1963995475128972,0.9859525592146996,-0.7141722044408292,-0.7997676294475652,-0.061564063381050624
2023-09-21,0.37042497793136464,-2.0824806848055712,-0.274190230994654,-0.5764310201481359,0.20544621110420028
2023-09-22,-0.23947818621798544,0.3200005860992064,-0.1180626082252426,0.23209243290201464,0.12194945668281588
2023-09-25,-1.4815786466374308,-0.7322737390553611,-0.06826195131318043,-0.3418812651915321,-0.4959146120488523
2023-09-26,0.027390398679930057,-1.3521792300953128,0.47327963989632504,0.4973873895447274,-1.2739136478293673
2023-09-27,-1.4821523625695807,-2.3563833556422646,2.0581349763217682,2.584070799540709,-0.39312764191238564
2023-09-28,0.7012198742978113,-0.9935889786995595,-0.8748423883606571,-1.4402585871390965,-10.337277723602753
2023-09-29,-0.7324047855912266,-1.0408008231543717,-0.10982397560774901,-0.6761083180984402,-0.6010133270548899
2023-10-02,1.4184229573987566,-1.4998162893833895,-3.5605663314944773,-1.348882166472419,-0.8257790336766003
2023-10-03,-1.2691604527906568,-0.5374721996817063,0.010291470791367323,0.1777940842211326,0.4130415522355266
2023-10-04,0.012707128613127215,-0.565099151093009,-2.9130769087585966,-3.2886105659911653,-2.7957755512704896
2023-10-05,-0.5646140974343006,-0.24346845211993554,-0.8295763727928127,-1.0141183286009905,-1.0372527852738158
2023-10-06,0.8881487080129735,0.9955585353711071,0.13353630827945762,0.17733345842553858,0.3002202823283725
2023-10-09,-0.3326809593757477,1.448806534637492,1.5470095821212293,1.7234713316280985,0.06521248878077263
2023-10-10,0.6467773926680518,0.8111676360548791,-0.21526988648509757,-0.2037703964234763,-1.8415008958382424
2023-10-11,-0.758542117531668,0.8017848090119715,-0.8375059878766659,-1.2609602708957348,0.09472322541333687
2023-10-12,0.9823933081401214,-0.29161015957624314,0.019762044468529985,-0.32207095557394083,-1.755863174327973
2023-10-13,0.13421013840789828,4.041748883994689,2.204511573055096,2.1927741289293987,0.024841069002764782
2023-10-16,1.5582889635572608,-0.26092956293779085,-0.49650226238701595,-0.4456685277652417,-0.21854977027207742
2023-10-17,0.7074962104411358,0.017063371456782595,0.08822120010706147,-0.04276737994201191,-0.8587778224159712
2023-10-18,0.0422250101394051,1.6014458389592796,0.6468212089175125,0.7283047706602811,-1.391904133162595
2023-10-19,0.1201361994528808,0.6211843308173794,0.3618458280709793,0.45971090280665833,-0.8571650156138133
2023-10-20,0.736201379175264,0.6355022529574188,-0.12495082547580733,-0.3331431215363845,-1.5401410300851823
2023-10-23,1.0433795284283927,-0.3209851124296058,-1.1696370931454736,-1.7008489952672257,-0.3371804658135761
2023-10-24,-0.5083767287828708,-0.12480743182905304,-0.9170153783901992,-0.8634387100368303,-0.47525072271846075
2023-10-25,0.06476522071718072,0.3918973510900775,0.9079826160504441,0.6909203694776549,0.1629667600623775
2023-10-26,1.2036524734588536,0.11609053235453093,-1.1092729920567543,-1.0309339242542874,-0.16313217946530578
2023-10-27,0.6513777927734706,0.02168750931426068,1.1614899775096006,0.9733945307181286,0.1466765316435519
2023-10-30,-0.4414459063605498,0.33706338451196577,-1.4724803577923695,-1.4588089442765728,-1.2080751782587897
2023-10-31,-0.17994986659307802,-0.6158173862614392,-0.06934436884922546,-0.5874500819034381,-3.045227380271684
2023-11-01,-0.4114066765590597,-0.4170136902280528,-1.403166907921246,-0.28580661218526543,0.2808573514013572
2023-11-02,1.141636452039229,0.2969967281994645,0.9453461907566189,0.8435339533062035,-0.0954147366735552
2023-11-03,0.5122031784450511,0.2761423540289824,-0.9455817025435952,-0.8878377244910033,0.1114271457967977
2023-11-06,0.23227403382356443,-0.5977195639022009,0.0908799485439944,0.0893370470182734,-0.7157817082687978
2023-11-07,-0.5369004491018112,-0.9176185002966439,-1.8243982960164904,-1.66972535368502,-0.4592678197971937
2023-11-08,0.5094544331122245,-0.9707620059424754,-1.017228136609332,-0.9419221146898441,-0.1858814864717836
2023-11-09,0.5167304362502484,0.6445796181906273,0.1317367198992971,0.13162098962496815,-0.976396843993137
2023-11-10,0.66291588712608,-1.8847608393803044,0.6214875021742272,0.6119854006997894,-0.5304128633013987
2023-11-13,0.9510139919310163,0.621291772847861,0.5012114122481192,0.4731658252283776,-0.9982685961707414
2023-11-14,-1.7379188598453328,0.9032149868025029,-0.04527484545956841,-0.02830272140640989,-1.3176797687625368
2023-11-15,-0.15852377953486613,-0.1248326424383584,-0.710553669095765,-0.855105773783975,-1.0002496058990586
2023-11-16,1.0287284609119711,1.3029984443478155,-2.120413250708656,-1.9820238262991159,-0.9006172053973992
2023-11-17,1.2358549702719919,-0.14035175282833642,1.4109232378591012,1.2689171025181054,-0.8824649958529727
2023-11-20,-0.7885821029121853,-0.28374082598819655,0.7219229984572446,0.7156150454987035,0.4672364769192622
2023-11-21,2.948506193685793,1.1586537969880564,0.059643157560331984,0.05175721550929984,-0.9472738050368309
2023-11-22,-0.7380422679588707,-0.45435131766047787,-0.25822149529488003,-0.34527905211674637,-1.375394988170635
2023-11-23,-0.03377357548791762,-0.07595759142693112,-0.33947152015370596,-0.040302424043175404,0.4581187758194711
2023-11-24,0.6066417553978904,0.5536532382286016,-0.46537600507823457,-0.8496369758878606,-1.5819940300267088
2023-11-27,0.5397993904412525,0.5072705936247252,-0.3844216126008885,-0.3974053439419888,-0.5437052110615775
2023-11-28,1.4705385641152815,1.5474781168446423,0.8835088657018246,0.7675190347300451,-1.0512133605796254
2023-11-29,0.8679810529985745,0.3878513260239681,0.7504778102149355,0.7313401188391102,-1.2787721344436656
2023-11-30,0.45421442447017213,-0.5327286194463675,-0.16810142618305576,-1.0475805094078687,-0.6384162806752851
2023-12-01,-1.0259773996416162,1.7167931831633827,-2.4025950236650786,-1.0387011387761966,0.43254979801566346
2023-12-04,-1.7297505400085351,-2.3859589421773517,-0.5097286092192093,-0.5717817638592624,-0.6313585965030147
2023-12-05,-0.9128932097946159,-0.41241721822058874,-0.5183757100455512,-0.41515621760268806,0.29542879940611266
2023-12-06,0.4381479317827768,0.5403789192700238,-1.6611428488079862,-1.6352084687312216,-0.2977562042480869
2023-12-07,1.3037673889342212,-0.06519578559915375,-0.20616121193266734,-0.07256312084761321,-0.7737942337964627
2023-12-08,0.5152567065283544,-1.7045941681547399,0.8828379839410901,0.9446155883383192,0.1891550800800731
2023-12-11,-0.4156837065902188,-1.1728725329962426,0.07606409258790521,0.02499436728746997,-1.9220676675080295
2023-12-12,0.2857446349246778,-0.10393323252737433,-1.6094658993709974,-1.5654558847259417,0.49091098292880925
2023-12-13,0.239666177834093,0.18337355306871886,0.46939445037838784,0.38757737145528903,-0.6746910231736142
2023-12-14,-1.7659922138422293,2.528107305216655,1.2039758697694987,1.0804284047380321,-0.17582691168870224
2023-12-15,-0.3542479335648959,-0.38714313328324607,-0.03921283348591713,-0.09805359839159895,-0.7060587319053094
2023-12-18,0.3394909336382818,0.1753169695056138,0.7359684313817757,0.5304815982730166,0.4155026075896614
2023-12-19,0.2222435839450016,0.5246273447410611,0.6687899339496964,0.5115956355249458,-0.6339928932811626
2023-12-20,0.25026174180153876,-0.2168765834677621,0.2415474245057979,0.4138537137965708,0.07479356423892769
2023-12-21,-0.3215739689652623,0.16191673391585026,-0.20959939846786824,-0.23202435185554862,0.23394231384810898
2023-12-22,0.2936189532696344,0.831708318331927,-0.24238106760883896,-0.2519756531152451,0.29269213037200775
2023-12-25,-0.027433420519186087,-0.023692573462818223,-0.05979266277305003,-0.048693898699905466,0.1039172128182006
2023-12-26,-0.4356502619152532,-0.0007794808721107907,1.2266750377083901,1.3091522070534447,0.15732392062463443
2023-12-27,-0.07789031169656145,1.1282262435157038,-0.9217735411291731,-0.9916896736892536,0.7524229066020022
2023-12-28,-0.3883908125488245,-0.4034205108174787,-0.8530450384425752,-1.5658758320199042,0.6191804183949569
2023-12-29,-0.944432955382441,-0.6402349541829511,-0.9581616043201698,-0.12958604880990043,-113.2625367647807
2024-01-01,-0.038605355070103445,-0.07649586173122408,-0.0837112320878313,-0.04360567892910015,0.4034225481705681
2024-01-02,1.1806174531069262,0.04528209054434688,-0.8484481776494321,-0.8859406451034545,-0.018546542069866834
2024-01-03,-0.5803419113124626,-1.645622296181812,1.5142137180600805,1.415778021677027,0.012103675554155322
2024-01-04,0.29918937416146774,0.3125317991783534,-0.45368869164944664,-0.3340013861840605,0.007096299642881291
2024-01-05,-0.894331691022503,-0.03860912696770864,0.7257509879773062,0.9617997386933521,-0.032842152483092406
2024-01-08,-1.7780974022959752,-0.9175300982545612,-1.8175304047477259,-1.952234684035419,0.024867942998517703
2024-01-09,1.0157877238310729,-0.10137139240529448,0.8139321919184974,0.7434557100912145,-0.07782142626456907
2024-01-10,0.6502885482978926,-0.32513480667506334,-0.5384266775050432,-0.5112958294481378,-0.25471549158124485
2024-01-11,1.0048934884733425,-0.49415834760210403,0.33487069591280383,0.32047621493016537,-0.3608284912173385
2024-01-12,0.7056539951477458,1.7866205417382486,0.511124012625265,0.3511190825694247,-0.5341427512192001
2024-01-15,-0.025537887491774,0.0010712776317031668,-0.035968931733457464,-0.036940510957742465,0.32294325888978226
2024-01-16,1.5388692673997506,-1.1758297928653199,-0.046823696897014835,-0.22714493807019748,-0.33262905373819823
2024-01-17,0.2514058438060458,-1.3788516512836992,-0.34937680699230816,0.05830329123916663,-0.3520100389705359
2024-01-18,0.11418686500580273,0.7717987254268348,0.8185197431664581,1.0287467268605424,-0.2637354768933668
2024-01-19,1.75201880811613,0.39962601943001974,-0.44129737057964913,-0.5052730258699624,-13.08992498619764
2024-01-22,-0.2610112494328792,-0.4133624593077357,1.056692823835939,1.1899755967955736,0.35731254092562476
2024-01-23,0.9085279046095227,0.14363256143965078,-0.41876018480970206,-0.5951296921872078,-0.0843105261962942
2024-01-24,1.983693795543255,-0.6117062436098032,0.31406175647730517,0.4350975579027877,0.06985180858690009
2024-01-25,-2.037706549854614,0.09050949108838255,1.744424774119069,1.5312305102444048,-0.41371458613047724
2024-01-26,0.54176613852879,-0.06386286040553034,0.7513864499144969,0.39937212948051337,-0.6739755144117129
2024-01-29,0.7202703429362458,0.43405800132713745,-0.8204345971704173,-0.8865711527279133,-2.3880264306840053
2024-01-30,0.8726969576201679,0.32858880201146373,0.26365357192940037,0.6250737243650477,0.02743960984229874
2024-01-31,0.18488380161024076,0.9645482941253949,-0.9101608481530495,-1.376756218521171,-1.5559491356318915
2024-02-01,1.5920304061680453,0.24077617232537543,-2.287376821446929,-1.350022083330858,0.4074722843441074
2024-02-02,0.5947608249254156,-1.0726269670528372,-0.9551326542062097,-0.9739230295612699,-1.270047448422899
2024-02-05,2.0141400162565257,-0.7340515957251892,0.31193981747628113,0.2342102234492207,-0.6816607783167632
2024-02-06,0.31487752963938015,0.45072277946046513,0.3248284683722312,0.27989644206876463,-0.1611630919856743
2024-02-07,1.9544622959152256,-0.006066849559652706,0.3675232727214354,0.3040140313175287,-0.49361446566116596
2024-02-08,3.7058541407916894,-0.25615896784781444,1.56931226111026,1.4718089470938305,-1.0558933118505054
2024-02-09,0.6303191488804083,-0.6456858924206115,0.3323930044322702,0.35418720139302096,-1.382064582300346
2024-02-12,-0.2285935282581017,-0.4215148173504411,-0.144659834656199,0.009370199670470744,-2.923118424517759
2024-02-13,1.0459058025792232,-1.7574328125649998,0.45612563859249966,0.587614107472905,0.4535393754370811
2024-02-14,-0.40278995438241405,-0.2983303960500063,-0.8507071029392764,-0.8885924144688656,-0.05103538443695438
2024-02-15,0.06594122405388038,0.7050271758708352,0.790585012266851,0.8583522782990811,-1.092595652126788
2024-02-16,-2.0236716233355265,0.5745797712262839,0.3600141404580815,0.7239562915306533,-1.0077136245149991
2024-02-19,-0.037218668010725424,-0.05043657046974351,-0.03853265898745071,-0.03953403329348641,-3.398662335931978
2024-02-20,2.2410229512235316,0.9935031095662009,-0.8783163137610324,-0.7652520167969294,0.18275668695598535
2024-02-21,1.3777986079466786,-0.3751157663903189,0.41844092989965437,-0.24860592256355732,-2.123189349688359
2024-02-22,-0.20457540347095077,-0.2569764865504187,0.4024227924520281,0.44283241530738243,0.3242948259416875
2024-02-23,2.5772891838716725,1.1855844570113883,-1.6064697932766416,-1.6238794839244777,0.035466043786926256
2024-02-26,1.8468059411174886,-0.6833243611378697,0.5517326501756252,0.6516809308238993,-0.06710811264605146
2024-02-27,-0.703862252804159,0.26526729901565294,0.7164706972177988,0.8176445970431605,-0.1705632800777943
2024-02-28,-2.153912269067795,-0.12663002955691566,-0.014520452158284814,-0.25854889422071503,-1.5610623955011895
2024-02-29,0.6960236394654417,0.7741210980455748,-0.0950938440146207,-0.249093742392766,-0.9441743819681913
2024-03-01,1.7118922224386552,2.6635686875378917,-0.12052978258275848,1.1544432898411092,-0.8751213197583191
2024-03-04,1.1660383560337235,1.6804541900916083,-0.6568229092123322,-0.8937833619586426,0.3505568773924486
2024-03-05,-0.43992172687492703,0.7837802641414939,-0.6846218195029802,-0.4620683270161197,-0.12695198062182342
2024-03-06,0.9757578404464141,0.799025389638073,0.6388079738819084,0.6105419561792387,0.09575534352552516
2024-03-07,-0.5822197113209333,0.3482039890585491,-0.06516799988145458,-0.1818123570272994,-2.7410365831499504
2024-03-08,-0.3096580848970195,0.9706981528566845,-0.7859557575800012,-0.7255837847431722,-0.13475270538058268
2024-03-11,1.6443011460213361,0.16620816898413332,0.020351270903344827,-0.1200635343577485,-0.1291606204780343
2024-03-12,3.25458325079205,-1.1440546414727557,-0.32859114333750555,-0.3350651548198526,-1.5698149987722554
2024-03-13,-0.04515527628685647,0.6497160097467878,1.7181413202062374,1.5773529539318394,-1.227475206201304
2024-03-14,-2.518976382427475,-0.6515725408990796,1.0355052870687151,1.0624563674903862,0.4425619403328047
2024-03-15,2.3023394181893453,-0.370661870835755,-0.08069044240965187,-0.19341257396585038,0.02000398400136315
2024-03-18,0.5254998635905129,0.10493540396812286,1.1442168497825775,1.1515655681467818,-4.84224209739215
2024-03-19,-0.5045309177284982,-0.28642747843946115,0.32086369149208266,0.4859095924170968,-0.6604636994051214
2024-03-20,0.9982553874424641,0.014857499464533245,-1.146112289592576,-1.3474198046717758,-0.6263309550059672
2024-03-21,0.7703718461877793,1.2625099781138438,-0.21129430618351996,-0.4774432281011363,-0.4937017685062894
2024-03-22,1.207441325319527,-1.285513197215505,-0.3599262365517289,-0.35703954466476734,-0.4952567533902784
2024-03-25,2.111093534954108,0.7682991184245603,0.951855422916138,0.8505796902718441,-1.720924102360548
2024-03-26,-0.0702732047580448,0.01043979582637187,-0.44039335360402676,-0.2685372365942795,-0.05676775606857411
2024-03-27,0.5884050625660133,0.7294379698948192,-0.18917815735862067,-0.251257764402154,-0.046988844232006506
2024-03-28,-0.21800727085098767,1.362825773617173,1.0297316024410559,1.2628387085383233,-0.33804517107067245
2024-03-29,-0.01489178056649941,-0.013393432942221721,-0.052228739745502226,-0.03811500962035308,0.21964535094306475
2024-04-01,0.9628208042192037,0.9015541747032385,-0.10438616916988958,0.34059368802733714,0.03420933156598451
2024-04-02,-0.47194760537710573,1.183968875109713,1.144698682108256,1.0372219306538573,-4.256755506654865
2024-04-03,-1.2251527940356266,1.5682554971598046,0.28753665940097645,0.16265206470598478,0.41052071580537386
2024-04-04,-0.2035553777710795,-0.2528563368447414,0.9844047786263931,0.836637735909847,-0.3215355990232774
2024-04-05,0.9533021824166704,1.5957685496501675,0.3557133850947973,0.1946554337919891,-0.20356372746391543
2024-04-08,0.2778922793058014,0.25294586810817943,-0.6771751376728861,-0.4495102711114059,-3.9068396540763732
2024-04-09,0.8582878261333562,0.45670661811959645,-0.8492180990517808,-1.0510774727799412,0.4203402405114998
2024-04-10,0.5617485557106799,-0.635226913883227,0.7328677073298371,0.6741446227341581,-0.46995129074041164
2024-04-11,-0.11378893589107493,1.021438014963566,-0.6533589244651761,-0.9777776959098988,0.2053328911962759
2024-04-12,1.6482367866097443,0.04263931388850883,0.4857804507456843,0.3993346729467285,-1.1233386375396361
2024-04-15,0.03477594740899413,0.36276503415622363,-0.3535415105966002,-0.2456928932780899,-0.3329625773691162
2024-04-16,-2.0433879657002865,1.0492936045960706,-0.13896868817183525,-0.10627716355753561,0.3016933328390848
2024-04-17,0.2320445339277262,-0.8363299062918375,-2.3805916567348926,-2.2881453482325647,-0.7826511772193229
2024-04-18,2.5068848758430238,0.37545917139760093,-0.22694524923854223,-0.05271828688252361,-0.3426574911071884
2024-04-19,1.2696805985498356,0.6637185886576331,0.028278944107648116,0.2397268896062354,-6.328711878869649
2024-04-22,-1.5793933932002235,-2.969613807012857,-0.2793672133865058,-0.2752967143635622,0.0326609102049315
2024-04-23,-1.3762807925201568,-0.3386400214872764,0.9863727341345998,0.33014157819278495,-0.20764980613086464
2024-04-24,1.0440851425646969,-0.19872936304286287,-0.34484599096227475,-0.500343538130056,-3.681542858505182
2024-04-25,-0.1287421583739053,0.17208837966337276,0.682116765454628,0.5389082542186453,-0.23224708074112832
2024-04-26,-0.6180968421445526,0.17435288731733486,0.3067202774781784,0.17113904601858948,-0.3741614026719729
2024-04-29,-1.862094603265486,0.42871736824190493,-0.8987560553284242,-1.109379043699343,-1.2820062370291623
2024-04-30,0.3479754248397518,-2.529156578010653,-0.4950496895273715,-0.6418967183983536,-0.4366968566132627
2024-05-01,-2.509922900886717,0.24081985187700153,-3.6141177198122305,-2.4464480872042698,0.3450606661644311
2024-05-02,-1.9578423364639157,-0.07470282524994076,0.023836244341246423,-0.11030434439820862,-4.767511964428367
2024-05-03,0.03505878729765439,-0.06772799957852914,-0.48856613365616214,-0.6414788038539979,-0.1426246214043313
2024-05-06,0.17492751485226837,0.9956233848986066,0.1577750008591663,0.19626062339950487,-0.7213719584962666
2024-05-07,2.738191171227459,-0.31494529711248215,-0.15867546578191924,-0.1237478905768652,-0.19323240982112788
2024-05-08,0.0641155116602001,-0.14360416933810854,0.2093538355814372,0.40403380528923677,-1.1783945149310315
2024-05-09,0.13115490584223236,0.813512281279962,0.14031871269924465,0.15778366203300792,-2.2019008902649433
2024-05-10,0.4451838816190022,1.6112197972548263,-0.784427540675683,-0.8801169087391021,0.23206383474114867
2024-05-13,-4.41065694218345,-1.3671975415905253,0.314132096283188,0.6062788991631002,-0.5923283235572225
2024-05-14,1.3722640753129045,0.6557031660192565,-0.7512610773821911,-0.9350428717133122,0.2596867653021286
2024-05-15,0.6901647202578653,1.5075485645362356,0.19125766860043655,0.3986855656273409,-0.29771691426479396
2024-05-16,-3.99935387252196,-0.36008296720592015,0.30631314861324266,0.4195320099807332,-1.1892777833993635
2024-05-17,-0.14235487244411354,1.2730539140387316,0.47122980173132506,0.6132979705047314,-0.5334014407685133
2024-05-20,-0.32814913099215764,0.856439405167691,-0.2528423736760651,-0.2655569732680896,-1.1299926249391206
2024-05-21,0.42259946759672895,-0.5046047838237359,-0.7096137107838412,-0.5224894169487255,-0.7763242371369194
2024-05-22,0.3369593194929955,-1.3881594283650616,-0.8573569110477298,-1.5097435425211825,-0.7011938230407362
2024-05-23,1.3279363461953129,-2.336486062655154,-0.5192404631585853,-0.6148644536277728,-0.4872817228190645
2024-05-24,0.40609956466865976,-0.22697341126648712,0.5149040082408516,0.5832235626526016,-0.8839612363960303
2024-05-27,-0.00562130629087532,-0.05564401695690276,-0.06486824165929982,-0.048593337747347934,-2.047164589122257
2024-05-28,1.0372685196048816,0.8950755554115136,1.6569449423959177,1.6379773133650917,0.16784793900471176
2024-05-29,1.0697540403289572,-0.6369119018425162,-0.5046300579147965,-0.4922359607188054,-1.144873843783626
2024-05-30,-0.10242772629914519,0.03437187966850139,-1.4107658969165684,-1.084501884378952,-1.350587482651346
2024-05-31,0.13705472952106157,-0.9121864723056979,-0.2745525951820839,-0.7440502510834299,-0.4361130915871832
2024-06-03,0.8610234973025565,0.9453843586863093,-2.6175857869318953,-2.0969674999817873,0.37836782284608994
2024-06-04,-0.4244164966189515,-0.9264559252663808,-0.6166794841698722,-0.6807221073153308,-0.90497813183629
2024-06-05,-0.3102327771260405,1.153285227295773,0.46760172105775616,0.45876007185626333,0.29975996110440106
2024-06-06,0.9116243758051011,0.667245082231209,0.8888011697938851,0.9037205583111453,0.32840297612325314
2024-06-07,0.11605681572562129,-2.798898045473238,-0.18662218850374776,-0.04549326325673667,-0.6725385085356672
2024-06-10,-0.4958901969864859,-0.03968410464091682,1.2844663570971744,1.417035387549793,-4.188070416260221
2024-06-11,0.43376903010444406,-0.056699516564265674,0.1535413797916894,0.07417987055086217,-0.9100298825481963
2024-06-12,1.2158233164618768,1.1462875474045924,0.41527497401362057,0.3534366834469335,-0.26136428136509565
2024-06-13,0.4987484340882438,-1.4855820987719446,0.054580595882618356,0.03671812408123783,0.3015426487683031
2024-06-14,-0.9756507759108078,1.1799508835050856,-0.14186840922589602,-0.1795330661647696,-1.4079792909486044
2024-06-17,-1.2856619084947383,-0.7663384433562725,1.099524726766437,1.3637117977618503,0.35439996422456815
2024-06-18,0.5462338664753305,0.6515696382269347,0.7092372814920851,0.8586155445817903,-1.0778200098162394
2024-06-19,-0.005279257877927444,-0.025892428912202933,-0.02867835820376399,-0.04385932167519377,-1.6250707368685622
2024-06-20,-0.7172143197416211,0.9105048172328893,0.22113022120961284,0.3945630977251798,-0.9067715403107335
2024-06-21,-1.3453367013654682,-1.5497888674105567,-0.41009103603059976,-1.1869766722649815,-0.847836643331702
2024-06-24,-2.4701095608398274,0.45257310978313253,0.5102961036102878,0.5851761565850934,-0.8839098920655023
2024-06-25,-0.05511894681503728,-0.5881489339576674,-0.8340067513357697,-0.6451410435632047,-0.877002935701334
2024-06-26,-0.43779079005407584,-0.809947403556906,0.1085804989685845,-0.01401835910244014,-0.24699805610735434
2024-06-27,-1.0702559616724987,1.0039826542347652,0.8108193582662446,0.5922452886624662,-0.3894567359354883
2024-06-28,0.86527826609182,0.118343426403319,-0.03432738377676991,-0.21035397259560357,-1.159498730868693
2024-07-01,-1.010244632305388,-0.05345170802885876,0.09352444760621267,1.4184610845193626,0.4136054443617447
2024-07-02,1.1080939380103898,-0.25551145141754533,-0.365824842736764,-0.4829715939665878,-2.449011142443291
2024-07-03,0.09698532303129083,1.5580015885448741,0.8297963665007722,0.7592547278608817,-0.7494156484182142
2024-07-04,-0.009157351092003252,0.00015995997033824792,-0.06217340390229615,-0.05081766445069026,0.3996024666749742
2024-07-05,-0.24920067622383799,1.1462359594898357,-0.735526316628187,-0.655283712926329,-0.5740595027822728
2024-07-08,-0.08805870641457415,-1.3734034188723554,-0.7567666266956113,-0.7457176120808012,-1.8637883798082766
2024-07-09,0.878808576812224,0.10185738969750388,-1.022071909972739,-0.8045441252523555,0.4192208307034018
2024-07-10,0.4515230765680402,0.4587240832973239,0.24252630599693029,0.46093846489003104,-0.2143002871110643
2024-07-11,0.6212934863803736,1.7508402051777523,0.18440914891450003,0.35425211518554095,0.12128480541588854
2024-07-12,0.202951810022043,-0.031317182879969915,-0.3821157020869034,-0.3918421758338629,-0.27561005690937895
2024-07-15,-0.16331266508913747,0.2953723508813217,-0.23687221116350718,-0.31766100643707773,-0.7468279036415758
2024-07-16,-0.38923417129688453,1.5144451606319327,-1.0859226820621688,-1.0468900219785042,-2.1033401881573637
2024-07-17,-1.566187996376154,-0.28032846439400866,1.055177710551223,1.5813582157609933,-0.5466621180076936
2024-07-18,0.8319223525232745,-0.17395303322732092,-0.042300018692678416,-0.059918240442757766,0.03132027713376285
2024-07-19,-1.0735984336214388,-2.2555042512718773,-2.2011635255423756,-2.2195820510585658,-1.5945001207808156
2024-07-22,1.9460269498307565,-0.25804569090634405,-0.2680354104374835,-0.3120001032545135,0.4186564970877788
2024-07-23,-0.28118758663670723,0.436419549132817,-1.1519760169339233,-2.04135061000769,-0.49748381225434274
2024-07-24,-0.16677548576082032,0.3083699340283412,0.4263094517899467,0.31094059352287473,-1.2201871478296253
2024-07-25,-1.1615378184332328,-2.52403618552614,0.42104996761871233,0.3894801849215903,-1.629017193203331
2024-07-26,0.6228462345217898,0.9650051838889082,-0.9980073102347513,-0.7711452510212293,-0.22056000803245437
2024-07-29,-0.9050537952821622,-0.11574691841020335,-1.1056702604670052,-0.9283072629221345,-0.38357625822459945
2024-07-30,1.1546249112320033,1.0253865510836213,-0.9616905853410028,-0.7361337332717091,-6.233818625231286
2024-07-31,-0.12048877238992078,0.8042699003763667,1.4398758164725536,1.8802437942262784,0.17554713965216542
2024-08-01,-1.5178242210864057,0.29905819631745456,-0.8852835145817928,-0.9289012844541361,-1.543663369898494
2024-08-02,-0.14536500100530544,-0.3958381720706645,-1.9908033159498015,-1.6278067090088937,-0.09133096088824905
2024-08-05,1.092316664661084,-1.0071341547663157,-0.42003178320886236,-0.353719211993249,0.2185165480538439
2024-08-06,0.8848124639718011,-0.5882066670066363,0.029473741819046117,0.09624923942039638,-0.9828344844820381
2024-08-07,0.9558415316520502,-0.013455621879351455,1.1806970440108162,1.0907467927647752,-1.0677731957574232
2024-08-08,-1.0830879149880428,1.25321408581946,0.5122122296674932,0.4984899170351499,-1.0190842086929899
2024-08-09,2.3504162051661104,0.38328449061488806,0.30746741177482456,0.3292382946109421,-0.8795502417492904
2024-08-12,-0.8447746018689177,1.1664691410506327,1.7329309210965735,1.7971287215950187,-0.48264186459924774
2024-08-13,0.2933017059408373,0.15491772618321314,-1.0204662000848048,-0.9361631368151317,-0.5107118405743047
2024-08-14,-0.07693028890007492,-1.123274397685625,-0.6278478918450106,-0.7744447726003756,0.43925622244568674
2024-08-15,-0.8699900334092163,0.45493192081346545,0.7291275641020322,0.5622338368405697,-0.003740567630305093
2024-08-16,0.3644835008437814,1.7763501357111129,-0.926952415344055,-0.8402799481277323,0.09292017565337157
2024-08-19,1.301841329881267,0.12528247061621514,-1.3830990360108621,-1.2682660134216628,0.17564662394356415
2024-08-20,0.7191563456509031,0.30603085687974435,-0.38011358953100005,-0.21828811936861323,0.014150132230406032
2024-08-21,0.21215044401642932,-0.14800506876041347,-0.834760387761165,-1.1718128078470595,0.38506677500581676
2024-08-22,0.2334174376318358,-1.1951378167763902,0.6946716364922492,0.49705124395533046,-0.42438048872710354
2024-08-23,0.290178808675253,1.052334505433909,1.1329880064627085,0.9113283339291697,0.26646783607290664
2024-08-26,0.12543450146332188,0.3393636665355602,1.513071490954374,1.2906334072082428,-1.6120810106941355
2024-08-27,-0.22897102023737195,-0.10523371262321239,-1.1439698088409394,-0.9613556249675116,0.6643197641234234
2024-08-28,-0.14237885372256204,-0.6441836530714653,-0.5905164041957348,-0.5418123661341268,-5.600515444102744
2024-08-29,-0.3253332517450294,0.9066052808361658,0.7082163745269461,0.6413707926033404,-0.3672622188114427
2024-08-30,0.14738302755201685,-1.27899360411354,-0.7571171651763653,-1.2307047354258465,-0.9710007381888152
2024-09-02,-0.010363383346615256,-0.09749224019551517,-0.0545951845740269,-0.04999027597707346,-2.4011420246967026
2024-09-03,-0.019321033614782167,-0.21313885760518866,-3.508405738517453,-1.7300894848673924,-0.15558494108269807
2024-09-04,-0.9981553561151001,0.08323986960368686,-0.5904109194071854,-0.5998301196845721,-1.260082648525517
2024-09-05,0.652255546757153,0.7024603464796283,-0.09328498565488524,-0.0643556710249897,-1.3397445022591883
2024-09-06,-0.21531321196766245,-0.7821772460868507,-0.9092142877848028,-0.8110059558593157,-0.23272033365626715
2024-09-09,0.9741754591798782,0.2692892804461059,0.3564993078628958,0.49134545016607895,-0.659011068427721
2024-09-10,-0.47953197241620105,0.40600219005279053,-1.5348013737290946,-1.637985702205547,0.3601448379250594
2024-09-11,1.1644849493032856,-0.052112621783365495,0.6873975264572475,0.7131065466899612,-5.147111531062428
2024-09-12,-0.3702601910619308,1.656976565216568,0.6753922864905507,0.7958847863132373,-0.8744607329897485
2024-09-13,0.2658417567954809,1.2191633187929276,-0.20867606627502056,-0.18071877080907686,-1.4112167709972456
2024-09-16,-6.7074643917265,-0.049003262804337845,0.6079716370455112,0.7123303632143705,0.1543060013020621
2024-09-17,-0.41246275380375896,-0.701018808225722,0.5098179963510119,0.5519655805689155,0.8766019898421958
2024-09-18,0.47226328893157304,0.18079274700303627,-0.05272252009669669,-0.17970741688907577,-2.697318364334762
2024-09-19,-0.1657241961225204,0.6630098897920814,0.7106279378760549,0.5455531596103846,0.5198428616144661
2024-09-20,-0.2464742522009044,1.270778979874524,-0.2756980935253034,-0.048928314779497134,-0.34760295905557587
2024-09-23,0.3195887946300787,0.24679299295748153,-0.4252655974785614,-1.008182046437923,0.12186680791862696
2024-09-24,0.20203837703745825,0.931579628497408,0.7788274456912647,0.654388580602842,0.7280201976645709
2024-09-25,0.21949909819172825,0.2894028685821152,-1.2006910965631126,-1.1782124214528886,0.22369683841223562
2024-09-26,0.42263921159869683,0.37625030470775883,-1.307977737347919,-1.245403609910295,-3.469274841213663
2024-09-27,0.3996014658624686,-1.0697679792865897,0.15442725175640504,0.23092653729013465,0.01954304316462227
2024-09-30,-1.488096231967038,-0.4270126838893874,-0.20740576358482163,-0.03991760589022941,0.6552386673891542
2024-10-01,-1.9696303802057897,1.2114067041549776,1.1835569371223784,0.9793082838428915,-0.9827971925523512
2024-10-02,0.047806628673778946,-0.8188596335924961,0.19867426624233478,0.1378516281314265,-0.520897818394468
2024-10-03,-0.11013834735193927,0.3173638983135924,2.4976935450730773,2.2262823504505165,2.181645652358636
2024-10-04,0.10572321101001558,-0.5074645437280577,0.2442150398396225,0.36817064013796763,-0.22176487426206384
2024-10-07,-0.5026186116237559,-0.11768603751492378,1.653157991416375,1.5574087606156595,-1.9399921030615848
2024-10-08,0.42582657160501447,-1.3330301141423075,-2.0696588811233956,-2.0260184842544233,0.9860307337004035
2024-10-09,0.9071135092034095,-0.49114217078636546,-0.3453847310819106,-0.22054065753266933,-1.1380259854145662
2024-10-10,0.5196846529858348,0.560258746005298,1.3266474004489015,1.2814133149449782,0.8510602472512947
2024-10-11,0.6003247131066565,1.5654355954033543,-0.19017768972391788,-0.1603043273524455,-0.8654361339608658
2024-10-14,-0.3650463928015769,-0.40500602110254047,-0.8265496480605515,-0.9490733984347547,-0.7302660550711172
2024-10-15,0.9321294937464637,0.48852291740740983,-1.7614596990087439,-1.748759583284327,1.3720396900332332
2024-10-16,-0.5101554253751408,0.48271979501292184,-0.096576294945669,-0.14255869292566287,-0.6882246055355525
2024-10-17,0.0024069871581288015,0.6663611154669628,0.05052802968991281,0.10441295276029233,-0.9045164851772433
2024-10-18,-0.982795084162335,0.9056487184528884,-0.7876670702606616,-0.8115522149628355,0.48387870887879475
2024-10-21,-0.19353141350524225,0.356125642632862,0.6139237184871916,0.6574796677644084,-0.24660384234662303
2024-10-22,-0.8320382278494852,0.8210325540789956,0.9207678789405966,0.7838546612898453,0.0926766622214437
2024-10-23,-0.4818998828119544,-1.2535224720751004,-0.6120715406595689,-0.7373795264607179,-5.475016316363524
2024-10-24,-0.8652872607081307,0.7406374804764362,-0.3748351277514487,-0.3589358043665967,1.0804554178354142
2024-10-25,0.03121637272341783,0.21399093641809877,0.921446890621517,0.8334491332095357,-0.9063434070900086
2024-10-28,0.5111991918862754,0.029942333361962725,-2.8522256356153286,-2.5384380914691134,0.21966447739782965
2024-10-29,1.2041579420428827,1.0115256439057703,-0.21075677254268116,-0.13975196804259238,-0.7673060192773754
2024-10-30,0.40876091253627533,0.7987476655047232,0.6303463066265075,0.66358968969917,-0.18639338649061335
2024-10-31,-0.19885002587914008,-2.0943778541082265,0.28076502774609646,0.30531780511965656,-0.6788589232628303
2024-11-01,0.010062929271581924,-0.11736320589472055,-0.053060840582498776,0.091307878684965,0.31750409817826913
2024-11-04,-0.056819679546556,-0.1633385253530066,1.0336378716989845,1.0648624066651071,-2.6633705527021885
2024-11-05,-0.282781397124525,0.10985535254095066,0.2196192960332077,0.2621725921217576,0.9984261469567911
2024-11-06,-1.2089882646291117,-3.18490868580017,-0.36206887850661684,-0.2081475705208907,-1.1019224627168187
2024-11-07,1.5573192590796454,1.0779518428758725,0.36190864352153,0.35760683036491225,2.8318312347194676
2024-11-08,-0.8464029889090073,-0.4428076022794531,-1.111257056084016,-1.2890577313944385,-1.3444420287113747
2024-11-11,0.6180249378284839,-3.164150412361467,-1.30172125450711,-1.4636700663207962,0.47470319346371054
2024-11-12,1.9106739104807722,-0.5812217085941469,-0.050375882938922784,-0.009900195259045551,0.2212207193213665
2024-11-13,0.9052198057882895,-0.8191950518886938,0.1730102231687397,0.14522895807776132,0.7467003307058044
2024-11-14,1.5126423225574654,-0.5823088412605092,0.1351213012710007,0.1302206702872529,0.41013142428514465
2024-11-15,-0.21799996645230615,-0.1749915453876814,-1.0597501240499616,-1.165496020096444,1.1576182395172796
2024-11-18,-0.5906132301596054,1.7728007922298996,1.4093703063513814,1.2796595288496244,0.17648760203885533
2024-11-19,0.4725385621998695,0.621971275384251,-0.028652611876050265,0.11727546186379371,-0.06822860960825702
2024-11-20,-0.6904646428104279,0.7553169427328857,-0.35254175296075835,-0.3751365746027488,0.46203465789967013
2024-11-21,0.3054265641804097,0.8580497812486847,0.8933404655561252,0.7568881257650508,1.538675652844735
2024-11-22,1.2908302169097459,1.3523968955076442,0.5879809472805466,0.713746910798709,1.0199788163456143
2024-11-25,-0.09704626770354215,-3.296574262652686,-1.5147859378944173,-1.5838603178992732,1.9951289997143893
2024-11-26,0.4649513968884067,-0.036055376231491514,-0.19931904003307735,-0.16380494978569374,1.6328272426924997
2024-11-27,-0.5458038466660429,0.6161598990503493,-0.06506231801564187,-0.07615078581603581,1.74324853595483
2024-11-28,-0.016828496115438327,-0.025368746982172875,-0.05643905099759685,-0.04547218235889835,0.9964785700169217
2024-11-29,1.0706056813343638,0.5381720413011062,0.024050959999301704,-0.5703004427251425,1.0516322297712264
2024-12-02,-0.06875358587860154,-0.796884994847957,-0.9036250564170664,0.017795586416067346,0.6381405891609686
2024-12-03,-1.0722480427085168,0.2682494628969735,1.2749173921223163,1.3552396688190047,1.0635728820490427
2024-12-04,1.037324463948054,0.2860857571682233,-1.0053057036672255,-1.0702993694626286,3.2965655784903727
2024-12-05,1.251171278475073,-1.032460016457456,-0.21502233882080804,-0.23054620261533684,-0.08815072009098825
2024-12-06,0.31406637960395545,0.3551887780686194,-0.8168539054079579,-0.8682836787613577,-0.19038285901031457
2024-12-09,0.5461444768046064,0.9390111661487217,0.7017870165092053,0.780718858786799,1.2185184364372104
2024-12-10,1.0537034300908679,1.1699671903056805,-0.01649582190059048,0.12283372087876125,0.4791022392702428
2024-12-11,0.17431370013320982,1.256413284849809,1.0036497452005044,1.227131526004899,1.1924412781643314
2024-12-12,0.6015367205409063,-1.5821969125508712,-0.12459381948304425,-0.22895595006248112,-1.5092101651829226
2024-12-13,1.1642564685591628,-1.1848939511932033,0.8186864090146699,0.9013485617717242,0.09206348539532339
2024-12-16,1.4734767155646669,-0.24737010672888116,-0.5138660499393852,-0.47392521086726513,0.2909923087730769
2024-12-17,-0.12456826471534994,-0.3048665650067412,-0.65514112473,-0.5392560151037215,0.2133259083381194
2024-12-18,1.7171396696112495,-0.346825295175465,0.08202765017966708,0.32384069614758165,-0.5155674576925089
2024-12-19,-0.9437249842666812,-1.713074602880443,-0.5144839106498735,-0.5824516077703542,-0.3216129462747637
2024-12-20,-0.345056530189546,1.2390870453631178,-0.021690439291486015,-0.42056433674501303,2.8373890272758655
2024-12-23,-0.46941563507896805,-0.5909195495479582,-0.3576853028309974,-0.2382119717556613,1.3028890700608615
2024-12-24,0.21866726276944154,0.20759586775096273,0.7987502149909312,0.6605151249923883,-0.4826613300094019
2024-12-25,-0.01105953635538894,-0.042595781443997865,-0.058327597934710436,-0.04674720653209268,0.014782907153750118
2024-12-26,-1.9504884766279105,0.6513722801875651,-0.36073836270440196,-0.48970908941623936,0.020690581387152563
2024-12-27,-2.2716602565519852,-0.8432751727161125,0.7887120509126558,0.8092507389129218,-3.8202939161118405
2024-12-30,3.2201998235886564,-0.5086464830986558,0.1468580426292934,0.2989311754082807,0.15068918630643244
2024-12-31,0.3327193575058479,0.8282067564194483,0.18422167664162226,0.6119369842841126,0.4733046386990669
2025-01-01,-0.008379460677500257,-0.024015145544028168,-0.06947525753716714,-0.0545284814559494,-0.12439557302302487
2025-01-02,-1.0828396732716101,1.1041050526878988,1.210327800983065,1.2957710378443297,0.02363926559575311
2025-01-03,0.18594516448368828,-0.5456029536657809,0.5015038116012577,0.7220005009485818,-4.339591677024498
2025-01-06,0.2738954924655905,-0.330922946637302,-0.2481232055059447,-0.4283052936432198,1.6772364451805983
2025-01-07,-0.3543629623093956,0.6565420729532429,0.6573020944312671,0.5745309301306524,-0.3056512105274997
2025-01-08,-1.666650946628531,0.2757290304042371,-0.9400394806136293,-0.9475926469637657,-1.3301809253659547
2025-01-09,1.0105039890321854,0.7219286366498402,0.6429097545997009,0.4690473027937841,-0.725092255905432
2025-01-10,-0.7756415497910449,0.9455107283328575,2.590374072020852,2.3603889316441826,1.5500919294500257
2025-01-13,0.7629131572760667,-1.3949537621015862,0.9462216686815863,1.7810578856585,-1.277560099284175
2025-01-14,0.0441557873694811,0.052931212668596676,-0.8400530700520727,-1.031823090285801,-0.44876355484244745
2025-01-15,-0.2959227093956494,1.3393639350524424,1.5223922265630865,1.7330959894640665,0.16353545975344358
2025-01-16,-0.7363962573818219,1.2708447850664648,-0.5692569276700746,-0.9375301933035666,-1.895751094098953
2025-01-17,1.4897242843422136,-0.08750177816994278,-0.4123552533815927,-0.5803422346059165,-0.13247128266974928
2025-01-20,2.4380425060481574e-05,-0.057779895245043456,-0.08069589311007684,-0.055998705258765484,-0.9533589154955442
2025-01-21,0.8073717624177575,0.34660791337101976,-1.2392344170958243,-1.4378475509508517,-0.08322549121074106
2025-01-22,0.23613516019474376,0.4362123904009065,-0.30378210165632985,-0.3519622175410911,-1.0888129821932562
2025-01-23,-0.26934227423020257,-0.21364784098386905,-0.6393594176023197,-0.5933814129835555,-1.3618143711592448
2025-01-24,0.07366675307469844,0.48931026690787854,0.08449212498144508,-0.028616555784691345,0.8885166871600032
2025-01-27,-0.495228574788785,-1.6150697273914063,-1.2326762416358195,-1.1060882441352824,-2.6604253233493056
2025-01-28,-0.011804639522953604,1.0395450902318408,0.23703428233043372,0.3402906587930738,-0.21019872864039946
2025-01-29,0.8139308782783901,0.0699089333537347,-0.8151497745454317,-0.8487686940629485,0.2506178563933929
2025-01-30,-1.2162507220641292,2.03192094406412,0.15905055787926708,0.016379294097519297,-1.0118508555992078
2025-01-31,-0.5334650301529474,-0.3513939446260109,-0.1667985269228141,-0.1947641028807613,0.2571818239447219
2025-02-03,0.018747950140425934,0.6860579190960423,-0.7558335603843707,0.4193511199058625,0.032412720603441574
2025-02-04,-0.2271698852265165,0.6517235938709327,0.12143418629446795,-0.4055011801142686,-3.08569000542114
2025-02-05,-1.011383174522051,0.6091559044547268,-1.4975379211922775,-1.3970652614112622,-0.6893848628478834
2025-02-06,-1.115635208674161,-0.5809215721627774,-0.35615714776200486,-0.376250335008753,0.3854955169025853
2025-02-07,-0.22501497091158043,0.3290192468038017,0.22048946992733295,0.237073017153229,-0.7973214599429487
2025-02-10,-0.8542227815986102,1.6449116555042853,0.9814121091272985,0.9757053856205158,0.3979408143303319
2025-02-11,1.1319621673856046,-0.05808917722191021,0.9153270590637801,0.7238751035848614,0.9339568242954048
2025-02-12,-0.34190357262995946,-0.17497052055069026,-1.5772992069717504,-1.562697608461177,-0.8426657831861977
2025-02-13,0.9967519484942344,0.5256538652886593,-0.2032713408979558,-0.12350556471611293,-0.7241837226887478
2025-02-14,-0.5987112914246946,-1.5181623478720163,-0.3184982384920483,-0.4592702160025171,-0.07244049852766617
2025-02-17,-0.018270924164796556,-0.10607289488257206,-0.07324974126873306,-0.056932661956462384,0.19560067088511707
2025-02-18,0.37615949941923676,1.6489475238714406,0.8669242578988268,0.8201699064839474,0.030295973643399685
2025-02-19,-0.2404729110667894,-0.40062200906089496,0.12049562793754126,0.27218016431588377,-5.23920261167305
2025-02-20,-0.4211937633764591,0.624529430684256,0.3307762544454936,0.20879200719342764,0.40889662428140167
2025-02-21,-3.5140734761816557,-0.11044685822598697,-1.8993332405771486,-1.9320267655030505,0.351361658822555
2025-02-24,-1.8222898139900165,0.29549504537459087,0.18659346498771565,0.15068961569395314,1.6903980783244144
2025-02-25,0.9607194922659228,-1.5626563777061804,-1.5347225229111272,-1.4554829322954939,-1.4986526118187735
2025-02-26,1.2372152599098962,0.322891538268948,-0.4599874957480102,-0.29097282936226654,0.254604131899309
2025-02-27,0.08164635954214597,-1.2386645865587183,1.0905954980948374,1.2284233301178165,-0.34339075505379874
2025-02-28,-0.3446152759763781,-1.779696583138238,-0.7063428107314317,-0.4576914194928152,0.6338835938003131
2025-03-03,-2.8891190962190914,1.7953112618665328,-1.28912446155654,-1.0859186624619248,-0.15590551648916487
2025-03-04,0.4008055409575995,0.6420557261486678,-0.5357158524167743,-0.13761036093707585,0.8197975142615186
2025-03-05,-0.9702015541796826,0.15647561265460846,-1.4674348398052097,-1.5153684447115487,-0.24186599045483043
2025-03-06,0.3614334097099903,-0.0027731391311208095,0.031142541802538348,-0.02792930983724236,0.04699282167014426
2025-03-07,0.3205945200051584,-0.45529687135439223,0.6166098157188202,0.44598457603767117,-4.73972122200257
2025-03-10,0.4223321098128337,-0.5427828509822328,-0.8929560432107624,-0.799764648529714,0.8426507155823216
2025-03-11,-0.4141017200882984,0.6969441568431788,0.1565543426404755,0.10457533646165164,-0.13071002178080496
2025-03-12,0.15430878534563153,0.8857398320725433,1.0503413558935801,1.0519081786857047,0.026407121744572756
2025-03-13,-0.5792296555214375,1.523787297250875,-0.8883831903099648,-0.8966073420949848,0.9603015681653057
2025-03-14,-1.052267523664191,0.32645346090547434,0.4984248741859881,0.40512667267744823,-0.2662620923343557
2025-03-17,0.3219939499219357,0.13766083383986902,0.33338625319910925,0.26120399833909075,-1.2398134903384677
2025-03-18,0.6575498542634978,1.1082738614833614,-0.4700353223375194,-0.5884736998819287,0.3729906299188669
2025-03-19,0.33208586674770985,0.012044213056297428,0.12152465101510668,0.1477316713095309,1.4352206987935359
2025-03-20,-0.1823615164546019,0.08097514329782961,0.993246616001067,0.8601487142584101,-0.32170184481998637
2025-03-21,-1.10253066485463,-0.7770716837006859,0.09649695132854762,-0.024862690685633633,0.06022337648248283
2025-03-24,1.0947654020376072,-0.25388552793647373,0.6903102950444716,0.6641119921837741,2.085066306112862
2025-03-25,-0.2975549671159614,0.30304160503354693,-0.03307447046966043,-0.14475814559549766,-0.35885567714721234
2025-03-26,0.15703558982284496,-0.1423715592870723,0.6375940847454573,0.5309186416009758,-1.5938298535184001
2025-03-27,-0.24562838289675912,1.3286942216804267,0.1612923979706503,0.19680716433131049,0.4011266312503465
2025-03-28,0.21265989878757813,0.8763674955597538,-0.42905322311159394,-0.605676289233044,0.058205519859636505
2025-03-31,-0.5297147516115664,1.1772419652945902,0.9657172196329095,1.939275596710109,0.07714644222276466
2025-04-01,0.9993849068521742,-0.1390149185965802,-0.28968054645612057,-0.2789186636090533,0.09823166035536442
2025-04-02,2.7324848342200068,0.6251379651570487,0.37135802616584324,0.39237570697278373,0.11865796688089633
2025-04-03,0.9576017264851262,-1.4435531400432295,-4.829768484934548,-4.603193539968109,0.13544410669636836
2025-04-04,-2.355182327626911,-2.953042797206957,-2.736987173813728,-3.2826865778892347,-1.7084067678331523
2025-04-07,-1.4628751903933823,-2.1006053209293243,-0.749473980904458,-0.7084998150188639,3.8658288101348157
2025-04-08,-0.9913967601274369,0.4249418687151621,-0.758525838159134,-0.6071360554763879,-0.3838738163239115
2025-04-09,2.18179974864411,2.7472267807854625,1.2493306288645865,1.3586165377507537,-1.0977050262518153
2025-04-10,-1.0484508405282227,2.5458970347800087,-1.061552544772688,-1.1416443372543121,0.8642540047548923
2025-04-11,1.2193417338674448,1.4505772488541009,0.6576101974071848,0.634323067636069,0.4294555416127452
2025-04-14,-0.7599122879884725,-0.33632736852381945,0.02250175759081185,-0.004289726363704583,0.5484298267476387
2025-04-15,-0.7489325886784515,0.2362363732300619,-0.13084173233598154,-0.13540186350360972,-1.0660510901312037
2025-04-16,0.26761873613851767,2.1818993362402255,0.5968929493648236,0.5932955461282199,2.600491652953598
2025-04-17,0.7987181230725215,-0.2856154382141687,1.1191679349566732,1.201652500419359,3.503651424010279
2025-04-18,-0.005707570486297853,-0.044336402225659835,-0.004253999402857364,-0.016624256009877998,-0.5094700744324324
2025-04-21,1.2907206523340424,1.772174348250782,-0.9854064104884623,-0.9789820880809781,0.018128991126476496
2025-04-22,1.3667441263143285,-0.06489467948468501,0.608375780322895,0.650150794253868,2.594331344116529
2025-04-23,-0.5467039421668933,-2.2371700377909436,-0.8159179417918263,-1.2251649690072142,2.11405054146789
2025-04-24,0.748210913755299,0.8636974544770668,0.20913546520349055,0.23975970011891126,10.626597935793896
2025-04-25,0.6720629143337954,-0.8578051805446857,0.1460575837050698,0.10333594328151156,0.8184773621470003
2025-04-28,-1.1541563873411131,0.819948635960549,-0.6914272837462978,-0.6433807100566115,0.2817274660329037
2025-04-29,-0.21376309600897214,-0.24084624550704054,-1.13969824388995,-1.0847185771394747,0.47833141398051093
2025-04-30,-0.0663092682075788,-0.28858660309629486,-0.8353474399756748,-1.4271200449644843,0.482606450121515
2025-05-01,-0.447858190295005,-1.8139128804605908,-0.7577131608869656,0.5418040729838061,-0.31922242189649963
2025-05-02,0.42384936955321545,0.31551651234749584,-0.6648307131674919,-0.5918602026634955,3.4900322367536765
2025-05-05,-1.0873124744988372,1.4680624510884284,-0.8439740633954237,-0.7497514656478543,1.079798071518577
2025-05-06,1.1962469674305871,1.7601689342370332,1.3234678616026334,1.1287182633517387,0.7982084386238796
2025-05-07,0.6191548846649567,-0.4540627983417326,-0.758933351858668,-0.6221132872841434,0.6689630204312802
2025-05-08,-0.3712621297592689,-1.4575119331662483,1.1845901075898333,1.0434805150358328,0.4982559230179545
2025-05-09,0.32112808121214925,0.5714737695686786,0.7048066026860045,0.6241176992644246,0.8303513612619811
2025-05-12,-0.14446345095556862,-1.9877973555311321,0.7179778909291552,0.5210926566544621,2.470177796356111
2025-05-13,2.293025449832772,0.2502045451631404,1.1418993818915792,0.9994142369962401,1.8727149386220794
2025-05-14,-0.09998039289377138,-1.0537120387749495,-0.38281286674176346,-0.33152998322443866,0.39542589884937146
2025-05-15,0.3085195431580076,0.6334943203702498,-1.1626763486462035,-0.9985427858515079,0.0059371307225155445
2025-05-16,1.5620489590538054,-0.7028571681414688,0.5423225686829916,0.474421555468463,0.7650879623466879
2025-05-19,0.17537672299530238,0.8008895067266559,0.03830440559174658,0.09438052483099074,0.8992199858088219
2025-05-20,-0.24541302327536538,0.9240639815157013,-0.1592486442296898,-0.12378088605548065,1.5667974441819872
2025-05-21,-0.3867477799578992,0.5134256773662806,-0.4228991925695667,-0.7390614426013227,2.7057681814772083
2025-05-22,-1.118033033340761,-0.31837723283494834,-0.4467872257453487,-0.30922209239542964,1.032772869551539
2025-05-23,-1.369443966499252,1.2496145273578207,0.21180357023919,0.19157444618804,4.7797498427205225
2025-05-26,-0.02337748562716477,0.011687568462041834,-0.059763977883231664,-0.041377301906982134,0.9415266568275122
2025-05-27,-0.08090061913955274,-1.1943611519230555,-0.6742727023895737,-0.5656698417380808,-0.19790484397199398
2025-05-28,-0.3048289142839354,-0.17419015652207828,0.6568385322116935,0.7113117635360766,-0.04443117227621341
2025-05-29,-1.5365796925987074,0.40230089166140665,-0.7465863487697613,-0.7763129585276297,-0.15147126120726462
2025-05-30,1.9179161196113317,-0.5550577455264636,-0.29716382386262363,-0.17850346351676014,0.21425805790538033
2025-06-02,-0.8460565110102711,1.5173432980591435,0.6123398524446552,1.388237800969486,0.26931993429897316
2025-06-03,0.791829888825625,-0.35091619373074584,0.8983183337492673,0.6783656513259014,-0.13901544820941333
2025-06-04,0.4500972620923483,0.3840595864862745,-0.7683764003002054,-0.49137314898053036,0.4320464774685991
2025-06-05,0.32672259049987384,-0.44790149457327105,0.39242634071579724,0.3672607340543266,-0.7274378796415186
2025-06-06,0.4681086390138055,-0.5913210243010174,1.0208673628050307,0.964465889331375,0.2001469663219445
2025-06-09,-0.23257693832380064,0.13087215753269643,0.5015234035682962,0.5466177232444127,0.011153352442754826
2025-06-10,-1.5879919792206123,-0.2556930608849383,-0.2023909100682767,-0.3052854458961511,0.01563731023906271
2025-06-11,-0.17432280245674103,-0.03687184390547959,2.7395703232025945,2.622420827926974,0.021876104445721137
2025-06-12,0.8533801251598113,1.207251139217963,-0.3327731136860844,-0.09659517985544233,0.030474842264445058
2025-06-13,-0.25670992758674704,1.0127411815674254,3.7723356456494463,3.683384135970002,-15.96904962871294
2025-06-16,0.7296934656465389,-0.6895079381013458,-0.5362140625558537,-0.7497721542156718,1.0503634769049042
2025-06-17,-0.26328092863828534,-0.2595033577044518,1.7727562544024777,1.7921040314495391,-0.204134974186645
2025-06-18,-0.7692759413575327,0.021161526597149823,0.11137926167111861,0.15237319819445982,0.004823939514209394
2025-06-19,-0.019831831542855862,-0.03644496480651312,-0.011865128117940457,-0.04030136810673792,0.006775796236144469
2025-06-20,-3.883736093971765,-0.5088442839051444,0.12842411455550332,-0.1778254255129142,0.009513471858306274
2025-06-23,2.0784680049908903,0.15494413762040538,-3.344788888415173,-4.475181121708889,0.013346397784932662
2025-06-24,0.6469194592152089,-1.4018708231647143,-2.01454771417736,-2.048577350674306,0.01869372558767592
2025-06-25,-0.942258162952548,0.1333988589315189,0.11958002298438783,0.1807715694135096,-1.9567160206470808
2025-06-26,0.7250189508658151,0.11489545280564292,-0.03341590199891266,0.11799145444537801,0.9740654541610146
2025-06-27,-0.3505317120934148,-1.471320886650421,-0.009683993582305738,0.10512231130143218,-0.1795853244607669
2025-06-30,0.3203924267136113,0.40623766049656257,-0.10627672283586498,-0.23824211983123972,0.022784347619255556
2025-07-01,-0.9881071565499521,0.9987551077329255,-0.2794531456947213,0.14443833353846847,-2.8200583133635457
2025-07-02,-0.29170664654784983,0.2603495605217907,0.9628910088904454,1.0801347160157342,1.1157159412072934
2025-07-03,-0.37433247798773917,-0.43134874357901176,-0.17601153103387215,-0.2679496842208231,-0.2099815812410015
2025-07-04,-0.015551537261510009,-0.036406803274341475,-0.29463385371295975,-0.3294556598373521,0.018896437694498273
2025-07-07,0.2820690828637466,-0.05235731888356406,0.6595389020327558,0.8041289772489296,-2.972413438568804
2025-07-08,-0.369824698834943,-0.6978550905459457,0.28685557258533667,0.2108978085692901,0.3979858084363499
2025-07-09,0.8495067832582981,0.05095207058615951,-0.0007429081643356227,-0.006338718245243638,0.014487373536424751
2025-07-10,-0.9285303322850245,0.11152872906451906,-0.9876031412796338,-1.2686471823282355,-3.806966278054036
2025-07-11,0.2817006080706126,1.0039236354661423,0.9793325462764952,1.1193736885030252,0.3993780737681047
2025-07-14,0.3283694185139439,-0.13259648574910388,-0.7389865725284378,-0.9371483727164452,0.008860575886868045
2025-07-15,-1.224873845312197,-0.6456055143937879,-0.3552899739734386,-0.33005548068660884,0.012433175409121967
2025-07-16,-0.8277122056277926,0.557719103979886,-0.1897612625454641,-0.1320450411092041,-1.9477253007512119
2025-07-17,-3.6434915625140865,-0.3746933331492206,0.6159418310566853,0.7176963331326225,0.37688973375409063
2025-07-18,1.6025252105300867,0.30269969979370975,-0.20368397023210355,-0.16525780950733052,0.013902533793613355
2025-07-21,1.0958478154645894,1.3591483853483604,-0.09457500287903975,-0.14498736310709903,-1.4409220353614145
2025-07-22,-0.0242468651265377,1.0088731878311608,-0.5223826193224865,-0.7805565717264032,0.3575263866794246
2025-07-23,0.8548860251579332,-1.2243251667967052,-0.1281678276734442,-0.7584234066251144,-3.6476080268666125
2025-07-24,-0.9494893368659068,-0.7202802092383018,0.46459301622569676,0.503903130547027,1.656820683048361
2025-07-25,0.5999588070495434,-1.102645802712174,-0.6537199559965464,-0.682855767202671,-0.30721599204446826
2025-07-28,0.5547083614832377,-0.7914121942976337,1.2498905454455742,1.0712539269242902,-0.7961069538620434
2025-07-29,-0.9071965791585488,0.3342106948741386,1.8857933025621991,1.725601718985881,0.27305045686917545
2025-07-30,-0.10619142973990768,-0.8442497325991272,0.5138357178620234,0.4974698185354745,-0.7639581149644055
2025-07-31,0.9546077471778271,-0.15847104320839617,-0.5276538423585944,-0.5392133456763002,0.2713823954732163
2025-08-01,-0.8460123888269593,1.5789922747077392,-2.2224188332170804,-1.3900634847110733,0.015272454282029486
2025-08-04,-0.43088129389639074,0.7490339237396406,-0.6830808789781322,-0.7298564105560913,-0.775234110610614
2025-08-05,0.8132375342202804,0.1836767560061116,-0.8415848636153063,-0.7795756479869371,-3.110068867075254
2025-08-06,0.32707982989560386,-0.09839297978065391,-0.5856979206503389,-0.5694828807924849,0.42998463174470486
2025-08-07,0.5290419583228249,0.5296523336325031,-0.3971296230864495,-0.35270180095816256,2.2328737068236375
2025-08-08,-0.3764895907973849,1.0850846048534704,0.04941547487862967,-0.04559205161928614,-3.271625266237747
2025-08-11,0.7724729487297524,-2.4625559538604977,-0.026449425092986565,0.013167871341858609,0.33844216570290037
2025-08-12,0.039368799818270475,-0.2483261318890764,-0.4555969100628719,-0.6488850077757189,-0.42902606671948373
2025-08-13,-0.7331239887592563,0.2212571350438865,-0.46514635900918394,-0.4517417355877613,-2.023376453089097
2025-08-14,-1.1467528868992976,-0.7191594232359765,0.933045349574214,0.9543862040575063,-0.118610092283519
2025-08-15,0.011267636816177354,-0.05327878265596648,-0.8699054617743507,-0.9260451354637242,2.4374762121977946
2025-08-18,-0.6634826317312805,-0.18157061178092018,0.5645900003423607,0.4029434984266499,-1.7254614356029616
2025-08-19,-0.14285401841396167,-0.6180031322477701,-0.7501349877520042,-0.8684974704713132,0.2731149362066156
2025-08-20,-1.251564599261839,0.8519808103652573,0.8327063976735447,0.5876131115103114,-0.15620666273818246
2025-08-21,-0.9364277671565088,-0.22270527256945316,0.6515224084822516,0.19916939978708548,-1.3357904963652028
2025-08-22,0.5438114771473094,1.1006490574552596,0.01960931887731439,0.06650299526907615,0.7806044168834961
2025-08-25,1.3954354631364871,-0.03400456059090112,0.8916791115842418,0.9060876050747048,-0.6506141660124993
2025-08-26,-1.5716762134157407,0.3978631885965594,-1.4439847372335513,-1.3477157424964419,-0.16050709282649422
2025-08-27,0.7116555480725595,0.45471441778005517,0.6173833299943298,0.63293775676574,-0.9464967383809939
2025-08-28,0.01770242253647514,0.8066304034384559,0.4101702907252745,0.31443379794309456,-2.694457975883229
2025-08-29,-0.3998859645060122,1.2589659529124868,-0.47164140345873556,-0.5290046428291187,-0.585610019037879
2025-09-01,-0.017320818109177294,-0.012558907500182622,-0.06475279289496604,-0.05759299699022997,-1.2035543129496709
2025-09-02,-0.8580373569091764,2.1979212173900016,0.849220713688978,1.3059502866411157,-0.5741153408786784
2025-09-03,0.19823754102913746,1.1542412761221992,-1.4505580326011254,-1.3973480694045468,-0.7997408500885346
2025-09-04,-1.1199866961454958,-0.7028730773341901,-0.599783563157156,-0.44536178796115566,-0.02135392782833695
2025-09-05,0.7077256265367436,1.1376466619956458,-1.4172328993256038,-1.3405599199154583,0.06798050869119338
2025-09-08,-1.0563039666640295,0.6087036335037072,0.34312903203136297,0.2273743810217247,-1.390505822398389
2025-09-09,0.562815842128268,0.10159585809685355,0.24536977270035437,0.2435286172983102,-0.2660777027560581
2025-09-10,0.3494963324673091,-0.03782911523752184,0.915062453926557,0.7887183755031463,0.2649984965839953
2025-09-11,0.38472535727213714,-0.22365554428405965,-1.0198941460226019,-1.0943312983739193,-0.44846922118678656
2025-09-12,-0.5880881564050775,0.2705185976586411,0.469370174723471,0.18621239873377135,-0.6726188615608202
2025-09-15,0.9323980451766458,0.8298727454293512,0.3275113386599448,0.44614650972080666,-1.3057589902776903
2025-09-16,-0.7186190423925856,0.15377019095968048,0.8731151556394201,0.9588837959635037,0.415583690582338
2025-09-17,0.03914327040587438,-0.23762885327896008,-0.5032580595661653,-0.420684818270727,-1.7088387483062206
2025-09-18,-0.6852395330998933,-1.1075172431843232,-0.5270815148520517,-0.45762953162640346,0.36325384048036513
2025-09-19,0.023683706294135846,0.6779417405347236,-0.7976472885165502,-0.8159280457177366,-0.6009547846334303
2025-09-22,-1.3325803273860988,1.867705005593835,-0.19243873563489852,-0.09378487326809186,0.23449699207812136
2025-09-23,0.1287741240894699,0.997728965562672,0.935569768189917,0.617095251886726,-1.4592079450098372
2025-09-24,0.25002126524828017,-1.202961787514796,1.526875152664685,1.3354688175993572,0.3548792486930575
2025-09-25,-0.6062390083233189,0.027369035593820524,0.0784969802091377,-0.042126295876477655,-2.4380594104064692
2025-09-26,-0.104727805916399,0.9159804579287297,0.600307789824623,0.5992612036728255,-0.8243746779817537
2025-09-29,0.42762405387565,1.1039556044227652,-2.0518859374071687,-2.1246521665663813,0.1418950228597274
2025-09-30,-1.2716453804774577,0.464053542285698,-0.8520190493378695,-0.9179301183745933,-0.21691670438860772
2025-10-01,-0.4088204835702573,0.6085942247738526,-1.4748761904175642,-0.5067356867383197,-1.2762330189184012
2025-10-02,-1.0537493130971305,-0.7017552250121222,-1.063525471932226,-1.0654404999535183,-3.525859115727008
2025-10-03,-1.6390457526912845,0.9333543020328662,0.23171620425288803,0.24002267100746447,0.4351637580565738
2025-10-06,0.4878669895592348,1.606535695686241,0.6819463411843935,0.5845099564774054,0.005798566411040174
2025-10-07,-0.5973468403099745,0.6312821522188159,-0.05069060388458392,-0.006233670399878928,3.5853812530667475
2025-10-08,-1.0610232296605286,1.4524572563238083,0.6180596349757326,0.6340102560325259,-0.36220574258926175
2025-10-09,-0.35176075990000477,-2.0579631038657498,-0.9198104639348161,-0.9285111788631437,1.40061499019747
2025-10-10,-0.6097946413939231,0.5059257194675403,-2.217472300058683,-2.2576098994235734,1.3502361809065322
2025-10-13,-0.1835995322609689,2.7357952591498362,0.3346647252141082,0.35081310498090645,2.6719156078161577
2025-10-14,0.46224972596881503,0.5522212215630622,-0.7815733750947942,-0.6202122026181036,2.516817964601427
2025-10-15,-0.5828577696654828,0.6295446206386324,-0.4317592081350486,-0.3700813566745362,0.26039126777120086
2025-10-16,1.1292695431381499,1.7266822761932696,-0.7607913718648055,-0.6717695128696677,2.82223575396891
2025-10-17,-0.6074713662492315,-1.3977424560898162,0.1147414993587811,0.010254991883524077,-0.5194205594384834
2025-10-20,0.0023286721197010246,2.2046747189212175,-0.30174331976126234,-0.060771136690155034,-0.37835516725991625
2025-10-21,0.09070274992202905,-3.452010076224834,0.21392377798848433,0.21122291318581,0.4007399148442157
2025-10-22,2.3824835351093525,-0.7167991545064757,1.0848022680350609,0.5661071977095429,0.09666105988431017
2025-10-23,0.2313354841525406,1.0437882736961022,2.8941330214170407,2.899296006535616,-0.8146536856354892
2025-10-24,-0.12967809719402482,-0.08580634689185371,-0.017725921175345646,-0.2330840099367652,-0.2357428751017147
2025-10-27,-0.8190927689831912,-1.6294454522138249,-0.23734103120680955,-0.20371332547983229,0.8564017564566361
2025-10-28,-1.1102743825084573,-0.5813428038561138,-0.9677381271521496,-1.0341020963330279,-0.9549689692798609
2025-10-29,0.23000755737244546,0.20040595381608023,0.31320988070851935,0.20644976960872038,0.2257432842131061
2025-10-30,0.07002155760872761,0.23164179879893101,0.0014419462842711456,0.030806625173301426,-0.9719879761178493
2025-10-31,0.5568963892980162,-0.30445479830587624,0.008867749105683585,0.3156243448985625,0.29891727250321365
2025-11-03,2.4270838868541813,0.23001322137234795,-0.2039339812796439,0.015852252230196897,0.007119861663079172
2025-11-04,0.21992607151302435,-0.8354672662128018,-0.44871061792256245,-0.540752868147271,-0.7075517600497782
2025-11-05,-1.133859002472572,0.4497310175431137,-0.8912930162638998,-1.0212355829022501,0.45892387202392065
2025-11-06,-1.2218282334544348,-0.02264007138581334,-0.20818062486168382,-0.22867256448451878,-0.06631816710583519
2025-11-07,-1.0307226925657123,0.28052724386518235,0.15160417587079963,0.25553040864846066,-0.34214903832271887
2025-11-10,0.49907367874972114,1.8007781674158172,0.34497858727101127,0.3329563989205751,0.17404984341526145
2025-11-11,-1.6616594140763983,-0.048770102427744315,1.0019967648624715,0.8962179932053334,-3.862056037153894
2025-11-12,-1.296449713536292,1.4274757683112,-2.39789249249841,-2.75187211013596,-0.2174277394576733
2025-11-13,-0.9075076823544631,-0.2330064235784043,0.15961637495604145,0.09100624314268782,-0.017692304085561685
2025-11-14,-1.3468726902436612,-1.50703955877319,1.0402824381295834,1.179604386960911,0.1524835852146622
2025-11-17,-0.18234826315658983,-0.37241556182925795,-0.18064177246987873,-0.18661318144758335,-1.0768187642040594
2025-11-18,-0.03242745325271004,-0.15119101289757342,0.5318156624238349,0.6829514152102758,-1.663343086653351
2025-11-19,-2.293322775340354,0.21815407096745695,-1.2312464757031114,-1.2213020540252106,-0.23608317157563383
2025-11-20,1.118564832274694,-0.364652027688603,-0.17838098032389207,-0.31916889922434233,-6.082405255109067
2025-11-21,-0.1721182508195593,0.2813322666497888,-0.7915837689984807,-1.0082632806839813,-0.3397784697435739
2025-11-24,0.023080614084590497,0.22637833238868257,0.6304509172164456,0.5961432396863202,0.32001025894130464
2025-11-25,-0.6622184197483376,0.7634618790635486,-0.8480314313189563,-0.807848311473483,-1.0063185258113307
2025-11-26,-0.06608138553628616,0.42245277532994774,0.5136769257852217,0.530785673470081,-0.9699595166859416
2025-11-27,-0.01819283026677286,-0.022832736461907675,-0.06175839156203997,-0.040053131740175094,-0.22250759251966923
2025-11-28,2.9099734303158984,0.8688484586584214,0.01273385687085914,-0.14276235068686258,-2.237013889124154
2025-12-01,0.3214505827709138,0.3471617648765108,-0.09249553036951828,0.6758653824468399,-0.24372680232522673
2025-12-02,-0.3529442255879935,-0.9356233878214953,-0.7883030574871018,-0.7006736265342471,-0.9132153598228033
2025-12-03,0.3052913151943543,0.15104295506678447,0.13881310902685368,0.2315644973760755,-0.4250330993407737
2025-12-04,-0.1337276983309279,0.19025665000684858,0.5294803981245072,0.6572466960239022,-1.30121705139289
2025-12-05,1.2918814126094644,-0.01364238623616127,0.45411494963065696,0.35997751802591843,0.4205729080633294
2025-12-08,0.0237970503548538,-0.5199946876516979,-1.3890056027126376,-1.2962309986277916,-0.3922912687090956
2025-12-09,1.076749565515951,0.30978058799788566,-0.6384186469353884,-0.676567727306979,0.17742548788420198
2025-12-10,1.9394542494167246,-0.22942796653271316,0.17561047696529658,0.13776549599579066,-1.4185228537385437
2025-12-11,0.35401517314091724,1.6839863587818438,-1.0511584628549655,-0.9181368336808681,-1.2846331120461296
2025-12-12,-0.06144393619362147,0.277078370292912,-0.2473005165856285,-0.22054514493046865,-0.4613171812908812
2025-12-15,-2.2715738548963174,0.08728257093094756,-0.6848548806049984,-0.685113496616709,0.36416138546365556
2025-12-16,0.9307543593199746,-0.08032822472711294,-1.8694772819735934,-1.6328990787917879,-0.7218380651266768
2025-12-17,-0.11686151491227678,0.7689645294840199,0.6293977793338565,0.5358565610034792,0.2784949087629328
2025-12-18,-0.26027294174266874,-0.1673958576781816,0.06375763136453068,0.152299237264212,-1.071967522034325
2025-12-19,-0.5221876184317484,0.3707096567755269,0.6008460866879244,0.4417628215703304,2.3463790597470178
2025-12-22,0.2207931807189573,1.5756734736003262,1.548540264462398,1.2748773465381384,3.9586991730742374
2025-12-23,0.39422306105157207,0.6963859567522496,0.26916558767850945,0.3149115880354447,1.17793063161169
2025-12-24,0.032684057186277884,-0.05945950429192914,-0.16642935559446478,-0.07941242369668285,5.49925164715541
2025-12-25,-0.01668476055816284,-0.04605335391294095,-0.06336855620380671,-0.058379330478703056,-0.5331090667572421
2025-12-26,-0.09445107018040794,0.8593297556893879,-1.7261590000682865,-1.83517962415608,0.0023950968357873774
2025-12-29,1.6807331878302871,-3.872388791121688,1.117324145425788,1.1993818790064603,5.457163444112636
2025-12-30,-1.0135392396547396,0.6138446492067646,-0.07736342861977151,-0.1544707071774863,0.23161155126934355
2025-12-31,-0.01352289202983144,-0.7853092517430007,-1.0582523814986966,-0.5713888070363686,-0.3073313733499975
2026-01-01,-0.017130709841947443,-0.0685606930194244,-0.08114356813483052,-0.06095921738570238,0.0017797531164360336
2026-01-02,-1.178849507091734,-0.2448254632906986,-0.17599990188569972,-0.15934737481028713,-0.46494121215681045
2026-01-05,1.2050364338305384,2.180665856594416,0.934107383596709,1.0005470141307422,-0.9781875216289817
2026-01-06,-0.7300671056936259,0.7494557699394157,-1.0954120287935345,-1.3017827528933958,0.16340389652544532
2026-01-07,-0.25716051644997123,-0.5366354472306784,-0.7897815399638933,-1.1947273539319898,-0.7339304098236482
2026-01-08,0.9546017603184146,-0.051140150061549726,1.8658230396405184,1.5469274387529315,-0.22163292610835483
2026-01-09,-4.62730077754556,0.6311052693158126,1.1350413731308813,1.1363732981122443,0.22155160440651564
2026-01-12,0.5108221946746723,1.8496127170429428,0.44233243960459084,0.2857530842375174,-0.3084808410710679
2026-01-13,-1.2805224111476443,-0.2028769508973364,1.334572992549651,1.3712001647235699,-0.4893269771592943
2026-01-14,-0.8266329883009396,0.5177831303016743,0.8308178007247414,0.6844603839475989,-1.044142447521804
2026-01-15,-0.7873482635428097,-0.17208102667032393,-2.314893298742074,-2.444464630880379,-2.016403832105149
2026-01-16,0.6638328086229892,-0.48353789626178373,0.18352526984386297,0.10790693114400625,-0.11470123300143424
2026-01-19,-0.009917329891034526,-0.05547286024937273,-0.07600225754563465,-0.03986665121456565,-0.523622234582381
2026-01-20,-2.8232123820775397,2.719070278789794,0.5460473541466762,0.6602441353712568,-0.16486457124483767
2026-01-21,-1.3577930832710745,0.9921158782087992,0.2046497924784065,0.1862198834582025,-1.080870281533697
2026-01-22,0.11596273514213365,0.9825636604344198,-0.9833230321621685,-1.1075426475345693,0.3843804294107826
2026-01-23,-1.8889319727022962,0.840854455312506,1.3613014234628598,1.2891305388693064,-0.7609989897835402
2026-01-26,0.9930584412276029,1.2628837709172196,-0.25797722421288716,-0.3637706576095021,-1.3976560241564109
2026-01-27,0.5671822211776201,0.01252117613321057,1.4943684783738358,1.3161987596977072,-0.8719635658997509
2026-01-28,-1.979872404162603,2.5783160029203906,0.577390633872176,0.5856453080822842,0.42750010624778834
2026-01-29,0.15972653444563903,0.21288443201759524,1.668594184718259,1.6174684576106226,-2.551534344479957
2026-01-30,-0.09792734688577216,-6.421833667742182,-0.022087900206409772,-0.17118941620323389,0.3927187836739444
2026-02-02,0.3064294050007023,-0.9697566393406505,-3.2217896287882466,-2.3867851841424104,-0.5253650833764473
2026-02-03,0.6284612788203063,2.3400488359813774,0.46169006480691743,0.6087512348525705,-0.43368918159691144
2026-02-04,-1.566254575394401,0.17337805242035423,1.0812391303085207,1.1932151322032583,0.281789231832792
2026-02-05,0.868377328185424,-0.451788351992521,-1.0363309500708298,-1.1840698257846247,-1.0903696319801117
2026-02-06,-0.09392111686009083,0.6409696634334776,0.2284232790414019,0.10320335405595668,0.34222017909411423
2026-02-09,-0.716389787022783,0.7473211855827084,0.49989148088126756,0.4730925508776817,-1.3013192264374476
2026-02-10,-2.340049692509132,-0.34574208072582313,-0.1634990220537758,-0.29330289950158384,0.3652397182432528
2026-02-11,-0.3701227108429066,0.4826930794566814,0.3221441805229893,0.405116964030752,-0.9106506919687435
2026-02-12,-1.0755870237945906,-1.1551531366600698,-1.2231291936726865,-1.30134131174388,0.21874373266597064
2026-02-13,-0.4495327747834673,0.7155195235003181,0.0797354494377902,-0.02330320776323578,-0.08822159995992455
2026-02-16,-0.018301311610543824,0.005608980633498052,-0.06263826779987172,-0.042088242299740494,0.023094852112055825
2026-02-17,-1.7635269086912393,-1.1591811239118566,-0.2672525299866884,-0.4659635531881123,-0.15027003069481668
2026-02-18,-1.482450078313351,0.7962991878367218,1.9499000231123957,2.0828998551497198,0.38055426502208667
2026-02-19,-2.5415945889948706,-0.07962804350767588,0.7855353468711608,0.8232423452478485,0.739303013214211
2026-02-20,1.0348656079974163,0.6710316571525464,0.06199587774044688,-0.05858784828591803,12.409719064538233
2026-02-23,-0.7227967249928368,1.198969985006677,-0.20689329654173513,-0.10403432303388473,3.5508775404511113
2026-02-24,-0.08736784664175427,-0.3717233609144924,-0.5370423035596303,-0.5683431421305846,5.507800603347677
2026-02-25,-0.40889203421473747,0.37550058529258606,-0.009899029710784515,-0.2167549733465781,-0.5352299714595753
2026-02-26,0.15243409716955048,-0.25635529525596185,-0.1332697290769507,-0.2204890328068721,-0.08583285731613928
2026-02-27,-1.846492730797493,0.42360690819335955,1.2204621995112164,1.4285563685246656,-0.16163240678586316
2026-03-02,1.3410086188447106,0.5347635337593885,3.611962284361418,3.174243283044912,-0.4778681142998334
2026-03-03,-0.06299865580191406,-1.6351498968742426,1.7895431556625783,2.0868328773839386,-0.14330085957679048
2026-03-04,0.4143539138874785,0.032354189292013134,0.03690597401258374,0.04369695862569816,-0.19851161957012817
2026-03-05,-0.06118729197523881,-0.5190427565670168,1.7945236719306772,3.6820297917287848,-0.6358110284073536
2026-03-06,1.7126702627337678,0.7028332999907716,2.875891923152075,4.453089012306466,0.3013401601793134
2026-03-09,0.5412480569528778,-0.5057933736863262,1.9255360674764637,1.3222367964866704,-0.6099875121762808
2026-03-10,1.4148078420247385,1.2524290519923158,-3.14698997678516,-3.9464300431894026,-1.2133331240781904
2026-03-11,-0.1665090620848804,-0.5463115854590667,0.8501280906544676,0.8912858227365955,-0.8321646578494519
2026-03-12,-1.029557041858186,-0.5280863811348683,1.704644269743014,2.025873339754997,-2.9366771578525444
2026-03-13,-0.18621106109434926,-0.6537767292523793,0.5242135000771332,0.6494993842961434,0.4452958142270318
2026-03-16,1.1005040732643967,-0.6299279581412524,-0.5479478344315475,-1.1976245808503334,0.09713073597909912
2026-03-17,0.17959420284783123,0.02316771618570257,0.6170166426473377,0.5571698725538835,-1.4890492478858586
2026-03-18,-0.8162708924462456,-1.1944905613817143,0.7758449736583107,0.012687970104275796,-0.3720483459528324
2026-03-19,0.6258174557420874,-3.266858484474396,0.260926850961946,-0.06663881304002822,-0.6285381237626151
2026-03-20,-0.7072125080999108,-0.44989934488721117,0.7286889827133736,0.5457069024402148,0.35102172449222313
2026-03-23,-0.730946102750595,-1.8768626944209459,-2.734175629190616,-2.9302538934542537,0.02015632046134575
2026-03-24,0.5062032488357303,-0.14286127337765833,0.7620274904335836,0.9151527414006778,-0.9778091101346966
2026-03-25,-1.0041083132163329,1.6569651074544072,-0.4532771971202208,-0.47822265978006867,0.32625951351931737
2026-03-26,0.2832291609217369,-1.8103157071618021,1.0692174443881521,0.9564993631953786,-1.247095827942639
2026-03-27,-0.0029771001392840377,1.1372071140493614,0.8164357881916146,1.1814934613584216,-0.6999456157605821
2026-03-30,-0.11643047439056829,0.3618611749051326,0.05215609896402663,0.7161248058378668,-1.9450007651089358
2026-03-31,1.4353167228408141,1.2228447907515612,1.030215540096995,-0.35532839993678955,-0.10391851109558273
2026-04-01,0.42463305576818755,1.32434157116746,-3.4208931971222047,-0.3330794458857158,0.0749565496199007
2026-04-02,-0.9829959553635708,-1.207991858302991,1.0768479916620102,2.7163573982901776,0.12131825370111406
2026-04-03,-0.02338273336816823,-0.06688383674431221,-0.031699002620088304,0.012892380940206342,0.0514204106756498
2026-04-06,-0.11629921356580808,0.027066851027893704,0.11130969768610184,0.17100943615432582,0.06899431523762184
2026-04-07,-2.1962741509851718,-0.020350384131878774,-0.09300932335798007,0.10599216674047206,-3.094082747993528
2026-04-08,1.6921742312704375,0.9076265912252987,-2.5661875611618976,-5.205499174958517,-0.8305466819163796
2026-04-09,-0.33247916271463135,0.4298889574114747,0.11701656956082011,0.5627518313813817,0.43974117145124575
2026-04-10,0.8023142763769765,-0.3162678061156697,-0.16064028171751812,-0.2523930556808152,-1.6165396873080355
2026-04-13,0.2988416074684544,-0.23916124501404534,0.6622433333444997,0.4743967449390944,-0.18327176859513175
2026-04-14,2.5787535742845904,0.8334944052546089,-0.7796970731845471,-1.690575294824947,-0.6747817664322384
2026-04-15,-0.6567396603470059,-0.2582637754728085,0.0023890849317623392,-0.0368941495812338,0.156503427492525
2026-04-16,-0.9627086105745183,-0.19357445117712183,0.7811776400458766,0.7116940806755118,0.04284576210057987
2026-04-17,-1.6499594594846516,0.7525546526320005,-1.7354206294250898,-2.538829413753793,-1.9709059967122928
2026-04-20,0.9785028219606892,-0.5577738014470692,0.8746352595127131,1.083114743193862,0.4292073019510911
2026-04-21,-0.7009831040218506,-1.2727631362682497,0.5015612720089956,0.48040065667089876,-2.1474609121892505
2026-04-22,1.0425189746208596,0.31921819881688285,0.6173243758677863,0.1543077313062311,-0.7971456229379672
2026-04-23,0.2547500166928023,-0.3362199475521707,0.5671368399266723,0.5912706272140767,-2.0620224488579124
2026-04-24,-0.18793040580212603,0.1636413993360674,0.04999358198963079,-0.3285741813538954,0.44089708363586055
2026-04-27,-1.208102462592267,-0.5982266843664469,0.5406099601205075,0.4251608856113514,-1.8393579885624327
2026-04-28,0.7724262714136788,-1.113491009780613,0.5739295754614192,0.8219520978649832,-4.00279441891525
2026-04-29,0.26235227831861446,-0.6690322724466908,1.297962984672864,1.588185031054828,0.3244747605166044
2026-04-30,1.3993459908476746,0.8603261173027957,-0.7414128952946876,-0.39874166727494814,0.07802411161630231
2026-05-01,0.22549003458600927,0.19660522549475495,-1.1886131477952753,-0.7604047557486832,-0.0008854238893947798
2026-05-04,2.379548347416994,-1.5072705192766647,1.1681842306740906,1.000944121907945,-1.7186136631307312
2026-05-05,1.3721826404767292,0.4060821638046329,-0.9053711511066743,-0.982061303206328,-0.1081556969594671
2026-05-06,0.4131842735070987,1.6854910992333048,-1.8133555497911953,-1.7655966904221096,0.12936663383177546
2026-05-07,1.9183234188524898,0.24625451536328796,-0.3051724515362755,-0.10178610695833545,-1.9478007594630409
2026-05-08,-1.5238199149094371,0.2360853617233231,0.19866458152464955,0.12255517123048365,0.3769957913080031
2026-05-11,3.106018126861696,-0.04565085952480106,0.5982817238681527,0.6469592927946938,-0.7237436968655444
2026-05-12,-0.6450456328318487,-0.5780835485010227,0.7553955900944864,1.02701268122029,-0.2737646246739724
2026-05-13,-1.0483787300385916,0.21795529831030064,-0.4664333021508914,-0.30379837212257543,-2.661854715839444
2026-05-14,-0.6832661479461567,-0.2955444012264988,-0.0018216014906201113,0.009717616622780013,-1.9797283347905406
2026-05-15,-1.0995019422260774,-1.7928383194283661,0.8075928244191057,1.168909318684732,0.4484169281955246
2026-05-18,-1.3066221266069555,-0.14256993888264696,0.6641695582432992,0.870706928896105,-0.9496773810004192
2026-05-19,0.6921255462305382,-0.7183911078154871,-0.1992939914471328,-0.2606203027785056,-1.4384850049841171
2026-05-20,-0.11592229154617133,0.31450717062120015,-1.672715659851177,-2.9107393471841703,-0.3325571990968373
2026-05-21,-0.7818196832460981,0.1052146741093741,-0.6764540174882927,-0.5284746377224049,-1.0977811350494548
2026-05-22,0.16846517035703157,-0.32640574348654794,0.18297156311884005,0.033352257152876985,0.2373305951147139
2026-05-25,-0.010536512287348898,-0.04936837404934212,-0.03531309399918381,-0.024662774716058544,0.23167272016553483
2026-05-26,2.3274917250150406,-0.3756815170807176,-1.1814285046929007,-0.8449331506289168,-2.83398842055435
2026-05-27,-0.15658180282117365,-0.9392308628452453,-1.6328684236413753,-1.646813005128548,0.38056933631714684
2026-05-28,-0.2475211138873837,0.8067057001593636,-0.23987890872831047,0.018006508474409103,-0.8713438451065857
2026-05-29,-1.061827071535289,1.0142111177094322,-0.5579777679676992,-0.5025085430708753,0.12775068034443154
2026-06-01,-0.1915489246478405,-1.4201350635372123,0.8612844808737865,1.4574172734070647,-0.5998140140060262
2026-06-02,1.2786477386881656,0.14287741654583025,0.29451573838238515,0.46686619613937846,-0.7666756848988001
2026-06-03,-0.21237102518767403,-0.9316653355779956,0.5673572323406343,0.6653254899997495,-1.2037869485843424
2026-06-04,-0.6594383856512017,0.606052282135873,-0.9408766537709641,-0.9583423466091304,-0.5741357968977622
2026-06-05,-1.3036960431847777,-2.4775388468075064,-0.7056805557150228,-0.825980307677074,-0.07864440468426821
2026-06-08,0.4216450446798026,-0.1434351140968797,0.3420039776974098,0.19880410079502464,0.85143156208556
2026-06-09,-0.008504875008194593,-1.3976775440754436,-1.072448414445823,-1.0693067248206192,3.869675616859979
2026-06-10,-0.4998601016807724,-2.876760010116228,0.5546960802019307,0.550910768835946,7.173424891974504
2026-06-11,-0.33444849649747027,-0.44726150895732286,-1.0809999098181278,-0.8055094752045512,2.2884395877626704
2026-06-12,0.4565069511879126,2.1698026518580003,-1.234203725077437,-1.0102200397140586,-0.5492281862300659
2026-06-15,0.6860981095599482,1.7740462434185538,-1.7106195756285616,-1.4610494305758837,-0.23980009043597644
2026-06-16,1.6774856998996568,0.06372412420884647,-1.6649953193467792,-1.6061594160220178,-0.24202450778879403
2026-06-17,0.012754240025113927,0.3700303905740677,0.12640955965834433,0.1852318509325494,-0.2044376850692985
2026-06-18,-0.01852044461680692,-2.0163672212726476,0.059040400717776075,-0.08324943950827478,0.43273256053495746
2026-06-19,-0.012677214863865626,-0.10165674487042184,-0.02665971539751072,-0.026946288798580565,-0.8244202396887135
2026-06-22,2.298317386676643,-0.6749316112805022,-0.8346007582488724,-0.7127167553146002,0.48647191321986377
2026-06-23,0.11304822533693493,-0.8695761627893117,-0.398563716936816,-0.6679933717575,-0.1906047641685412
2026-06-24,1.8640872459117166,-2.326953665990951,-1.568379929786195,-1.1964972807116,-0.5544813754549491
2026-06-25,1.2181089012243882,0.5290270485039141,0.5784209902100154,0.5654656397217002,-1.3076451602140708
2026-06-26,-0.67280372722154,0.7553725563985078,-1.503427253081533,-1.1047546603972032,-0.28060792668400114
2026-06-29,-0.5872783080124487,-0.9106770392464347,0.44148748464033716,0.5489237044728273,-1.1530299884352195
2026-06-30,0.5023793722222086,-0.05744886386445529,-0.1478226305925469,-0.5237571388749589,-0.24427555894409653
2026-07-01,0.011663949158886853,0.7170136161522613,-0.6576640773037585,-0.41919364343596105,0.28662823454680825
2026-07-02,-0.2927748881187756,0.7213551464935865,0.0589314191533188,0.013447460519498383,-2.395322207468134
2026-07-03,-0.014381404437410627,-0.011281452839320456,-0.04699118570384325,-0.030040537190434053,0.3867512913325542
2026-07-06,3.1082538662042203,0.6720846083691058,0.061797191096801915,-0.1029656026747389,-0.008527647656977805
2026-07-07,0.2667167013985731,-0.17747410555433255,1.136245314091436,0.9545593118227497,-2.0855807803039523
2026-07-08,1.119033438760549,-1.332396315156783,1.9881923598813596,1.5533729396803095,-0.03750941249672496
2026-07-09,1.2702000471116872,0.9555461772361892,-0.7893556769671658,-0.7207298915926253,-0.8640162674038852
2026-07-10,-0.7421453790215532,-0.29280856695865043,-0.16491785067628936,-0.37455896305189457,-0.40860183813785383
