,cocoa,gold,brent,wti,ghs_usd
2015-01-02,100.28401319868283,99.49058745953695,100.51962672408487,100.86204347791052,98.94839006080768
2015-01-05,98.5880294046824,99.5065623961336,100.00505344953699,100.34381375498245,98.1846459218043
2015-01-06,99.38378767687169,99.90674713816558,100.24430044790694,100.96365981495703,98.54067445634179
2015-01-07,98.11645755661701,100.13460492233742,98.98940033667584,100.2132210933144,98.35482891007433
2015-01-08,97.93500839659528,99.7733981083679,99.93553711132758,101.0537931556826,98.17996345418592
2015-01-09,97.4714193247203,100.13291571238358,100.43257204836753,101.73379983257686,98.55659095063058
2015-01-12,100.68728971466392,99.9759273291609,100.07818556906362,101.01347215440086,98.99702632768589
2015-01-13,102.02665477535902,99.96497502223635,99.51319369435278,100.19081483297695,99.27014732562257
2015-01-14,103.11429985973616,100.31991123239963,99.06130592750152,99.84876114262812,99.35883898442135
2015-01-15,103.3793674976391,100.76801465837148,99.37697115126569,100.3829427912401,99.47861912917915
2015-01-16,103.83151936395882,101.20977161962857,97.95734274261171,98.84056679557092,99.12617592446355
2015-01-19,103.16921584961514,101.06092984573519,99.01350608690579,99.57105277156909,99.56854889248737
2015-01-20,101.2093221560616,100.83189745000955,98.92900267583437,99.68937383753862,99.7917160871779
2015-01-21,102.28035120232737,100.67298798672657,98.53260398747075,99.64250956110152,99.68366325371095
2015-01-22,101.34963683403188,100.29763633136297,97.89424338298595,99.14879343203124,99.6067082059416
2015-01-23,102.1725844552448,100.11159958761327,98.03136253473916,99.48007247926589,99.49918956222798
2015-01-26,103.27154265083995,99.47563100725435,97.34882637209643,98.57268540082008,98.14463671231309
2015-01-27,103.72328033218126,99.30352414964219,97.34281273563906,98.68921596448934,98.33448430615701
2015-01-28,104.72498969164326,99.27488692959763,96.98928029083173,98.31995968731235,96.95221254695933
2015-01-29,103.28373226729477,98.67227473004546,96.0802071696827,97.56723801298973,96.16017277038577
2015-01-30,102.93956271179789,99.18564574995249,95.97402319602918,97.65336652459152,95.7332991433094
2015-02-02,102.7696672977646,98.81503147827695,95.67850113198868,97.56610283499377,94.76803289274093
2015-02-03,103.12618136916704,98.92070188273885,95.40085736543817,96.97305685689945,94.78239507097251
2015-02-04,102.46150139560932,99.03397467557701,95.39886128710782,97.54701819184824,94.61507424323639
2015-02-05,101.50252996809033,99.07687901627365,95.47706237885818,97.99160402199469,95.04330195576311
2015-02-06,101.72940162075624,99.53745579719595,95.09535765395457,97.49199476135868,94.72827667179253
2015-02-09,101.3391887921874,98.81193679889348,95.33325817587324,97.65797038072776,93.74803033195074
2015-02-10,100.60143890677881,98.90035174452875,95.71903151153626,98.50722533244142,95.40409000142
2015-02-11,100.80730922976318,98.64847189304365,94.89902912016477,97.7004806954667,94.88801566603104
2015-02-12,100.57883497089333,98.45784370134697,94.77569639263378,97.76915383911951,94.89526298156258
2015-02-13,100.42138934784646,97.87860481973395,93.1820722484884,95.90592347136409,94.50152685094989
2015-02-16,101.676079413682,97.98035939288481,93.94388670479772,96.54995843754098,94.0974612766024
2015-02-17,100.99700119636114,97.6889738810486,95.1625413202019,97.52567034899967,94.56231526924735
2015-02-18,100.3416386084504,98.01387129362715,95.46062752165282,97.77148705895979,94.59409475508713
2015-02-19,99.64787968112144,98.2320339766005,95.01376599583877,96.81358633607347,93.59781802097085
2015-02-20,99.77868909889386,98.89751191711812,95.33301567237385,97.1004538563716,93.8906949092737
2015-02-23,100.79768986822756,99.0344112315279,95.18944831886525,97.28173604529483,94.16057249618491
2015-02-24,102.69078890944398,99.21263737498582,94.23280566885971,95.67428675631858,95.41396883913268
2015-02-25,104.58293297912307,99.19426768475599,94.08214341869152,96.02079660402615,94.77381853108314
2015-02-26,103.69834772499378,99.42223562614191,93.83066587848289,95.75213462723063,94.65064957823876
2015-02-27,104.04331051102633,100.04967820869777,94.0840668244008,96.23003781954617,93.56554287323742
2015-03-02,104.00264497215966,99.73053092180734,93.29656117933366,95.13181340142484,93.2194593179255
2015-03-03,104.94544245286464,99.1443424828867,93.23500081859581,94.90170365433977,92.96759088002344
2015-03-04,105.89703617584976,99.41018604030427,94.25759188166113,95.94535053718516,92.82352412496876
2015-03-05,105.72305930174556,99.49064902333168,94.36463966615885,95.78243481237374,92.87155637346325
2015-03-06,105.87220005036224,100.30692514039305,95.55671499949618,96.80425906442692,93.01089547529783
2015-03-09,104.00133070862296,99.88016681791609,95.58746342345134,97.32502246067155,92.4715729457864
2015-03-10,103.45011480213114,98.96046380220537,95.21157125239186,96.64961773138035,92.0950017546796
2015-03-11,102.52896995427906,98.8728529104653,93.66683139056872,94.3858089069202,93.01419580631266
2015-03-12,101.40355269285794,98.34460256979371,94.75812290260006,96.91518253619118,92.50810647514311
2015-03-13,100.95305392740318,98.54129355633002,96.86405891740756,98.89741030109519,92.54045498912879
2015-03-16,101.50377534054316,98.7237169999224,96.71044149948298,98.66858835720987,92.06698000423079
2015-03-17,101.25762315917977,98.56950346486074,96.8788474707132,98.56076912109835,92.30012607072742
2015-03-18,101.97970156612787,98.65687263647929,97.24052447250843,98.99200232126202,92.36673196670918
2015-03-19,101.17509891019711,98.80381135853233,97.09947555365675,99.97808536595228,93.31461726309999
2015-03-20,101.62869195002702,98.35833768118735,95.67546383972434,99.07216823053912,93.32552108406291
2015-03-23,102.04486593674429,97.55346163647023,96.2859693278109,99.91747352355088,92.76565432314851
2015-03-24,101.67979367589682,97.65186348131289,96.31821612735628,99.84510315379846,92.72003473836814
2015-03-25,101.54879718060673,97.69107662756115,97.1095037802248,100.04089391916035,92.71385470090593
2015-03-26,101.67898019049841,97.8214248731964,96.88175599796698,99.1969767341078,92.83073076354054
2015-03-27,103.57122583376987,97.0382415284727,97.6790454287846,99.86293015536106,92.84855836360958
2015-03-30,102.76117823357968,96.87778086028791,98.42787389752998,100.80601425133455,93.4733266737871
2015-03-31,103.56639277106505,97.05760379723651,99.65714444919108,102.2031916981233,93.88887250432423
2015-04-01,103.25528001184199,97.08006111282589,98.9375678385337,101.9110354709839,93.2120880226072
2015-04-02,103.81386566346092,97.03524101929459,99.78434842715723,102.99871749128047,94.0238299644924
2015-04-03,104.29879233870459,96.53265209074593,99.62518028787213,102.50147612041975,93.76981709558602
2015-04-06,105.42033249260083,96.80574935547493,99.36051132120734,101.9338316665479,93.82509180285446
2015-04-07,104.15148026691466,96.43301698453574,99.39959151003951,102.41823387344837,94.04704658419784
2015-04-08,101.94946562305118,96.48108873674421,99.29237380506876,102.43736813473019,94.64663679426995
2015-04-09,99.86387544520053,96.19542441935145,99.44297515988752,102.13609958189991,95.15960921789481
2015-04-10,100.17622925862734,96.4790553266368,99.2398870425224,102.12588216763096,95.56039469321598
2015-04-13,100.44797607882036,96.59510956656418,99.49524541753739,102.09927264242127,95.53452930164255
2015-04-14,100.32372553071252,96.71733357152786,100.06807229481566,102.41540132189668,95.55927924989243
2015-04-15,101.88874484116582,96.46491570184064,99.5451744122849,101.9643156523531,95.86452531535302
2015-04-16,101.9012578922847,97.0403631192814,100.33472081348927,103.01615926711169,96.2532914463941
2015-04-17,104.53585135561225,97.0332774963651,99.09420471613831,102.3044776474625,96.0358408504035
2015-04-20,104.75468546270552,98.02585047781068,97.15858608024577,99.51041224317918,94.58259098985621
2015-04-21,103.2545761283147,98.30242740086307,97.8650176443258,100.47910709090691,93.2532449671148
2015-04-22,97.92908232156903,98.21365514718325,96.8862349345034,99.70853941760528,93.62451206089237
2015-04-23,98.13525213993289,98.52329433629316,97.1753497779234,100.20736662794434,93.3439820528166
2015-04-24,97.84329572820305,98.60670994598594,97.89531516939485,100.80892874178495,93.73409414239524
2015-04-27,97.39619130504984,98.53901710381552,98.62564857391953,100.72059159868311,92.94222065719433
2015-04-28,95.20545283289798,97.42111010698711,97.57305064695329,99.94944386856488,92.45374629423831
2015-04-29,95.43239408329536,97.85640059943181,98.64244538498235,100.95799598432447,93.26646804726104
2015-04-30,95.62315308623549,97.23101674154334,97.67112423610136,99.07456786385089,92.21706508700774
2015-05-01,95.16435548765442,97.61132401201195,99.34620504466241,100.20077580827893,92.6654933875313
2015-05-04,93.51352420061825,97.8475890268655,99.14215705955817,99.08277337116822,93.28302524831028
2015-05-05,93.05075557228555,97.67303005186484,98.43835540448545,98.21330703835206,93.31640798994076
2015-05-06,92.83751172681957,97.8163084795141,98.77606760113753,99.05893508641094,93.19700786996442
2015-05-07,91.54651047348518,98.1530993698195,98.56633473749822,99.16781574027682,93.33048752898694
2015-05-08,91.42859981325269,98.28161966776669,100.01094181429453,101.47909157719981,93.51852849023992
2015-05-11,91.6061686450589,98.81651784224886,99.40797363469665,100.96081524329823,93.52275295537554
2015-05-12,91.82667280178488,98.55504777275993,98.3563780841311,99.08297982148191,93.04447852166801
2015-05-13,91.06999200960074,98.30163701320491,101.7410746767975,104.76954640443543,92.50512164923347
2015-05-14,91.42900134389969,98.11570530406098,101.30853134082538,104.3102916791036,92.7723383910381
2015-05-15,91.15595961521382,98.52688867563155,100.23533770943314,102.8239056448993,93.91959852686337
2015-05-18,91.33385755961707,99.13226704682326,100.62623566943714,103.74607855762407,94.01543104754434
2015-05-19,91.20555771466564,98.80570700493834,100.8966098954808,103.60820997082098,94.28127173502943
2015-05-20,91.86097486820456,98.95499655662694,100.82887587807919,103.72152629514082,94.21813326024596
2015-05-21,92.6107013759022,98.17274373135018,100.30786830360103,101.8361312501342,93.38074771303614
2015-05-22,93.34147133732348,98.47554355261687,100.06551725181521,100.94967217871427,92.39379431557676
2015-05-25,92.93037840391344,99.57801476269917,100.74533235363732,101.59890328025169,92.80983161437372
2015-05-26,91.72764576915942,99.3767292747819,100.62719698886964,101.40105938015881,93.09654581309883
2015-05-27,91.91059537146779,99.60741713785278,100.33224164344384,101.30390777689597,93.65170204399261
2015-05-28,91.30925557585351,99.23308431430551,101.0217745583446,102.10782304956143,94.21092876319022
2015-05-29,90.83446887169534,100.25507100877738,101.39602834183572,102.74689648782238,95.68930118991723
2015-06-01,90.5349037084048,99.67876160790479,100.81944321203564,102.24658463289174,94.26696851502207
2015-06-02,90.98744423641898,99.43077304718383,101.6857432000603,102.32229279101813,93.84027750933005
2015-06-03,90.04688548248016,99.06137961813371,101.62583925874267,102.20198397487248,93.59469413126024
2015-06-04,89.96255283654155,99.13184432553193,101.07716061658303,101.78633227776757,93.82410164113354
2015-06-05,90.23451566919907,99.42155437619662,101.40108201525295,102.89430333667524,93.89034036777694
2015-06-08,89.99602115629108,98.99405572424355,100.39405894450928,101.1445596070093,93.09780973613336
2015-06-09,89.94725607421017,99.15676398528677,100.47038351413977,100.9363733741323,93.64590777263747
2015-06-10,90.42528371090522,99.11149329980434,100.0632110791146,100.65307317208709,93.71702386375226
2015-06-11,89.3631597406655,99.02339964822754,100.11578117163069,100.38766453452233,93.75070555309738
2015-06-12,88.55908724982318,99.45540389322662,100.81723234335223,101.11401261624056,93.98380539274304
2015-06-15,86.42072909183322,98.78659384256302,100.22996888178017,100.05237798830156,94.09696135277176
2015-06-16,88.83474590935143,98.21437048572676,99.56937567459201,99.4036747697725,94.98078360329141
2015-06-17,87.47502192813685,98.28739631552888,100.88076172590262,100.19401069574212,94.41827376999726
2015-06-18,87.07152877764028,98.052050117896,101.35449033391042,100.73651937698239,93.56571963514878
2015-06-19,87.46350670190182,97.86643099370932,102.08152330227689,101.28744620972445,93.38744465196825
2015-06-22,88.09402630998574,98.30452305985293,102.67953987054092,101.21495193653264,93.84287060204028
2015-06-23,87.18762727928048,98.36728613798772,101.59281623061518,100.34360243725217,93.33728345304834
2015-06-24,86.07888815237926,98.61334853203381,101.74043113197952,100.30877141889725,94.00528606573765
2015-06-25,85.72727682610105,98.61234035771001,101.88558904142721,100.2795068485443,94.20592546500448
2015-06-26,85.23463749850038,98.40784964970527,102.87034007105265,100.82184688292489,92.83144795583674
2015-06-29,86.51654028038718,99.49121546048599,103.02950467863614,100.47867983584746,92.89817941702624
2015-06-30,86.30510448918909,99.40554668696306,102.28403877930464,99.97484302082265,93.02668070323328
2015-07-01,84.87143491121797,99.69538856365017,104.02535527614066,101.54160201531886,93.0099634851269
2015-07-02,84.75498245202272,99.96117385461797,102.62377633147932,100.40205964723867,92.73270384063541
2015-07-03,86.52026432635364,99.94940671339812,104.4839216723793,101.51632355900975,93.22760502528065
2015-07-06,86.86564318313536,99.50813821859884,104.55856867367797,102.05359815486352,93.03256855020757
2015-07-07,84.57558456559356,99.41848287583575,103.09926712547272,100.70845900623975,92.79199715647903
2015-07-08,82.43643559949209,98.51092139631437,103.08881601028128,100.49051892990471,90.90258176262085
2015-07-09,83.39848532102046,98.68521265562275,102.49990803573748,99.4968767071965,91.49711856307114
2015-07-10,83.8926294098173,100.37696712050972,103.58054968325851,100.62175462760219,91.74276529994214
2015-07-13,84.66252017410571,100.74673082400678,104.84178260190996,101.53163123128235,91.71624006865787
2015-07-14,84.26075093345733,101.11411084405329,106.14840219549558,102.48255068619913,91.66794062948992
2015-07-15,84.57004977053411,100.98537696539123,107.122770372963,102.45368365538083,91.2919710649724
2015-07-16,83.84340498530658,99.56709298066758,105.63499054807085,100.90495440907557,90.88872701235503
2015-07-17,84.98740013034917,99.4628641974035,104.59276146922308,100.02396207123654,91.40686010901076
2015-07-20,84.06964632754135,98.86272534687564,104.86902852569382,100.1685221490129,91.65242293694972
2015-07-21,84.05898492015717,99.23237105684152,104.09705738678304,99.53512085665328,91.53623139975173
2015-07-22,83.0649581195459,98.31263410284811,104.31990832143099,99.60620240085956,91.00575178045403
2015-07-23,82.98321823683398,98.99766232490241,102.27256131365638,97.25028008565862,90.46356920460504
2015-07-24,84.42168564729906,99.26385965887697,103.3967791410498,97.74599324571999,90.06210060458096
2015-07-27,84.75525303311765,99.31091368934571,103.91885148440521,98.1349340509677,90.2169248566117
2015-07-28,84.89997608928866,99.80524488525599,104.95403099564666,98.36717040009496,89.17989388824715
2015-07-29,86.02134658490657,100.78124124555423,104.07569457332697,96.70123605110781,89.28748496494563
2015-07-30,86.79405093344184,101.91105734905396,104.95140052723899,97.35415039969072,89.09286589029874
2015-07-31,86.80816950321827,101.6344173769004,103.41182174044039,97.14432458006506,90.31010740111785
2015-08-03,87.6959826621449,101.1545304131505,104.17925088225924,97.98059240281151,90.60062393363907
2015-08-04,88.67619091432792,101.56691515253193,105.08168283044658,98.94431620875997,90.93146810351571
2015-08-05,86.80694768712137,101.52723786327542,104.25784808226757,97.70681719665578,91.77259172931194
2015-08-06,88.74911159919083,102.52082683706236,104.98395795260727,98.92467207097698,92.0321266391143
2015-08-07,88.91938347293662,101.97480178846409,105.15763998754831,99.09858895095745,91.44759023230783
2015-08-10,88.88578892755777,101.94097363876604,106.25801298849882,100.3496481136018,91.5537148415216
2015-08-11,89.1136460515605,101.97789154283315,106.11327066411336,99.82507491606597,91.47691737106956
2015-08-12,87.99940343842441,100.71520556163038,106.3912419497286,100.2997725906291,89.60137133481726
2015-08-13,87.87707386656339,101.40312102190423,107.5872008643107,101.90461818221448,89.87218645910691
2015-08-14,87.20512785685315,100.7469029998714,107.62821553202649,102.07069300478264,90.51816961813715
2015-08-17,88.17762741159305,100.72003919936476,106.64062135318201,100.97453827475688,90.5748511018016
2015-08-18,88.0191653246177,100.39363459197159,106.73957404611045,100.9021327307168,90.20470985092524
2015-08-19,88.26272448627182,100.18574459716902,106.90390163796353,101.14904980273091,89.60528743878449
2015-08-20,87.89994601388618,100.95745806759528,106.16802171578435,99.692129113117,88.51556116380868
2015-08-21,87.93504610482418,100.98777641027678,106.03557770274077,100.22719040993144,84.59152100147779
2015-08-24,88.25702926038045,102.01289067846619,105.3638972843875,99.38874575757785,83.7155892765642
2015-08-25,87.51612096360495,101.74945457216558,106.4691827035243,101.41647190650629,83.47034625676922
2015-08-26,89.2975282288688,101.87153616563316,108.46476813083359,103.66747594577231,84.19866109074424
2015-08-27,89.5672835637686,103.64763971881594,109.71034919238028,104.7577277190446,85.66049677624589
2015-08-28,89.19067129068729,103.19699923594727,110.69569943861181,105.82784981685904,86.07468271240026
2015-08-31,89.20814947853229,103.55181678645255,111.44869005843904,105.25095094226347,87.25611836501785
2015-09-01,88.33782466378523,102.39602270022436,110.9853589135135,104.81122255741478,86.15108041076792
2015-09-02,89.10791820136023,101.35913319199776,110.39964876595225,103.92405585191575,85.90078585937488
2015-09-03,89.31853090216491,100.69250418505497,110.91262240167158,104.46261362383554,84.16994701013441
2015-09-04,87.31981564777233,100.55878691724762,110.4364672890957,103.93996967245145,83.88557918816774
2015-09-07,87.5236593721595,101.2290209798648,109.61188489529299,102.63206381655901,82.85303849166854
2015-09-08,87.78359645321291,102.15025690903448,109.4517358157149,101.42524908868357,81.31339540027788
2015-09-09,87.2569152995501,101.8252960560961,109.06990443869758,101.0295962322051,80.95168591198092
2015-09-10,88.27155788145106,101.37357823742322,108.27363117519285,100.40455175238728,79.21196469747849
2015-09-11,88.55033268830958,101.44884515787096,108.2174528885746,100.83519054231806,78.78066681698934
2015-09-14,90.42471058484281,101.41185567514992,107.38787810492309,100.01710866019025,77.84982128577141
2015-09-15,89.86147508020218,101.57750674545835,107.72181419042224,100.18104830213265,78.54028573577978
2015-09-16,90.624729787107,102.24622416919632,108.23175860371126,101.0238845868892,77.72329422480728
2015-09-17,90.34556208561807,101.71088287806825,108.1787549826987,100.78269569464386,77.49470769482511
2015-09-18,93.2288788655534,101.69544516469003,108.83275698084496,101.31652670281954,77.80207774741105
2015-09-21,93.23747288309634,102.0189578146482,110.05774291079614,103.36671316195465,78.29713277645764
2015-09-22,94.0911493169697,101.17509103814861,109.830643102097,103.5818820512306,78.93963737165267
2015-09-23,94.33201619419168,101.74356451600588,110.39670114498121,104.71197137059973,79.30022193576598
2015-09-24,93.93042653088989,101.9409242427123,107.27526135592433,101.48910641222311,74.59241939944793
2015-09-25,92.24242455684531,102.1061522938262,107.63019061758968,101.32266304193624,73.62359864410274
2015-09-28,93.43523051052041,101.93746646141855,109.8609420312616,103.57089557693465,74.54339379328052
2015-09-29,96.35873434214507,102.14236041604636,108.4679503000344,102.10663787123504,74.50117048763633
2015-09-30,94.59409537633078,101.9551356590801,107.35561386030983,101.48537314631227,74.22029511620558
2015-10-01,94.18688284584113,101.87974063864151,107.57780003163846,102.03515067737013,72.99353733941965
2015-10-02,92.94677581981429,102.38463185041648,107.21194055210552,101.05143448433729,73.3902641093877
2015-10-05,93.53317622503369,101.5459590549125,107.23287417814447,101.41034053473506,73.63997259014748
2015-10-06,94.14682244724133,100.93366076000045,107.36997090761324,101.42981277250922,73.2150000599447
2015-10-07,95.37265261105686,101.99799700074539,110.39680082768126,105.52200738203106,73.75048466560035
2015-10-08,95.81529485413472,102.51670884495081,110.81724630467346,106.08680063204304,74.66739624161059
2015-10-09,95.75190080043507,102.09401729255454,110.15704035317577,105.72116048973112,74.53425827074291
2015-10-12,96.11781878383239,102.5075635005629,109.89994959419856,105.87275016448541,74.88209847515826
2015-10-13,94.83601246831758,103.28340636159542,109.46399008528704,104.52985665694999,74.12584373223486
2015-10-14,93.35451380375025,103.26012524700809,108.90407328046095,103.67784503491578,74.56070453163247
2015-10-15,93.60916761860685,103.40233154469954,109.27932813416828,104.31091986788563,73.58821995839449
2015-10-16,93.22511420411178,101.98857252224064,108.87330165825952,103.85358952833042,74.07866635925063
2015-10-19,94.66701582977522,102.20883468901532,108.5179415496004,103.72576611342393,73.74077483667307
2015-10-20,94.66580314507765,102.80635671352749,108.17648564241512,103.69840822748311,74.17385534486051
2015-10-21,93.77374332894047,103.33362939150852,108.80915776436406,104.40425066654741,73.85233148390657
2015-10-22,93.2263511676498,103.08673659641572,109.00782641913962,104.35909193735613,73.9776135583519
2015-10-23,92.32280207381858,102.94767472298689,108.95720857836741,105.02244070681886,73.37562210967855
2015-10-26,93.81309179190596,103.1068778237157,109.4772160742038,105.60795415965278,73.73558315719949
2015-10-27,93.71013681691991,103.68315320096822,109.35444041725653,105.76787342967961,73.56645411273037
2015-10-28,93.66980980229847,103.23671533932777,109.50104238569504,106.28170552514847,73.5207353718308
2015-10-29,93.46288732188216,102.47095721468504,109.09922890283148,105.18208635656505,72.90013566773167
2015-10-30,93.58774110329533,102.96427857192958,110.72653512706106,106.755208516341,73.53708251919466
2015-11-02,93.8031127609082,102.88554182679202,111.12730395707446,107.18637655897012,73.62731969463981
2015-11-03,93.49614130395936,102.13378870911869,109.5831834433955,105.89501938492506,73.31531171400863
2015-11-04,93.14322314738001,102.11750240369643,110.08050871309254,106.42340512285233,73.13850529787763
2015-11-05,94.63674090645907,103.55156442801476,111.30547877172152,108.237860430427,74.31108744356303
2015-11-06,95.63225279147647,103.99444094581722,112.09439274476239,109.27780296582806,73.91978824699402
2015-11-09,96.19195908485608,103.24985163013962,111.29466688056478,108.94824568280102,74.18010222045848
2015-11-10,97.24734991781877,103.17571025975599,110.56119356772285,108.13619156055361,74.18523648686897
2015-11-11,97.31462403293226,103.85609436462049,110.43002896191219,108.14119762093013,73.81694290535495
2015-11-12,97.87129643370463,103.89049658328689,109.56460518050486,107.15352039728612,73.65719764725304
2015-11-13,97.71782190845876,104.61145175853036,109.6671003887274,107.19936301605448,73.12627327915331
2015-11-16,97.00303359729632,104.41788707124473,108.99342337776146,107.01431013876315,72.9759829648367
2015-11-17,97.98886479764376,104.50535169234814,109.14412907132063,107.13064800916783,73.02755812266717
2015-11-18,100.27798288167466,102.63693049015721,106.33657093884867,104.01673716385784,72.78455714455635
2015-11-19,100.80408795958917,102.90696368419334,106.16682683269782,104.19551834039038,73.0795516411419
2015-11-20,100.9993712572437,103.62153550819883,106.66949346931209,104.43376068993888,73.41845015238336
2015-11-23,101.11885460696625,103.62953161403688,108.4468711208663,104.8843510945135,72.93322398795499
2015-11-24,100.24442527424836,103.3968389013842,108.0621335235843,104.07431905629727,72.58956284564574
2015-11-25,99.1792765115017,105.69598059615475,111.53134384956316,106.79765207904468,72.68602702641518
2015-11-26,98.20360243779778,104.15380165981448,110.79030489653012,105.73551571265385,72.5317686027953
2015-11-27,96.37980377391436,103.28197049889083,110.5201875783387,105.70548869629519,72.59395900655564
2015-11-30,95.1979104921137,103.8400960561751,109.62074361866783,105.22637957138696,72.55421554314225
2015-12-01,94.03053654008046,103.54626762895083,109.76213159754322,105.55822819207302,72.49165169111619
2015-12-02,95.8036686464159,104.54520203282127,109.8938146926872,106.00036153352734,73.32128733937537
2015-12-03,97.49169635300706,103.88966989010433,109.15438168838674,105.82579366235277,72.99424156216394
2015-12-04,95.99847772270826,103.43720950817857,109.32868082202101,105.92961961145737,72.7211784833047
2015-12-07,95.48604633895816,103.03789762268099,108.58485061005626,105.87692732953265,72.72272982111141
2015-12-08,96.23828398387643,102.79622969658686,108.46251208365021,105.5867748592267,71.92867169692121
2015-12-09,94.80506669328815,101.42842253988422,105.67323159256468,102.68909491695052,72.11383942041043
2015-12-10,94.76100187155797,102.37119088217108,106.36375660300222,103.65465523589448,71.89399765789004
2015-12-11,95.4509492335491,103.14212760044346,105.81499829856209,103.47851411057214,72.18695811732937
2015-12-14,95.0254468481156,102.43869493202375,104.58386391440224,102.40159969424339,72.16129047940238
2015-12-15,94.1772761180063,102.40833225347264,105.14202929332386,103.18624901925608,72.8035274275775
2015-12-16,95.33688642364386,101.80033736111834,106.82188113257634,104.45960987150302,73.27054647026505
2015-12-17,95.38114996411528,101.60375181187973,105.3872004381333,103.16214134307673,72.75446316999013
2015-12-18,96.06711962666043,102.45847420308371,105.04683062954206,102.96751347604622,72.60150382080866
2015-12-21,95.38266758481714,103.0671413630929,105.07108791091173,103.81679697101556,72.42469730195124
2015-12-22,96.2685380665495,103.18663329109353,105.98704038604279,104.4597366590007,72.49093901043638
2015-12-23,96.17546633362623,102.66636987354005,106.43738915333184,105.08122977383279,72.66637303159274
2015-12-24,97.20023306392685,103.45437362924255,106.48448053906505,105.22882780135076,72.59364843451625
2015-12-25,97.21604053903238,103.14910986856856,107.58245851278375,106.3142496163592,72.58964874970526
2015-12-28,98.12843427289681,101.92979534059235,105.60805085999307,104.84694188212742,72.4706256632773
2015-12-29,98.31919038176042,101.13381826308701,105.40620207355298,105.34324637369986,72.64317958453597
2015-12-30,98.4574249651623,100.85424485285786,104.97907906448935,104.16412939794222,72.67374504704355
2015-12-31,99.1008832850661,99.92542734326277,104.25977288853056,103.08034637142586,72.35380997335373
2016-01-01,99.1453778589443,98.42382448141987,104.49829143686134,103.58407903292229,72.23131471490811
2016-01-04,97.30859291029743,97.7088180081523,105.0500831017412,103.26988871802891,72.10295264796306
2016-01-05,96.36713440187302,98.14953379988737,104.53874140341439,102.92512580714937,72.2072936356429
2016-01-06,97.74719294461501,98.11941802674748,104.91276472330276,102.8753410769343,72.50462858164553
2016-01-07,97.17910411797041,97.78827227517894,104.77556408736466,102.34887201843401,72.51375478283903
2016-01-08,97.78061082265592,97.95158518536917,104.01069151632068,101.62282446994048,72.62081859852938
2016-01-11,95.67239451660798,97.0710450537839,104.40873961062498,102.0764824917681,72.68184484436158
2016-01-12,99.71437096465495,97.72648593751647,105.70102743317189,105.39167191777625,72.76321325522677
2016-01-13,98.38569931791578,97.98973406309378,106.0905490985798,105.62612431279588,72.48026489134348
2016-01-14,101.8646349033692,98.28450350471482,105.80093498194378,105.63426344379177,72.49538188822818
2016-01-15,101.44004002495062,98.62543584795186,104.78704168893174,104.5254076179583,72.99424326069531
2016-01-18,102.19546747065951,98.41606409632317,104.3618312115612,103.82217364772237,72.89213485424811
2016-01-19,101.54899011792651,99.01729384586417,102.8093975838205,102.44254625964679,72.71322754891592
2016-01-20,102.02906572023898,98.43784096466973,103.72944823708174,103.98477157654627,72.98101529326584
2016-01-21,98.64233160727346,99.03895105929048,104.18173001688811,103.51397241788267,72.97667741018626
2016-01-22,99.12295858200974,99.33644232452028,104.41396884321712,103.88161072747512,73.37909143297652
2016-01-25,100.72652194190826,97.85565675133813,103.94381578103646,103.28944665998965,72.80401482543897
2016-01-26,100.83535355834945,98.50509728329544,103.40308914856129,102.8031787867863,72.57556415796273
2016-01-27,100.31273611257221,99.02394216542427,103.24428937643061,102.72973700852579,72.25304887936696
2016-01-28,105.92227854611038,99.84817971029652,103.43391016004271,103.27653587865507,71.57863321819227
2016-01-29,108.05462898435599,99.719322048008,103.36091004564749,103.05147701465889,71.41304491175251
2016-02-01,109.22839749429649,99.88365993623488,103.82951038358085,103.54642630109589,71.62012778991883
2016-02-02,108.32246439258213,101.55316805789916,102.81286031127807,102.98759981807957,72.17879063325596
2016-02-03,106.73924402933366,103.23198336104736,103.80233579310215,104.34157273576206,72.3385649985567
2016-02-04,106.3348593512219,103.03890241393682,104.07171230169921,105.15401184332495,72.416252283092
2016-02-05,105.02913096841556,103.5398350319237,104.6957067357963,106.0243594490174,72.68172016840072
2016-02-08,104.69899453031329,102.97993027598686,104.0700199182155,104.8761728140246,72.65748998327753
2016-02-09,104.54386054863076,102.5672330447734,100.27524769301085,99.43690596315646,72.85762184366769
2016-02-10,103.70395153662932,102.76320889204122,98.69442024912956,98.36826357194425,72.75815852649576
2016-02-11,103.99622702944049,104.0508859003173,100.58509190292312,100.46751489472369,72.76605846936758
2016-02-12,103.53070743000663,104.45085437146568,100.50602530602659,100.09802841045554,73.27179193539499
2016-02-15,103.28206206109249,108.15017963503244,101.55483142883122,103.71819881672518,73.68975459948523
2016-02-16,104.66883717321664,107.30432413014388,100.33250541413241,102.43110100695468,74.01324467274335
2016-02-17,104.7263866578922,105.59281786593944,97.95211687209556,97.65134296011804,72.9456460788753
2016-02-18,104.87063604525517,107.07495594747019,98.23572903490735,95.98369783552775,72.92208541107047
2016-02-19,104.74911728622536,108.7367405061315,97.32651360802357,94.46876758636907,73.42208509723145
2016-02-22,105.05857715240614,109.19186408447862,97.52592416303402,94.91117142691498,73.67071297279065
2016-02-23,104.45910859425919,109.85969509200638,96.47397334865802,93.59627734102929,73.66894111913373
2016-02-24,103.83290601778505,109.77881980665205,95.7101965709796,91.80864688109064,73.46331200098552
2016-02-25,103.06193214240076,109.95738132130994,94.80175040836744,90.87787834901384,73.08636511132438
2016-02-26,102.18379548520397,108.83289625646819,96.81962016547776,94.01966693592017,73.01421242377181
2016-02-29,102.75016595111195,106.0926637494463,96.35116080137419,94.96948383366373,72.97274603657759
2016-03-01,102.80094200996743,106.60631375571066,97.22991965093215,95.12649260862017,72.56928937534268
2016-03-02,103.00233534019259,105.77295932906164,98.66347481554132,96.78404590926031,71.8482743503148
2016-03-03,101.54132278980572,101.38551636942705,97.47423338417045,95.08882521604207,71.36670786882989
2016-03-04,102.43922304321218,103.00869766091225,97.63528721319442,94.19067636988,71.65111380590898
2016-03-07,102.89137559350002,103.44752691667966,98.64709167560036,94.86190935335479,72.49589952512652
2016-03-08,102.1337752939264,104.24324538397907,97.11550647165296,92.53213121907568,72.96252950767851
2016-03-09,101.93933678579174,105.17298103923989,97.42282656381303,92.86101327099358,73.53187813951747
2016-03-10,101.75828348039029,103.00121361091148,96.38962114939562,91.88483728791844,73.52427733552075
2016-03-11,100.3875307841476,101.89514126424592,95.52040372867516,90.6870515283297,72.75227650261294
2016-03-14,99.86678254323594,100.94955277115415,96.0309952272765,91.6512196544393,72.68179334923211
2016-03-15,99.59586615755191,101.05902452448537,95.40021236168691,90.4640699193244,72.29891167598629
2016-03-16,99.11936672975749,99.73284382651507,95.30521575577542,90.64430162270443,71.59201448041178
2016-03-17,99.14089236897043,99.46410089808461,95.57894231485378,90.95341444543018,70.90401591607657
2016-03-18,97.95972211331787,99.37379471784332,96.40577201021013,90.86473435560538,71.08451805654859
2016-03-21,98.92190246561594,99.315135532142,96.93203258753314,91.16574515462094,71.11060192901898
2016-03-22,97.87316733444452,97.32068981162631,97.1312347994641,91.0998713896391,70.87096617005906
2016-03-23,96.84084898939285,95.90800741317251,96.74320250148227,90.479219814991,70.86741250350879
2016-03-24,97.12512528458767,96.18893853013391,96.93646008500096,91.07450712796148,70.62797299853247
2016-03-25,97.07862355591556,97.41887302329616,98.09524311527542,91.73748271409899,70.64432857009481
2016-03-28,98.14452114150895,98.01752850481978,98.42000512693303,91.98260259860925,70.60329437458356
2016-03-29,98.3604878506377,97.8087627681002,98.38538671303264,91.97093117837119,70.40970890234541
2016-03-30,98.71365605127842,100.40984816584073,97.65902120586397,91.38303120733619,70.26828413169169
2016-03-31,99.19342020487167,100.51843995946041,98.30227006010979,92.36815692808995,70.39081906808327
2016-04-01,99.97914530858823,98.32398118384062,99.15117943478964,93.28088337505005,70.671458073682
2016-04-04,99.22498057007407,97.52416892004521,99.06737541366222,93.19476888508302,70.68471415204192
2016-04-05,100.10455825238289,95.6589892664303,99.64092018296863,93.73460764283782,70.63631504791633
2016-04-06,98.58723055207764,96.16111887855212,97.1069163137256,91.69175855881826,69.906875448256
2016-04-07,98.6221671843984,96.06785380960008,97.9573058881505,92.36576295606149,69.78386002421747
2016-04-08,98.26543569608137,97.1689272621006,98.51585551515122,92.72645818558829,69.78039833604122
2016-04-11,96.34900749112028,97.53273683156743,95.8819180147113,90.97827353634189,69.67572725080203
2016-04-12,98.90517422903942,96.62843606248283,95.87976248200872,91.62782945777155,70.05541358704455
2016-04-13,98.37448228733501,96.74131762765741,95.84843693523825,91.67255297659696,69.90800966268354
2016-04-14,98.29170126287549,95.3827096577047,95.71515137538724,91.69492492758671,69.79877592865081
2016-04-15,96.59092493884717,96.17841061268344,96.02218908493664,91.71512934952733,69.7332627308004
2016-04-18,94.50396366608445,94.85462188552435,95.02158950225865,91.39859226736279,69.39049202749311
2016-04-19,95.38413142179331,94.30395658071676,95.27130500413263,91.53636657336538,69.69976072756245
2016-04-20,94.89599702533475,93.06149739016696,93.99138816373494,90.39735757931675,69.25718932308848
2016-04-21,95.40963330438721,92.59873875709363,96.94783085971983,91.814921835804,69.454536970763
2016-04-22,94.34180899589897,92.13732332439561,96.85941722062763,91.04453169357582,69.46491797256334
2016-04-25,96.46860624753315,91.88754123552778,97.31651398030272,91.68746761203495,69.47215056509836
2016-04-26,95.86923683240587,90.05313808115274,97.484395670614,91.76208692660093,69.1412465972279
2016-04-27,96.0059632514969,89.5527874421344,96.85462329693773,91.51288706803224,68.701347307107
2016-04-28,96.9875266056887,88.56683492009344,96.18265434157622,91.54394563369978,68.94631761587054
2016-04-29,97.06793587836215,87.94444186575528,95.66922243350906,91.20272242783338,68.9056017166894
2016-05-02,96.97868315131842,87.91397281369325,95.46213860299477,90.65396236537232,68.74344752138549
2016-05-03,97.69945936790943,87.08318779759529,95.2411492062011,90.30851807565247,68.73516796638525
2016-05-04,97.43190372931943,87.91734885556475,95.6784442689761,90.37642376621149,68.91270981114
2016-05-05,96.7935771509232,87.47268321569189,95.76360881567955,90.32420729253158,69.09552435112985
2016-05-06,96.22177275558647,87.05000509414124,95.20848071263475,89.79005671080571,69.26932128000783
2016-05-09,96.91414278807271,88.78677233278587,98.46639161416381,91.70556543022406,69.51966399070717
2016-05-10,95.87884636770238,88.07968549539603,97.39953404228811,90.64249587895881,69.13590408026332
2016-05-11,95.71128738577778,86.71037853633385,98.35581927666883,90.85314992751908,70.70764842422699
2016-05-12,95.30840031687154,86.74169140978888,96.69094748322246,90.3892084823911,71.21316437654359
2016-05-13,95.54562252936981,85.69666871749526,96.70397635642576,90.05417425496427,71.91352126951608
2016-05-16,95.97466418227569,85.78037842096026,94.96389264868071,88.71637517313478,72.03418105673656
2016-05-17,97.11083222946263,86.84570248052015,93.3491017506951,87.77834883549309,72.62928131387606
2016-05-18,95.69804001897757,86.74057946681395,93.42288605782781,87.73563044726346,71.57504388728965
2016-05-19,95.36942117111026,86.43108482311376,93.12119367670381,87.33606048155616,71.22168451053379
2016-05-20,95.33646799068731,86.7509765816118,92.88963459147466,87.06356308208075,71.27012398096825
2016-05-23,93.87015280943662,86.94930737980192,92.76395667027295,86.99000011865962,71.62187624353832
2016-05-24,92.34342402865721,85.66735319904633,92.52832045322741,86.82249275584726,71.5167796125893
2016-05-25,91.91330861467488,86.13054252095637,93.43513504523308,87.59577812702578,71.49814953424968
2016-05-26,89.57567001696609,86.59205495945301,94.51839279089043,88.58563324489121,71.15288947091831
2016-05-27,90.9300775542733,87.83414070488298,98.46063394838379,90.6719977696353,71.32011871569621
2016-05-30,91.4887841901848,87.89507360199836,97.4411331263426,90.17337781302608,71.44799978421551
2016-05-31,91.5816392438299,88.06201145455772,97.14950258964187,90.53967703910678,71.10962610290869
2016-06-01,90.67750015787504,88.02392136217789,98.8143478379752,90.72689985497381,70.33944663807206
2016-06-02,89.12088159350876,87.9593496249324,97.46297246813296,89.85326977642669,70.41579510023752
2016-06-03,88.17287077389483,88.12886735856506,96.83534806489196,89.80672731472316,70.63893943222763
2016-06-06,87.67310438340124,88.02492462910483,97.6815219592402,90.39718155672911,70.27559300551697
2016-06-07,88.50687909170057,87.17398796332137,99.90389247378056,92.28141307498886,70.49510171306719
2016-06-08,88.69229595142313,87.02158013500639,101.0161876865216,92.82197594631161,70.64235197497733
2016-06-09,89.67034655207952,86.66989028253778,100.07806939754356,91.65787940841689,70.13474093482019
2016-06-10,87.73036781922548,87.02595302681594,102.4931768718651,94.059549769407,69.59811107666783
2016-06-13,88.26616763303986,87.66397592926252,102.37350459274899,94.00825842013754,69.08727279438321
2016-06-14,88.57312544370137,86.93439539383472,102.4445950043926,93.26407770790158,69.27617423427411
2016-06-15,89.41180465727608,86.58754476585774,101.22695440841565,91.47168833195319,69.12386165847882
2016-06-16,88.92724018398246,85.75846995758836,101.34424587851623,91.39045921894021,68.71424542266392
2016-06-17,88.46507303009254,86.31437055965672,102.11010015531146,91.97148974006892,68.97965920574563
2016-06-20,87.6778193379641,86.28785448998427,102.11903740064426,91.83935272870048,69.06684282437617
2016-06-21,87.0654337763036,86.51532496746903,102.64185394295563,91.2780053364929,69.44602967253219
2016-06-22,84.24377832653785,86.09309311400315,103.13796340450041,91.57258544703808,68.90700855264703
2016-06-23,83.2833995662172,86.50478112608361,101.56463131400946,90.67509876010436,68.81498120901472
2016-06-24,81.95477246323426,86.13106593846125,100.18004437358393,89.95014954114528,68.93803461182992
2016-06-27,80.15904966275087,85.86629053051666,99.04450044517131,89.5349282096411,68.37875908853847
2016-06-28,81.78128771961681,85.90893772086626,98.16467377881895,88.70295569761434,68.12198757027429
2016-06-29,80.63729651849506,85.90626945739176,97.08040663219543,87.28484083917164,67.93071926854223
2016-06-30,78.55918391559051,85.48691200223992,95.84611164508698,85.98015878267309,68.44429887010808
2016-07-01,78.62007815848493,85.5990107172619,94.14363718856447,84.32471827974433,68.42602576937607
2016-07-04,77.64865097586717,85.92970988460581,93.09199870573737,83.35293549865894,68.21196022351937
2016-07-05,77.8149402209494,85.65153356603221,92.74035282031565,82.97345388872,67.94789475832762
2016-07-06,78.35425973805866,85.78889710408458,92.75361662327666,82.82181200437385,68.24702992662407
2016-07-07,78.16887543865494,85.67258779547907,92.77004033350049,83.29347727150949,67.89258870213735
2016-07-08,78.82995992595984,84.92440759060199,92.7549674361571,83.73650959870955,67.99130984358945
2016-07-11,78.98793428979724,84.67285212196934,92.7161949482507,83.62180074135131,67.72859013537943
2016-07-12,78.68590263061178,84.76563066425805,91.97140345429685,82.67323026834845,67.13423344483705
2016-07-13,79.16243855859952,85.1301118862182,92.3997504651963,83.49783749309213,67.2580374134785
2016-07-14,79.43444594683106,85.25316930272298,92.40609590182069,83.36801497843102,67.95645972485067
2016-07-15,79.03978269131613,84.92330261043156,92.61952108135165,83.63971872807427,67.31223271999262
2016-07-18,80.28481878774463,84.92121857684845,91.63340978835078,83.23094478141996,67.602788426254
2016-07-19,79.04361531493916,85.74890629244021,92.32880101062332,83.82489841738362,68.52203780270204
2016-07-20,79.16083000478025,85.74310030786548,91.90644543862538,83.60957028974589,68.67256266922486
2016-07-21,79.17395749048774,85.35954980136775,91.90147751680311,83.58258731966198,67.94874858496938
2016-07-22,78.1253982482348,85.52977804225466,90.03408216834912,82.08164035244653,67.55579488220238
2016-07-25,79.29183903777847,85.3550476317623,90.6929849653391,82.48300370952745,67.68447890959378
2016-07-26,79.87507822060749,85.19672410679016,91.49558319799199,82.83821909410958,67.86068579661638
2016-07-27,80.58864619681493,85.47698156183753,93.33478375487418,84.00476422544142,67.54584621121472
2016-07-28,79.91688362923435,85.67146473334934,93.72167785336221,84.31260509793252,67.22067162881271
2016-07-29,80.41919746397993,85.28654735093696,94.51849661446613,85.68889058011649,67.37137000461519
2016-08-01,80.84847816010672,85.11925359492119,92.84866947133548,84.08741390828953,66.87878861359857
2016-08-02,79.45932473422312,85.89666609648768,93.29546192615913,84.628715482779,66.81676859601417
2016-08-03,79.35510865270906,86.20517189506016,93.37601428788642,84.83571387167696,66.79955013409156
2016-08-04,79.08377975425637,85.55970246613207,91.0284131636618,82.7171670131275,66.62547842703125
2016-08-05,77.22517420706635,85.45871054096807,90.83549689096917,81.04158472187652,66.00089624009532
2016-08-08,77.53432916952818,85.61867026880505,89.90789246506704,80.24009803913242,66.28762656845448
2016-08-09,78.10754189142054,85.60670666098999,89.5770897808706,79.7200701161111,66.41903365191145
2016-08-10,78.26794539069166,85.87834985232004,89.82562347663125,80.26141206822052,66.49794685314684
2016-08-11,79.10756047057342,86.39488131274788,89.17513730669135,78.71547644130776,67.25697328669588
2016-08-12,79.38896893151453,85.33100072721834,87.96659041032441,77.93173138118676,66.93725908054323
2016-08-15,78.99513896308882,85.99487986374854,87.20395867634385,76.90747235005453,66.99886852574927
2016-08-16,79.34007497171002,86.30111560282522,88.30238148167504,78.05857765714235,67.31436092751551
2016-08-17,79.19342343283753,86.31707418358259,88.36161755344791,78.17655334603913,67.5213972306721
2016-08-18,79.58990722251839,86.35914037439346,87.73944443670966,77.61182762249915,67.48817322878551
2016-08-19,79.72780777863507,87.50876340922582,87.64404853268513,77.67502656857138,67.94789397113858
2016-08-22,79.77163869848066,88.36433188377082,87.66604033273266,77.76853027817972,67.8385284770714
2016-08-23,79.39801822127035,88.56121715792433,88.74216813594634,78.94866071084849,68.70735811930534
2016-08-24,79.34092945018459,88.38935058696902,91.04922498171993,81.3050552938997,68.5951318468896
2016-08-25,78.70312357437341,87.62118411648183,92.06635735670521,82.02675519767067,68.63431387459032
2016-08-26,78.67411932795271,87.90689627793743,91.52932874488077,81.21085923499523,68.67658608800231
2016-08-29,79.17875150955311,88.1754491295587,90.64311355918002,80.75891626098067,68.3238326476903
2016-08-30,78.89803555081689,87.729952798429,91.54301373618317,81.78422406913505,68.51263963807102
2016-08-31,79.60770244265413,89.21826786389592,90.63282656615645,80.70423370950043,68.4035281798181
2016-09-01,78.80763983356206,88.17725523159822,89.84244471419863,79.25813118194431,68.41260652171862
2016-09-02,78.83645198843357,88.443708265831,90.31024186327056,79.91792205389395,68.36166631040884
2016-09-05,80.5036409073534,88.70731574777007,88.78712771179434,77.94219276307437,67.73674262151029
2016-09-06,80.51479713059216,88.64721161515506,88.41454142307906,78.24376616280809,67.86765566522377
2016-09-07,81.10069328456024,88.09810917047494,87.3821979790357,77.21561265892556,67.84792708674922
2016-09-08,79.8199367333445,87.93443244806264,87.19757883846256,76.96290033796346,67.5747371021087
2016-09-09,79.41695031700493,87.81691688241537,87.19262448032298,77.16317405962793,67.87619034894571
2016-09-12,79.22589619146419,87.59186969776519,87.41417550512371,77.55820438676872,67.76126923611238
2016-09-13,79.71365469906743,88.05957182105674,88.46655950473739,79.19272606194195,67.66747500612043
2016-09-14,79.72353084875384,88.06617344616879,88.39289382853379,78.88231497838883,67.22321724267478
2016-09-15,79.78890399869876,87.667755663183,88.36434177584606,78.57006330506204,66.84530581118887
2016-09-16,79.92185211143793,87.73987816137615,88.75924465434942,79.63532496923706,66.96106289483546
2016-09-19,80.2594022265595,87.19604033570877,87.63410580738496,79.03262931030719,66.56329868818686
2016-09-20,79.57730759533983,87.13739715995389,87.46960529542307,78.57872379075037,66.43273455260432
2016-09-21,80.15677859918102,86.89963213837741,86.75412689384157,78.08325702737973,66.48848334249462
2016-09-22,79.77197470437558,86.15957869485086,86.00059390146549,77.33626530317885,66.68460318316232
2016-09-23,79.21926490747559,86.09428514636683,86.31071647200116,77.05865434993542,66.91166299828937
2016-09-26,78.35379386531642,86.21536525345626,86.43099618321686,77.51124691510749,67.07250797911368
2016-09-27,76.80251916459119,85.82305973499682,86.26187010134674,77.30305234087773,67.10495542725842
2016-09-28,77.3877521477024,86.12250781269188,86.25498053964316,76.81716661848975,67.01749131543292
2016-09-29,77.70131794921235,85.63357541592039,86.569766886514,77.35866233641356,67.05137729122926
2016-09-30,72.46956215702072,84.5562526339622,87.85555641875511,78.3214461181526,65.95862522346265
2016-10-03,74.80448562289162,84.62218336574232,88.97194364991452,79.41973117477193,66.32736392437687
2016-10-04,75.6733962592145,85.16608625437124,92.86183842463849,83.99101032086944,65.67637606342024
2016-10-05,76.1171060284773,85.54924460053127,94.17781402088804,85.1915626813692,66.11113214584493
2016-10-06,77.45086254480734,86.93765450808596,93.93968827359265,84.67338833759517,66.12320930282995
2016-10-07,76.7936619335255,86.4283399185694,89.77873849570244,80.04329339595833,66.01952390395076
2016-10-10,76.27182666713796,87.31306972126451,90.14354145409798,81.16583119830285,66.16484601729508
2016-10-11,77.22969859765202,87.49586029639151,92.30572696857747,83.45886718652086,66.43116415667228
2016-10-12,77.6965205945195,87.34417998344315,92.94720434614564,85.87187216290535,66.37324855584689
2016-10-13,78.20852354492753,88.10309897572517,95.24109716433546,88.4740084787412,65.64608476107776
2016-10-14,78.93001484862363,86.45276052527436,97.54655791424408,91.19706596078422,66.09760450318123
2016-10-17,78.05529003763708,85.50420065249263,97.37545191442615,90.97275525495023,65.85254840110858
2016-10-18,78.13256155374533,87.249025652898,99.20651786949824,93.79966538619647,66.3057053646736
2016-10-19,79.65988679328406,87.19760065521949,96.19437298877986,90.17786432484431,66.50394980699829
2016-10-20,78.62879629008506,87.01394385462109,94.83242743909612,89.84100277860456,66.68311611874019
2016-10-21,79.21187414823257,87.42923208807004,95.03471199124786,90.19426510569578,66.3835422377865
2016-10-24,75.96958363543722,87.40792379863382,95.18089517666468,91.40958098337322,67.02424512725898
2016-10-25,77.82147120327264,86.8824458928621,94.7706387052305,91.23073727286499,67.98718673844843
2016-10-26,79.2263642855525,87.46650031440055,94.76108644545769,90.83389875454395,68.31226702567739
2016-10-27,77.60838064086767,87.23281830483258,94.36950285843261,91.43152807392624,68.07871811541561
2016-10-28,73.95100992863334,87.42904708056646,93.2943193299979,90.27635423045743,67.92382469644018
2016-10-31,73.6509226082505,87.78546665475967,92.06423469312635,88.71962629379463,68.06735847571495
2016-11-01,72.84233898747692,86.80395363354468,92.39051746458405,89.63390527497234,67.99470143231204
2016-11-02,70.61199007017566,87.08024874940247,90.80568477295155,88.04005147121133,67.76017958223063
2016-11-03,69.22446606611751,86.79614686867991,90.42763835484226,87.35033846437422,67.86966570122803
2016-11-04,68.73128479914278,87.28147861823928,90.77708827525251,87.44220121318935,67.66216502748813
2016-11-07,66.31131218762764,87.38389193866693,90.23153353228184,85.59328170569263,67.39165809626726
2016-11-08,65.01235442090267,88.38220333647446,88.52663472152862,82.71137052899135,67.72772712117327
2016-11-09,66.46216269589567,88.06436493081102,88.0386005518639,82.38161369888091,67.01089365831466
2016-11-10,62.95066307888256,87.73724640500748,89.72349554023961,84.0646293001607,67.07086050697419
2016-11-11,64.63274497710223,89.08199667095947,89.65358711640003,83.98859625350917,67.92827016716045
2016-11-14,62.6721690563771,89.58378026877295,88.79102712343688,83.06944964523565,67.78152683850472
2016-11-15,61.29481619201407,88.90383254475735,88.77891572228378,83.50344395897054,67.66272323148263
2016-11-16,61.38704287697485,89.25932195609305,88.01517718296081,82.98427986466554,67.93603887245423
2016-11-17,64.04748334846347,89.18746818366071,87.89075268964494,83.06806458351026,68.18025600728043
2016-11-18,63.43270101824161,88.97548645136982,88.15958490503861,83.09786818510688,68.05869145900296
2016-11-21,63.520852536184734,89.40179692685766,87.91654404660483,82.34898051787992,67.5758056229333
2016-11-22,62.52455560026472,88.90303649875023,87.66490719851706,81.82235320800547,67.35206266249708
2016-11-23,61.8249519281819,88.69377943900238,88.30463834271065,82.67100744591622,67.37881072060642
2016-11-24,61.27068149388375,88.42505592755877,88.45413415684101,83.0336631388482,67.05840395659517
2016-11-25,61.31607539577122,87.08762637237926,88.3419998382423,83.18887942448463,66.87026837246488
2016-11-28,63.54683627248182,86.63132492248602,88.54534047533214,83.38470028786163,66.86893632753211
2016-11-29,63.43347196565775,86.67988711388602,89.03381083311245,84.26551029738928,66.91019268019947
2016-11-30,64.37813367037344,86.3135748063927,89.54133769661907,84.55518202466178,67.26580084529184
2016-12-01,67.63150269220104,86.34702161894892,87.98417892589903,82.71342680943754,67.61342481036597
2016-12-02,68.17894526824259,86.45822378390206,88.59619354912502,83.47619812228203,67.93736692941212
2016-12-05,69.47993423049455,87.35181278704334,89.17359657514925,84.4249726857589,67.96385386009153
2016-12-06,68.79055482831423,88.1717356387243,89.45771946163855,84.97801125592129,68.05333488643568
2016-12-07,68.1518897611305,88.15408152132521,90.35115617541673,86.11562809464314,67.66704909701275
2016-12-08,67.78066188361198,89.74902196015853,90.42862558756083,85.27709634670076,68.8687836182878
2016-12-09,68.33305752483605,89.74205171341477,90.27485826824935,85.37276011922377,68.70079922639367
2016-12-12,69.97200110342183,90.24315217342468,90.68589097871087,85.87624213455747,68.73546046491816
2016-12-13,71.6622675906602,89.58216479676359,89.02221083374661,84.43810007242007,68.9144450995107
2016-12-14,72.26537532239232,89.87592386687967,88.86478889126042,84.56363572152856,68.92266336615761
2016-12-15,71.6295321156008,89.63212185093641,90.7453046308427,85.57995509060892,69.22517134577706
2016-12-16,70.2196614820568,89.52574072375612,90.3008304548585,84.67043223362327,69.25007571710663
2016-12-19,69.85507362279228,88.37117564967133,90.63403280986455,85.39081778437848,69.66152556088905
2016-12-20,70.24762656186618,88.42009342824534,91.95692161970851,87.34747873342523,70.23180110403719
2016-12-21,68.96593618444918,88.51932334359999,92.3875185466365,86.8370716336085,70.45389481991762
2016-12-22,71.19898001501181,88.93608478384037,93.91321260931981,88.41300216619993,70.61252264143488
2016-12-23,71.63020544715579,88.48622665352767,92.8880136507106,87.94131879772247,71.02223407881982
2016-12-26,70.70957179239402,88.91197579117203,92.85703582104895,88.02562271709165,71.16681396205341
2016-12-27,71.65887081778227,88.99225254496261,94.15537283872213,89.35557194976926,71.4680750827396
2016-12-28,70.67177385529445,90.38730940019576,94.95591758725479,90.45099963407033,70.95252091760074
2016-12-29,69.98741325866298,91.00018222232802,95.26407985765535,90.14067964766286,71.29523721672328
2016-12-30,69.33116365586042,92.12446420362984,95.36650109086938,90.33886552331813,71.92946219257236
2017-01-02,68.48366505845148,91.4017010964838,94.95305716468027,90.2387936594628,71.26365026742091
2017-01-03,66.9065400916502,91.85117143547507,94.41495738253535,89.60977439824846,70.34694934100784
2017-01-04,66.30361891707888,91.81308134209284,95.0714527941831,89.97258403244777,71.19047619463181
2017-01-05,65.5220142516215,91.21994160001557,96.53160931537779,91.40004688903207,70.90308235986849
2017-01-06,65.4234531551568,91.85095825753115,97.68446656682876,92.21334627660755,71.03690517986176
2017-01-09,65.50602820021105,91.15561838564716,97.46361749324073,92.01804311545693,71.55965468377127
2017-01-10,66.97292153037486,90.95485846027135,97.3142719484727,92.19176587149988,71.21954216373575
2017-01-11,67.42174236711382,90.93356718777473,96.63551558037113,91.31023579632944,71.74523759007427
2017-01-12,67.33709476522125,91.569403537424,96.50427786913845,91.25764434293711,72.55226098592385
2017-01-13,66.03567437982555,89.67454609376101,97.48506497334223,91.7239861819199,72.41653634845744
2017-01-16,65.46963637060375,89.85795126024084,96.52747791324154,90.84626498752453,72.55429199813477
2017-01-17,64.83660962034638,89.43580120571951,96.14501213112516,90.16806250600577,72.31679189969861
2017-01-18,64.92126402354657,89.19263855382836,95.90370266163094,89.95232655125929,72.03007019142274
2017-01-19,65.57098847957104,90.47908464654255,95.78150223120727,90.02641895849027,72.01565361350094
2017-01-20,65.83156987561915,91.62562050935635,96.38845915441983,90.06493135565707,72.30443124011275
2017-01-23,66.44619036041436,91.56364465100913,96.96140772525439,90.41017059773844,71.99142928963019
2017-01-24,66.51773582819762,90.64364397123252,96.67945275345761,90.42010428857562,71.38033505099274
2017-01-25,66.01169994775185,90.17281737604638,96.51398834863232,90.22730385938054,71.6242719334522
2017-01-26,66.53258694142366,90.49705635707606,96.7108977129843,90.47257519794606,71.42762430767574
2017-01-27,67.13369060405657,89.74765494694704,97.24792907712802,91.25515652614669,71.53672478752323
2017-01-30,67.04341931840607,89.95279742264023,95.54421713124287,89.84603872563125,71.38815518297635
2017-01-31,67.00882272171462,90.46138331276912,95.58154810764289,89.51105166561682,71.36313836327815
2017-02-01,67.04818159442827,90.53627604848275,95.72261394475636,89.92069826985112,71.05118679561933
2017-02-02,67.1609621334712,91.46556347263302,94.42677780830599,88.8734930083029,70.82054840150967
2017-02-03,66.98879048993346,90.96802178062322,94.18509433758202,89.10657745662614,70.44884632261667
2017-02-06,66.43492779124698,90.21781197905668,95.08245528578334,89.74443517573167,70.4375016452985
2017-02-07,66.19446110093953,89.5428301905015,94.70196627567144,90.1833361915691,70.84761000929714
2017-02-08,65.84257144322677,89.81891516987832,94.22632021327865,89.38107557217947,71.05107787092781
2017-02-09,66.29286538375837,90.32261454267882,94.15039168586635,89.28325814520616,71.25701401512138
2017-02-10,66.51312032672823,90.09242517586999,92.83209348302141,88.16424033215785,71.5077859094952
2017-02-13,65.94987829699022,90.37096495394239,93.03023322840549,88.52767586362215,71.74719155992983
2017-02-14,65.69003562562311,89.67861618713599,92.55409224892036,88.2898646614911,71.55262826023396
2017-02-15,65.36946512022548,88.68253207251352,93.4585385639965,89.29530708263013,71.74558508507751
2017-02-16,65.88615536309163,89.08096103450333,93.43988764370152,89.23279128321334,71.66359928486845
2017-02-17,67.5208820933382,89.51926093952915,93.40997698613282,89.33176007752863,71.4680240623912
2017-02-20,68.69876663225273,89.18745518004565,93.83376787808155,90.02718564504347,71.62607125142213
2017-02-21,68.75091232760663,89.19553090871945,93.8115366581532,89.88768164059083,71.53401565985341
2017-02-22,69.59794599711485,89.20009337902012,93.48787287081544,89.48388260920959,71.76253652294558
2017-02-23,69.90743666511116,89.40894203134758,93.45627569080283,89.55032456400639,71.67462769938128
2017-02-24,69.70686022951415,89.971354506975,94.19808232587687,89.93392696491259,71.49992837575199
2017-02-27,69.78473583585253,91.01095269110048,92.98832600570886,88.97184618808926,71.07113511660785
2017-02-28,69.23394723175596,90.69853672111121,92.45450025393832,88.31832787395442,71.0017981959611
2017-03-01,68.94459844095093,89.97262410716644,92.72806266187482,88.72502092761339,71.16758320088955
2017-03-02,67.65649718245696,90.09230559787734,93.18274506818685,88.79192705177566,71.16664753286116
2017-03-03,67.60648468669329,90.7513959421257,94.2162320516838,89.37544201896429,71.75575610625341
2017-03-06,66.91064730982939,91.33602941215293,95.10127616384196,89.78438842686901,72.00253215128394
2017-03-07,66.86699569888997,91.52970265946058,95.25035587052822,90.09815463281994,72.04158009453772
2017-03-08,66.66011731021766,92.80264657674121,96.40699108848307,91.50723450890948,71.79983000339175
2017-03-09,65.65862024293072,92.20443746280034,95.38993696488038,90.98909905228592,72.10684414813782
2017-03-10,65.53960692959406,93.31712743976388,97.12872404078402,92.57556148913183,71.96735825422462
2017-03-13,66.45564750906048,93.35502005280986,97.38112046338388,92.68566499467308,71.78291704323162
2017-03-14,65.49292569232257,93.66766397342916,96.64831549870448,93.03307969554993,71.43300772837465
2017-03-15,64.48889147545094,93.95562885887664,98.21078931007132,94.36895251218328,71.69773950967583
2017-03-16,63.15295292808628,93.46961187297964,96.84853655671284,92.444495204462,71.58989828231381
2017-03-17,61.08083623000925,92.47805358357988,95.73498797706873,91.0250691573525,71.55019138437495
2017-03-20,61.303297522060284,92.96040898414302,96.52188355992547,92.19070625038044,71.62133896595903
2017-03-21,61.603285246123164,93.35390857990461,96.82817569609627,92.29849542355252,71.55585878193527
2017-03-22,61.00607320089768,93.54917468859323,96.72782202061208,91.9729876239732,71.38592109961141
2017-03-23,60.14298698819778,94.02163840795174,96.80773865775676,91.77029574628001,71.58327912064166
2017-03-24,59.741146152822196,93.19783051082449,97.37849734662117,92.1230753210326,71.45908860268187
2017-03-27,59.76683701772971,93.79541361328371,97.53909036067473,91.92991796734422,71.616162435169
2017-03-28,59.44308496858892,94.92269449565165,97.74685790704831,91.4331067102753,71.75333055406408
2017-03-29,60.59714319066538,95.8615037972743,99.39047476894783,92.62472189071104,72.11754215905096
2017-03-30,60.10266309635909,95.96621366368994,98.23526022442003,91.40138634324082,71.86903139287196
2017-03-31,60.57060672001268,96.38626807510867,98.58821775194366,91.36786721400783,71.85474533960196
2017-04-03,60.10598467179143,96.85914455650124,99.60975087674623,92.62032767556315,71.73807865414817
2017-04-04,58.57126979860913,95.89176168606564,100.134533304349,92.97824982523713,71.52932541069549
2017-04-05,60.00387653089443,96.88613918729104,100.55046593372059,93.24495645758027,71.59100442033775
2017-04-06,60.218415755602194,98.23437388386242,101.28649973749762,94.20007577705181,72.09720075981953
2017-04-07,59.45993882725268,98.62997994026321,101.07567088591385,93.3030893686012,71.50214118567173
2017-04-10,58.71452711818863,98.93421835619317,101.13845207617547,93.42144545199085,72.18784082362973
2017-04-11,57.026439837004396,98.79128979662556,101.31853517616676,93.21677361187383,72.15016465714689
2017-04-12,55.452142537159745,99.7831485137927,100.78233544511544,93.41924025700543,72.12020719189547
2017-04-13,56.25471256608991,99.80136011820392,100.83920415121462,93.31856531665487,72.1806789794742
2017-04-14,56.515448594091154,99.30463984624049,100.68348291373752,93.00795144937001,72.9867307102488
2017-04-17,56.43454007358075,100.50539612778053,100.73346970990968,93.13845778143994,72.46698760396872
2017-04-18,56.10804093663161,100.62248907957725,101.82629377500061,94.18890575678779,73.14557277157115
2017-04-19,56.545066968222145,101.72711164401203,102.03418474270569,95.056948956147,73.08563957486402
2017-04-20,55.75927244574639,100.39565269190307,104.57126547709703,98.10935190490258,72.98781029566341
2017-04-21,56.446843340017836,100.84707099785193,106.4542780888472,99.42942974680858,73.06863411696618
2017-04-24,56.21234110567394,99.74083714823088,106.99247380357919,99.84413535250984,73.2214760861736
2017-04-25,58.43177572298577,99.60534243257821,106.76153659597045,99.68105781596645,73.67382396761964
2017-04-26,58.09904771454429,99.28248266238096,107.36339703341598,100.3545628131826,73.170193046562
2017-04-27,57.06271137382311,100.26591999452764,107.86315880989186,100.52644769360187,73.16424773026566
2017-04-28,57.07470283519572,100.8505619914426,106.51400729838105,98.86348828128237,73.21579015373783
2017-05-01,56.98903163620561,101.29457036255624,105.23342162600038,97.82609011834063,73.57959113756591
2017-05-02,57.234618017510044,101.37874224658057,105.22559259893724,97.59409725725831,73.57325034289413
2017-05-03,58.416711421075306,101.36441160200317,104.3483926883625,96.54340687176942,73.63207808189249
2017-05-04,58.15437962727891,101.64122732792073,104.83551741486848,97.32090252460644,74.11212593179873
2017-05-05,58.82621099586891,101.14479003209182,104.0525069363033,96.55354096501871,73.92162293525479
2017-05-08,58.13283101860117,100.86800250051976,103.54250816461868,95.8691109015219,73.76697947412701
2017-05-09,58.949153357495184,101.03727720069355,106.08565219244512,98.3490319304161,73.85077306365547
2017-05-10,58.95126368842322,101.14266123384479,106.45102812758445,99.3503182878724,73.70756100603575
2017-05-11,59.342402413981944,101.24911151916858,105.43189182531263,98.61478167095773,73.92743371606572
2017-05-12,58.92924657117792,101.21762534923519,104.00262616490761,96.82930390191235,74.06179777438973
2017-05-15,58.66569694786595,100.6518058548865,103.98270172046145,96.60264984140642,73.89941046182929
2017-05-16,59.030118328281766,100.16720522736095,103.16466287512327,95.87145604609584,74.05944615727958
2017-05-17,59.83352698516852,99.85351763347393,104.1592991112592,96.46393865431277,74.71447249390408
2017-05-18,59.28783060094703,100.36327818663378,103.74006984847553,96.68091523919591,74.86074430190821
2017-05-19,58.59748235436771,100.01314114143534,104.31947529432328,97.65253337787996,74.8264401360495
2017-05-22,58.62884602177121,100.48576768537846,104.60765712437166,97.36495468656477,74.57685695021226
2017-05-23,58.78873679997568,101.27525937988263,106.80532537202782,99.89372549164439,74.86028796017845
2017-05-24,59.15149356802885,100.99266414467249,106.64546393626976,99.41691852639173,74.51009340851542
2017-05-25,59.28163685509282,101.07307457029746,107.19237151094046,100.1208738684451,74.60361166048772
2017-05-26,59.489513418933946,101.07403627153808,107.51570333934941,100.22465159213154,74.70326422330346
2017-05-29,60.0683694879033,100.5683893410684,107.5409390515912,99.85183659824753,74.44220619359537
2017-05-30,59.58825976120992,101.04532980892873,108.37815215859533,100.8297945054065,75.01150626857662
2017-05-31,59.47092293506763,103.23645791098089,108.67796949203404,101.24948518315931,75.00898819317624
2017-06-01,59.5874765564288,103.61916621019525,108.71990495667434,101.6943149999405,75.08686555357227
2017-06-02,59.75889274846663,102.81379719385299,109.03614948381679,101.93246733139519,74.8358287481397
2017-06-05,59.210200439958115,105.933512429555,109.16135793317099,101.36248802398305,74.64485594924307
2017-06-06,59.19062092079058,106.36001660395141,109.5660477378253,101.93246817662316,74.53927807212305
2017-06-07,59.358653021773165,105.49890274271425,108.96649118651236,101.0217990940826,74.09613460880509
2017-06-08,59.90337579134986,106.28105748867031,110.01309189119364,102.05827743601716,74.4817755557807
2017-06-09,58.82594437176516,107.05772596445122,110.11552249387688,102.40283245484578,74.61046584517219
2017-06-12,58.22954991909442,105.39303112884836,109.14354125877936,101.68479693314272,74.69419107428202
2017-06-13,57.64194438057968,104.5741210038641,108.47140416110099,100.96313686596667,74.26297211606511
2017-06-14,56.67036689571343,103.5282138998036,108.25505221605141,100.30327505997165,74.1244258393276
2017-06-15,57.284614050752545,102.39868613918621,108.024195557676,100.39999341335981,73.97174810218789
2017-06-16,56.885557514408916,103.67954982740353,107.8681956501377,100.6653662023594,74.14945835438094
2017-06-19,56.70746125203472,104.0804984132579,108.11639266159187,101.19028373283501,74.03160298487612
2017-06-20,56.73071993241906,104.02457020475337,108.65243475102335,101.36951560927704,74.37686724315208
2017-06-21,56.94119076180746,103.02505705961423,109.31567698591283,102.62291262539279,74.6612797051008
2017-06-22,57.58401560991684,103.17346304090023,108.37129345240868,101.0900904570119,74.6865513037701
2017-06-23,57.36606373580319,102.59597844265835,108.21480108411426,101.07266018792338,74.34272054460617
2017-06-26,57.22474896674314,103.36822123882301,107.81651804972377,100.84529183519801,74.25624234375823
2017-06-27,57.523649303101266,104.43677070630231,108.64220098464816,102.06201321426298,74.00464433710084
2017-06-28,57.98299986293971,103.90665477388667,108.79434782006827,102.29122917153917,74.12683271028193
2017-06-29,58.157438378798645,103.1983290009666,107.6078006816571,101.40528792156942,74.09155424307804
2017-06-30,58.64173828267608,103.23079831940727,106.74719112075776,100.85370883793023,73.98100504287373
2017-07-03,58.78453921951059,102.81962652053862,107.8613291754431,101.62704370599573,73.95307299546344
2017-07-04,58.8285893332676,102.11099989184879,107.97013189785409,102.18000547604393,73.82907690628271
2017-07-05,58.97768984773425,100.36569948165162,107.66420428936941,101.80894854992,73.5759693460603
2017-07-06,59.4481516961059,100.18864138437118,107.59158441188464,101.6335966818607,73.07488255700146
2017-07-07,58.88208704790298,100.89901452813332,105.77880308911777,99.64007622520907,72.84835716246226
2017-07-10,59.72681427224238,101.56347132212424,105.6093343615856,99.9208285131568,72.70906519115854
2017-07-11,60.06218554827013,100.9376602628344,106.12559985116027,100.31465736950804,72.54184548877932
2017-07-12,59.94294294070704,101.1483909467372,105.70368745500349,100.12378583441215,72.35116528006537
2017-07-13,60.26031113374779,101.51522349472619,105.77907505035317,100.05030737626424,72.42365410246244
2017-07-14,60.568036369918964,103.37017756282461,107.0554026382198,101.67343985954207,74.23386290298859
2017-07-17,60.94622423021391,104.01398486975542,108.15831807288727,102.17687787461493,74.05324048673239
2017-07-18,60.70674979734139,104.49356211721488,108.05492117976456,102.13144031628674,74.65736355710622
2017-07-19,61.05933671633538,104.43223374517343,107.63656026730466,102.0686127514305,74.99657155331924
2017-07-20,60.065236964345715,104.03658784067748,107.55493388658184,102.28405752248936,75.45228110349095
2017-07-21,60.17399889577296,104.36880986663373,107.67058444453997,102.23782557917878,75.39990766827081
2017-07-24,60.18253997886555,104.34799753196664,106.31973575548548,100.89450521551886,75.28632485061246
2017-07-25,60.07484986192401,104.20133144594948,106.58138252864717,100.8595212637037,74.69734643419875
2017-07-26,59.925492342757536,104.65340633954341,107.94392096062046,102.359255377042,74.25108071527363
2017-07-27,59.818122892991774,104.81153137864622,108.1098758055129,102.70045646480656,73.87136417278623
2017-07-28,59.84881429834958,105.09943275080104,108.91408114774075,103.14981970263635,73.80851151709264
2017-07-31,58.54565260326046,104.61388985951167,108.16916569174862,102.15120853220353,73.69819872888094
2017-08-01,58.51892846592377,103.28341785359991,108.03215054220409,101.74250649732606,73.75577336489172
2017-08-02,57.762487887768074,103.23164296951475,107.65845167656364,101.50474916568344,73.7381692748931
2017-08-03,57.6267196346711,102.19037722820983,106.16727277602533,99.9054407329111,73.56036599545212
2017-08-04,57.41722893727918,102.44681296299596,106.0294076240458,99.55741178435052,73.49309907216215
2017-08-07,57.522926170583,102.65548420371444,107.67947308245004,100.83058499619075,73.58482729226891
2017-08-08,57.71356631008789,102.66196274668874,107.29817377210347,99.97804188058502,73.42389875876187
2017-08-09,57.348654333979574,101.8605607952257,106.52009428091202,98.99802656225144,73.43815466655005
2017-08-10,57.6010082138124,101.38891970931532,106.25459120346147,98.16337238201413,73.27723295611554
2017-08-11,57.779210607696676,101.89537456137057,105.83462503729368,98.1205018426041,72.85950260488113
2017-08-14,57.32230028947575,102.1853378322745,106.93514893615989,99.28504768009056,72.9125959601833
2017-08-15,56.41362402426727,101.06255320131218,106.59000739778489,98.85657645938586,72.51400740699737
2017-08-16,56.44317041233226,101.13096954875633,107.33473944319051,99.58898121382714,72.91875882346064
2017-08-17,56.44667997472177,101.06923426993033,108.12596862612544,100.01114666615851,73.97181303182082
2017-08-18,56.625012457995815,101.31564844840769,108.67125337353652,101.17852376762511,74.42050294814749
2017-08-21,55.61340870144764,102.25748458354668,108.3767268793376,100.95112652019698,73.69098613846653
2017-08-22,55.84126249446298,101.94524656293417,108.4110393023944,100.90284073189662,74.4777926127818
2017-08-23,57.51506120163834,102.10875628527842,108.73984924908413,101.05013761672983,75.43635657117878
2017-08-24,57.25091510449584,101.7951296546475,109.56159997942862,101.59068303317665,75.45426203972798
2017-08-25,56.177314545387446,102.12153842086846,111.1588434574385,103.31835303943757,76.42480771629695
2017-08-28,55.60245149541488,102.21695509846383,110.23405179963999,102.37538090777876,76.7350826221701
2017-08-29,55.65611367821119,101.5751718431831,109.0606604254254,100.80838606136386,76.75588637625924
2017-08-30,56.74793974629642,102.24806066700047,108.04075193121069,100.27672066151318,77.16563919058005
2017-08-31,56.0721800940744,102.09530044283804,108.5399880443953,100.86987419182361,76.75500343747592
2017-09-01,56.637645859864506,100.32953116957164,107.89597084587659,100.8288039060425,76.59348168867311
2017-09-04,56.359751303692676,100.81530074987145,108.71350834398837,102.00570446870569,77.0382918013748
2017-09-05,56.96154504462845,101.28254721716769,109.11347384536442,102.41262332533734,77.0495174169047
2017-09-06,56.269363592147634,100.67363187578509,108.65944552148761,102.06054013251293,77.47839835572357
2017-09-07,56.24798564333947,101.2141770325981,109.55575993012741,102.82299323197368,77.80112643620573
2017-09-08,56.13307905693623,101.89115534258167,110.13183944478018,103.02389808186736,77.93755184787348
2017-09-11,56.840219832825156,101.8689831443758,110.50563310452377,103.48576756662229,77.71410305658189
2017-09-12,57.10421343477776,101.11470103707478,109.91692320690427,103.2636183059056,77.75096845282717
2017-09-13,56.98793338453916,101.29271431905266,109.90643961317792,103.25818443936762,77.91444626799625
2017-09-14,56.63603622012856,101.28333866644175,109.63478763018541,102.5893807022443,77.58529624465795
2017-09-15,57.58596551895838,101.59686279529825,108.7697308835113,101.25540131635329,77.53516596125387
2017-09-18,58.45752283925941,101.56521239586753,109.84302307717984,102.4012844422944,77.78414933715764
2017-09-19,57.47069435874101,102.10423404652596,109.53329724711705,102.44241852670248,77.46129693082838
2017-09-20,57.59546950298916,102.33693367152019,109.4706310952804,102.53258793817889,77.38363913514173
2017-09-21,57.21235419366748,103.20640098704044,110.44493480089336,103.19872908533192,77.66482098352392
2017-09-22,56.77283349601153,102.4701497186886,111.04413822327739,103.18938840552401,77.92993772603141
2017-09-25,56.669184780696234,102.37253696485551,111.24205418194389,103.4918362966002,77.74799310554528
2017-09-26,57.05790372286095,102.4672057465354,110.34521876722563,102.64911596460813,78.14106274072573
2017-09-27,58.276615863945516,103.03087682558866,109.52961651282914,102.12038557532748,78.50246151982299
2017-09-28,58.70639251664679,103.47675296626997,109.97257456177493,102.48274901355461,78.3950348405146
2017-09-29,57.58895556543919,103.56899564134223,109.98134573075203,102.63630922699802,77.97223509898618
2017-10-02,57.97447271729481,104.68706484912886,110.344678753196,102.93849118419276,78.17969252290038
2017-10-03,59.82695960116897,104.07452694114936,110.58896491743802,102.87688995190703,78.00420040496485
2017-10-04,59.799321779167805,104.64637760671569,111.71843437924736,103.95078770463478,78.03375449138105
2017-10-05,63.72794995535025,104.45614149861062,111.33588566589545,102.80093121477432,78.76828691694213
2017-10-06,64.93145816715084,105.90453692334967,110.72354102284376,102.66857699644034,78.87013976983009
2017-10-09,66.22786017597372,104.59283417339395,111.98182532501303,104.16218202937912,78.89806350926519
2017-10-10,66.8731882742391,104.21063098512879,111.57577729537931,103.65183511604474,78.34307191830203
2017-10-11,67.81654231941549,104.96452530373284,111.30548460149056,103.50126787902248,78.30791929320614
2017-10-12,68.17143380088281,104.59883657104976,110.62863383224646,103.176443530018,78.23093674576141
2017-10-13,70.87658535473558,104.73699718304081,110.10359463181393,103.08109765927695,78.46178751591452
2017-10-16,71.593780271617,105.33280205834326,109.9052744795809,102.87936013857251,78.45388345726396
2017-10-17,69.85765463882375,105.09719979506183,110.78241336098867,103.73692795387048,78.03761804080747
2017-10-18,68.49375340398448,105.75870285734695,110.78757015416593,103.61527847709158,77.99238420398102
2017-10-19,66.25854534545049,106.73484257067614,110.50844410599214,103.82769527247304,78.01380964511361
2017-10-20,68.08691319269596,106.96543215225456,111.27613977131084,104.72816935118078,78.29245322155741
2017-10-23,68.46071622186368,106.85870512338474,112.54177850509055,105.61654231581443,78.37156938840522
2017-10-24,68.4766785519282,107.07387102310584,112.29164002127419,105.48498997671423,78.3280256278033
2017-10-25,66.56794779117035,107.0057729490437,111.26736884754594,103.99967071645551,78.26360596813787
2017-10-26,67.38950852670199,107.47535652979059,112.10544074268273,103.87284219390057,77.77447819827529
2017-10-27,69.76116461354887,106.99386958193182,112.61905474949938,104.11704900673246,77.83663429557475
2017-10-30,68.91574158371472,107.29912809613815,112.75088822112312,104.09164746135589,77.5214071864958
2017-10-31,69.27185849455552,106.54785457634577,112.96441649793081,105.19110701260578,77.97492802441582
2017-11-01,69.9602544193132,106.53509791367148,111.72906996013974,103.60348587670074,78.2335231422909
2017-11-02,68.61156599891908,105.89952597016203,111.26737775454517,102.56840748827767,77.45313416129225
2017-11-03,68.55860457775533,105.41455797185581,110.56742802651468,101.57481136923418,77.54064615138032
2017-11-06,68.12056029037407,105.21682897273033,111.3589929303489,102.28064396887446,77.39576822538665
2017-11-07,68.52218596138741,105.54738295811951,111.3779638504087,102.3255849219107,77.20329573802658
2017-11-08,67.85437205454875,105.85268924425301,111.67785862293984,102.74703067896034,77.30683268164566
2017-11-09,67.89316656984408,106.19691170285385,112.44840473625699,103.80799034631885,77.35989618480481
2017-11-10,69.26122113126902,106.3845132288623,113.15380828166195,104.61885177697219,77.53429559549365
2017-11-13,68.76575252116533,106.6283150750869,115.03328360015229,106.36046817489964,77.66368136308847
2017-11-14,68.48429841397136,106.43612897349428,116.01171115374964,107.08364475216257,77.5931845465098
2017-11-15,67.24506865531399,106.04264739332845,114.16840696979787,105.63981025622667,78.25099134335026
2017-11-16,67.0293131258766,105.44350862424292,114.57486611029755,105.79011940414709,78.53117511293553
2017-11-17,66.77110086065275,105.06720361916135,114.20902159640085,105.79433824361945,78.39101971440505
2017-11-20,66.39988889709436,104.95254113187727,112.88693592150783,104.80566671544938,77.63726591981786
2017-11-21,65.85814793948136,105.54386429680338,113.50352809308258,105.70245449408951,77.6751104677323
2017-11-22,66.9573905712592,106.18050960988492,114.40388415623335,106.95033409616666,78.18642635586978
2017-11-23,66.5444135415564,105.26466828840748,114.56076292397348,107.34402955537455,78.63856522100357
2017-11-24,65.95835878937042,104.81158853936049,114.70765073789894,107.45210689714102,77.90714804978056
2017-11-27,66.27759580789275,103.5626894246567,113.32686086642556,106.82182354927656,78.71384501835695
2017-11-28,64.93068720684907,103.19318045218094,113.10229849229785,107.54835699777583,78.2773695818181
2017-11-29,64.54856636170533,104.19002048371293,112.9433971899755,107.686125697059,77.56680598406722
2017-11-30,64.42109329545886,103.05456524557275,111.61987900366803,106.84786687125272,77.32989337031475
2017-12-01,64.14810333097242,102.41716561288658,111.17068292467853,106.59387358024632,77.79910133968451
2017-12-04,62.27278560220528,101.79723407611694,110.9210316491459,106.35226896982046,77.81436160613336
2017-12-05,62.457475510102846,101.63866869749774,110.50686139091685,105.93231122032847,78.21085422716817
2017-12-06,61.71048456651247,101.53941217855309,110.59799335317247,106.67012002686198,78.02887395995106
2017-12-07,62.2964863720306,102.19238086403055,110.77476202294865,106.7769862698086,78.00900769274304
2017-12-08,62.08630093098,102.7772368921741,111.08798933948809,107.14133999190818,77.57046262654225
2017-12-11,61.36026915890176,104.21490255547756,111.15148867731402,106.96175137364921,78.28617262427437
2017-12-12,61.52371161913075,104.56665182336104,111.15004248681315,106.8830888812041,78.25695593579289
2017-12-13,60.50603898665364,104.42665005690979,111.23582440893752,107.5337547224232,78.26092156560074
2017-12-14,58.14412231457873,104.20767855573827,113.8678423636932,110.5643514677014,77.99702775750286
2017-12-15,58.62648214356794,103.79850549588767,112.45703985413257,108.96231075059902,77.93178397005327
2017-12-18,57.36264592270454,103.18114856321996,112.12234020516132,108.47565596850473,77.9398288206463
2017-12-19,56.54392560617051,103.47737151819543,111.1577644386994,108.0920740930086,77.40069399861521
2017-12-20,55.542285399386685,103.69164588736824,113.02901513827412,110.09846345923351,77.71488669149697
2017-12-21,55.55874879614916,102.97803685019535,112.16950084550996,108.53560074582016,77.01727911596042
2017-12-22,55.90392583991005,102.24544150819817,112.37400810920542,108.05417422883785,77.1074148351679
2017-12-25,55.623076156482455,102.89304755696189,112.78082965957555,108.91460844883869,76.95681232924385
2017-12-26,55.66715607001779,102.22697402524483,112.13883174007708,108.12194123032735,76.57222758152025
2017-12-27,55.088283043204214,101.58540073789098,110.14151015424748,105.66837744944056,76.54221481299236
2017-12-28,54.14580512070193,100.80122775867233,111.42099476238165,106.70717688654182,76.61618580586337
2017-12-29,54.555854244389515,101.21682773092849,109.99911775035089,105.16286000549596,76.02762257548977
2018-01-01,56.7247250527949,100.28261356235755,108.75369334535341,103.29404757388821,75.30869676899673
2018-01-02,57.879486775232095,101.86911039639872,108.86801712731209,102.82555102740412,74.56531418638262
2018-01-03,57.618935949542404,101.58327122013198,107.93550408619564,101.99755577317443,74.67475213112827
2018-01-04,57.981943521592484,101.31964389319599,106.35484020625681,100.84909616055316,74.57930460375223
2018-01-05,58.61134970800719,101.81529672483289,105.279918103115,99.2269064249287,74.31163066087282
2018-01-08,57.78671664040679,102.2409146488299,105.62980979260578,100.05993373566689,74.47977503160652
2018-01-09,57.91812719953722,102.89429026676143,106.20360362297568,100.66629396499214,75.02862256180234
2018-01-10,57.99430014056828,102.72304856608811,105.43710866040546,100.17281582701219,75.39971728450053
2018-01-11,57.9556646492286,103.65332455597678,103.48361242435706,98.24338144324182,75.32188941014446
2018-01-12,57.57077351598867,104.91775214570418,103.69491410836633,98.31747654024792,75.40079145716629
2018-01-15,55.99472376811302,104.22010868297727,104.33795160921385,98.64390679595863,75.03205993997659
2018-01-16,56.72648308145748,104.98379563891964,105.0001534084934,99.1255586055469,75.0762835755274
2018-01-17,56.090199185733304,104.17412693213606,103.601023414049,97.54435520473976,74.52471001792921
2018-01-18,54.49761570226236,104.25869990182106,103.7022520348957,98.5386680119937,74.18947224597248
2018-01-19,54.660759487879986,104.42243226522203,103.59415596408226,98.6445023134421,74.39288531823439
2018-01-22,54.92124015035608,104.25952854079337,103.24623855830993,97.72859965973385,74.06275569567528
2018-01-23,54.45094402678645,103.44250923062658,103.39852697323452,98.3551896981449,73.67962492821081
2018-01-24,54.696348795564454,102.59321560963122,102.92161506619712,97.53834568152506,73.85833681563032
2018-01-25,54.26063814608363,103.2110822647921,102.80252604203378,97.19657255355958,73.45091486596857
2018-01-26,54.45815854987859,103.96722677710608,103.25005136902254,98.7286252848546,74.25440048987585
2018-01-29,54.32383508930051,103.80411143144246,103.45884034121183,98.73461699924513,74.59267734809977
2018-01-30,54.54044093537278,103.99261691128379,104.06631704085234,100.1234649225406,74.7483947879818
2018-01-31,54.46725330881503,105.13994419248579,105.1867173906583,101.27678427634383,74.91130301745368
2018-02-01,54.56623790133819,105.37769737847569,104.20153528697244,99.50505908165096,74.54087492960659
2018-02-02,54.2519057080964,105.08537783916714,104.40543267020053,99.69895551594679,74.56525517479251
2018-02-05,53.652901336505096,104.75402965823865,104.66734225662584,100.22279152689961,74.30708755135085
2018-02-06,53.73487672127531,106.24597175179329,104.96507198120358,100.30659541008711,74.35768674285738
2018-02-07,53.77759809102904,106.15121946377712,104.93226355180663,99.76756031201786,74.04908175009727
2018-02-08,53.7208012338817,106.05481132346965,104.57113657746864,99.3162002711134,74.02956588642306
2018-02-09,54.062908677585774,106.04006063539396,104.86025578277732,99.4784017251204,74.20850194172367
2018-02-12,54.218325042952166,106.5624671227524,105.4495473328145,100.29650431559614,74.26207038793143
2018-02-13,54.3034162111791,107.10378645699032,105.20930417168015,99.88108761038107,74.31621632006481
2018-02-14,54.473772445242076,106.63361767423308,105.10052602861816,99.73552873148066,73.60196797087401
2018-02-15,54.38129093637812,106.52709910767322,104.95719147106468,100.0154533728377,73.15867046840245
2018-02-16,54.05148986583052,104.86364509771411,104.29209664804367,99.19943311688603,72.8030415394271
2018-02-19,54.570680642200166,105.57860217463266,104.55601230421598,99.35243463460053,73.3036000459158
2018-02-20,54.56392534426102,105.12093444710531,103.50169111134922,98.16316337866374,73.39851630140582
2018-02-21,55.83995783995379,105.29998546360298,103.13598942701971,97.37825260636606,73.64151336197315
2018-02-22,54.06937381650383,105.70970435510844,103.89440091535695,98.38836443330217,73.55467970233653
2018-02-23,54.59195178475259,105.89714249462165,103.23407990800213,98.51502506991955,73.39400424013812
2018-02-26,55.05824233390094,104.49325506410922,103.84876583446182,99.57034697149074,73.39337128114558
2018-02-27,55.47366668565037,104.96057597800362,103.46128162036699,99.37347918610038,73.12967088539341
2018-02-28,55.154862813366066,105.56581597145886,104.1135985825389,99.84738281665622,73.01539796535283
2018-03-01,54.77352634045937,106.00869784244016,103.44661290659205,99.30446638964735,73.18835901909736
2018-03-02,54.731827495730215,106.5512910661245,103.36666573086416,99.17826525523523,72.98237203846493
2018-03-05,55.658251746670295,105.87491382224255,103.72194653440543,99.48276123831289,72.53466343047594
2018-03-06,55.256354164564655,106.85810861715936,103.99969561358353,99.437385461615,72.686151890137
2018-03-07,55.15690825374324,110.29512278788627,104.71810658663993,99.98886393333403,73.49828744170853
2018-03-08,54.517792895746375,110.26193256418932,105.49488481583289,100.67773097636312,73.14496289463938
2018-03-09,54.28680933808418,111.83220680735432,105.94007828261842,100.83083761761425,72.97125701201674
2018-03-12,53.87971328275023,112.27883441928314,107.34549384899998,102.63302188056468,73.30507662076653
2018-03-13,53.23510676392521,110.94844945838909,107.44456780169122,102.31371635328068,73.15674354745724
2018-03-14,53.426356751248804,109.56310469181854,106.2783939053859,101.13460199693714,73.23188062556318
2018-03-15,53.864332548251944,110.12387693956435,106.47849707945683,101.12695233429862,73.01170816950426
2018-03-16,53.66621553297596,110.40505586774067,106.68795296296653,100.80105241355307,72.83343890082905
2018-03-19,54.4108956590367,110.60399090253867,105.493441116942,100.6075695356118,72.7976381763063
2018-03-20,54.54734220109738,110.87935362741375,105.35525932557607,100.33683047371463,73.26049113922515
2018-03-21,55.137644020531226,111.81170999124032,106.1112224036024,100.64878494745346,73.88317572092231
2018-03-22,54.738192711686274,111.98966545428269,104.82364607587856,98.86235316888367,73.87115348116178
2018-03-23,54.41552335961373,110.51976852745557,104.88491312057984,99.49301069530962,74.17816141539599
2018-03-26,54.303808584385294,110.51060246519044,105.5080325859167,100.4558894403716,74.12018726304034
2018-03-27,54.32086138875072,110.78840636254436,106.02732799149032,100.91837714199097,74.12761142689894
2018-03-28,55.236867581020256,112.30704300335151,106.93479911926723,102.7272858871076,74.14391583542597
2018-03-29,55.83956003300759,112.72602512841385,109.29068230769641,104.84713018817382,74.16537609733584
2018-03-30,56.03469744095438,113.0607355249705,111.3805743113958,106.5863398909181,74.51877058016252
2018-04-02,56.436181211580546,113.51340050049214,110.84612115535049,106.53039064542043,74.78058342907379
2018-04-03,56.88856554733025,113.81837239538642,111.38676169749803,106.97994571139094,75.12493457763892
2018-04-04,56.90223364887367,113.22537386767317,110.26335364826822,105.63791807699955,75.10181518377729
2018-04-05,56.893310627547166,113.34068892768498,110.64998053297953,105.81405917541795,75.42860200860777
2018-04-06,56.74767107517128,112.94110848096928,111.08645871880876,105.35412834816083,75.13954857731792
2018-04-09,57.28292427623061,111.47654442201846,112.15579016588065,107.10741690611452,75.03642209964761
2018-04-10,57.42209701209995,112.39867297610276,111.92208961970923,107.25285395346708,74.878339576633
2018-04-11,57.16222028215755,111.61426180403981,112.08208191579803,107.96549890897091,74.78838445278558
2018-04-12,56.271114303234306,110.26463521520814,112.14525885321316,109.09508626945761,74.86513917712087
2018-04-13,56.06046319069733,110.92940505281852,111.99677867632552,108.77449758729469,74.57876673648096
2018-04-16,56.67662647098568,109.14088690495242,112.38654141192121,109.01302095282107,74.45898030357294
2018-04-17,57.91809648321981,108.5090813390482,111.7526797372446,108.29675199644555,74.58305903682735
2018-04-18,57.5962574905733,106.7502558370261,110.48156127596012,107.62937595882624,74.4751892709807
2018-04-19,57.87772359852602,106.53243938892254,109.86924921853365,107.6998501721859,74.39967140444669
2018-04-20,57.582925651585434,107.65649479821934,109.27691114231095,106.90142401935618,74.39774333653394
2018-04-23,57.58317256746863,107.90198787389129,111.46624552400786,109.1494617453197,73.77491966973004
2018-04-24,57.75043681762211,107.95597622382351,111.55617294191156,109.33614161302832,73.78167195804936
2018-04-25,57.71764257682348,108.5863246013762,111.0221503164383,108.34239540172608,75.48505885917443
2018-04-26,57.333243591536544,108.62411946105716,109.32062442166759,106.76142964723525,74.6767174751571
2018-04-27,57.12673816987556,109.40793725819518,109.90721476550031,107.55528460923323,73.7415317728476
2018-04-30,58.289960628347814,108.44014889216389,111.81543360773159,110.0189243612009,74.35323894250348
2018-05-01,57.6531379794908,108.52470274353998,111.03742464888266,109.24616927534332,74.05673879839004
2018-05-02,56.14601613025051,109.37369584529574,110.87663763112168,108.83706216267024,73.66543004008172
2018-05-03,56.388820583832945,108.67580166986568,108.03212196091052,106.23110656585317,73.68823484666808
2018-05-04,56.21285185889743,107.384984239081,107.79989122853917,104.93600775159304,72.75947850257887
2018-05-07,55.82289562696137,107.91573279946822,107.4971658102033,104.45708838271463,73.72253409770518
2018-05-08,56.03359898119227,108.20662601603577,107.19802369038815,103.88358525442915,72.22872760610265
2018-05-09,56.67809683960896,108.65606010240852,107.21934037492026,103.83838509688299,72.90725198225292
2018-05-10,55.293907708436265,107.93150496892072,105.10231743387055,102.96473394240667,73.80568619429494
2018-05-11,53.89643880693984,106.81295852543415,104.45564765795783,102.23622671702725,72.71976885969575
2018-05-14,55.024077883271985,107.07904180798029,105.07739387637476,102.55683448258122,73.2491731818092
2018-05-15,54.71737748770493,106.8325156057043,105.6544945991847,102.37313809642323,74.48327878744763
2018-05-16,54.80394506446419,107.45379277649052,105.09866686524869,101.68567906731938,73.9379960560603
2018-05-17,54.96809144845026,107.51246783046875,104.70635404930147,101.00218861109485,73.04291182614578
2018-05-18,54.938055105520725,107.20524539364126,104.01521425383456,100.92622630422068,72.88514994089658
2018-05-21,55.601387190525855,106.97433602308419,104.23860208868498,101.09720523178227,72.04452644876075
2018-05-22,56.42310951527456,106.96313909122486,104.9257362503669,101.45928230726769,72.08736116747272
2018-05-23,55.701293289178544,107.91378384086758,105.38201015321292,101.99090310309276,73.33117246247951
2018-05-24,56.555523993483284,108.5346787593469,104.29126294996732,100.80596097334784,72.57392115073594
2018-05-25,56.93441639515701,108.65172990043762,103.42120199031801,100.00139694687604,71.71567345047366
2018-05-28,56.90517848569152,107.71358066717747,103.59255587635286,100.25013713231796,72.77075819628114
2018-05-29,57.25689905060779,107.56018446530715,104.06325380529825,100.36315998252752,72.40400731580822
2018-05-30,57.43522598891805,106.29628847994272,103.79435533716064,99.8452922098532,72.29138394276303
2018-05-31,56.888115512650884,106.49084300483796,103.76852456672086,100.18242179386195,72.28261461301625
2018-06-01,56.3856678241036,106.2641868949289,102.41587242293456,99.14626573294439,72.4357649983545
2018-06-04,57.578921431575004,106.05982117242097,102.37053872737096,98.97294908711555,72.56127079876661
2018-06-05,57.977398646864145,106.03727079370191,103.9519191285079,99.96283943838547,73.65311535906164
2018-06-06,58.289535822987496,106.0548748387826,103.74580619906797,100.5008081446525,73.24438053722162
2018-06-07,58.44275944553333,105.69185779911817,105.05421562174384,101.8602283552831,73.04770417606208
2018-06-08,58.71451541521393,105.8471925617142,104.71911388362986,101.80655893816748,73.2291884052486
2018-06-11,58.83267059522975,105.83413605082524,105.10048284428146,102.20447874720871,73.29876616744066
2018-06-12,58.48204454666393,106.76656347509466,104.3913957107998,101.74305321614831,73.162598037292
2018-06-13,59.48172954098905,106.341234330104,103.84561466697787,100.97273956479557,73.25533504880359
2018-06-14,58.41961630719017,105.93274365086404,100.9622722748916,98.58628982358702,72.70643547307841
2018-06-15,57.53793769917747,106.43175052698359,99.6312831741971,97.79679853597347,72.36826297014932
2018-06-18,58.81410727467329,106.99709415003417,98.78896517004995,96.69552251570586,72.68025772585769
2018-06-19,58.615255619154404,106.8808752834283,100.24350524187919,97.55577011446958,72.78303275959324
2018-06-20,59.45361182203215,107.50194302820253,100.37754071604996,97.53091637941849,71.98077412782494
2018-06-21,59.03677305190415,107.57688162580334,100.25219098130754,97.44755782908143,72.20679518529728
2018-06-22,58.29121335034443,107.41049649751689,100.25384197598697,97.22609564393404,72.70375250327021
2018-06-25,59.106859529534184,107.66431005571235,103.12525185739301,98.6234300813178,72.92304235482419
2018-06-26,59.33819342843576,107.22225447398218,103.33925907919237,98.39141217809613,73.15395193252094
2018-06-27,59.8732341058849,107.36521515164372,101.79351317287055,97.0533385467987,73.26221291661925
2018-06-28,59.88561824966963,105.99594669357835,102.62854951125601,97.67313969662779,72.9327234529671
2018-06-29,60.5014531382645,105.65516400822624,101.86447599580913,97.25676062180881,73.56297415759742
2018-07-02,61.804200402324504,105.97886284486901,102.7924191888542,98.24700986088166,73.13433668323829
2018-07-03,62.21725132286895,105.6275471156794,103.05672675210475,98.36606798262565,73.31169038281575
2018-07-04,62.283644739867704,104.08511789585245,102.76360425594764,98.3164196547458,73.32621396275387
2018-07-05,62.22867270861438,104.97576045764414,103.24289022961162,98.7936493208572,73.726635285184
2018-07-06,62.439556402639404,104.44312067334995,100.67197559730656,96.64308990807827,73.8045624550221
2018-07-09,62.24132116173163,104.91078006988448,100.92954018992984,97.30962568059611,73.75242355880302
2018-07-10,62.44404168825752,105.1683092901162,102.30551891996483,97.88796368733011,73.72879228961783
2018-07-11,62.814184273601995,105.95274542561948,102.8228080319627,98.19925850566982,73.99409826066066
2018-07-12,63.31722067667916,105.76783296857899,103.22413564243524,98.92702453073356,74.71458367757816
2018-07-13,63.605024816609244,105.81187829352334,103.25541764016175,99.08260483990148,74.70666971150615
2018-07-16,63.74115777148434,104.97484888148603,104.79260585358954,99.7209578739187,74.54516225255104
2018-07-17,63.78939220844032,106.16948045391896,104.73306965293771,99.4836298853614,74.44482913730293
2018-07-18,64.63793629930936,104.43683367562349,103.54783306806807,99.40874725206403,74.50695791893303
2018-07-19,63.879633209919106,104.32456854183903,103.46139008309943,99.64744822526434,75.23505361182012
2018-07-20,64.1861267117797,103.82430203452049,104.4440401105206,100.05280355127708,74.73793982212662
2018-07-23,62.88665833879302,102.36033337538515,102.82432198109763,98.38502766649772,74.62283543652741
2018-07-24,62.2686923062718,100.2433669373473,101.37515642936062,97.1075632365777,74.21828579007719
2018-07-25,63.05932980890009,99.91108803347404,102.16494370221743,97.71788693520041,74.26790070564938
2018-07-26,62.6061387992911,99.82441332301975,101.4198599304903,97.18507645766053,74.13762628277205
2018-07-27,61.92505802509363,100.66189048034065,101.95262612112911,97.43667806304451,74.23319780288918
2018-07-30,61.884375484449436,100.10741311897489,101.88473024142519,97.2246464791601,73.9605492995225
2018-07-31,60.707479669127686,99.68580158655044,102.18996529785349,97.22556108765689,75.0221490644492
2018-08-01,61.23412803332423,100.65928710321192,103.11477168347017,98.54441649028286,74.89062583025076
2018-08-02,59.3684481258169,100.17495143201391,103.25548265313908,98.71086490911503,74.90830604154473
2018-08-03,60.49520053822016,100.55883946149595,104.1979805072885,99.18416015238616,74.59081412236671
2018-08-06,61.6635960843221,100.70212536981575,103.8999218425983,98.77381044968529,74.40573893557185
2018-08-07,61.18190835884876,99.91409650083125,102.60471221988709,97.63617430652589,74.07223909047146
2018-08-08,62.24505160469837,100.22207465710311,103.05487221114285,97.74255089334639,74.10097596227182
2018-08-09,62.52673898125675,100.71531471155836,103.11567472402763,98.1092019753281,74.14904304423226
2018-08-10,63.04823673920862,100.47694248894834,101.84018371078665,97.11597698981257,74.26254398849504
2018-08-13,63.89212083678362,101.0509981513797,101.52198350582096,96.3882800217001,74.62143338609451
2018-08-14,64.18556603674553,100.74507346318708,102.31561846395564,96.8091623628693,74.49726642172485
2018-08-15,65.25854920624586,101.27583152543849,102.31206385915729,96.87846854602695,74.59657418470039
2018-08-16,63.041191547510344,100.64125242907369,101.93006765469366,96.46711395828021,74.54954530653907
2018-08-17,63.97413385365,100.51565153797853,101.26570644775055,95.99326926966222,74.44140612547795
2018-08-20,63.83520142806556,100.3346440633075,103.10944948108516,96.76591789274269,74.41646205145986
2018-08-21,63.83264791806111,99.9477879676207,103.6946956526412,97.38769363166048,74.41781790596818
2018-08-22,63.551079024788,99.85016605459217,103.51760728106794,97.22831508801282,74.33420424199146
2018-08-23,63.78079852124762,100.36275689866217,102.42271435699315,96.01415964145643,73.68437268864571
2018-08-24,64.36337286743787,100.52045245898593,102.92353562577273,96.03405328570715,74.28781729808378
2018-08-27,63.98603540137127,100.57535555926682,103.50298299351464,96.24409387098142,74.15789581287689
2018-08-28,64.0836280081784,101.85809934746885,104.03580549590292,97.03567519085054,74.62648868234852
2018-08-29,64.26152469925562,101.44551191764421,104.5848188922069,97.1640208375774,75.05444325871665
2018-08-30,64.40935087600819,99.46932271163188,103.8635661300632,96.79531292869987,74.7906344581148
2018-08-31,64.98011861151672,98.76492241076292,102.42926464642304,95.6330607798378,74.68779478667177
2018-09-03,64.80312973719863,99.46096695591784,101.95969443363235,95.34261415707978,74.70671430626973
2018-09-04,63.71353374047124,98.34371489530595,101.59960141022708,95.65370957703628,74.79251532543586
2018-09-05,62.53935409594804,95.7404112608472,101.58222819180125,95.60442146859411,74.98251405499545
2018-09-06,62.04356504235076,95.94652417753666,102.09682829586333,95.91526991062156,74.9029270970878
2018-09-07,62.05894303875272,96.38556554276776,102.1559063661407,96.20507487543574,74.8048842559955
2018-09-10,61.330220856264674,97.78162637675341,101.89305762242785,95.87037003410937,74.79940904505122
2018-09-11,61.3785481991964,97.39339938789425,101.82977986886202,95.80541746969834,74.83779660949294
2018-09-12,59.908790586444525,98.7638094119332,101.76187238888745,95.88655236328613,74.49202057524387
2018-09-13,59.618025724992144,98.18580632553481,102.5960795891506,96.43276293771444,74.71202617717205
2018-09-14,59.29047976040357,97.8485199886704,102.37518618640075,96.50075235005312,74.23409657244426
2018-09-17,58.667014868408764,96.53959891564482,101.53709469889579,95.64198342456834,73.68963187804346
2018-09-18,58.179222982069646,94.53537880071524,100.3719343860769,95.03024881795639,73.6467024862748
2018-09-19,58.313521748956674,93.4303948212305,98.70060660306497,93.18306691505718,73.47774213401468
2018-09-20,58.73889268959607,94.17797292343177,99.34123586223804,93.5407583187395,73.56467927238438
2018-09-21,58.48161265459674,93.89187521786084,102.15210593595864,94.84353400516936,73.57665660065888
2018-09-24,59.050047223826475,92.9017752205126,101.44868363333057,94.20579370210864,73.47688537875898
2018-09-25,58.29670320258581,93.22677060811522,101.95636299066277,94.69886815436386,73.29185727993092
2018-09-26,58.349524564948865,92.41273217043423,101.41170510187692,95.06409121647839,73.27661955322162
2018-09-27,57.06000089658081,92.53480403957599,98.41741463644483,91.78532783086946,72.48615152678121
2018-09-28,56.84568321657216,93.10475276136486,99.09210690849442,92.57168552215865,72.24313278876112
2018-10-01,56.61480109502376,93.23455796581914,98.53343262106897,91.99529794279339,72.31814442328609
2018-10-02,56.281672940307345,93.48679236795839,102.20380323244567,94.9955567684498,73.27767589573622
2018-10-03,56.508295876011495,92.70710984892749,100.7447777196005,93.43333407903599,72.90175946289482
2018-10-04,56.47334051695254,93.03094234858615,102.23479815270193,94.80372847862778,72.86031590064003
2018-10-05,54.777285261515516,92.94341199412916,101.82895789797013,94.59234187113704,74.02635521571722
2018-10-08,55.58091502114553,93.52497344412123,100.95168832305966,93.62210440630064,74.01510917720728
2018-10-09,55.110416103653534,93.79564469037399,101.36569631360075,93.50232295034921,74.5596137506615
2018-10-10,55.171528618149466,92.69047965980418,100.96987265464439,93.28603617858987,74.87980787098894
2018-10-11,54.99906691863624,93.15131783639646,101.25621950263184,93.06225728921753,74.36670125984975
2018-10-12,55.8503658908704,94.24124734524823,102.18210080736173,94.64032977645772,75.22466006794627
2018-10-15,56.459946820897585,93.38037045853079,105.17770662497294,97.76875389752408,75.12768889853328
2018-10-16,55.82069689293736,93.59643432558073,101.07884542886598,94.81108744287312,74.13012254375971
2018-10-17,55.99681657251176,93.33414182939212,100.67666929574808,94.12129199430963,74.02866161087948
2018-10-18,57.74073933498984,94.73671969576492,102.40543664074985,95.53653771915177,74.92596531364303
2018-10-19,58.55733278321878,94.23410482978531,102.28296114355719,94.46942797917225,75.4731055466285
2018-10-22,60.56503131464221,94.4231976060094,99.01722782754102,92.20867386318959,74.86647299243948
2018-10-23,59.9104178847239,94.84998086461043,99.50875073205809,92.30777208527886,74.54079743681515
2018-10-24,60.019357970662426,94.58181028946967,97.68371992118628,90.70211437623992,74.5875273967896
2018-10-25,59.86289086132811,93.55374665709917,98.8578584949868,90.10350983656,74.32322544650017
2018-10-26,59.16814032787679,93.64597929011637,99.92521153854685,91.74838976111415,73.9242193812002
2018-10-29,59.618888455423935,93.8030856843835,97.51197349013843,90.86044643302183,73.17795989908758
2018-10-30,59.97463392652433,94.10779314544325,98.17528776218435,91.08388327662558,73.69434838235729
2018-10-31,58.56226125076744,93.97295104961,96.92297770471546,89.79291791260347,73.7723826586794
2018-11-01,59.13476418051975,93.86842850232907,97.71916862386493,90.4009243396312,73.57058172987632
2018-11-02,58.878697233451085,93.62140773748273,96.33609682084368,89.62341526315514,73.59775010649564
2018-11-05,57.64995773120497,92.56312828156334,96.26077099795395,89.22809790282597,73.58177560572103
2018-11-06,58.188496381793485,91.89565859304328,94.49368956587607,88.56316591230095,73.59087705855914
2018-11-07,57.981950408688895,91.50361100792075,93.89182922133155,87.83028462312481,73.73215836616535
2018-11-08,57.30670205666436,92.26065407041081,93.4600469811524,87.05614434887751,73.556047552309
2018-11-09,55.84026525747833,92.11587375578293,93.04555059264695,86.96595085187143,72.98358431649632
2018-11-12,56.73476615996636,92.64738506846187,94.75336108536317,88.19540617144688,73.53462978313956
2018-11-13,55.579461112938155,92.98726654242624,93.83587961695832,86.90468920701984,73.02223339626133
2018-11-14,55.5830737696865,92.59333189015483,94.0459117686465,86.51708553462379,72.2286354373895
2018-11-15,56.32082393297679,93.00012365693429,93.51621947825596,86.11241342187024,72.57053830264614
2018-11-16,56.64580704908474,93.10650896047392,94.79374223320143,86.81064387934697,72.69010399895332
2018-11-19,56.63470914217387,92.97485211491917,94.39581696336282,86.53733327224455,72.66490560065228
2018-11-20,55.97084467582902,93.32413176916299,93.52498231705815,85.82837185838783,72.50936044703953
2018-11-21,56.19027726271241,92.25787916204327,94.02346078365915,85.99717189043041,72.88280970341403
2018-11-22,55.94572837175784,92.21900047607383,95.48361617595141,86.9968705313024,73.34277490241706
2018-11-23,55.971997961318785,92.4706048818101,95.64281729142017,87.40704185431892,73.0990548541534
2018-11-26,55.36660621699259,92.07812758614762,95.51636087013303,87.24374209893959,73.2930298414536
2018-11-27,56.53308309627608,91.44019297941465,94.5841287856995,85.87314544355739,74.43082832446491
2018-11-28,56.70014676916409,91.6659547711622,93.64993641643562,85.11058609596762,74.58202338410835
2018-11-29,56.55350371659726,92.1856638608192,96.01116202450697,86.64829961633434,74.37213186657196
2018-11-30,56.17784160614549,92.76788693052231,96.97689409113589,87.33037329843367,74.48035291873916
2018-12-03,55.585710044902,93.30934201093535,96.54991440160036,86.91053940195293,74.77246307631951
2018-12-04,55.51553613736455,93.22246445022968,96.5139942419231,87.05582803349276,75.20285220955557
2018-12-05,55.780633226218114,93.585981022308,96.52395817312568,86.88278239700782,75.45982585335737
2018-12-06,55.937392196998346,92.24393056290285,95.6249905690656,86.15647235141736,74.93566482377196
2018-12-07,56.61166060263951,92.53279873614957,96.93721875463282,87.21915839917584,75.11240380290741
2018-12-10,56.0522411560232,92.49433386852543,96.83456636952069,86.6724605931056,74.84669910569116
2018-12-11,55.87901096034636,92.70972538488252,97.29041709854953,86.84314124424868,75.05536538466832
2018-12-12,55.78154835887425,90.87211714082221,96.33704305522537,86.45377798347947,74.08802837308144
2018-12-13,55.823245191983176,91.68080931698837,96.03036259024908,86.23106230223564,73.69800387090226
2018-12-14,57.18053320463291,91.72645962433799,96.31003702964087,86.99868908319104,74.23415978005842
2018-12-17,56.656835238010025,91.26734396335617,96.52846954535885,86.99830556893977,73.1324921396979
2018-12-18,56.626988060335115,90.33280283415975,97.60349382450786,87.89238144955233,72.71391585189184
2018-12-19,56.20709596665615,88.92653281369903,96.20690914023193,87.13144179864655,73.70835433226361
2018-12-20,56.685972044826826,88.89945701184757,95.84274369681503,86.53212119370288,75.31427945297936
2018-12-21,56.51651657500349,91.67561953456364,98.81104524397443,87.66040615870054,75.13312130059994
2018-12-24,56.16810384080585,91.55479920049015,98.63231759646706,88.46661843628564,74.39411794965272
2018-12-25,56.26881935982478,92.04349401903585,98.75962008471045,88.57746933242449,73.88357759777664
2018-12-26,56.31891982224988,92.47454544066665,99.18969286636326,89.01499944995045,74.85595002985505
2018-12-27,56.87420878137688,92.62079208260211,97.90736892685483,87.94610040633937,74.61665216447366
2018-12-28,56.99484085946226,92.2578099128095,96.92222491593017,86.89650688153314,73.41631190927764
2018-12-31,56.913749887658035,91.39619252635781,95.98829524307682,86.13702338444779,72.5653595346014
2019-01-01,57.11158181443754,92.07566320416693,95.58713893983422,85.70326534920298,72.98330543241177
2019-01-02,56.806841817426616,91.47157305856828,96.43622717704248,86.57937433758175,73.34070621948653
2019-01-03,57.19106097885258,90.12833112318177,97.39064625585459,87.40199099762145,73.90568145958659
2019-01-04,57.42397188153687,90.2104482369528,97.12502759107467,87.34809165491541,73.67852973624927
2019-01-07,57.836718195345505,88.99422407362697,96.4716180150848,87.46522712187394,73.2147396830672
2019-01-08,57.725703012917805,88.27598616190683,96.60564384554216,87.35139895624448,73.06248313547809
2019-01-09,58.09566875275232,87.81935647740949,97.2245676606926,88.04288119492199,73.63631259496468
2019-01-10,58.1433260231326,89.82483787489134,98.2850808639781,88.94851551464316,73.5644791925533
2019-01-11,58.090375658354695,91.44186911566491,100.70914827452147,91.76862300646445,74.38187347935832
2019-01-14,57.677028459412284,91.70844439315063,99.63910920761276,90.24932490416417,74.36248444918984
2019-01-15,57.869656136084465,92.43293945470597,100.28562672705732,91.073442488695,74.08682830450171
2019-01-16,57.84006723411685,91.53618753720491,98.65959190530764,89.75547144411486,73.69542498764356
2019-01-17,58.44633199047464,93.22161236409298,98.13915743307422,89.6721716982907,73.35667469431748
2019-01-18,56.467300858347926,93.18061732428284,96.89061453851666,88.18438658183409,75.1061930769177
2019-01-21,55.85204468242212,93.32117131273876,96.21512736454065,87.78490043851278,75.12146445274462
2019-01-22,56.17815217831772,92.24827129092323,95.04724735881078,87.21532328208197,76.56957166276841
2019-01-23,56.529851499024645,91.3782593730048,95.31716211523016,88.57009229765079,76.66228819254935
2019-01-24,57.674395272198296,90.7640468837669,95.32564175574527,88.85077388038165,76.99913851564887
2019-01-25,57.02952501334507,89.86653440447122,96.16599249353071,90.27176544196071,78.31555502520008
2019-01-28,58.131123392252015,90.06134065018702,96.11617439959014,90.67366721061612,78.8559322649729
2019-01-29,57.4200490320726,89.16314584399952,96.27840550454901,90.7673575684443,78.72325350764777
2019-01-30,58.29113496111267,89.91674096694454,97.87226639948729,91.47352827536402,79.20962187715219
2019-01-31,58.630494521154986,89.11690374894674,97.34592506032384,90.79336765617975,79.10376921322501
2019-02-01,60.88857735657387,92.31934560932437,96.97774483745154,90.76626871860765,79.98483062930116
2019-02-04,61.1653598389112,92.68246641735277,97.25767024791615,91.46259389574959,80.60480568886773
2019-02-05,60.24797122449795,93.40713121799884,97.98882481411809,92.23736780433777,81.39241465896625
2019-02-06,60.42644287331014,93.65450900548466,98.15295921035835,91.64694774448695,81.3661883118965
2019-02-07,59.82981260198673,92.28373533977303,99.1866966826579,92.79671842305007,81.35554809879396
2019-02-08,59.37716093812719,92.53865465744217,100.0315160583234,93.28509679320904,81.43067266028629
2019-02-11,60.148308010814446,90.35814801416642,99.75620666652237,92.86656406361527,81.23588797446712
2019-02-12,59.84411778056948,90.4394138240205,101.070112457467,93.95160255401804,81.46015838197044
2019-02-13,61.58564480724695,90.0370980151205,103.0682922839774,95.70237954947554,82.73424733032871
2019-02-14,62.12147816676078,90.33074588303222,103.13612091740569,95.56435734794823,82.8182303175223
2019-02-15,62.95184247416713,90.39008830949123,102.91697356489868,95.27851954430932,83.43926626286782
2019-02-18,63.923299787669464,89.92390942742598,102.3746069740219,94.9349032510404,84.19960021216215
2019-02-19,64.84138357239503,88.9932169820273,102.09367752100162,94.40513438804791,84.00205623332519
2019-02-20,66.24901100475385,87.92651956741582,100.6390527988636,92.83470891719443,83.97923701947583
2019-02-21,66.66433449604634,88.23108180638363,101.55529564786845,93.16910827608672,84.54347090067692
2019-02-22,66.46915363699168,88.65235556360723,100.72733664736204,92.47068354995265,84.57333098558985
2019-02-25,67.28012430323767,87.65414223663069,100.65077431686638,92.1067255863193,84.71844879236382
2019-02-26,67.78156955303656,88.50199980684822,100.50907859985678,92.2163112378228,85.27643027447328
2019-02-27,66.62391296644599,88.82196103268394,101.10936280770493,92.65835815076998,84.84363341643785
2019-02-28,67.46892276990812,87.87863539734963,100.87430177499937,92.44388136660214,85.13124793068198
2019-03-01,66.96096502321154,87.31591220664676,100.79880285092693,92.66409624034563,86.21644226814503
2019-03-04,64.82796156633148,87.5411777441708,99.2494674482516,91.87873636410163,85.11712015502133
2019-03-05,64.08666417667865,86.97978218045802,98.98812426754601,91.78360454193299,85.33515878015788
2019-03-06,64.08013721105594,85.68000210632158,99.52048946087478,92.17038636346902,86.17931713222997
2019-03-07,63.407963390860424,84.2357207855839,99.16161113762146,92.2785477444703,86.09463873604084
2019-03-08,63.262991537661485,83.61082318292362,100.33640027739463,92.91194513227519,85.81119513609768
2019-03-11,63.73678415347932,82.0728101349862,101.26603527102344,93.79948569509325,86.32520013819827
2019-03-12,64.07457045203392,81.99878587047505,100.56636330417747,93.22878400180376,85.85900716524924
2019-03-13,64.49468858637873,82.77947400639005,102.39550483529473,94.81756199840603,86.7242364824223
2019-03-14,64.31796490717365,82.45421448230492,102.6817983006838,94.93391323467726,86.83349501734149
2019-03-15,63.41242729443264,81.57806611706282,103.0722967515153,95.58806682866776,86.13023384656246
2019-03-18,63.75845527448426,81.31461098931283,103.07615956120134,95.92545441782329,86.44759460938026
2019-03-19,64.40332532124188,83.13385301842875,102.80128567736635,95.34394303018614,86.16005348880765
2019-03-20,64.25608495883198,81.34061960151388,102.33174412974013,94.79699286919785,86.31057208922681
2019-03-21,64.50864701258881,80.78337670959299,102.8091225331049,95.44772874572006,85.95260076146772
2019-03-22,64.29382942654496,79.39796648029142,101.93244410957753,94.5151272960868,85.80054546211606
2019-03-25,63.88840042922994,79.04042482505706,101.10851906436034,93.8343521979192,85.81384871016465
2019-03-26,64.09577588346507,79.0729609926271,100.0263777719431,92.70890032321843,85.59204238063307
2019-03-27,63.893263231361274,79.10302275555966,101.07128004151775,93.89027031241137,85.33421454484001
2019-03-28,64.20272429907963,79.5416740590529,100.64904238989007,93.74292469463401,85.29758639976605
2019-03-29,63.52257502807891,79.75995130424151,100.73455786068708,93.7596785966392,85.27347829535455
2019-04-01,63.20477295868796,80.08085096304963,100.71900050754617,93.78794929692542,85.37398846385322
2019-04-02,62.421827537277196,79.2369723662637,97.94222420178731,91.62602638480351,84.51341176509263
2019-04-03,62.49213340261067,79.49384295198624,98.6313035511663,91.7550864274714,84.5479476013236
2019-04-04,63.61103776420267,80.99173215972753,100.439403023041,93.36127473045653,84.37707665950258
2019-04-05,63.92518097601928,80.93810471740603,100.93085005467421,93.57816525560827,84.36851123084064
2019-04-08,64.04949834644312,81.17884860541812,101.69615553070426,93.90737200393521,83.77349569198455
2019-04-09,64.72462072629892,82.5306658460572,102.48330774729895,94.1958220383157,83.72687626128238
2019-04-10,65.01354317163951,83.56607799441147,101.57858816053498,93.46859147565705,83.80776639563408
2019-04-11,65.4178848258459,83.3970300577457,100.33765385545819,92.69647435803479,84.06213061519995
2019-04-12,65.36728657025883,83.7195206518345,99.8938165384112,92.05926511544334,84.44150278385743
2019-04-15,65.64913201284219,84.21878869451791,102.20329223853129,93.25950214761875,84.35300085405134
2019-04-16,65.71116060378799,83.93441174681242,102.7813877914263,93.60663825616298,84.12574900159349
2019-04-17,65.74145778164075,84.03992071461997,103.72243790512961,94.37142078499696,84.3173584590879
2019-04-18,65.94998166077056,83.90413509808205,102.74931123680417,93.81771934730139,84.13445028472213
2019-04-19,66.88600661937913,84.88298184809662,103.89931364366728,94.75048368139423,84.25995696642099
2019-04-22,66.14333014602762,84.67061485031384,103.80313151915634,94.75666963787829,84.36295345270274
2019-04-23,66.61582472616392,84.32005933727773,103.19131963193206,94.71792310211218,84.54342608111209
2019-04-24,66.34778616357367,84.21630164508203,102.99545518366098,94.59036702691093,84.68917868383478
2019-04-25,68.80446810318183,84.51897160052053,104.22983278955526,94.81720912768104,84.64989204522442
2019-04-26,69.84373242858946,84.79848540021668,99.13050406135531,91.68437320177694,85.04499082402211
2019-04-29,67.42138559855435,85.77631233740229,92.59398126528244,88.39844249051917,86.20821198893702
2019-04-30,65.56511330664905,85.88938725341498,94.136755532474,89.39390606438167,86.34485873627712
2019-05-01,65.2135852647801,84.94345512037694,94.69857034031321,90.46305072001505,86.5883798894454
2019-05-02,63.46733399361172,84.08904042799254,92.36769386077162,88.35843126713648,87.50596100531041
2019-05-03,64.10305274982753,82.66167315971667,94.20132076336985,89.99716910072291,87.2254810459854
2019-05-06,63.92088504140132,81.17498333148778,92.7353005360335,89.07221427846979,87.16265176841497
2019-05-07,64.28724023535104,81.37665244077581,92.403419128563,89.01384667531168,87.49781419135292
2019-05-08,64.18244707575192,81.64041046069396,92.10203080305544,88.44967742001639,87.69867832438301
2019-05-09,63.77658232194949,81.83733728558589,92.14035699591832,88.35991764803607,87.61229087615905
2019-05-10,63.41241276629926,80.83921497922596,92.18441560154199,88.4664854105558,87.78137380946404
2019-05-13,63.070513206038456,81.90219834583729,92.04998826059608,88.10005078952211,87.56665529926445
2019-05-14,62.009608627073064,82.67493350373003,93.61740874146103,89.31120896035439,87.42399830970538
2019-05-15,63.16803164181518,82.56163933131455,93.50124860942739,89.67476203899292,87.60758747281666
2019-05-16,64.26099991350094,82.7307687553378,93.43832810533407,89.50002074181137,87.30653243051599
2019-05-17,64.0411419481911,83.45724342438906,94.35126163498995,90.11944813143387,87.08228391619855
2019-05-20,64.21865071533205,84.1535762826023,95.11637693950969,90.69385808720611,86.9144540506569
2019-05-21,64.7847603663606,82.25224247234006,95.0594597508912,91.40177236570861,86.41786972597455
2019-05-22,64.65167552121228,82.23692168260877,94.65634175843878,91.37788281017465,86.51162540976671
2019-05-23,64.80162170630447,83.08652016673003,94.90899350299685,93.21650163883061,86.6608675707015
2019-05-24,64.9529347830077,81.57872653570506,93.96954163048798,92.89457854685772,85.99205094495902
2019-05-27,63.14323535661527,81.45969279255078,95.19209695322132,93.95368905152155,85.86941916754189
2019-05-28,61.66586670809594,81.6749458345803,95.67443200884239,93.74747595690415,86.24289676352971
2019-05-29,62.344707510726685,82.63020851087252,96.59030934302051,94.78489813296807,86.58197835497812
2019-05-30,62.89355587559526,81.59783306182081,95.27069728440247,93.41155477262679,86.42387354924416
2019-05-31,63.17345314749374,81.84194537910143,96.39865129377486,94.85232669524356,86.2420296310454
2019-06-03,63.350398796001606,81.24824140788682,96.1020591107912,94.70152274122921,84.51159721045889
2019-06-04,65.13795735719356,81.72162122456241,95.93821673486669,95.18321136107063,84.46640878991107
2019-06-05,65.30771310142151,81.22352575167321,98.42435659948474,97.39526286135374,84.77589004626405
2019-06-06,66.21448675026905,81.63321390319805,98.6172707780993,97.99891109595947,86.36251529760733
2019-06-07,66.52173242725611,81.74348067074739,98.90352486094832,98.92103338889049,85.96541951552223
2019-06-10,66.34428436964474,80.92052087096218,97.64591936924705,97.54745108363937,85.69779637238285
2019-06-11,68.77045330295225,81.56099085704483,96.75105964836864,96.23209550807745,87.212307206453
2019-06-12,69.76875281858173,81.62666882945558,96.49673491409338,96.38878423902716,86.6263015224992
2019-06-13,70.22286044586491,83.5024602579511,97.22111574042542,96.73105205445835,87.29226205103775
2019-06-14,69.88850872881542,82.6874984433763,97.49825838256669,97.3093293746127,87.07923350474064
2019-06-17,69.41837255624105,81.6551060255021,97.05265276311124,96.58831245023869,85.91422979428008
2019-06-18,71.17882292007366,82.09618345417314,97.79109412615612,97.62779914348918,86.67670895833034
2019-06-19,70.84750430506097,82.24135975284595,97.59877647042384,97.57282774979468,86.8420669246209
2019-06-20,70.53391935798662,81.36863585166326,97.50191118470768,97.41033537603604,85.51512473850998
2019-06-21,70.93421149743607,82.011114338891,99.79663490389711,99.47559424680915,85.56786879705966
2019-06-24,69.6637750865349,82.11789982839022,99.92824982455201,99.18214086482627,85.37637423360054
2019-06-25,67.00247325049344,82.80372977742265,98.84068990986854,98.17508881100255,83.89658216432585
2019-06-26,66.45422491831187,82.60513292877877,98.72789795323936,98.23463716372365,84.78524590507176
2019-06-27,67.14286082068125,83.23848049500492,100.28663292702625,99.89882865188343,85.0716588218157
2019-06-28,68.3905222912099,84.1824226472298,101.47549576447337,100.26469883410398,84.6805223677442
2019-07-01,68.05848816046749,84.81728929452524,101.57515604929364,100.89616443016367,85.8939629896759
2019-07-02,69.22597155091871,85.70289237259759,100.93164337512042,100.50716992576116,85.57241218922367
2019-07-03,67.42997983233941,85.40283379154575,102.0088107739935,101.65372220154856,87.20625846169656
2019-07-04,67.54827113288503,86.55192642068738,102.40618482916885,102.02270813846359,86.75632819991512
2019-07-05,68.35088275145888,86.33820959348355,102.00190083149808,101.99690722916048,87.36432843516798
2019-07-08,69.24478926987277,86.18912069806201,102.01951687542154,101.99463774525195,87.84985706430706
2019-07-09,70.344168093497,86.42241481311224,103.48267043747276,103.57267066229994,88.01144849589811
2019-07-10,71.24370785711861,87.76397303637367,106.43406932130786,107.17488720494104,88.5298496199986
2019-07-11,71.02511258994933,88.18553994951209,108.98520791046079,110.1739446889768,89.07937080779382
2019-07-12,71.06027167646309,88.01704837442658,108.76096894321815,110.00178677880952,89.88111526601551
2019-07-15,70.86552981551989,88.03826025853608,107.64342586253063,109.25537854456218,90.62409385299217
2019-07-16,72.22792096634407,88.23964979713105,108.62315844088724,110.16999300540837,91.11040131652712
2019-07-17,72.56969618302385,88.30428395668156,108.90977604975211,110.76751866883264,90.94661228274957
2019-07-18,72.41323683231946,89.11415131607107,112.05498807871346,113.28666083775929,90.6950591079447
2019-07-19,71.7456851218267,89.01945043621306,113.00916868732145,114.46810765872624,90.7954169419083
2019-07-22,72.17101149821788,88.62235841633589,112.58048844840293,114.05558967686493,89.84821659520216
2019-07-23,71.17998392142238,87.84401278396814,113.19045386976083,114.75377203101351,90.11745123581042
2019-07-24,70.07103937886012,87.11385772478307,113.35992978097946,113.83125760348767,90.465421994255
2019-07-25,68.30504801988468,87.5730721999997,112.03448321784641,113.20194560110997,92.90006043807965
2019-07-26,64.94640961283318,87.97733145423672,108.3504008739347,110.2714722596563,93.12456371574808
2019-07-29,65.05659167674195,87.59356644340693,109.05251813257897,110.27250792434991,93.89676302184898
2019-07-30,64.72925856891017,86.99233465739059,110.45132115587859,111.39115006193117,95.13160529466963
2019-07-31,66.22933230739517,86.55710050951248,110.33495956204197,111.35761688145061,96.70692751346687
2019-08-01,66.53246196442153,86.63168773507962,110.23631021484749,111.2620019757049,97.51296633524778
2019-08-02,66.5362740591078,86.4264721952843,109.45063341532777,110.36202932468785,96.05095677583336
2019-08-05,65.71765810404153,87.28788305557879,109.40184814753475,110.67032653762278,93.0795844044528
2019-08-06,66.18034253669458,87.23387034040371,108.96782983846282,110.37182563830264,92.53765845849529
2019-08-07,63.131822184819555,87.75507260913952,109.16971245859857,110.3862233479481,91.0485666894899
2019-08-08,61.0018913426537,87.82154408777859,111.15623459496153,112.17076275099788,89.39472804933644
2019-08-09,61.23905305788517,87.80535987393728,112.09491631395063,113.20878277559939,85.99797911582606
2019-08-12,61.81187139012718,87.34977577878892,110.38185455683858,111.64964403342763,86.08890478243933
2019-08-13,60.34946551896707,87.57742520220413,111.02437153837133,112.21987958195243,85.2867363574146
2019-08-14,59.00979301504,88.16771851260111,108.81774878335193,110.99456681406672,84.7629540761571
2019-08-15,58.943872579915265,87.58958084341506,108.44852719177536,110.86744178569732,83.55540283697819
2019-08-16,59.4612119333125,87.65695097255876,107.76140844479087,110.68107771323372,80.61009392190817
2019-08-19,59.77167568116254,88.4450605849638,109.76330020169986,112.46189468545107,80.87509745888248
2019-08-20,59.15889528235165,88.25467584105128,110.29304476888315,112.52319493690752,81.7901399702008
2019-08-21,62.24038428132103,88.32468909250593,108.58227205748811,110.26568447885023,82.88701151616355
2019-08-22,62.17190421760418,88.73775575213826,108.13975149504267,110.24452473402626,82.76631326370214
2019-08-23,61.48038515913904,88.5527436912334,106.82884214261745,109.8376816868242,82.4238057992916
2019-08-26,62.17897792470234,88.32465455731959,105.61148831826648,108.69695878837844,83.29725120428185
2019-08-27,61.55350205497317,87.83282965425818,105.53488050173353,108.86210945151615,85.07406084669046
2019-08-28,61.83008733233777,88.07953309748616,106.27114462747222,109.12949369289267,84.49630286530119
2019-08-29,61.01606024657459,87.56449268461536,106.61793184218415,109.5037767591212,84.43351405075904
2019-08-30,58.145391746892706,88.46899447795542,105.75635917952253,109.5481738479339,82.9682703025556
2019-09-02,57.34463302427887,87.40783132178484,105.65138004166496,109.10761022820404,81.76514840014329
2019-09-03,56.17636795649717,87.69150868494548,106.15212948125965,110.05569371479524,81.36989460532287
2019-09-04,56.36170784150843,87.12581655596927,105.74990907124845,109.54066752559051,81.53029165196543
2019-09-05,57.26845628902948,87.63620980533183,105.32540010194931,109.46802722886324,81.58243017322108
2019-09-06,57.00776091430511,87.31102305414173,104.80926573171294,109.4885798340798,81.64224344937678
2019-09-09,57.14599240681544,87.19985632710289,106.78782518831997,111.79587213651443,81.46706514366325
2019-09-10,56.922631775330565,87.08802582051642,106.85742588505288,111.58841968158049,81.70245869549747
2019-09-11,58.59539188946884,86.33905509421325,105.4061283913966,109.89572569741344,81.19092113165681
2019-09-12,61.2506420290972,87.05219734147647,107.1086582097319,111.4156509599709,81.34305628088687
2019-09-13,59.742240651702694,87.3519277451729,107.52230610311102,112.32146667356105,81.27793159128589
2019-09-16,59.573904125627195,87.43720461227046,108.52283326528011,112.5986835183252,81.75951057030318
2019-09-17,59.554996247398805,86.97382817837085,106.29625445797248,110.44563192144898,82.17075173541265
2019-09-18,62.052214844212074,87.27742764482439,110.21731291582435,114.05626480595103,83.22814584997683
2019-09-19,61.44392203807346,86.97624943028336,108.74058115496439,111.08007646949581,83.89411896484661
2019-09-20,60.719184308100814,86.57010768061345,106.54285116319033,108.75117157019292,84.71081537413056
2019-09-23,66.05935958616182,85.33045636591456,105.57912892176253,106.60114967462478,85.60834861316829
2019-09-24,66.66944580469281,84.95061184739241,105.57330041583572,106.23281250619006,86.84540976264256
2019-09-25,67.73323024710157,85.36334933714281,101.18765681750352,101.68241523428816,88.3709525690065
2019-09-26,69.93751879724644,84.50350221606466,100.44171591899538,100.08251842535635,89.5319295583593
2019-09-27,70.36798725809012,84.09837617591819,100.32838368506079,98.04813641045257,88.5095643083145
2019-09-30,70.42293774583513,84.50828946088093,97.71349346360019,95.05130389351832,89.0970984572009
2019-10-01,68.17428974848059,84.5637897259992,97.60762640475161,96.1013343988478,88.87532387761173
2019-10-02,67.90691725325992,85.00221117499302,95.76633161846338,93.99198680978331,88.45407469381057
2019-10-03,67.68767366761634,85.47183366297081,96.8731098725136,94.59963369598894,88.69858038406623
2019-10-04,69.75540888508442,85.13392614978854,97.11500591248337,94.72600924660782,88.69362333047994
2019-10-07,67.9364067767402,85.61625188832306,96.38567137484411,94.45143850078725,88.38182391673189
2019-10-08,66.96984670514476,86.26826373762468,98.03314380266805,96.2516414741298,89.06211231270291
2019-10-09,66.71417240888978,86.25773745041604,97.42375731736558,95.98800276336532,88.74784101292124
2019-10-10,68.59182951967004,86.16727359779563,97.59340328737623,96.53165977199404,88.82085238404102
2019-10-11,68.27921258201141,86.14670314957627,98.40402912551177,97.05744301965296,88.81453692930228
2019-10-14,68.29055060767871,86.50954029319435,98.45688669266107,97.89793649798739,88.80682957414531
2019-10-15,68.05243304497411,86.4337761672428,97.14089273448377,96.11128084749281,88.48275915751633
2019-10-16,69.61529544661508,86.46449871113614,96.70367459234264,96.34374723069983,89.41350314482314
2019-10-17,71.253091561802,86.10943611784514,96.17244221133359,96.66824536923741,89.51183443534687
2019-10-18,70.80618099023988,86.54507011037069,97.79167592826562,97.90225926814328,89.82261391912955
2019-10-21,71.88935823322092,86.05839784160307,97.71159520178581,97.33334427719778,89.31327822291863
2019-10-22,71.35508346900976,86.22023653903378,97.45371762496673,96.86135567520566,89.31324204484827
2019-10-23,70.09200040894302,86.36660714537736,98.49800118373332,97.82569027625384,89.28629665893084
2019-10-24,70.40282812644001,85.6642832979885,98.67152834557102,99.0071893238549,89.20724572828614
2019-10-25,70.27976539788607,86.00581223104876,100.52267185961021,101.443329659152,88.3949789264203
2019-10-28,70.88317380616115,87.47479376342291,101.89878723443029,102.25382370567735,88.80169295447052
2019-10-29,69.54873155853947,88.16251229265639,100.85642317126184,101.25571541873772,88.33341610474339
2019-10-30,69.12751581059615,88.85518298607764,101.11270621616649,101.30718702400611,87.97814877002999
2019-10-31,67.89991425168607,88.2819242873852,100.87674948463933,101.36581859259535,87.70732127956262
2019-11-01,68.85633075853629,88.06132322623851,100.77032897606351,100.97160068084081,87.97740458080871
2019-11-04,70.64383628224266,87.2972188182876,100.46534405937247,101.08011675471107,87.4293433116735
2019-11-05,71.09868330322574,87.87681425156161,100.71826420114208,101.49426485617046,88.16581810654169
2019-11-06,74.25589722913278,87.94777829428249,100.37641923050043,100.70798142238266,88.8535182195385
2019-11-07,71.86365721429048,87.69825904958446,100.26441457693089,100.37383765569044,88.92002103064193
2019-11-08,77.12869428247792,87.74992190391735,100.13702261576651,100.6401572568811,89.14059054077286
2019-11-11,79.32038864836363,87.85725212568961,100.11312821047231,100.18452196398644,88.63721233136353
2019-11-12,76.4997788023454,87.94412199531493,99.26296799893085,99.65673056451337,88.53558037862027
2019-11-13,76.20389371692409,87.67758963891977,99.47017108106763,99.69671908576271,88.26464882486741
2019-11-14,78.91841191404978,87.92891066635325,99.44768099269766,99.89805077684655,88.33519894938763
2019-11-15,79.63989779263652,87.56397266190051,100.94936276775887,101.11296714353466,89.10759090447137
2019-11-18,79.15580874502186,88.09490583847351,101.95915541431755,102.65544806985707,88.73787046067444
2019-11-19,81.78465284530496,89.4239599688913,102.17312234302263,102.89131056714353,88.63636703470821
2019-11-20,81.14578108123844,90.43567258956956,101.55174154122541,101.93799754608861,89.38755688718666
2019-11-21,82.39731665991329,92.08388001882341,101.548961614371,101.99450164654986,89.2043237888137
2019-11-22,82.67076275962114,90.5889146760945,101.89433640533503,102.45406781829296,89.11762183640349
2019-11-25,82.00002807422241,89.82772721590833,102.32478000121712,102.46097685495468,89.31679442257759
2019-11-26,84.4551147547731,90.73374971077315,101.78917614863268,101.81857112853282,89.48419174158812
2019-11-27,84.36905648332812,89.90978764232396,101.86357772762291,101.88453590975206,90.0433695347825
2019-11-28,83.91697186617552,90.95907713344982,100.90018509515899,100.51838642656914,90.35220838723393
2019-11-29,85.14890891987363,90.44178541683848,100.89440632190048,100.15989092835969,90.28362709839966
2019-12-02,86.5207057332815,90.13485749180231,100.71624317856359,99.56921458538352,89.9860233223685
2019-12-03,90.54762452395514,90.34080449961732,99.97924437816395,98.67306035067014,89.05480686701675
2019-12-04,88.54171669078623,91.35335979152346,99.9570223546488,99.31701944339534,89.05663559824075
2019-12-05,88.48680020310978,91.77068798687759,98.15543758655336,97.50732960090261,88.89885260418191
2019-12-06,91.60815128448493,92.68723442019187,97.39725096871813,97.28147910638356,88.83166800246575
2019-12-09,90.22774209983923,92.76350662440834,97.2058232038894,97.54403206619644,88.91843671256225
2019-12-10,90.60337602274276,93.46637042262581,98.33940153078186,98.99494451159131,89.73859532379211
2019-12-11,91.48551662524491,93.60095454762532,99.36540003721564,99.99827515823205,89.8664741959007
2019-12-12,95.23038196655455,95.13901013239388,99.86239387429782,100.29691857705396,90.98157255783015
2019-12-13,96.66619401842868,95.41376894730867,99.72910264575458,100.27956199092496,91.00950204786777
2019-12-16,95.27582374970149,95.47804828179963,99.91937339313655,100.31866955527593,91.52973279565776
2019-12-17,97.66367144252007,96.26679107135189,99.9595335331392,100.6098711277862,91.68486828674305
2019-12-18,96.17819343472449,96.54213172029394,100.01547344106396,101.22533420188293,92.16305250485051
2019-12-19,97.47397804873815,96.76671200251539,100.23967736272755,101.11840314481944,91.29615267827673
2019-12-20,95.58174346900327,96.66601012725414,97.84469095162284,98.3904671028725,90.83307470760633
2019-12-23,95.2541738800439,96.24386886788659,97.41628497542833,98.62991500250192,91.0690102320808
2019-12-24,94.446855242615,96.17592899333664,97.3244537103515,98.24865980818358,90.68712379982354
2019-12-25,95.88024199783793,95.97827587338593,96.46150651250568,97.35637375000003,90.67531259547272
2019-12-26,93.21539527442826,95.87558290111241,96.9173212575602,97.96319855874665,91.6038077172614
2019-12-27,95.35189512821695,96.88514508480107,100.68462729143654,102.4392022868415,92.15017576326659
2019-12-30,96.6690890663578,96.6343977020421,100.83110494649969,102.24906694882262,92.32840141387871
2019-12-31,95.69639964697957,96.2033188743306,101.09291167461633,102.44543674678408,91.26858236200536
2020-01-01,92.67359155958181,95.21027691650772,99.01648547195988,100.58451284336371,91.90082658250002
2020-01-02,94.07464174545603,95.6336236400551,100.44473947790395,102.35339808522875,92.1639991554652
2020-01-03,95.70965919309849,96.20574136923081,101.24382642481913,103.90198751841461,91.12889207335998
2020-01-06,95.3290090483829,96.03718794737097,102.38761544411443,105.99007425489762,90.49981271159199
2020-01-07,98.23456075940764,95.24321290764458,100.5104573844517,103.6639059987263,90.12844173397912
2020-01-08,96.09792778345303,95.49581251844003,101.12115254584704,104.89421261053744,89.97609257231889
2020-01-09,96.05800674314246,95.48370952845193,102.4420738284497,105.27615911581927,89.7541452833211
2020-01-10,96.06879822101627,94.68610704870932,101.75441992734453,104.44189902412656,89.2222378904903
2020-01-13,96.14167176856235,94.97288701491128,101.64748637399883,104.14245070968884,89.18117512971554
2020-01-14,96.13247073426223,94.0340243788611,101.80507876308008,104.09067155903004,89.63817197845965
2020-01-15,96.87887788215222,94.7329480184142,101.06583081386411,103.15094405738874,89.11071575720776
2020-01-16,96.15891702450104,95.31384672066388,102.44919822078732,104.12441369823362,89.07301835805647
2020-01-17,96.08354374269996,95.59865047988457,100.94897432042033,101.92065850982239,89.15711729616356
2020-01-20,94.29638051217873,95.33610743847937,100.82586624831124,101.94101641221273,89.04475875818173
2020-01-21,93.76481147298375,95.91903459863835,101.31431627382335,102.08412806800644,89.12351107334726
2020-01-22,94.08454911600931,96.68390499184346,102.15601234261173,103.38140705802246,89.07837444128441
2020-01-23,93.58137924622199,96.53990909131237,101.94195946317997,102.75657801665696,89.4566456310951
2020-01-24,94.92783158009873,96.35451770057574,102.86585681739555,103.86560301483718,89.93037652164847
2020-01-27,93.34077385385562,96.2082550680489,102.62481827340612,103.88916601206833,89.61184209993998
2020-01-28,90.42652799348679,95.56102338455351,102.16749201608258,103.43448365375197,90.06801244154836
2020-01-29,91.20550470145643,95.63411899517989,102.21568319777845,103.93611585959992,89.86227168762953
2020-01-30,91.03757748670188,95.05259146983623,103.24806481490036,105.16943103694874,89.62794617756093
2020-01-31,90.89463022690411,95.34010067900391,103.08596948528144,104.77757887248043,89.37124476111241
2020-02-03,91.14860306965016,95.22385359112799,102.82130689624502,104.15842405536154,89.36261922466785
2020-02-04,91.03905411272349,95.12653407727582,102.87613128239845,104.36979892473875,89.49881876199542
2020-02-05,91.51116837222037,95.04561960241729,102.52680436306984,103.69350883871111,89.30343690800248
2020-02-06,91.52944304256063,94.68686482300568,102.49944554956573,103.35159227237622,88.6866656772734
2020-02-07,92.48700511505774,94.45405135083772,101.77195220223632,102.10707197066799,88.80882810189394
2020-02-10,93.50378190967695,94.35206039493636,101.70813117847,102.31178688823721,88.31403351756187
2020-02-11,95.3129493051454,95.4682191282147,100.36451605035151,100.84597904758121,88.11433660400859
2020-02-12,94.98672558351495,95.20030243066888,101.01860154957507,101.48131990552925,87.73977386695911
2020-02-13,94.78414974184773,95.50046363074897,99.96582691983555,99.5582595501067,88.65771746312271
2020-02-14,94.16904010322878,95.40770447050663,99.57375653714394,99.326794445053,89.43306710388184
2020-02-17,94.68702566313826,94.70911584096633,98.36164082301875,97.80400912936504,89.12763274522337
2020-02-18,93.26660366237974,94.99861013477219,97.55779926178448,97.42712265126882,89.79057827050487
2020-02-19,93.03985593350251,95.19993472775016,96.60673973700808,96.66062832726566,89.48203290398763
2020-02-20,92.20247535038362,95.04868782854578,96.16948080849154,96.11037810381194,89.75530831514573
2020-02-21,91.45096970185611,95.93065608878251,95.2183743305126,95.76917626491792,89.24667651802797
2020-02-24,91.45025714450384,95.68847810417283,94.88898418073465,95.7079314209638,89.88338804192814
2020-02-25,92.22198830408615,95.573992068055,95.03652219076632,95.66228170753965,89.56807291658255
2020-02-26,91.4030614399288,95.36211646121914,95.05624927981657,95.19311342671355,89.49068328672537
2020-02-27,92.72142888157589,95.94515512853702,94.91799228561123,94.65618109411884,89.76237025911256
2020-02-28,90.60038361516767,96.35510092095232,94.72984022257769,94.96062643383223,89.02240526917915
2020-03-02,89.962106212159,96.23606577767234,94.84792558740762,95.10708328810811,89.34833826038083
2020-03-03,89.33215189223763,96.0285627652653,95.22682861982742,95.19073773325631,89.21843959971038
2020-03-04,88.56521881126588,95.84526283549224,94.76692710319712,94.8275140035635,89.09645792604832
2020-03-05,87.37141484386358,95.40752738653542,94.26435584282547,94.47755264049256,89.67357408248243
2020-03-06,87.81222163119962,95.17364649545604,94.24449951291139,94.48533514752539,89.55257177718278
2020-03-09,88.16259043698626,94.47211891890447,94.27121333015516,94.42339864763085,89.44987854820535
2020-03-10,90.93770855236713,93.69835660469502,95.05166287791806,95.54138042989237,89.94372082354262
2020-03-11,89.24716067972362,94.06853128052829,94.71901891237272,95.08307643633147,89.68701606174938
2020-03-12,88.952048161685,93.67070329659785,94.56158927403925,94.82783516369697,89.72658179705124
2020-03-13,89.24967766252095,94.09067246300366,94.72910555191662,94.91661169487188,89.58430069532885
2020-03-16,92.36857122221538,94.9191887664251,95.25199619550162,95.96963844053444,90.62840892632032
2020-03-17,91.15433828293581,94.53217683983864,94.8517874536024,95.3612340015767,90.34284582992804
2020-03-18,91.98628558185027,94.04645446525276,94.95890902937134,95.71406540821737,90.5158709589729
2020-03-19,91.83635971400284,93.5410971778892,95.42859578770042,95.8058024217599,90.66691854568111
2020-03-20,91.88277954466395,94.30848511641896,95.26737046180894,95.4884057673072,90.07412630039562
2020-03-23,92.59225469621441,94.10538898845013,94.70677933814632,94.68860084555263,90.22178709160619
2020-03-24,90.44868976437922,93.02800428003255,94.68682030891583,94.56383587158214,90.51199716505711
2020-03-25,89.75743548159917,92.92914104150596,94.65731702319596,95.00682785645502,91.20795121523196
2020-03-26,90.90668384910153,92.80796301667759,94.39461144153029,94.87910122800109,91.68117323169177
2020-03-27,93.86319212399647,93.24981846967181,95.87459712317347,96.80634896735742,92.56583254725321
2020-03-30,94.2104234095445,93.35415967256607,95.346849396107,95.98482482186454,92.07412452988562
2020-03-31,92.097970859376,93.16943373202689,94.80780753415542,95.56804123498736,92.31819468228262
2020-04-01,94.3561962414846,94.1854476638677,95.13228053533153,95.47679606983354,93.16915356472538
2020-04-02,97.6479680202013,95.67503222928005,96.77586906547081,96.55310756725812,94.33619025449813
2020-04-03,98.49190236533177,96.43957266517738,98.10689184746929,98.03446802239017,94.61303702471044
2020-04-06,96.38885162624663,96.61278019943815,96.97232747965525,97.45180508789126,93.22292471259773
2020-04-07,97.53467443729629,96.9943176574036,97.16920957705486,97.31757979518919,91.96130965976185
2020-04-08,96.74220307745786,96.60678349164196,97.64630742654742,97.54176703961609,92.20470258909515
2020-04-09,95.37830537771424,96.63852436469983,96.25750561019746,96.61555847561006,91.6521508383749
2020-04-10,91.16238440124467,95.65545622768727,94.12688285890923,94.49879658033038,90.59486304885154
2020-04-13,89.87407852924335,94.98406151375617,92.40899007098807,93.17428019719848,90.78652553601684
2020-04-14,89.22235658777599,94.89316252403752,90.65724501754836,91.64313789424277,90.51224550128273
2020-04-15,88.99922152016244,95.01730154713658,90.8631244265728,91.59321961718008,90.97269300758899
2020-04-16,88.72916014255489,95.77980631099884,91.56494411769398,92.74443959670366,91.81674169494906
2020-04-17,88.94115350576551,95.52941650097596,91.0742306347073,92.40989734707884,91.7487783390516
2020-04-20,88.44892556339536,95.76026092905933,91.07382912128931,92.57002293869118,91.43405902919332
2020-04-21,89.90817784186503,96.27579060233053,92.80131046438804,94.48472108894876,92.01368603408213
2020-04-22,89.76299941204425,96.90756165930962,92.92931850644038,94.78829365490694,92.00873420867327
2020-04-23,87.91754321416644,96.10080118815732,92.21643693685019,94.25938262003818,91.74919402522963
2020-04-24,89.49607621829648,96.57577400664587,92.17915548686659,94.45621434899513,92.03693567321606
2020-04-27,88.61951444492021,96.77565423272472,92.1107704041535,94.17222590842019,91.87689128069277
2020-04-28,90.14074986222204,97.62107913452644,93.0353772934756,95.09266901743935,91.77591721231616
2020-04-29,91.87681010671301,98.33513592830235,94.25845190926793,95.77992530102838,92.19507950226642
2020-04-30,91.42534177488477,99.29176558688471,93.61876215838019,95.04697347559386,92.79791034937979
2020-05-01,90.41725780668159,98.76829270331548,93.28343092218641,95.118435710652,92.96631675702675
2020-05-04,91.48638060490325,98.97134766828343,94.53855081765707,95.91273429043413,93.90279209781643
2020-05-05,93.40488331360433,99.47636250357266,95.78805007033779,97.01634458988435,94.32343776346366
2020-05-06,92.67287648125301,99.34186649328649,95.95794359392723,97.2638003866798,95.08697260165172
2020-05-07,92.7681026263577,98.71997266021604,96.69531002852867,97.64530010730188,94.94461664544903
2020-05-08,93.15128691554744,99.06437180890289,95.62605437544043,96.51750344090051,94.04353928211206
2020-05-11,93.69700640253245,99.65375392541917,95.31484320647728,96.46991731931547,94.4708668881937
2020-05-12,93.11073894416725,98.71725702597925,94.08356144250445,95.2447641792053,94.56143812130315
2020-05-13,93.03206288630047,98.3340538935949,93.96262150938216,94.90894153251438,94.60676001755476
2020-05-14,92.49913106216523,97.98077935554501,93.79358016705136,94.99596038182393,94.9857432056338
2020-05-15,91.87039639774196,97.65746866206247,93.6896340047177,95.07557972969676,94.33763223124268
2020-05-18,91.95248594819493,97.40769333121393,92.3812978937107,93.58719352759644,93.76285826310526
2020-05-19,92.03364757756,98.19360101459155,93.15964415393262,94.70901128186657,94.08895385756439
2020-05-20,91.25664898142328,97.90754084238955,93.40416936115537,95.30272711690807,93.96094064439984
2020-05-21,90.81568120056482,97.92084741626232,93.44132578013941,95.52161553107442,93.789284770939
2020-05-22,90.32805148074789,98.17303574832643,93.13772842419357,95.11056156572934,94.11091707557941
2020-05-25,89.43706297745328,98.82856197813994,92.7854526509788,94.93343496418875,94.00578122633999
2020-05-26,89.58645924957398,98.76571456953742,93.17265512882561,95.262877175741,93.95301190518718
2020-05-27,90.84760606506524,99.04262148006963,93.33841511764939,95.12602352166151,94.68025518865873
2020-05-28,90.56422282790007,99.60166818426312,93.62323866756546,95.42964875270535,94.82836806329342
2020-05-29,93.2654121539212,98.51244276998598,94.25972243901165,95.98119462419477,94.99467481459494
2020-06-01,93.39114406350149,98.4206027806922,94.34220734999323,96.05689987364212,94.66430244008292
2020-06-02,93.59566964095094,98.64717433359112,94.31104767563355,96.24044232714854,94.94592456556329
2020-06-03,94.10088931887066,98.98409760780095,94.56236168453032,96.6380320016719,95.40035988076305
2020-06-04,94.56306490168839,98.88930573326188,94.62798618794601,96.77709094077065,95.6170949804882
2020-06-05,94.43557729048861,98.39365610380936,95.82771835487861,97.61743723693775,95.25821108251257
2020-06-08,93.43125889310517,97.84236472694306,95.94977884908448,97.94795711487335,95.12106523452226
2020-06-09,93.86653781870018,97.91246450395263,95.42321691608532,97.91896757779708,95.51898082819189
2020-06-10,94.28103520211326,97.45089740006956,95.1780987859425,97.50292064088407,95.48028127733087
2020-06-11,94.5087410664515,97.35184376323912,94.51363317480093,97.24842542965595,95.44226075442836
2020-06-12,95.10319869451904,97.1497085871215,93.29194637672961,96.0969576253045,95.06816127232825
2020-06-15,95.57548339955008,97.5562249670803,94.00180133214316,96.93022561987081,95.73526590975509
2020-06-16,96.01327187380909,98.27562336506698,94.89962634440529,97.20517003355225,95.94778052956053
2020-06-17,95.4469374250523,98.25961726544506,94.28202031674377,96.75818041936284,96.05107720862839
2020-06-18,96.65718009385309,99.32506258241051,93.86030964072528,96.08227971857163,97.38999846138631
2020-06-19,97.54543805365003,99.61919632628076,94.28214161628415,96.46750764101171,96.73607429446622
2020-06-22,96.82941885791921,99.42191848553996,93.51757814508352,95.62219393733241,97.66355422301731
2020-06-23,96.62088430744127,99.51950584847266,93.63951017906449,95.8642232701699,97.46808043881748
2020-06-24,97.57298025000964,99.89818229895249,93.36765799745547,95.60445767594464,97.50838752998857
2020-06-25,97.37214223244331,100.13100909590167,93.80406706584809,96.13462793091692,97.81328199448323
2020-06-26,97.47345620026763,98.90413344590166,93.90403636961426,96.36242817472902,97.05125175422981
2020-06-29,97.61749584800533,99.15559555388373,94.45523378249213,96.96391552068404,97.36022767196572
2020-06-30,98.29637009278656,99.15155242198898,94.88367430011894,97.26328033383314,97.9888877478874
2020-07-01,99.01319379902968,99.13803349906465,94.73508868652635,96.7652262319996,98.2869962862992
2020-07-02,99.731275903378,100.50399497851406,96.01543994118255,97.7373724240945,97.95974136684539
2020-07-03,97.38179947540327,102.12471607925384,95.09155831396546,97.69657372550073,98.38599635252574
2020-07-06,97.60612821814117,101.9881474103068,95.42693992321341,97.97873423356097,98.29958240329314
2020-07-07,98.3830751189771,101.9193379693478,94.80088240570586,97.6348902677248,98.22665990693564
2020-07-08,98.8618042981962,101.63712288664135,93.85492235349865,97.33478254618049,98.87313808716223
2020-07-09,99.35104875826585,101.5164237938474,93.74147368817823,97.45660257426317,98.7788429843122
2020-07-10,98.65357257033126,103.00362323213021,93.91434226075086,98.18395897905279,98.11926298338393
2020-07-13,99.105679624154,104.57039807715627,94.22289688975005,98.39401977205932,97.75354654208341
2020-07-14,99.81099657623534,104.17970643801986,94.17519293895444,98.11172963648363,98.27476872000003
2020-07-15,100.49381662774412,104.21072538621958,93.7255664769493,97.97443354947359,98.14636010429831
2020-07-16,99.64548233308648,102.99581358283818,93.10240725619484,97.05434963742657,97.71043175517727
2020-07-17,100.13031278668485,102.81855588148747,93.28826589565618,97.08364254110649,97.75520717750527
2020-07-20,101.99353020653928,102.67748776148053,93.64760664725291,97.00875562409668,98.55098931595538
2020-07-21,101.14640500400833,104.03391249038512,93.64982239380187,97.29725297140962,99.2303223033198
2020-07-22,100.81667352630981,104.6530762573485,93.35584980224988,97.17429156529387,99.08504229318696
2020-07-23,101.12810183579239,104.33951898949059,93.36297497742883,96.9227426383403,99.17798536866027
2020-07-24,101.16890626826827,103.93757802892426,93.27537563917701,96.87199321990059,98.8570562317816
2020-07-27,101.05217540875849,103.17324412582518,94.78972031712495,98.72432849075963,99.09995755877544
2020-07-28,101.90725896415005,102.0279173060765,92.90808513085946,96.62085747802716,98.32634107091629
2020-07-29,101.73829729287849,102.14079647434495,93.58265232302895,96.9397365989029,98.5370105001085
2020-07-30,101.74989119030948,102.37514065410873,93.21310020169855,97.05864895940928,98.48689744539627
2020-07-31,103.12573553621714,101.9875071409193,93.80631467526645,97.62504639665359,98.43822918003382
2020-08-03,103.8165740619319,101.78728076925343,90.5836450948811,91.57741820188015,98.84238083643616
2020-08-04,104.95914616156826,103.16089576875247,91.11779758567907,91.42565891564718,98.82766649548098
2020-08-05,104.97183035121589,102.28590393500684,93.26625318632192,97.34845239860516,99.142680253695
2020-08-06,104.96037106288827,101.1323551989467,95.38506663998037,101.3236818411267,99.04231756439205
2020-08-07,105.33221679121931,100.77672096043273,95.5070544245957,100.19556154690477,99.41348682556529
2020-08-10,105.24902681013693,101.56459235220056,95.49371465065704,100.05963057593408,99.00198942374276
2020-08-11,105.9242436060703,100.94816039096473,94.81349710141794,98.85936662734706,98.99726245035005
2020-08-12,104.3569497529035,100.68857404451026,95.4379386617609,99.60376994789488,98.88277725474175
2020-08-13,104.48461067293442,100.6216146494172,94.43891993590893,97.90107657692411,99.1502510227492
2020-08-14,103.70829688002496,100.37124910583206,93.00476999449555,96.19757433836796,99.0046384208387
2020-08-17,103.06833410953502,100.38465963885888,91.79605908585611,93.61292857002125,98.41694510851063
2020-08-18,101.69412997516206,101.56370588165589,90.8574142021719,92.65074936512258,97.92081712985586
2020-08-19,102.87929388886401,100.46381749004263,90.77913438583849,92.57683745073898,100.28068087869326
2020-08-20,103.55664064468502,100.04013469312906,91.51238447801886,95.44033110667607,98.80093200290028
2020-08-21,102.20416122817642,99.70502897302033,90.62442971900151,93.56043288338022,96.26500011242004
2020-08-24,103.19410406966354,99.08807898087267,90.44210322811756,93.74694381728038,96.18158705905499
2020-08-25,102.21131481227388,98.12717674772257,89.91615319717222,92.38990866722209,96.04163595189054
2020-08-26,100.31452320064547,98.72657487056782,90.00926225021084,92.69253094225073,97.94095451049112
2020-08-27,99.85524939932112,98.2169384499345,89.40226413892829,91.6160432512438,97.59329983579612
2020-08-28,98.57290281544061,95.94644769306404,88.14148641079592,89.97840808661141,97.12061317373339
2020-08-31,100.24536253752426,98.29162050003316,89.55704331949278,93.35964030814704,98.7990979134497
2020-09-01,102.37398723123694,100.41839331757225,91.0260938184318,96.42508462824631,99.21599243361878
2020-09-02,102.32155956150548,100.03087884350555,91.60250714020324,96.84905715387178,99.07341722096459
2020-09-03,99.01171694102668,101.74009815551088,91.40293326808656,96.84899680395006,100.44622527775684
2020-09-04,99.36680920335671,103.16576492740623,90.6601474353795,96.97413254261687,101.37331348821361
2020-09-07,99.58118456334283,104.4570892992564,90.04666723318668,95.88220382864044,102.44777737601838
2020-09-08,97.21848035344044,104.88579371568053,90.35984648932491,97.4655889576077,101.0580578911465
2020-09-09,98.96727666386643,104.52229099492196,90.1416897896793,96.5670661594268,100.2701535214143
2020-09-10,99.5503358937119,103.30217989029194,90.63770717721333,96.96032931017913,99.0899800561097
2020-09-11,99.02974312961207,103.53345151244035,90.47481584909957,96.72603977024377,99.51408734145345
2020-09-14,100.32481858052708,103.32702964546652,89.80908050475777,95.76491122672353,99.78506139005373
2020-09-15,98.80722280766383,102.5428620723051,89.18834417322361,94.77954931688687,99.04664125486372
2020-09-16,99.75234049052105,100.94495520919924,87.72797656700403,92.48792526825181,98.55947092612067
2020-09-17,98.00611757242658,100.2904898340701,87.21994440027112,91.58811844624579,98.45394962606446
2020-09-18,97.48040413399073,101.16929425864363,87.5500374824433,91.80794896288272,98.58871397306679
2020-09-21,97.61642090023602,102.26900204236445,87.29173347076912,91.77795406584649,98.67057461954566
2020-09-22,99.00916922951627,103.34714123272946,87.63449396943372,92.14983663973851,99.08346160375908
2020-09-23,98.85041643072888,104.61088855829506,87.82210644726973,92.2759128710859,98.98707513308167
2020-09-24,97.69754140193318,104.98917254018927,87.32187838048118,91.99529120066389,98.29459808155
2020-09-25,97.80923451458368,105.90036510712724,86.2122757467739,91.28927102838975,98.03796440703648
2020-09-28,97.96383551533222,106.48820418761223,86.85538965074919,92.12463784892545,98.75045439391324
2020-09-29,98.56063552012755,108.54569093900099,87.59661613855147,93.91335775086483,99.63427887364593
2020-09-30,96.1323072280903,112.05347361690865,87.30624219554296,94.26668301304137,99.73388642873753
2020-10-01,97.20332062968875,111.36019185512862,87.69530153112721,94.6643183060411,100.60429158625325
2020-10-02,97.66601518175995,112.539634281194,86.33996575740333,92.96927523772939,100.7221057028368
2020-10-05,97.880000433642,113.65537458137737,86.2272113036915,92.85494398935977,101.3719198179881
2020-10-06,94.19782891824052,114.28973862132878,85.77119902781513,91.87710204513954,101.45183690855035
2020-10-07,96.15569754983198,115.87125596351675,85.92256063633293,92.42213855909652,102.1446979287285
2020-10-08,96.05878696853286,115.17820928602602,85.50990540903757,92.16087074695606,102.03950405923162
2020-10-09,94.75459821806467,113.16359654246693,85.75642996407272,92.27585989886774,102.0911703101725
2020-10-12,96.32128045297821,111.76912641356186,85.68439490806931,92.1365952281223,102.22795716275076
2020-10-13,98.05107581125796,110.25924773512659,85.98908676428701,92.81410421620153,102.16398150600392
2020-10-14,97.84247295262143,110.81154586669739,86.26595956861443,93.34713087116694,102.50855799530572
2020-10-15,96.87834603467738,111.62267564479713,86.83253351376437,94.05679790518494,102.08549222340207
2020-10-16,96.77517571431787,111.77792553942096,86.3252534467292,93.38707213021307,101.55375206767765
2020-10-19,97.45390198537378,112.00085293225726,85.40379089990981,92.44720514640487,101.45163749849667
2020-10-20,98.33835345431487,111.4533574888233,84.62914629663338,91.18373944548898,101.00671358109912
2020-10-21,98.3592256453862,111.60464010962508,84.52669481678852,90.9325290260587,100.8542850775788
2020-10-22,100.55924608234402,111.19557035866336,84.35373304116654,91.47761328734812,101.00875215275936
2020-10-23,98.60075836150057,111.98188887633353,83.71763596098876,91.06674857896475,100.84495605882526
2020-10-26,98.02959327452824,113.64015485719234,84.23569079302459,91.9832253904673,101.15284590482155
2020-10-27,97.6071579149032,114.11010816095435,84.87737497502324,92.75662431475855,101.8692612477373
2020-10-28,98.64940060563234,114.40071934039884,85.13670151038464,93.09671497237444,101.35401123182109
2020-10-29,98.55365691292467,114.59493590077179,84.91092727070475,92.93996718759848,101.34533732737638
2020-10-30,99.93011532326359,115.67087230101694,85.26689518886667,92.71717956837561,103.17267283227345
2020-11-02,99.8164411902478,115.608483592799,85.1062388060431,92.44251775580464,103.90882014850742
2020-11-03,101.0790031944846,116.02109164403669,85.17240546207137,92.65328035077654,104.05716357978936
2020-11-04,100.92197361420685,116.2395823126073,84.99732694496839,92.51652369425129,104.13518620403228
2020-11-05,101.66322414624318,115.66928537974341,85.44031504963063,92.70818773006198,103.79475964723702
2020-11-06,101.2867641394713,115.01784053387547,85.73952921664537,92.84402144315594,103.4988204122183
2020-11-09,102.55126685547266,114.64699554770917,85.66793732298117,92.52414721840096,103.94383132814129
2020-11-10,103.20929281448711,115.13215037455838,85.98661458000255,92.86847336142459,103.8511816234202
2020-11-11,102.48029098449429,115.99499476752335,86.42230969501222,93.16482245974554,103.97024198254536
2020-11-12,102.24378530756131,115.25364220833758,86.39730270451649,93.05564726903313,103.52054372791217
2020-11-13,100.97086876272385,114.08343725772292,86.00481552125608,92.63717130989588,102.94832632593815
2020-11-16,101.63750701220337,114.07265925230068,86.37629758749809,92.9643414173956,102.62566301991369
2020-11-17,101.78462219589322,112.70818116381925,86.62407361305664,92.90347840177616,103.176427005596
2020-11-18,101.55560823933524,113.32627284979777,86.22843236149555,92.38967003459682,103.2818136594751
2020-11-19,103.6657647855594,116.1532049424528,86.68826476562157,93.79801244260261,103.36941802178845
2020-11-20,104.59747981886247,115.46078937498218,86.85834947461349,93.46739121501196,102.97593452298489
2020-11-23,104.95784397246301,114.51467885460865,86.96078932870162,93.77274789697928,102.79642951935502
2020-11-24,103.63451604113311,113.81682238078264,86.10469500646624,92.72881320948333,102.66930926892496
2020-11-25,103.31093361180362,115.53560896998508,85.82755356023759,92.8318993593172,102.26412229096286
2020-11-26,103.40568793087499,117.20857100742153,86.93336594449427,93.89473229992292,102.79638763262177
2020-11-27,103.84247386809116,116.62475513010754,87.33516200382586,94.99243272591336,103.06262186670381
2020-11-30,104.24871502730575,117.19521878273625,86.703037178533,94.38734176984333,102.70055938865266
2020-12-01,103.81274150460169,119.02086617141991,86.72992386225484,94.23831045532492,103.17887300053532
2020-12-02,103.1017527342712,118.5528584170636,87.28438471756998,94.86456896872892,102.61298935554532
2020-12-03,103.59994261771031,118.17445470110128,88.35335631228844,95.81463068514888,103.25135044558668
2020-12-04,107.11479895099856,116.94375106880597,88.20981963509887,95.86355222177923,102.55332536399038
2020-12-07,107.54873747184392,116.69068880358158,88.00284309899389,95.66538067776493,102.56863247731347
2020-12-08,107.74956532941322,116.12825059416747,87.59250410937177,95.2025137413406,102.47181217024625
2020-12-09,107.12740193392494,116.4517031125744,86.06343729558135,93.25591195802356,102.15036895878167
2020-12-10,106.35226905937097,117.60404584766067,86.17810024806747,93.43431524781373,102.03993860760876
2020-12-11,106.34047911522744,116.8211283797249,85.99142438619825,93.01235871704438,101.89671957244482
2020-12-14,103.54721656373238,115.73421846807965,86.57585433072553,93.89782529955015,102.32542925303511
2020-12-15,106.03628573038702,116.67052723842677,86.43100544804199,93.29574060173131,103.095985953779
2020-12-16,106.10120231376192,118.44013389997883,86.4689596975446,93.81224996365147,103.15721323657824
2020-12-17,107.81698129907889,120.16411525548527,86.13680862049956,93.29996227432152,102.81509238657031
2020-12-18,106.1783289307346,120.72986623989314,86.00045810997491,93.16466533901982,103.01978909446017
2020-12-21,103.91622726749108,121.72885506114928,85.82038489538428,93.10072147118476,103.22308830315848
2020-12-22,106.53019877518916,121.73562810916553,84.15242433418383,91.28639781813104,103.20400117459243
2020-12-23,104.86671952241097,121.80106048956165,83.80560793518937,90.4293823326736,103.41287494329951
2020-12-24,104.05809022618496,121.3876996837404,83.39557650214138,90.38082528793367,103.33054124641185
2020-12-25,104.1583182006337,121.02966189973394,83.63810497383297,91.04004945634404,103.57007052066014
2020-12-28,104.98294152336753,121.5512724315342,82.92837129062774,89.99088116607433,103.47249553862943
2020-12-29,104.17198276939598,120.71142538781763,81.62030704589392,88.02807141745153,103.20944118285826
2020-12-30,104.07853107642819,119.96519278135183,81.56732478764467,87.78751106483321,103.61272512809315
2020-12-31,103.80349312421544,120.8038016694641,81.87026968954207,87.43737265329489,103.61844536917253
2021-01-01,102.32676240745124,120.62929656361109,81.24310257226419,86.85243317454841,102.96613210056331
2021-01-04,102.34329049836586,121.08949372832858,81.91773398169069,87.35329551094875,103.06428105703426
2021-01-05,102.63500001147654,123.06575863417719,80.6789867950573,85.46891903539792,105.71867194285132
2021-01-06,102.32009570424547,121.03628352068505,79.91379965460087,83.20529714272837,105.5272422277652
2021-01-07,103.0921817586522,120.26745940353184,79.56342580627546,83.08778887653985,104.00056177165963
2021-01-08,101.59983934575854,119.92878687370687,78.85014674054722,82.01569796615343,102.4394487074086
2021-01-11,101.80452868536793,119.81579154741986,79.20170895652757,82.54621927374254,102.69381908673023
2021-01-12,100.15238721394537,120.17751332967094,78.90021481462153,82.09467491801638,103.54799271650212
2021-01-13,99.5241215643932,121.14673240837031,79.80823287673961,83.52130584552347,103.13260468889767
2021-01-14,96.38246079711806,122.10637802553643,79.83352299766709,83.22750996957284,104.23380825605852
2021-01-15,95.35286038919708,121.68975735697518,80.04772653928921,83.11637904618799,104.0929090850355
2021-01-18,96.63203716987644,121.9324518590044,80.93823605227635,84.66801837921736,104.36400061712536
2021-01-19,94.14766054003815,121.0581002331479,81.08813636821772,84.3970976338347,104.01361742968918
2021-01-20,94.5956783400988,122.3860852956514,80.90691280947708,83.93884727936481,104.07521748414159
2021-01-21,94.89719885981462,122.31059212635624,81.37261772696037,84.32665075135965,104.20756563895688
2021-01-22,95.26703572535753,122.09702414060295,81.73149291745037,84.79551786793556,104.59693513334214
2021-01-25,95.52388193306524,122.46936699627797,81.34581842604773,84.09385915191342,105.4467992247376
2021-01-26,96.19801391061327,121.72058545532003,81.39143006237829,83.42854564221004,105.06421245671093
2021-01-27,97.57580802465883,121.67307436076071,81.54856213514869,82.40969273387532,104.82064957628678
2021-01-28,97.89741723358895,121.99868283248601,82.09276883122513,83.03192786144334,104.86837441770847
2021-01-29,96.31046922332811,121.75278432353065,81.14765666260351,81.09381357632536,103.96703690636897
2021-02-01,97.94399454764905,121.65246573552675,81.35139496751917,81.19435759855554,103.04994771160996
2021-02-02,99.05148432688759,120.06678923975936,80.85325450258695,80.51567633144117,102.99926848919469
2021-02-03,98.57337603850505,119.21207514104728,80.43520592789024,79.83043344024293,102.59237772051854
2021-02-04,99.64809842104448,118.34610864584694,80.55396242759629,80.0246094821145,103.09566566525386
2021-02-05,99.50332885762474,118.94822684181511,80.52559762796065,80.12454908638544,102.29184092335812
2021-02-08,97.03369852078454,119.04686372156891,80.6007412062803,80.32594493823908,102.00855788468917
2021-02-09,98.43254611978963,118.85661988568961,80.81694650609492,80.71170033172749,102.82387780923588
2021-02-10,98.0926076628427,118.41854214169078,79.97909354700946,80.15020909623321,102.85264387843864
2021-02-11,98.4847322573986,120.26102002787191,80.38150316514015,80.32440589333714,102.98973259110002
2021-02-12,97.83911807279114,120.03089958572437,80.18138925499387,80.02105165220705,102.4870398941883
2021-02-15,99.72556256704296,120.37267745647577,80.19381677322038,80.2279268284663,102.81870597269717
2021-02-16,100.1175703207479,121.05398514100807,80.38500746813922,80.63673973322095,103.3910424535519
2021-02-17,100.22949969015154,120.95564780181567,80.89600150024624,81.09472224315817,103.58501083464506
2021-02-18,100.61620829169414,120.57998023052852,80.48229154338199,80.5908687206339,103.3005073639354
2021-02-19,99.41391757459245,120.14838085684481,80.47133059059398,80.81332807397573,103.43277015871253
2021-02-22,97.33275274776643,120.3648588804481,80.1867783029738,80.60032100918848,103.34752282707866
2021-02-23,97.15336654689246,120.29640818331964,80.15883971314557,80.83205877800363,103.33423999394891
2021-02-24,98.28331936240852,120.96189532151413,80.63473083211676,80.92438998389486,103.9412791746479
2021-02-25,97.73182468116468,121.4843817930918,80.0931813864624,80.0698458534604,105.01064871844441
2021-02-26,96.99712861839112,122.0220778883451,80.17173855550497,80.07949781285521,105.02623879953457
2021-03-01,95.79306965275988,121.95196634321728,79.5790876126486,79.39702834856507,105.29315367739464
2021-03-02,96.1536792768653,120.51349803818496,80.05887098780495,79.86916325202488,104.88501664925853
2021-03-03,96.62502047061722,120.46462375855556,79.66995356624791,79.76613514090904,104.84321783991821
2021-03-04,96.53205422913528,120.11898754531146,80.42569476231152,80.33335312479673,103.97167930959579
2021-03-05,96.05587336636127,120.79089364793245,80.86212931627071,80.69546878113283,104.64022955983843
2021-03-08,96.66374296029552,120.66455395462907,80.8000482883008,80.7056196063641,104.25337729682992
2021-03-09,96.66934586771883,120.94905389964569,79.37075104402545,79.29504266941024,103.86378903766504
2021-03-10,97.54154101630485,119.79609728181124,78.9998003416338,78.81726622078502,104.21126341339834
2021-03-11,97.5039863726379,121.10524619140645,79.64952893417801,79.31185994554632,104.50933806890428
2021-03-12,97.11377961742824,121.9303884022086,78.52790625328372,77.92878567088768,104.69760967195492
2021-03-15,98.00675629803327,120.51897010803938,79.22566576617398,78.55645776915667,103.91129982165819
2021-03-16,95.65977793067798,119.39059542111261,78.86373075041337,78.1935150551301,103.94816119021779
2021-03-17,95.13620883145876,118.50367900900389,78.42945889302464,77.78816047871902,103.92269410319477
2021-03-18,94.35127618490957,119.18913044119932,78.0552219891851,77.19146307105572,103.64427029749801
2021-03-19,95.23544791477148,119.15839864554287,77.73981388872451,77.0978603506343,104.53363069111204
2021-03-22,95.60450042623133,121.11010851288762,79.44973806375489,78.32244315751092,104.90669465690657
2021-03-23,94.3104485385955,120.82856424626456,78.77921990373036,77.62801274167072,104.3689649823739
2021-03-24,94.03541128814365,121.27600884439047,78.7316108726174,77.04167292033253,103.99207566837696
2021-03-25,92.65583823235222,121.37250805439592,78.97742642980035,77.32516806729849,103.61932441903488
2021-03-26,92.96391794273748,120.88343935498784,77.79732783553274,76.59171443028615,103.99463990600135
2021-03-29,94.35829494928302,120.24521638691417,79.24821655159697,77.54669902871385,104.63117706691601
2021-03-30,93.7732412034976,120.00128678557289,76.22211672212222,74.96996908685749,104.39336500338263
2021-03-31,93.44576299236232,121.16909350687635,75.34089734138595,74.07469423975607,104.02901651360285
2021-04-01,92.92413770014754,121.9836573938668,77.24581157034768,75.28359298791052,103.84956136673567
2021-04-02,91.65626022762993,123.17281085082834,79.0384110796481,76.59229892927073,103.21890526664563
2021-04-05,90.86231342807426,123.20915396750809,79.38337836957218,76.29925095781721,103.10819947626457
2021-04-06,92.45852038474342,123.13858449875946,81.52681587717954,78.20389431927507,102.80025690929632
2021-04-07,92.19431360566908,123.02806670109392,80.28432373950328,76.82964294872934,103.35028000165534
2021-04-08,91.52146932598644,123.58800274535882,79.94963588036913,76.56383743078669,103.52989991838102
2021-04-09,91.02664891729343,123.94380464311541,77.62162831624343,74.93748814404404,102.13361195524297
2021-04-12,90.85992857878219,124.4660211279869,78.41524469460232,75.08216926247209,101.65015059250018
2021-04-13,90.19571778489033,124.57327861778289,75.20560160017007,72.68941800549987,101.59900382503251
2021-04-14,89.97875470187715,124.9047489865351,75.57114168614721,72.73428954902991,100.58373923125781
2021-04-15,90.0517067892004,124.45596972812744,74.91177190064498,72.3919093430082,101.06690632365638
2021-04-16,90.02631470595139,124.78318609577734,73.40953602974018,71.39984416123917,100.95672563399339
2021-04-19,90.89395125190623,124.51867816112627,73.2079914302416,71.61299764750501,100.92368770749142
2021-04-20,90.01007989496924,126.29049425115737,72.32708190353375,70.96527449516303,101.13508781141844
2021-04-21,90.27434564966178,126.12814052788195,72.07287202542737,70.67876694946764,100.37519397911593
2021-04-22,91.63696650308933,126.10186278968297,72.7176298374832,71.05981270476906,100.35014571266782
2021-04-23,91.27231391891068,124.96332341171956,72.25385158765643,70.59710499386624,100.75939848695168
2021-04-26,90.1512777564497,124.4098299327804,71.0303035925936,70.20647665324363,100.08559674371453
2021-04-27,90.76699822335956,125.40548172003874,71.14225554331637,69.77916928641096,99.24562922091769
2021-04-28,91.40907881468033,124.59615497536322,71.36040393079968,69.95721234284339,99.40806364793231
2021-04-29,91.886893501163,123.76083419047976,70.20260927391364,69.37972826575836,98.85506209833859
2021-04-30,89.97408328664537,124.00319839220334,69.38279208853898,68.9089341201811,99.25028553848885
2021-05-03,89.99079482892793,124.81308711832189,69.67901358025907,69.56843248965582,98.78079021300653
2021-05-04,89.98425135300533,125.27906640409512,69.62518175279376,69.80061220722254,98.6253664690153
2021-05-05,91.71521217237364,126.84984316843646,70.23089744367059,70.38241522854298,99.41005778374785
2021-05-06,90.66868900088575,125.81052198161382,70.8249082953297,70.89314825465269,99.26829327137725
2021-05-07,90.67711000143761,124.19935230562076,70.47647235454046,70.472542979058,99.46569290236097
2021-05-10,91.6808752918349,124.8063541814084,70.93998140552019,70.45433056985829,99.87770233075402
2021-05-11,92.23516036564673,125.8740735866728,72.73506806527783,71.34463189698828,99.96337161087669
2021-05-12,91.66760397540938,125.95625493939994,72.70191133291172,71.27527243369046,100.32861571452179
2021-05-13,90.97854951271339,125.28685508604912,71.9429142493276,70.69471740377111,99.79530342159642
2021-05-14,90.9452853109076,125.17541659864474,71.42967740134458,70.50587662390238,99.7214369957235
2021-05-17,91.64492780046236,125.10809436035333,71.47109430067884,70.43670527833191,99.74195678896619
2021-05-18,92.25457838548765,124.83104785358925,71.8570334126514,70.52556830422397,100.10158410090158
2021-05-19,91.83645300578272,125.36493750708757,71.94007052946878,70.86840140141327,99.71663678342433
2021-05-20,90.94983067498718,124.96806430062443,71.11513937809178,70.02429769594215,99.7523707630134
2021-05-21,90.9467818348656,124.63518151510789,70.81710324606486,69.6660951462704,100.36398812869385
2021-05-24,90.44303288832755,123.76361077070345,71.08140915551519,69.82795619980467,101.14288461415974
2021-05-25,89.88485372711878,124.56982617298131,72.14555654818487,70.483532402914,100.82428071842932
2021-05-26,90.35024097773034,124.95000077313323,71.45781042658203,69.74197740210131,99.65775615888273
2021-05-27,90.75436830931683,124.8132390867431,71.37753773970482,69.32977013271923,99.08793306040752
2021-05-28,90.46021697999144,124.40141061041456,71.34682662434241,69.41119216510494,100.18174639233295
2021-05-31,90.44589381838055,125.18183791601767,70.95436556164523,68.70742276996125,99.96569073191625
2021-06-01,88.52207342939002,125.06869675282148,70.07851156288936,67.12157006396595,101.34008830191195
2021-06-02,88.15402949616517,124.12250188934884,70.35192532452028,67.23392142867542,101.86698175646627
2021-06-03,87.48672502469459,123.66783385860597,70.4567139803329,67.50936191391501,102.36805026445481
2021-06-04,87.3913648821889,124.14200328197731,71.11419314934484,68.2493708804471,102.41680821825467
2021-06-07,86.31574950901475,124.4381174825128,71.09798965545396,68.13827150553642,103.11474078079266
2021-06-08,85.52309483111945,125.138884301499,71.13263817676102,68.2291911917202,102.99263789686151
2021-06-09,83.8547078242259,124.93265168493674,71.19822056575514,68.47595717572341,102.78486422846473
2021-06-10,81.4001329198064,123.65081687372124,72.14503682511156,69.08683628720544,103.62447284016001
2021-06-11,80.61730301601484,123.50774681527335,72.37076220686774,69.13842218231778,104.39056223389677
2021-06-14,80.69126313197707,123.81955324998289,72.2715931492648,69.19470981046761,105.4268322837434
2021-06-15,80.59047465561869,124.78264706627485,72.12664015931406,69.20141419807221,105.7576995978544
2021-06-16,79.59492695135904,124.87074486962528,72.08106567542767,68.98378687573974,105.92019595136281
2021-06-17,79.72990075867789,124.82894884340054,72.04753893091763,68.93464637658504,105.69719088865774
2021-06-18,79.8649143235225,124.36059900860943,73.8497152407329,70.06768286809276,105.5583097810014
2021-06-21,79.49546493926752,125.56791309605934,73.19240534816295,69.67029608793979,105.68474972771699
2021-06-22,79.79584666172244,126.595687369579,74.45468668505832,70.47697922119067,106.03457811234979
2021-06-23,78.10088117036422,126.5578908070579,73.62934420570735,69.83064647781218,104.83723568325627
2021-06-24,78.36243578387537,125.65317594106943,73.57316420117141,69.56249951696135,104.37475397197286
2021-06-25,78.97237597181328,125.95862365928878,74.22010742096633,70.29404990717221,104.25466044104883
2021-06-28,80.09123720946516,125.13538176400046,74.64024537926898,70.50872430579915,103.8539304276452
2021-06-29,80.4839047808812,125.66376361054222,75.2597434829565,71.02424159193154,104.04487443766348
2021-06-30,80.93067944870064,125.91015588994321,75.73350024748878,71.43999532542232,104.58931680625727
2021-07-01,79.52340158223208,125.73352690770172,74.5767364365178,70.61655951913588,105.22777061062705
2021-07-02,79.16108450411419,125.7873525880026,75.05080505055267,70.52783983462217,105.01949131064909
2021-07-05,79.48757092454434,123.44826473080812,73.87293339418106,69.9517836715222,105.27021065896159
2021-07-06,79.7948336010955,124.23661341731665,74.19152577552775,70.31572207171845,105.2207635804929
2021-07-07,79.8676254873986,123.81714840148123,74.89270048093148,71.14372018330654,105.83242701425819
2021-07-08,79.58438881885071,123.07109180606668,75.62405782497883,71.83895987323346,105.99915535763749
2021-07-09,79.13977915531014,123.35905307079203,74.84594890609368,71.39106035517277,106.55998828070359
2021-07-12,80.37269110547956,124.00208537806986,74.08869573576226,70.85839084656989,107.7590172042464
2021-07-13,79.56233237201242,123.8854533334145,75.25595724021115,71.97460919466575,110.3071762401443
2021-07-14,79.05050540396182,123.16661279161242,75.93708800554035,72.21546810777333,110.12034432342513
2021-07-15,78.9975484534432,124.02133379761109,76.60394709916265,72.8743461110239,109.98518592253652
2021-07-16,80.31840636394165,130.14074139586393,78.41478752055235,74.37698039736091,109.47264695437636
2021-07-19,79.69576805134203,129.61235467593602,77.69663997894281,73.8053960447395,111.20211382588565
2021-07-20,80.68797296437911,129.52273699773158,76.76232790453356,73.47318079222993,111.08897216859543
2021-07-21,79.46682526636162,130.2497733653796,77.44021720876103,73.41141288803739,110.5657395626937
2021-07-22,79.39546798445755,131.10276431301793,77.17534942206264,73.03832704892706,111.0180720516899
2021-07-23,78.91564839192392,132.05084941533883,76.02097825146821,71.60535112030138,111.58446510812064
2021-07-26,79.07994398359939,133.20249223713202,75.7865097794576,71.2142738034891,112.51039010860151
2021-07-27,78.29798504492126,134.28110488362884,76.50820025943436,71.99679031970744,112.3036022429581
2021-07-28,77.82240885373089,133.98343538762475,75.62005820101419,71.00106332240689,112.46218007074378
2021-07-29,78.25569822014991,132.75519293309168,76.02515708502588,71.47402979721562,113.46754231409193
2021-07-30,78.62222254241648,134.08022279490157,76.52167094320772,72.17795740549346,112.84908574581792
2021-08-02,78.54457530910925,134.02198836830243,76.34426553474373,72.1349409702259,113.20967752846013
2021-08-03,78.82334030042351,133.83065467877645,75.81490097402704,71.97879652454151,113.3799890228534
2021-08-04,78.29300354649877,133.5725846905377,74.76254632120713,71.06746599618965,113.08210373774811
2021-08-05,77.85231949938283,135.79581282179458,73.96495592636748,70.61668097088744,114.95227947310092
2021-08-06,78.50332911953231,135.85869307677333,73.31362596576835,69.71800055905652,114.58452673807118
2021-08-09,77.86949971013671,134.54769990011638,72.80133641523234,69.22839799349616,114.83917123606577
2021-08-10,77.23826882179429,133.83325040542977,72.58239152605624,68.99757864092997,115.72740065284424
2021-08-11,77.3766608111451,132.0878268130951,72.67876485082257,69.19980928209557,115.56137623533532
2021-08-12,76.27997457725671,134.88944938549264,71.91665324850813,68.7588781646272,115.70033582630965
2021-08-13,76.57112528845981,136.61410207307526,72.33760695781294,69.02394901256551,116.41415456783659
2021-08-16,76.16748082195299,136.7617802984686,71.51533500263344,68.06986563239658,116.27614273995985
2021-08-17,76.46755126372415,133.84120070965668,71.70731787606928,67.9871381267619,117.2124308100729
2021-08-18,76.32009343879483,132.76581685586214,71.64218139541103,67.79008909513244,117.67021421950044
2021-08-19,76.32054017950723,132.5603142623067,71.97199298441484,67.85360985695297,116.87525845520878
2021-08-20,76.59841743869458,130.960395026314,71.14072088010317,67.36074285029284,117.03557417303479
2021-08-23,75.9005561475698,130.11461590824874,70.50665538611737,67.18933777405897,117.33560887052053
2021-08-24,75.58786085104985,130.96043419393393,69.50388847534074,66.18106969961717,117.26823722529092
2021-08-25,75.8726014207208,130.88106508801064,69.69214854637806,66.35562030633447,117.2189766075302
2021-08-26,75.74538541312066,130.48704614863004,69.74551969132513,66.46495502774538,117.2772258383519
2021-08-27,75.29588400951322,129.65946738828157,69.77558406415577,66.69221537714584,117.26957742431803
2021-08-30,75.06196425441821,129.87275146045513,69.12172288363769,66.42160195503465,117.27026730965629
2021-08-31,74.73500775537202,129.6667542332524,68.8109459970144,66.39513070201627,117.12390734851135
2021-09-01,74.79776272240056,130.11536449626968,68.56394677504123,66.22250666229577,117.20612558566157
2021-09-02,73.8821114771264,130.24614616409426,68.4625444980992,66.16485274285488,117.16605912043178
2021-09-03,74.0532959355127,131.8390110063332,67.91935512832616,65.64258799965329,117.50308704641412
2021-09-06,74.2831387227727,132.26977485663403,69.37637801481195,67.01680628461024,118.17453904857051
2021-09-07,74.06367524275822,130.94005312455195,68.9387002098837,66.86091365825236,118.28360373169001
2021-09-08,74.32502111592186,130.72675666346953,68.67312945103589,66.58549369128195,118.64035810905456
2021-09-09,74.96661037333907,129.48415747419426,69.24219972750912,66.86156677716184,118.96218599436652
2021-09-10,74.88606880896137,130.6368599997401,69.16704620955134,66.83122397461064,119.21238387996335
2021-09-13,74.42269318287845,130.50512125350699,68.95715347483187,66.55452672570588,118.96637504074108
2021-09-14,74.9519182863615,130.10183263538465,69.23661327308973,66.84201263146005,118.49257880329537
2021-09-15,75.29434556859425,128.5882109474485,69.51816244850585,66.95669057492422,118.47060022891117
2021-09-16,74.62990845277251,128.60388130825484,69.89313094733801,67.12924303084074,118.25393881798156
2021-09-17,74.85816928379978,129.0179880217962,68.72712188314156,66.57050030272686,118.34833286580194
2021-09-20,75.12371280390211,128.9659481844374,67.9880239944093,66.11249096073777,118.11923711693618
2021-09-21,75.3839305603999,128.83780138267105,68.12374849224433,66.08520451840181,118.44575149130164
2021-09-22,74.84129500209964,130.3648990169201,69.4133933097591,67.41885909843364,119.13180019474541
2021-09-23,74.79780423530471,131.34726067970834,69.47364638931009,67.12452251730522,119.87493584440907
2021-09-24,76.0939535906396,131.44412903327833,68.08562579990416,65.62340923582659,117.34029603298461
2021-09-27,76.65443095349362,130.21714327529688,68.16331918662412,65.48089638315484,116.10466619199435
2021-09-28,76.80722976816115,129.94247410834365,68.71491689291591,65.63127308468279,115.54336013710784
2021-09-29,75.01736904475486,127.73771573629267,69.4935457071138,66.93002456979794,115.43581062332666
2021-09-30,74.34773538037493,127.37081971193456,70.01754707001724,67.27128946626448,115.63850341408917
2021-10-01,74.33842424254227,126.8422523348241,69.59644133371653,66.95667528289879,114.7764645229652
2021-10-04,74.69535420135742,126.41171377892184,69.66735336392848,67.42449555445329,114.66107456568577
2021-10-05,75.23138394314763,125.14824390527517,69.32763013209451,67.10376463917555,115.65247520500894
2021-10-06,73.31777153654983,124.88019738486891,70.23669005226796,67.6978087298264,115.49586856345803
2021-10-07,73.50470516046202,125.00529302992511,70.97884595060468,68.4447107655594,116.29185552840417
2021-10-08,73.26964701484943,124.47016891298968,70.7646725451906,68.00370958190469,116.44821753925241
2021-10-11,73.04415596318582,124.02576339518303,70.92514695828504,67.93101825546776,116.79517382291229
2021-10-12,72.63427863841602,125.10592091177051,70.75094654566078,67.95158677584564,116.96818756022122
2021-10-13,73.20535378831437,125.25368579048211,69.73344205065818,67.32118310686229,116.80429217554011
2021-10-14,73.72974736142471,125.81545650096102,69.4154747045327,66.85664437595828,117.16527504200118
2021-10-15,73.5305664931507,126.50462555437869,69.38654633568936,67.04940689615432,117.43022568805046
2021-10-18,73.69052649305878,126.27778385468915,69.48187494631168,67.34587740432633,117.4214026873914
2021-10-19,74.02093906778133,126.34208673881271,69.58481177785585,67.79043900038252,118.08190213457503
2021-10-20,74.05538893618244,126.45299988778171,69.34847164488535,67.55108136531688,118.1616688481849
2021-10-21,74.69429758323655,127.15153727203314,68.80942893479424,67.30727689291352,118.12285305240324
2021-10-22,73.89915611552755,128.31070919838376,69.9205253279459,68.38057970717895,118.78686478516242
2021-10-25,74.44197702389673,129.553882528833,70.63297138962935,68.66476021105797,120.45352478878273
2021-10-26,75.15256268690196,129.21806755716253,70.01886658996789,68.26400619125721,120.17253164607735
2021-10-27,75.31730466430628,129.67492714130503,69.8367763653887,67.92423058559638,120.37804331352908
2021-10-28,75.0164716000835,129.74454624106,69.10271866865514,67.25041705065814,120.62220158244246
2021-10-29,75.69338613374782,128.77748252317812,67.70922278923001,66.06486682506299,120.93773715329826
2021-11-01,76.13422574152379,128.1688830164145,68.00248681727406,66.99019674063246,121.17449752408282
2021-11-02,75.04132738966585,128.221174149582,69.32026064577843,67.79973558223956,121.295959946349
2021-11-03,74.8839664652469,128.27957572198065,69.45970789007548,68.24047935153496,121.3654726591325
2021-11-04,75.73610958466716,128.26959769565087,69.31514168775513,67.9458649592405,120.39136707332887
2021-11-05,75.92157323036591,129.7903977739886,69.89128285466263,68.63510327931598,120.39532968874138
2021-11-08,75.80954465034408,130.30860911237752,70.9575345334818,69.91604515564553,120.89434238893078
2021-11-09,75.82718769288364,130.43408633904215,70.56131979827288,69.20567011184919,120.35814822655149
2021-11-10,75.86002191019759,130.21045000072417,69.39919344626684,68.08395686370491,120.01050570185367
2021-11-11,75.16092341963862,129.89555840817386,69.039670843369,67.56973641407625,120.35404117711013
2021-11-12,73.83919802677565,128.27994672472022,68.63962600058122,67.21396853671762,120.31305941727346
2021-11-15,73.26741654236336,127.11427351656444,68.40423687284509,66.8046743033991,121.51442139206725
2021-11-16,73.03976954867386,127.04938335160428,70.32562658530983,68.53722039468279,122.11793716141311
2021-11-17,73.48577704395278,127.68307681923477,70.7564840337345,68.99399772965187,122.3206146622035
2021-11-18,73.07556602042196,127.91652024981566,72.78383309513727,71.47921602755514,122.73929778544206
2021-11-19,73.66201361521007,127.28463281907113,72.47216516655976,71.5815852171225,123.64950408123516
2021-11-22,73.1630543217016,126.88302028265062,74.53842655236451,73.69159535297105,125.1007873123183
2021-11-23,73.27465626648485,127.04557741487807,74.32271945714133,73.84805824220848,125.99342623184744
2021-11-24,72.56774917217169,126.71681491231172,75.12135490376679,74.56493445048014,125.60526154595499
2021-11-25,73.03377253584956,127.32043075682462,75.0263185858412,74.54077719471684,125.08298158032665
2021-11-26,72.37211425430357,127.36231992578928,74.96555170069323,74.0462811293075,124.44629283822634
2021-11-29,71.86281520621759,127.55053113639529,73.54686231171259,72.33469947328449,123.1921693182273
2021-11-30,72.0915487717834,126.48093420137319,73.36114196452152,72.71260904781202,124.19862426401325
2021-12-01,70.52874948748384,126.61029397055255,72.07730332629134,70.75417140920744,123.79274575688441
2021-12-02,71.44813007909279,127.08191246157294,71.67417163585736,70.61475693196633,122.00152537401723
2021-12-03,71.06941848095167,126.67801831218652,71.58420253550285,70.46464066743722,121.81455591112615
2021-12-06,70.92815145471505,126.68460098550291,72.06375683881971,71.02994097679691,121.63265622185794
2021-12-07,71.11458070527684,127.06038953537397,71.87486861945531,70.82177960028561,122.26674895564717
2021-12-08,70.48132274274673,128.01846189799244,71.14173782630496,69.9684689613975,121.61757621502775
2021-12-09,71.92664404805203,127.82825082930576,70.93973987697149,69.65358015242029,121.71391470414679
2021-12-10,71.71472219779109,127.74029660767137,68.30870463940191,66.96889337912206,121.34509895069382
2021-12-13,72.50262971338582,128.65750341894636,68.47118885836751,67.4761489993158,120.80839009865781
2021-12-14,73.97576736513012,127.86229280246974,65.48542098098896,64.20971600000065,123.09190532674586
2021-12-15,74.14513111404362,129.06978053451053,64.87137304282865,64.20898611827695,122.55034787358203
2021-12-16,74.31082501900899,129.22565190195292,65.62246263516833,65.07342901567864,122.1016653068527
2021-12-17,74.91059927707298,130.37492163986371,65.4627089632009,64.17505845518977,122.61255406040712
2021-12-20,74.70058626784576,130.27784638060606,65.87781308727074,64.42178271963516,122.46260585223074
2021-12-21,74.6391665817819,131.19258899148596,66.09957431626037,64.21775633486858,121.83070690072657
2021-12-22,74.71782331788181,130.52323915515328,64.77306676872645,63.13931203079578,121.98628063864714
2021-12-23,74.5602806429827,130.64521408122053,64.88511646661688,63.389374373995665,122.26335629194942
2021-12-24,72.76164979578107,130.3613205523197,65.0047463052423,63.37275219437538,122.15973037543239
2021-12-27,73.19731525740768,130.43363762428015,66.02106983831088,64.65159044370418,122.27034332000628
2021-12-28,73.07185752544807,128.66649211563495,65.42406054578561,63.637008998872844,122.12951784761985
2021-12-29,73.14104568824722,129.00528460147075,66.20971780507503,64.41211945158199,123.13887106080426
2021-12-30,73.29138754147058,128.09405347989238,65.64705542640915,63.73339371783169,123.31899850279217
2021-12-31,72.67094343130282,127.8283460170338,65.4107198119655,63.3623074955821,123.67175622943607
2022-01-03,72.99598396540453,128.51000708011878,65.38462606006344,63.61790663688595,123.16631802622018
2022-01-04,72.29041273445628,127.77010794218606,65.19311552762582,63.690899432569815,122.78452063924412
2022-01-05,71.97851707619269,127.58574868655815,65.50442980062721,63.86016079332732,122.50181400579532
2022-01-06,71.22358614521744,127.1753316415269,66.00120608541722,64.35718890374848,122.16151791203778
2022-01-07,71.89255559430033,126.90099052252054,66.77665801657247,65.44934896237166,122.31290982512617
2022-01-10,71.05348082183511,128.18453225313598,67.09576971868152,65.70040994840635,122.82086851312735
2022-01-11,71.4607489756379,129.07604077177726,66.90978581790937,65.59341289867935,122.36099237325924
2022-01-12,72.08950939815405,129.1082705222046,67.21061228439193,65.83547320490251,122.26422357445608
2022-01-13,71.61727271500534,129.54013191669978,67.96581421601772,66.44591073848927,122.59827518484133
2022-01-14,71.84337696285841,129.5652728288853,67.2255984603181,65.44621907733999,122.19490765438266
2022-01-17,70.56212372686637,130.32357403520356,67.4083545109859,65.62212282789537,121.20083405481417
2022-01-18,69.14427773091639,130.21686537004905,68.54991370117747,66.51182522692186,121.77699661683663
2022-01-19,68.89218527039004,130.22529630221976,69.09899767635223,66.94514513738397,121.57501576608698
2022-01-20,70.18433884132249,130.3489297116356,70.113890564536,67.62426719374757,122.805157928142
2022-01-21,70.34394514426087,130.5742127713877,70.23826022703773,67.63439933804818,122.85462025490088
2022-01-24,69.95938195310387,131.27873555520563,70.1701985129521,67.14963003575386,121.5793629791477
2022-01-25,68.94917405156112,131.52068234999925,69.55002306640574,66.67116852810292,121.50651003094686
2022-01-26,68.89518838853715,131.8414577066582,69.71186924585146,66.07228292944546,121.30762841870664
2022-01-27,69.12830770285183,132.69615807842723,70.73039889867056,66.69041259775862,121.40373069535062
2022-01-28,68.38389953469117,133.3254895298461,71.21585681923372,67.15453567700145,121.56131560222153
2022-01-31,69.0371458251685,133.9249590622235,71.90504497012793,67.81047801127453,121.6272026828836
2022-02-01,69.4113650382663,134.34111867000937,71.9262798221661,67.77086684947959,122.12494502971303
2022-02-02,70.53465328345835,133.96519119337782,71.8171119449866,67.75091061123732,122.37411641038251
2022-02-03,70.1358497493872,135.31562595562247,72.2582657636736,68.25780323164062,123.7178349749875
2022-02-04,69.57864207412494,135.16021172303277,70.68798186836645,66.81303881202865,120.99760679010323
2022-02-07,70.07480310579449,135.4811865303872,70.61274332489253,66.72428053257899,121.80695673932232
2022-02-08,69.48256657037214,135.54024436457007,70.9187604203539,66.64596616822219,122.30574730236128
2022-02-09,68.51887511459442,135.40228055453343,70.15437624929139,66.2988730635369,121.12547004978033
2022-02-10,67.8135764168293,135.40296807088285,69.91824061112565,65.88936046572198,121.27970802694541
2022-02-11,66.23245657905377,134.5911018050938,69.25556395728654,65.53605965517995,122.04043560297421
2022-02-14,66.79825584772918,134.56339072032398,68.24055422408767,64.78095075266474,122.68154267303541
2022-02-15,67.70887382873723,134.9025268377011,67.64527025175603,64.18930261649007,124.31711068761979
2022-02-16,66.35631238633952,133.95307406776897,68.06898210610409,64.41259103275122,122.8136488934633
2022-02-17,67.49366007352462,134.28617720548078,68.00738338511084,64.14687444446172,124.8693723120196
2022-02-18,67.47706411858863,135.0461635390118,68.58188863702127,64.51590994175201,124.72710699923341
2022-02-21,68.34168924247074,135.81477421508103,67.94136456507962,64.09833805071214,124.6757409689882
2022-02-22,67.45607282221931,135.93933869891032,67.00796221456233,63.24671757535687,123.56761593090472
2022-02-23,67.11148111102828,135.8758501100427,66.40704690005978,63.07185422498108,123.79006570304433
2022-02-24,68.50087891637924,135.86667672828693,66.20635532669058,63.25234707748272,123.40587542401158
2022-02-25,68.35456953758028,136.313889243321,65.52456309601165,62.8684503879164,123.78573300664675
2022-02-28,69.05655304868436,136.74172320252052,66.19346566224309,63.37142346604483,123.58861129964751
2022-03-01,70.58327670429584,136.03048099504588,65.46376199863194,62.90616092553899,124.45747164498562
2022-03-02,70.84143545331976,137.08153188421159,63.4277142965838,61.0747688376311,121.11349490590517
2022-03-03,71.41761744839329,136.19602481689142,62.3961264693371,60.37096868985159,121.83088465869041
2022-03-04,71.24473974845061,136.7086752504913,63.06008189658674,60.816654685246505,120.37551825252251
2022-03-07,71.64043527849523,137.10840239324386,63.81882844873752,61.49184423473696,119.52479191780763
2022-03-08,72.33653705721788,137.15534335145495,63.422973028322815,61.07761306545426,118.55513320335677
2022-03-09,72.90358861821888,136.4138480638918,62.726944007704496,60.44822210911519,119.69787165688561
2022-03-10,74.04688766655798,134.93954093461244,63.965274853905555,62.04710528948144,118.18876314945818
2022-03-11,71.14229400575807,134.7126034864467,64.69326128132705,63.355877578573974,117.0783539871844
2022-03-14,72.69960346609795,133.50269950840817,64.36508600726803,62.91578193841486,117.8220847943747
2022-03-15,74.09782882473677,134.23963586819005,63.65985601406631,62.486701036238145,118.3221502406048
2022-03-16,71.40305812422702,131.94256598994247,64.08790143680866,62.81736374087795,116.24325294044272
2022-03-17,71.22546593683539,132.15471591080725,64.06665939623576,62.49320663891142,117.66042101633016
2022-03-18,72.46711105354558,131.93429871942374,63.91422333302374,62.44600622443956,116.42997267217252
2022-03-21,72.83894637507635,130.8484954010282,63.75379041548512,61.99505169354459,115.04919173883685
2022-03-22,74.79620332435316,131.00264181289108,63.994675774539985,61.747295742231636,114.64758698475266
2022-03-23,75.25141644436111,131.1556162933015,62.964124522412455,60.830093129766816,114.7050922016488
2022-03-24,76.83697291373886,130.71886616971022,61.46013420629532,59.09383127285659,113.312952899299
2022-03-25,77.69612116876657,128.57105810795207,60.896024542208075,58.947877183181085,112.99180969567058
2022-03-28,78.48779262311447,127.52178621425124,59.966196598621615,58.388146696841595,112.80258490514625
2022-03-29,78.5773503437977,126.7692163933847,59.92374037049376,58.11229690085044,113.44318206964346
2022-03-30,82.2282996576078,127.36476069214288,59.789193315723985,57.33845311127783,112.26035458305907
2022-03-31,84.60749369268254,126.61530147869145,59.57703787450508,57.293960043671845,113.43697716267194
2022-04-01,84.0713243681044,125.99752996540339,59.55315393979317,57.0077337534033,112.47254953507253
2022-04-04,84.61426821366413,126.15898886638466,60.796912050032304,58.3047891004258,113.7264791730174
2022-04-05,83.41775890413228,126.4359008254474,60.408227596689244,58.02181273528466,114.08375933602213
2022-04-06,83.48544251262304,128.54428562737291,61.6987451938005,59.67816282418876,115.2952803200994
2022-04-07,85.2042525022873,127.6884626731063,62.39148781699978,60.14357361078942,115.07514502739164
2022-04-08,86.25067759386069,129.37186224667832,61.522413469937035,59.05181238729226,115.21536795791576
2022-04-11,85.97909485826258,130.30395107243578,65.67661634990239,63.67819400356354,115.19095758199609
2022-04-12,84.79592157392464,130.00330588618704,64.50177713453078,62.676412032207665,115.24918260281505
2022-04-13,84.36104360135094,131.50679686988684,64.04068087125049,62.16058282789356,115.64181675640907
2022-04-14,85.86304080674502,133.47932247288236,65.40620173301748,64.52909851264633,115.38228251619071
2022-04-15,87.3862274308891,134.92180982296344,68.93797492571152,66.61119306585034,115.02583128602726
2022-04-18,88.21280811732275,132.44998432968643,69.1067790136346,67.29340099462144,114.6543801995524
2022-04-19,87.78012244238307,131.31650934113554,68.1279910219552,66.14143975816711,114.1767459633821
2022-04-20,86.96304630370463,130.9424757765801,67.54922942555736,66.63803425938278,113.89247997440779
2022-04-21,87.22963283374858,130.50175498316895,66.9364929812962,65.40755265021592,113.196632680855
2022-04-22,85.82787798562816,130.60238027581892,68.2561573232059,65.63259010260674,112.9164072081043
2022-04-25,83.31827271352074,129.9972082236292,70.01316863878169,66.787503523413,112.87875723491223
2022-04-26,84.7650421198906,130.47137719023348,69.48939917267674,66.41508271034454,112.58118792565372
2022-04-27,85.15295503301614,130.89428991313292,68.32003620857505,65.51350474410452,112.49588143681035
2022-04-28,85.8169861502097,131.8037067351979,69.18674042631565,66.08648955984184,113.11570382069087
2022-04-29,84.62164596340152,130.1265701787487,62.42789976048054,60.387748630932414,112.00387884648934
2022-05-02,85.2907199001081,126.79620048605634,59.4099027801174,58.49260047880156,110.6167120892144
2022-05-03,85.69477246069754,126.20827460757742,59.26327111393469,58.74588326805233,111.19154130707915
2022-05-04,85.77632073972603,125.39051392117561,58.32352354292719,58.35302814219714,110.49826796845427
2022-05-05,85.64451804198325,125.04531633885098,58.07190490611244,57.70602493514374,109.46990885761141
2022-05-06,86.0624514136514,126.00109758263973,55.86955573148301,56.18351012493047,110.03711881193097
2022-05-09,86.63081586228537,125.58538578444139,54.320094367716564,55.03765480553636,110.09565333316228
2022-05-10,86.7064752038889,125.42477145231936,52.84561642286363,54.10387644139365,110.24500669742862
2022-05-11,86.83581099834056,125.5221373630782,54.80153801861246,55.322138937913635,110.98826503893252
2022-05-12,86.30598383321308,126.43098073757812,56.607898189503324,56.49219251216402,112.12176282421724
2022-05-13,86.60023238128579,125.79052249707551,56.055800719300244,56.50805952842061,112.53276525846363
2022-05-16,85.568596587688,125.53786925281038,56.13846391152807,56.30628382562123,114.75559597671166
2022-05-17,85.72006474389589,125.50593435323844,57.49322243583632,57.116158515604724,115.67416560104364
2022-05-18,84.54996549973148,125.05879397329089,58.375548810335175,58.2906083481204,115.06380753074916
2022-05-19,83.82869981943537,125.48807289613917,57.56434637971134,57.60583621842893,115.70403772408251
2022-05-20,83.50693806215766,124.16661364713653,55.9606369585448,56.45021961296314,114.0458060542112
2022-05-23,83.36281966858454,123.37410873956918,57.022734465562266,57.78784329983675,113.49100048570406
2022-05-24,83.60884716158398,122.31104504196269,56.3441995623999,58.176128507335,112.82193621983403
2022-05-25,83.32008984684558,121.12070275325064,57.902013370225134,57.60485672020624,112.30144843504995
2022-05-26,83.28873130852821,120.55275497501398,58.75968008467716,58.6454331937646,111.23056608666697
2022-05-27,84.83396971582862,119.5354625437353,60.20383935402811,59.73305543890673,111.03455335994714
2022-05-30,84.53375221776149,119.48390814536884,60.36656417457982,59.54365737711916,110.86283099303785
2022-05-31,83.89586071405853,118.34643801759137,59.03345938419539,58.10693933072376,110.24576039453011
2022-06-01,84.33978091451777,118.51937283557122,62.693293867823904,59.3580180558522,111.03036621379023
2022-06-02,84.34454291585318,119.16512653393934,63.97761723902586,60.01431165458606,111.29987213075579
2022-06-03,83.83447762572037,119.58223266249814,61.23530091045366,58.80100501611998,111.10892481795732
2022-06-06,83.4914073902744,119.37264284752756,60.846826657521866,59.045708113151626,113.76749742386994
2022-06-07,84.32130033432999,119.04156325866857,61.762891017023094,59.759241777424336,113.06870902523815
2022-06-08,83.49320433992926,118.93476452445142,62.55106245487806,59.719197649726205,112.45932595772543
2022-06-09,83.89644884237359,118.99553417305182,64.59646773613125,60.331519198460384,115.31222208957435
2022-06-10,82.62775829054833,117.27210430426736,63.69554943231371,59.49271579461916,114.65745973177842
2022-06-13,82.57585458258963,117.12656881004825,62.59459906781615,59.048207751241335,114.15083606070564
2022-06-14,83.30573968660322,117.0668751495807,61.649482178468986,58.108834568196514,113.90526648900364
2022-06-15,82.40564879650492,116.07083888417257,61.79709862654362,57.72408796514592,114.96327213774262
2022-06-16,82.48094473514739,116.05672099001252,61.07528703926061,57.45706698696361,114.86835173912422
2022-06-17,82.05047624063697,116.14592584652796,59.42972554821707,56.094102145790984,113.67945711218279
2022-06-20,82.28063335814927,116.16216989570648,60.54738799111874,56.51096565213189,114.33241501717131
2022-06-21,82.1943190465896,115.4430231243311,60.78982991675721,56.6289575648257,113.65011152638536
2022-06-22,82.22528560616324,115.35032728016739,60.60165099460287,56.402872524485495,112.34153396825131
2022-06-23,82.27388097276169,114.82879667670483,59.4928997963762,55.68101200389862,112.71543054018119
2022-06-24,82.39096866560871,114.4997518588801,58.905317531774436,55.481024188561975,110.21738661777142
2022-06-27,82.90001513527747,113.30705731030571,57.381385302072665,54.41132801381513,112.18723357336327
2022-06-28,83.87725352307137,113.79072135112087,57.91863412216763,54.352650466238636,112.63530334173429
2022-06-29,83.59482756328347,113.35834419112342,57.88213391312361,54.24652932931485,113.20840393643195
2022-06-30,82.47303065337775,113.3165773817302,57.13698630131204,53.71243148794155,113.17583251392955
2022-07-01,81.80628526575711,113.35574088981375,56.92671926901356,53.463409030968236,112.70771925240956
2022-07-04,81.68472618417745,112.80949987377491,56.80379118080242,53.31925791907841,111.96177137156013
2022-07-05,82.52089328864511,113.05337992538622,56.744309658057325,53.30284839672752,111.42464662725146
2022-07-06,82.17985081059457,112.81872853679535,55.6883785035771,52.712945011507,110.69850016813108
2022-07-07,81.96611300058291,112.51218200559863,57.710342396014724,53.82631685939979,109.47015469467513
2022-07-08,81.01745997071022,112.81728920907292,58.69095893978563,54.26043741125447,110.49127897699016
2022-07-11,81.39519875056116,112.76392754104717,58.55983036745005,54.21430896892503,111.01855109907599
2022-07-12,81.57305398759418,112.52984607688046,58.426383317108964,54.41016807642464,111.11574080610495
2022-07-13,82.16890131743935,112.86335534756056,58.80322741700258,54.655318666426865,111.96568733578998
2022-07-14,82.60631043809639,113.01810902185574,58.42532189617563,54.49902798596222,111.92226782485835
2022-07-15,82.45344266247942,114.13835246448572,57.825688512876084,54.281486903525554,111.53783960968859
2022-07-18,82.50856716834238,115.16117925764074,57.60397372862226,54.06666417323305,111.6205737730943
2022-07-19,81.97021663378862,115.66470346774568,57.292739829923846,53.99064374101392,110.74248053509723
2022-07-20,80.51446473183269,115.40603028194636,55.882046542960616,53.464545100037896,109.06519092993376
2022-07-21,79.5240504507827,115.6592531897334,55.31248038362557,52.77262632700068,111.27547035629124
2022-07-22,78.43824882423125,115.43053919969107,54.97011830642564,52.73958930826996,111.6854174566555
2022-07-25,77.74969389109293,115.1842528975118,54.70484930603418,52.713823030398544,110.28571946904573
2022-07-26,79.03065696942113,114.91932337480826,54.75484648005013,52.59363935193153,109.38294809215141
2022-07-27,78.48461563978579,114.46832202397819,54.44787300297948,52.26923276082649,109.64254048891495
2022-07-28,77.95234588237469,114.00720473477222,54.14019174334841,52.20121664822606,109.6069408653334
2022-07-29,77.87774727808086,113.19684105333015,53.36914909048497,51.441043042040135,110.30267338335679
2022-08-01,78.2113265501888,112.79879011969389,53.067852079155095,51.09692133460906,109.58847214408532
2022-08-02,78.5150532679516,112.6705702323219,54.17851218210479,52.19414782939899,110.85755673950514
2022-08-03,78.98224986812262,112.47309907271352,54.53572464647246,52.406062791504674,112.37319642681278
2022-08-04,79.22632789765943,112.61089659606134,54.64736005226235,52.80640224432438,111.34294673923266
2022-08-05,80.63055823681702,112.59088092580637,53.95721311971739,52.06701510323447,109.68340648168144
2022-08-08,81.0710401867094,112.14386034122701,53.98955969138589,52.29457526068428,109.11100315425327
2022-08-09,80.90163835353205,111.55842364338397,53.70047295841841,52.47246093790795,109.50055543044851
2022-08-10,80.74755516920962,111.2935526992886,53.62664427168008,52.42785091576645,109.14363627433417
2022-08-11,81.25471372988659,110.65693069914198,52.90822117490773,51.90926336854174,107.48773548858274
2022-08-12,81.63227130490365,110.67403953332646,52.2474109374252,51.37253241586708,106.19683405413964
2022-08-15,82.08975451688208,110.58167631995607,53.23807812963553,52.44881360548763,105.6267828814637
2022-08-16,81.1324830110726,110.28017690604301,52.63168244541722,52.18393595004242,105.35133655800605
2022-08-17,81.65272451136796,110.19996783037098,52.58225310485457,52.13577470560627,106.04698589547372
2022-08-18,81.89598240046884,109.63341585215613,53.52261632976871,52.857968499608674,105.79520171796975
2022-08-19,80.00026114727696,109.79931667474317,53.4584180889944,52.823645842700614,105.45527512077138
2022-08-22,79.64998475332085,109.64951813511223,53.592237456350425,53.02905555289485,105.32951544406465
2022-08-23,80.39855623137787,109.648479270654,53.38823586224787,52.895211291833476,104.45151282187832
2022-08-24,80.60633631587447,108.80500594359042,52.634441653038586,51.71234242658728,104.02723993496477
2022-08-25,82.249053003538,108.81229713111571,53.145073292919996,52.94839219801166,104.53882713904565
2022-08-26,81.3808769194307,108.38169914691021,53.01212357571939,52.58966972159163,103.96426787800719
2022-08-29,82.76749862829243,109.2356702622955,51.90328956488219,50.92232812761451,103.51021736636703
2022-08-30,83.28814650658707,109.83209647210386,53.82315446277084,53.04411952068928,103.65517772415711
2022-08-31,83.90720451067844,109.43970173664985,53.65601714525962,52.67252780143444,101.3318743510598
2022-09-01,84.02144706660694,109.34434315645932,54.67520220558818,53.808821092567364,100.38015374533214
2022-09-02,83.87976810635077,108.61533169539153,53.86602111191146,53.074932548926,99.96759238373677
2022-09-05,84.5256908714781,107.74104577322896,53.57302993747307,52.61564267148094,100.43073831318819
2022-09-06,85.14567756986044,108.17402819692555,55.08783227043303,54.05960289704974,102.09918331508565
2022-09-07,84.64143900261287,107.79034488411932,55.29631628495096,53.950941014790864,102.30795198418386
2022-09-08,84.7102853479461,108.30844050502935,55.38898564849464,54.06309036262421,102.77278574121993
2022-09-09,83.68371437444685,107.47540451874964,55.7695934583066,54.41759834019047,102.02043436948922
2022-09-12,83.64509150872021,108.02889001580557,55.69641616761174,54.26411923294959,101.3030471854039
2022-09-13,83.62359287046039,108.28418458146365,56.127375501490704,54.70814148071743,101.90178402352375
2022-09-14,84.58138196051365,109.48204957347328,57.712808344875654,57.514987543583096,102.21291287056636
2022-09-15,83.68310421407357,109.77997767372032,58.20448701866927,58.77234305570907,103.0559282502661
2022-09-16,85.25224580209428,110.22572305634178,58.60943478121281,58.748980736435094,103.44877665317085
2022-09-19,84.88326778143225,110.30409062168431,58.62263279656857,58.91409229545644,103.39638246718239
2022-09-20,85.58116211492838,108.82466564488074,58.52098127252009,59.172134923020835,104.32608710541322
2022-09-21,86.20631127439117,110.05819034497752,58.884629693628874,59.6431941209117,104.90985417704204
2022-09-22,86.20377273305814,109.48547079792115,58.46496777480432,58.698904797929394,105.10738406320297
2022-09-23,86.2106656941595,109.29763622560958,58.1810896134711,58.46371422624607,105.3937059112832
2022-09-26,85.19960281210417,108.22287490728586,58.56377775564658,58.45187049206817,105.63909760805647
2022-09-27,86.20631793547354,109.17281026140384,59.094417381174814,59.26951173787091,107.00384712394957
2022-09-28,84.23507912280017,108.74814282028692,59.340860580963685,59.47523186344279,107.66620728782237
2022-09-29,84.18762405998145,108.86674100233135,59.15745681311534,59.06106343103591,107.15611684101532
2022-09-30,84.36512097056863,108.4867007914237,59.49042666800418,59.58993951156811,107.72487066515409
2022-10-03,83.25130874406437,107.0939039559757,59.24114052061461,60.14952019602538,108.39566906002034
2022-10-04,82.73550693336865,107.38602460798059,59.63867631357679,60.238896968348435,109.48475385324674
2022-10-05,82.60296435686249,107.31719088844581,59.63281798323333,60.50338073741839,108.99030916935857
2022-10-06,81.237290232888,107.43343099778906,58.566806738657704,59.18599424591904,109.4131390355243
2022-10-07,81.65877927466435,108.05884466728743,58.97746606658893,60.293487395666325,109.28993482365796
2022-10-10,81.90347578190821,107.85908702472018,59.35247838920501,60.74461045985857,110.1741438411767
2022-10-11,81.58579343928758,108.53172416256211,59.660682961616104,61.11799146729878,110.54858878021385
2022-10-12,81.7923571873001,108.78307246866952,59.60159683633391,60.85369332144618,110.3650277846732
2022-10-13,80.3849167106431,109.24462629923653,58.9227056421594,59.98371829211422,110.5865790376001
2022-10-14,80.90649277026193,108.40490480683307,58.80746890940299,59.934933049864334,110.53312415012041
2022-10-17,82.23649650380474,107.87989852492387,57.51683617509597,58.745163486393395,110.00669367331328
2022-10-18,80.77256765548636,107.71014422853959,58.049114608141196,58.98644015396041,111.29696853951614
2022-10-19,80.25237415861034,107.71876061124715,57.515940461339355,58.45797200573865,111.11824440383977
2022-10-20,78.88720692818575,109.53318375140195,57.412278496452416,58.2416635666687,111.82318926700552
2022-10-21,81.3475769657379,110.76034489364442,56.86692005293237,57.771151087572505,110.26021280473863
2022-10-24,82.48431596535778,109.37831352985809,56.27542682606601,57.187346333348046,110.38614976624869
2022-10-25,82.17233952084932,110.75195501079622,56.84810305986729,57.926201401889,109.70551109256652
2022-10-26,84.47112639732438,110.11417028848376,58.08172098174461,59.99945251975084,110.40110070322086
2022-10-27,85.71152536088186,107.43117063721644,57.71143677138173,59.894685080735385,110.75991559651364
2022-10-28,84.8099550651709,107.19543559004778,56.636122740247586,58.71160115217031,109.72527930392847
2022-10-31,85.92641649057823,108.22519140393139,56.56851143971462,58.774153709943775,109.72524973118007
2022-11-01,86.18989357142446,107.18493627882917,56.828022568950246,58.59940797047677,108.47582440642091
2022-11-02,86.06573067577672,106.99046987688298,56.947202396280794,58.56125358100434,109.82473911226154
2022-11-03,86.24436910077524,107.22983185490291,57.0995314914854,59.02003202968332,110.37856615482598
2022-11-04,86.65955623402915,107.87424159603174,56.23605493841121,57.5047089310334,110.2009233545764
2022-11-07,86.52545674364497,108.22205713622712,56.273982647942425,57.67231320599491,109.62617347029074
2022-11-08,86.51662960636155,107.17060698087639,56.34633651906073,57.282158587660724,109.73986942073348
2022-11-09,85.49090630071031,106.84850713214608,56.597358054510885,57.62767634962722,108.88825800563417
2022-11-10,85.02477926876884,105.83306324115587,55.76196680681531,56.664999750473065,108.8790350377474
2022-11-11,85.25756984504675,106.1570064481405,55.80930267803139,56.67652717826459,108.52813471358256
2022-11-14,84.97292244623034,105.29656630547785,55.36104389945652,56.18373825721967,108.30372943672175
2022-11-15,86.7278778114871,104.74916624150727,55.36589782693277,55.97425407983035,108.19814462538324
2022-11-16,86.49135330215742,105.22378862663963,55.245269724458446,55.810444555705615,108.03524097582498
2022-11-17,85.38285501982406,104.72215315441444,54.983773662218226,55.53766711974188,108.14435676778614
2022-11-18,85.15870578310866,104.50519517643461,54.04433366652338,54.676498016169106,107.57873461217528
2022-11-21,85.64555484256545,105.27038936028008,54.09414751443272,54.56121252983276,107.65461222625899
2022-11-22,85.86207215911912,105.11616293017822,53.891637616634526,54.44398459454457,107.79267550488522
2022-11-23,85.65569370629366,104.22507117679378,53.93356505798963,54.3711166099022,107.79438439044684
2022-11-24,85.86376294006094,101.52939740629587,53.7555914446896,54.35903606571738,108.10279508973693
2022-11-25,85.9532389063657,99.63484889026722,54.170031978411906,54.843394710527505,107.5293131843907
2022-11-28,85.46762199155656,99.76883938024548,54.3930975652953,54.988160982793985,107.863663201068
2022-11-29,84.04984710775267,98.6591187894364,53.206360543315014,53.57390185914311,108.22202344114761
2022-11-30,85.99751032851088,99.03849679247772,53.024283658920076,53.333510304554686,108.49935225702119
2022-12-01,84.30668266610583,98.37018964947468,53.65158498009499,53.70722626899727,108.14196874152256
2022-12-02,84.32374236220134,98.69582228600326,53.26574412647377,53.356676894476394,108.4541551707205
2022-12-05,86.03912094412325,98.71819344548184,53.339143271850986,53.69681627680072,108.32963203585084
2022-12-06,84.53970548634521,98.84114206640018,53.82667366506691,54.25951576062844,108.32769235731779
2022-12-07,82.93368860430373,98.70321380734627,54.344392942548545,54.50033140856804,108.24489561751149
2022-12-08,82.54472179975501,98.17290409305764,54.38038709206844,54.6161247911517,108.37177174957473
2022-12-09,81.73002157119448,97.09906014272143,54.32569785891058,54.483554095203345,108.88345678796124
2022-12-12,83.50040230682862,98.5927762154798,54.186277861934926,54.44622665783635,109.32623257512878
2022-12-13,84.21973858280467,98.3833695974823,54.700485138465496,54.92625655602635,109.46365984502874
2022-12-14,81.24767408678987,99.03555193730392,54.46659388414474,54.842984405459696,109.54882632662648
2022-12-15,81.41542125299785,99.01740324912562,54.7296301439143,55.05794670260897,109.14210568007367
2022-12-16,81.858786707604,98.6346771967282,54.32975958930969,54.565674679761244,109.1373669014393
2022-12-19,81.76382065052292,97.17952532775739,54.0421294489842,54.472659607637155,108.84782443575646
2022-12-20,81.55931298497944,98.13388977100685,54.52008378555821,55.1468647186617,107.32761474013634
2022-12-21,83.58947337185276,98.76694750429984,56.02731146537452,56.38245320375348,106.66699718875053
2022-12-22,83.59897400297939,98.52083154452698,56.45239758355982,57.058925399302375,106.66849431956544
2022-12-23,83.42348664099319,98.779623754845,56.37509740915251,56.936159653247685,107.05991311884667
2022-12-26,84.803424007924,99.67707583051195,56.47348080821912,56.55030980009492,107.10317664514038
2022-12-27,84.09697535296199,99.55364480021441,56.10438931750874,56.20777272001376,106.52908825572818
2022-12-28,82.79205786850025,100.3445587494588,55.645460970389074,55.79153592186624,106.94396512817026
2022-12-29,83.57336682761466,100.86850080896195,55.87748723966299,56.12751935668376,107.6719796028849
2022-12-30,84.0454107851501,99.36116628463576,55.43901404536064,55.875980955766146,107.11401393201908
2023-01-02,85.54048822593911,99.40637474518493,55.55511228781164,56.17242976951602,107.1172991661898
2023-01-03,85.72129485721744,100.09631302323467,54.926419201088194,55.53508813729776,107.48361735264163
2023-01-04,85.76862961713495,100.9161895088918,54.45794285789456,54.83731257800367,107.73549489503023
2023-01-05,87.09902231605643,100.77567368636669,54.803992445959395,55.415981065005184,107.23078237849705
2023-01-06,86.41318206994697,100.86977396068701,55.20027190261768,55.57255891293587,107.18327247191706
2023-01-09,86.24002809818863,101.0792382599021,55.21226071200709,55.50525515106737,107.6352425888192
2023-01-10,85.86306767889657,100.90417419266203,54.60044173576861,54.79772947317246,107.68246443338889
2023-01-11,86.22686436471557,101.44395938738133,55.02204549709919,55.850548460993444,107.39395380492141
2023-01-12,85.08959635187126,100.82853840735953,54.62333023760103,55.213388063292214,107.27114362687769
2023-01-13,86.39610468016676,102.09909791783647,55.110796032255585,56.442294505309576,107.32656846610942
2023-01-16,84.67377130142488,102.79659730845975,54.1175520618264,54.87885306952357,107.40375052037896
2023-01-17,84.59906255144445,102.6908040734993,53.630203513161234,54.23168169353205,107.63580257800565
2023-01-18,84.61729190084895,102.13193045685772,52.90804147992798,53.0244460650384,107.65393644852186
2023-01-19,85.01931871936722,101.44505403379809,50.98199554358638,50.74920319233942,106.88734429590454
2023-01-20,85.74371385744763,100.88807978882319,50.08029304333864,49.7469356897025,108.30343058923606
2023-01-23,86.33742590094018,101.00460654673718,50.384941906884805,49.53406200507348,107.76212021913247
2023-01-24,83.8019127422727,102.00800044691701,51.4752208688921,50.94371154542954,107.9907869958177
2023-01-25,82.09597330819086,101.7813914347564,52.681580139345684,52.38954372178179,107.74713671219386
2023-01-26,80.4598219091309,102.4542610598126,52.65337128512297,51.804637565885535,107.33226020171725
2023-01-27,79.23953562841515,102.32442588194017,52.67052934145774,51.669047677221656,107.62337678400434
2023-01-30,79.32095399260758,102.9955244407501,52.562555902833864,52.591970240251854,107.42089595539646
2023-01-31,78.61473103766836,102.45646728352973,52.314016046274034,51.8327306350882,107.41763056817864
2023-02-01,76.97278020883476,102.46121467463931,51.4974012930337,50.73173316380639,107.49094313798184
2023-02-02,79.30566783600483,101.98694611737022,51.46759885334296,50.4902116165311,107.16955291149448
2023-02-03,78.44142952764501,102.46299573122046,51.20963070068895,50.886397723345425,107.3542745840494
2023-02-06,77.59225683197384,102.26556992298642,50.79800575810979,50.57036481463509,106.70162300560659
2023-02-07,76.07967733393868,101.85993893093071,51.0204978539378,51.178460753601954,107.31919864503125
2023-02-08,76.64379463344663,101.8377370303968,51.455890573771946,51.38676676098228,106.46594973533222
2023-02-09,76.95252171934226,101.47199412423736,51.39137929465366,51.33144343647895,106.51316781494435
2023-02-10,78.03873286814056,102.03205091319869,51.639038166624395,51.49446310340786,106.70502492342524
2023-02-13,77.36448848125917,101.88291919115586,53.272985853708136,53.402125437720905,107.14434787187095
2023-02-14,76.69584241861446,102.39298559069393,53.82815609179481,54.27655243317707,107.3432477357128
2023-02-15,77.88429739488757,103.28392385294636,54.3130119234295,54.78281391726898,108.0546391574602
2023-02-16,76.85170037115932,102.75729241564002,54.101053850678404,53.89933739269447,108.39517313738425
2023-02-17,76.22950865186026,102.54645512031142,53.932222813770245,53.71298874607614,108.2177057368151
2023-02-20,76.17046460159963,102.51185960701024,53.67354666789383,53.20257538797023,108.67114265100855
2023-02-21,74.43636293530432,102.33871604136118,53.313118975217854,52.89334865892902,107.89910139313743
2023-02-22,73.84647638036135,102.24450559069842,54.004269569880506,53.78831693980227,107.19221021856771
2023-02-23,73.35343633858616,102.74456638409009,53.30016236610098,52.9773496200995,107.11371098242036
2023-02-24,73.13580785489518,103.70985721946447,53.30423205678393,53.06548804021111,106.96121757985442
2023-02-27,73.64387762698422,104.31368996269788,53.07964739556681,52.80672769495924,106.504676840457
2023-02-28,72.84011579740418,104.77554566264521,52.86036898236783,52.054521744743035,107.22818860978637
2023-03-01,71.62828226174234,104.46017806666212,54.44385764755191,53.75648671325409,107.22767671839706
2023-03-02,70.25360308830825,103.1373435030544,53.934121496274045,53.350195400945765,107.17700169015747
2023-03-03,69.85893393360081,103.12664387873065,52.67739055375195,52.19089978722556,107.09116116289297
2023-03-06,71.19504466628939,103.20281021705249,52.312318231757835,51.81404917579526,106.99530802380934
2023-03-07,71.54019981470537,103.23585396290915,51.584551264354694,50.60616976057558,107.02321355757806
2023-03-08,72.7196087229233,103.33896853178173,52.207686077015516,51.58105572400233,107.25228136109702
2023-03-09,72.14371585347286,103.39707130150704,52.80698366206907,52.37609869934865,107.55623803357793
2023-03-10,71.80333474805225,103.28397403264016,52.690825600808346,52.23484694364318,107.95103048701068
2023-03-13,68.37466270019787,103.17102110412924,52.396225804707306,51.35540036515774,108.17874775923597
2023-03-14,67.59653251367006,102.97305637192866,53.363119153447805,52.79089954873305,108.47944891087951
2023-03-15,68.02253376696687,102.90469818808876,54.79226371326356,54.87983029085118,108.32393288869943
2023-03-16,66.53172907701077,103.12140323701307,54.70320941106763,54.22425542981675,108.45355375628107
2023-03-17,66.24399888123553,103.3760766056974,55.055558623122046,54.43284762966909,108.75993649730718
2023-03-20,65.78598677883221,103.16547522796431,54.64730337641065,54.30117050225242,108.58913237033332
2023-03-21,66.94601785219903,103.96251553760824,54.51025942521868,53.29579591304663,109.02779492981264
2023-03-22,66.54152409994137,103.40078974329083,53.92810238966918,52.39139301725753,109.56623710840245
2023-03-23,66.698215039181,104.13020492794227,54.39736720881348,52.868669923066115,109.51980095580251
2023-03-24,67.10026935880026,104.50469692771615,54.97862450732125,53.505252666203916,109.69465636336892
2023-03-27,67.49413914851132,104.36507190137996,54.45515821570576,52.68031436903834,109.55342600940034
2023-03-28,67.87582245965112,104.84407553785908,54.036686461948534,52.06039587005063,109.45836762536088
2023-03-29,68.46093685728721,104.62574242357563,53.82661278746301,51.44151424991179,109.59763619812834
2023-03-30,68.32536204989803,104.25790305723291,53.6052190218411,51.50436418768217,109.0971127225896
2023-03-31,67.64269232844846,104.91045586236515,53.70669857506104,51.8102423235242,109.32185184728989
2023-04-03,67.6192354226697,104.74441050654346,54.04782361218452,52.489260295341325,109.77553498044519
2023-04-04,66.63163194905326,105.45947348194802,53.90187251181826,52.10760702726576,109.69664384375464
2023-04-05,67.05715248471044,105.68695695223977,53.883030749738225,52.225335875286284,109.77449455633162
2023-04-06,66.64602061669655,105.28460664985235,53.979375361982996,52.31764906793336,109.13430562865149
2023-04-07,67.0699290565729,105.13019458045233,54.498493190821726,52.678159602791844,109.16270076914631
2023-04-10,66.52280328890619,104.51583219194079,54.11617566188996,52.69133847814469,109.10157683244599
2023-04-11,66.02140451410648,103.54029657402215,53.12991162801601,51.509321193039405,108.5779155677668
2023-04-12,65.88059979785562,102.20642611249085,52.87700522894626,51.4681165602057,109.13603236475996
2023-04-13,64.12541456228588,101.45850890417394,52.09522213084416,50.69704769693739,108.03617264626783
2023-04-14,65.46902070956254,101.5651424851206,52.13934279722997,51.09097245314591,108.12127540646048
2023-04-17,65.75302538520266,101.188668446878,51.50782786059745,50.30176924497278,109.04113059953873
2023-04-18,66.54134773118047,101.48330722901464,50.84505563682388,49.94607440202594,107.6132572010887
2023-04-19,65.47523113181839,101.15697540223516,51.56770960295367,51.08557548571447,107.43368412466236
2023-04-20,65.01610909624176,100.30961718969267,51.43761729344997,50.97547720205058,107.70100183888489
2023-04-21,65.67217658731425,100.24345999451711,51.73137073482542,51.13565397969846,108.08583678606745
2023-04-24,65.36878107380466,100.43135647591694,51.8842664235195,51.30820670965569,108.49527778640035
2023-04-25,64.43932691510335,99.91087520919415,51.64637000065498,50.811875294073396,108.14342385465856
2023-04-26,64.2865135052725,100.31128776518085,51.729105691949805,51.021446733149645,108.29523714927369
2023-04-27,63.80795383743983,100.37440682301184,52.11818778163991,51.77606081051964,108.27959391200662
2023-04-28,63.01912051975913,99.68453390224832,51.87023730717304,51.13633927527598,108.7279248800711
2023-05-01,63.32422278549718,99.44502100030829,51.49803185006131,50.878437044308264,108.2186904041349
2023-05-02,62.74106304324392,99.05860134248508,51.446304834209236,50.92699740774931,108.6563550847686
2023-05-03,63.5554592967691,99.10938653188295,52.00719105783742,51.37434447628837,107.67534369442089
2023-05-04,63.105710392237754,98.6666221257904,51.63760091973313,50.78601348205643,107.24673611536619
2023-05-05,63.52410246921221,99.64706240827307,51.02387578677165,49.82104644628031,106.80356703364448
2023-05-08,63.99064581803094,99.57308897705258,50.74877999374016,49.65827595827052,107.25286286029674
2023-05-09,63.98137427218521,99.22156228601816,50.791161621371195,49.665497780414796,107.12234400075258
2023-05-10,63.76073048390044,99.55620955788719,50.89267977329699,49.9205796441776,107.66479777534967
2023-05-11,63.93467242887415,99.39809132210475,51.15414602889638,50.26095161315778,108.68118891153595
2023-05-12,64.11153042590186,99.77022585763635,51.33152153538768,50.434324079589075,108.63920719211309
2023-05-15,64.25664313285051,100.01661999783735,51.78613018731589,50.9720164046527,108.56756815971436
2023-05-16,64.06127954212953,99.24596299991705,52.441046189410024,51.53000705393931,109.17278554724344
2023-05-17,64.17050264985505,99.37228295883769,52.4313050956094,51.41005018618077,108.80667884362359
2023-05-18,64.99126661959536,99.48092186999013,52.929466134476044,52.15806232883522,108.80652020739818
2023-05-19,65.21894086116895,99.51880460848149,52.464565408039796,51.63367543781854,109.01101462731881
2023-05-22,64.86404592061514,99.29006596233546,52.30272414222639,52.00264051550073,107.5372456487155
2023-05-23,65.10384939318376,99.20048569938977,52.07227622517251,51.710078416381855,107.8489527778264
2023-05-24,65.44062902299655,99.29953159384642,52.513670102363974,52.41126893019923,108.44713475160216
2023-05-25,65.03609003517407,99.5885605366353,52.816455077553215,52.515342784263886,107.03688137723961
2023-05-26,63.48752072623392,99.53760372546766,52.84744642971228,52.27612246822915,107.80472591382129
2023-05-29,63.57454402609376,100.09593346138776,53.0710334412257,52.33822467242133,108.25042274102037
2023-05-30,63.85056590956037,99.94596495275393,52.68551245320078,51.9554742098194,107.69127064748132
2023-05-31,64.36069489584622,99.84102885213282,53.23059436036638,52.209155556357715,107.9057687484197
2023-06-01,65.2499438012172,99.50867821807742,53.17535348117178,52.09007774721401,107.49485288760484
2023-06-02,65.40434971665054,98.93715745882784,53.05354613802824,52.05713974906938,107.26959084871038
2023-06-05,64.71981731428336,99.40623599124369,53.38935264170909,52.189169164492846,106.5584853871777
2023-06-06,64.05522073070097,99.64306745792203,53.49858682069901,52.42518531629575,106.38389010565568
2023-06-07,63.487732210302426,100.02224175849162,53.30913583934161,52.28159013189336,105.46893796025398
2023-06-08,63.27215078878298,100.29830588669746,53.166611098422244,52.228629669227345,104.56572990197697
2023-06-09,62.94488925029196,100.20145331425338,53.814059983220716,52.61783188143945,105.09481701926806
2023-06-12,63.52160368779468,99.93971523295303,53.675957310829325,52.51926476251787,104.2019489250168
2023-06-13,63.20403983177464,100.62277590791433,54.0090671847721,52.776015061539105,104.45117488865843
2023-06-14,63.475127548608626,100.93799813946143,53.89525957188299,52.86501998896128,105.1614569769356
2023-06-15,63.826572063119016,100.59877637890308,53.49966431234148,52.47794002316566,105.06809821718153
2023-06-16,62.7499478344806,100.76192960235547,53.970264413776206,52.984143320578255,104.75686946377448
2023-06-19,62.196978982763305,100.88438862693859,53.87909571226881,52.98278941040334,105.09290779454246
2023-06-20,62.93338733869781,100.36884951364063,53.946020269256834,52.98024788701298,105.02678356152299
2023-06-21,63.48489585278374,100.85999910160868,54.65592294717766,53.69561980941352,105.21309233441856
2023-06-22,63.33042317107215,100.0065075704468,55.10099512437232,54.03447432241324,105.4302348036592
2023-06-23,63.798358260165614,99.31929107572644,54.55604550197084,53.86250050767253,105.45223106752675
2023-06-26,63.47593335057723,99.23780856712995,54.98165208600512,54.382929179528595,104.85836394214883
2023-06-27,64.36832307391246,99.72240016166491,55.067155267835254,54.28022131524962,105.42231980869856
2023-06-28,64.59958609513188,99.15421309786426,54.920542710479246,54.56260393445931,105.36976771961133
2023-06-29,64.30373306335697,98.79526187095354,55.355362281498124,55.05597418402767,105.84240162722467
2023-06-30,64.50462234967085,99.72741173559399,54.99319633347963,54.76858493324682,106.06997099002382
2023-07-03,65.20973914796136,99.92460209652208,54.848480616508596,54.64692739058283,105.41761809828527
2023-07-04,63.64374995447678,100.25890552582585,54.6410630144798,54.41823901962215,105.71765644949119
2023-07-05,65.33830061413688,100.77042048332613,56.378249859028564,56.269121477148275,106.35153333432177
2023-07-06,65.5460626343726,100.05242132483939,56.90148463303986,56.06614949018716,106.03457357877195
2023-07-07,65.57054826906504,99.47153720157827,56.39392969094236,56.23359241849906,106.67189676212155
2023-07-10,65.15170789510664,99.24433274392565,55.659664353685244,55.71192092761048,106.43505199736676
2023-07-11,63.86657441668303,99.21977253846799,55.76836861146226,56.000225929111814,106.36879264526588
2023-07-12,63.61267621547658,100.17209860031467,55.92900132605833,56.29917393001013,106.25805672023691
2023-07-13,64.164088228145,99.31158506425996,55.54821957045605,55.64039791191615,105.8503108306101
2023-07-14,64.81877927603345,99.10564431217688,55.84156590770837,56.16689003544223,105.89925410690084
2023-07-17,65.69910366420584,99.5073244553353,56.04523744287192,56.56648536174228,107.17204720097324
2023-07-18,65.22808786103566,98.94397391364834,55.38309954989913,56.14623672665805,107.60413608138745
2023-07-19,64.85981260283324,97.71108920430513,54.81805115618067,55.72756996928542,107.31820327854464
2023-07-20,64.97517700508836,97.42480797717134,55.28154521206273,56.22531571412719,107.67058302218125
2023-07-21,65.03783566484398,97.61363951735898,55.456032145002865,56.272778978734,107.83367138977592
2023-07-24,65.38278327113208,98.0942138994973,55.69696289472497,56.36504887015309,107.66705380165762
2023-07-25,65.156508914814,98.16811973152339,55.640040491145626,56.13429609177528,107.1843837102515
2023-07-26,63.847638767722806,96.25306071847916,55.23757957855941,56.1582228052329,107.69930683310997
2023-07-27,63.2323463506943,96.29871061856659,54.54922902191157,55.27521360193099,106.96090339893371
2023-07-28,63.11513087935248,96.19223305708445,54.62202099621402,55.448569232958555,106.82793343374475
2023-07-31,63.13198850530005,95.66678178931373,54.09092040197806,54.69559752918889,106.91320099043948
2023-08-01,62.89038220505194,94.1321088723297,53.85652196210484,54.14641975511294,107.7112773734185
2023-08-02,62.664224080909456,94.43092159023546,54.19960086730914,54.36823527915298,107.80928476194475
2023-08-03,62.93187942736274,94.52383397813541,54.36794524681486,54.31984708204308,108.0870843218132
2023-08-04,62.65086761865758,94.73791912485368,54.78959239361553,54.87905154233715,108.34287041567107
2023-08-07,62.98577498158995,95.19698369072134,55.54641800238592,55.633987984119535,108.60291760773637
2023-08-08,63.414464986894345,94.97500893449818,55.010323603891045,55.19561566850702,108.4509317280264
2023-08-09,62.860043898260464,95.18309245216473,55.57572583632633,55.45067864012716,108.90046840770451
2023-08-10,60.859236343087474,94.76485010127358,56.463569183670224,56.16979976187625,108.94247612225006
2023-08-11,61.38791270325549,93.8176927219175,56.39621759850566,56.11901801309306,109.69637566760969
2023-08-14,60.57868168484911,93.55868925041831,55.86168781834693,55.44578949528254,110.02276431008744
2023-08-15,60.59266026578538,93.31675682816544,55.630813997292904,55.14970237703114,109.79971122107656
2023-08-16,59.960053956490164,93.16714485865043,55.43218186364154,54.85974289869012,109.77238129910852
2023-08-17,60.15358025163072,92.80032895910304,55.3107370071384,55.25099990748829,111.16897440047289
2023-08-18,59.520687635376405,92.29345661909464,54.72865255969077,54.89423415138748,110.72704214949849
2023-08-21,59.67933781790998,93.5409487556771,54.9081183903645,55.20288549805274,111.25044769774782
2023-08-22,59.37683681114929,94.06929026961407,54.62715764202193,55.15150535779878,110.95438239156188
2023-08-23,59.20658441350105,93.6513754631381,54.311824771571914,54.814536837784985,109.92345497204279
2023-08-24,59.10699210437975,93.41437457605818,54.53209226417528,55.0727365356981,109.62557674529907
2023-08-25,58.89963679061786,93.28470588164669,55.03677834830095,55.41158786657163,109.36456236188215
2023-08-28,58.420753081295,92.57568361344178,55.006003064067045,55.40881913800404,109.80180526756004
2023-08-29,58.80611421867732,93.60475719682742,55.14386144007158,55.505632359294964,109.48355880467577
2023-08-30,59.08893643743139,93.68644502659824,55.38552097792765,55.57953523183351,109.69768281032721
2023-08-31,59.21235432665871,93.79388810191223,55.081615366073514,55.53160902535833,111.13169537878579
2023-09-01,58.841682212917334,94.03297710539948,54.24711352198266,54.887881501456846,110.04737026883949
2023-09-04,58.608887312160405,93.33690144742806,54.042151365722916,54.83719172881795,108.57993814330236
2023-09-05,58.46183993741912,93.07662619007247,54.60146465680863,55.37612506138668,107.91876389602749
2023-09-06,58.30183463138786,93.69554628209289,54.908500291445684,55.52645279943713,107.9312043836246
2023-09-07,58.23578032558488,93.50508758023943,54.391670546021444,55.01043716443647,108.34775027214316
2023-09-08,58.06401601041434,93.43250857021107,54.425758643444844,55.429585292852714,108.35548968672104
2023-09-11,58.425236179161324,93.23563112276567,54.35325153533825,55.36426901454076,107.99516486954101
2023-09-12,58.33332337128362,93.69946768742714,54.06609227321606,55.10456756502848,108.41093633435781
2023-09-13,58.01795831654194,94.16613816705453,54.12395081295096,55.13590473018885,107.35393717619827
2023-09-14,57.812367747732615,94.39000821036682,55.148131010763066,56.248145429021555,108.6547247763592
2023-09-15,57.26082294461686,94.2750336395745,55.68883298794935,56.56665339220772,109.4135574675926
2023-09-18,57.54818229283484,94.41967183075248,55.60617563639665,56.31846187417055,110.64864862557454
2023-09-19,57.778821483210294,94.57559571173188,55.49868989383248,56.22567757128143,110.77821202493354
2023-09-20,57.92457887486726,94.8805078741453,55.26815159122732,55.77942334666918,110.82394215660759
2023-09-21,57.32443013202011,94.71624672920181,55.00633242932073,55.600086296321,111.72114669816236
2023-09-22,56.35533885704908,95.75991997347447,54.9748257653527,55.63598576768016,110.77633182608784
2023-09-25,56.83703958177833,95.81871393426358,55.00132655679014,55.34909491415093,110.86970159954801
2023-09-26,57.24182219472564,95.74053127210499,55.48249453783447,56.013500876582036,110.64729354172607
2023-09-27,58.100969254003886,95.82373339987491,55.585692312758404,56.133502395432245,110.79830991222659
2023-09-28,56.059201757657384,95.61266981770964,54.738156040561535,55.669869902526415,111.53881232789598
2023-09-29,56.63600965559274,95.54091147098724,54.34633719286164,55.208408268349096,112.62650910924981
2023-10-02,56.24321823527346,94.62449499496411,54.533576273844176,55.59012360337338,113.4012309274659
2023-10-03,56.88003294756862,95.18190633642244,54.67968017546225,55.412824649624504,113.56570346008472
2023-10-04,57.315674757290715,95.13931084029888,54.62554996886444,55.195829507617624,112.91700301680953
2023-10-05,58.5467306434166,96.08121478331742,54.828721214469645,55.432240640659245,112.6337006276056
2023-10-06,59.033885237445546,97.11686114783726,54.3475119090446,55.06825607864758,113.0004576473143
2023-10-09,59.346438716335925,97.93967014167929,55.243176018745,55.85348965772739,113.64414397761395
2023-10-10,59.39181475509447,97.65081407002761,55.30608079514515,56.00533189032283,113.72893189347614
2023-10-11,58.934913614051524,97.41157430700838,55.077584292154256,55.67927251817009,113.75641388605335
2023-10-12,59.19330613773549,97.96957418950541,54.8068999952283,55.33407924782391,114.62584107642503
2023-10-13,59.09027806282923,97.97950049892577,54.724266157554794,55.45617234069892,115.31280141351078
2023-10-16,59.60653408376676,98.02802479252455,54.493055613000266,55.48752953056799,115.68795663811453
2023-10-17,59.34175231908863,98.77949292651904,54.357583941584444,55.5891361935686,116.62326650998985
2023-10-18,58.8564057482431,99.03477277515988,54.635727975710005,56.27525679415145,116.30977390789177
2023-10-19,59.59390955772752,99.09710763008567,54.26908684698366,55.8812667174481,116.27931511740837
2023-10-20,59.011796523247476,99.20805630262343,54.593294305930954,56.25156174427786,116.06109293284632
2023-10-23,58.94364286323596,99.20147522592966,54.65570926722686,56.47101784995135,116.191154847819
2023-10-24,57.878331370564325,98.7728079756248,54.606077798851636,56.65871483677629,116.94657355706792
2023-10-25,58.84158885812134,98.887917507233,54.92706769799829,56.77774755883214,117.28292497153426
2023-10-26,58.40831466868456,98.84226529101618,55.68070866434718,57.56713238804322,117.13463068436627
2023-10-27,58.68150783560026,98.59020576041607,55.20364201755869,57.527437616679535,117.63873874896701
2023-10-30,58.88830514160291,98.41878051003569,55.05866520208902,57.66340562660969,117.766607959978
2023-10-31,56.91708594661863,99.37218786918616,55.14301847214723,57.80112787968218,118.28834376199045
2023-11-01,57.378660231130254,99.90837829372919,55.0170837955618,57.40005190507059,118.51571607832851
2023-11-02,58.435782544323956,99.64777290960765,54.76611450196751,57.3497741178715,118.28112777195483
2023-11-03,58.1303976444165,99.44634497563032,54.69739448865241,57.02332633998988,117.96886255996628
2023-11-06,58.28647622978564,99.55876048267804,55.149774896731465,57.81597432173786,118.8404041503025
2023-11-07,58.93632916825817,99.52276216573668,54.939548114886314,57.59181134771884,119.12575205541668
2023-11-08,59.45828488112399,99.8193498499821,54.97023168198846,57.75334124348427,119.8172193840819
2023-11-09,60.09133989454922,99.83819343300728,54.685797006940504,57.28484602384929,119.40556406155845
2023-11-10,60.25261455355411,100.0698383657745,54.22472267045978,56.693110898359365,119.45127808072371
2023-11-13,59.72493138777904,100.21637093590734,54.108979796629484,56.45077719935296,119.434740611571
2023-11-14,59.91262066730945,99.93930529504405,54.01298325515283,56.407374604056024,119.11463707900634
2023-11-15,59.147961454982386,99.39246452836208,53.77750489647723,55.981975265240315,118.82955030494769
2023-11-16,60.60420153649487,98.68031986097361,53.636905457943854,56.274570097216895,119.03363730096224
2023-11-17,60.40882570425814,98.61581884814873,53.73042152741287,56.59571190600005,118.86929940264173
2023-11-20,59.818935135462546,97.84941570483512,53.641187907137464,56.221389633055566,118.49488099440373
2023-11-21,59.24748824255618,98.30115617206195,53.504826272365634,56.131433808134,117.77690968563536
2023-11-22,59.35862815978993,97.52585589149439,53.23025789997138,56.29602834883587,118.2402674474678
2023-11-23,59.24205409905245,100.60227554725097,53.046569271290004,56.37739167130577,117.28920584490218
2023-11-24,59.15145374342855,99.85091478999965,53.04489898291317,56.37951471784195,117.12972684732054
2023-11-27,59.753848821142284,99.47273593224939,53.15462886270874,56.61238343983378,116.44067097165818
2023-11-28,59.328203689724965,99.4680243611016,53.32798943560609,57.01935696948692,116.36294221599182
2023-11-29,59.17238791799085,98.84049830920041,53.367179173063505,57.02088405909197,116.19718659131205
2023-11-30,59.123251788724104,99.25100088608913,53.218996978225164,56.74393393771609,116.38139118617781
2023-12-01,57.63514939542205,98.74262724266491,52.794635429192205,56.436609087559745,115.99817123866667
2023-12-04,57.32350574309466,98.68178214007888,52.595883396355745,56.17362717615784,115.96777447870303
2023-12-05,57.116256471870265,98.41227537384273,52.28413562299627,55.69154674093654,115.88249014854568
2023-12-06,57.310241821052124,97.31816130437892,52.48519981892253,56.04004352688783,116.34435865852619
2023-12-07,57.52514416300435,97.92225834522982,53.72711119909652,57.29462060463986,116.03146253037184
2023-12-08,56.85351668725562,98.83514297190673,54.47449698536351,57.87903636498149,115.9189569765993
2023-12-11,56.69999622558666,99.59698588049316,53.97128747083312,56.97675721582299,116.78267620109128
2023-12-12,56.89753631084198,100.01229596315973,53.91903992326675,57.04954971546899,115.8531127654465
2023-12-13,56.368981696290554,100.04414966166328,52.30719831834142,55.25516577009878,115.31042863589175
2023-12-14,56.22902846822586,99.6867350969414,51.653725823372355,54.043587284159,115.23206085615809
2023-12-15,56.10636370542963,98.9004674660494,51.545344308534894,53.849440331633346,114.94267091317782
2023-12-18,54.717101484017995,99.2847076742839,50.596124190149325,52.841091183377365,115.97502899508048
2023-12-19,54.56065980261876,99.80230108287506,50.88425916812359,53.38006065039864,116.17938853480364
2023-12-20,54.738468464939835,98.86173225349047,50.614512603327654,53.03376090055168,116.56619818303338
2023-12-21,54.53196614747421,98.97399556084156,50.701867479695316,53.357247942672196,116.53299166698383
2023-12-22,54.930451515465506,97.99077267708103,49.78504949032872,51.66368105537917,116.66638321425073
2023-12-25,55.255445891857654,98.57448750683015,49.562845223603055,51.23805024181609,116.64808305047086
2023-12-26,56.24838174343658,100.13110005366896,50.426407270916265,52.44350926400535,117.87691616351799
2023-12-27,56.09241903195189,99.80318718064613,50.2878185825034,51.94734564674987,117.69883868318578
2023-12-28,55.49970816509647,100.44540157675665,50.585714010392735,52.735047522012465,116.89437269993961
2023-12-29,56.47390330804561,99.56095894129058,50.02286445368217,51.84178016764004,117.41727866025056
2024-01-01,55.08271394242007,99.74028098669454,49.81107275749661,51.73627876561909,116.9122260116331
2024-01-02,55.5147172015816,99.80507617967949,50.042806676512086,51.79253489498564,117.32507205270768
2024-01-03,54.79121071536738,99.44570927604698,49.54473559891463,51.22628036405219,117.07536444367594
2024-01-04,55.595958580415505,100.31021271215266,49.69356974398765,51.52634819106483,117.3247669693909
2024-01-05,55.837379528660904,100.82052111358021,50.284788942792716,52.21123452763234,117.83793681480199
2024-01-08,56.534579871743595,101.1065326972637,50.50662544623032,52.416373721340946,116.43124996056035
2024-01-09,58.18069096050158,101.00558053051853,50.610715955538986,52.516994753488014,116.29104284847651
2024-01-10,58.786866885231305,101.02457313541444,50.385565457984086,52.28224240351971,116.20046588489998
2024-01-11,59.833526526716895,100.62140837967777,50.203074078908706,52.15272747166958,115.93148729690472
2024-01-12,58.994944130565166,100.06752427659566,49.89659006732807,51.777090565215914,115.4837973467068
2024-01-15,57.59954261893632,100.4514346154644,50.425102363326666,51.938500735591454,114.52438460274334
2024-01-16,58.91422479280263,101.29058818253351,50.100263032366676,51.711682968632076,115.28058889670277
2024-01-17,58.572990858631,101.77695689003923,50.073001220886695,51.712878792460096,115.04280816734682
2024-01-18,60.034705679690724,102.40728169622548,50.86777252730457,52.713957590468176,115.69728589468143
2024-01-19,64.33810112634787,103.7669640860623,51.944194304489045,53.76839715513573,115.9832442793312
2024-01-22,61.08834253291449,102.44711470024028,52.177676260881434,54.12220389869914,115.16740211567024
2024-01-23,61.27053972424794,102.31413108833006,52.363168858592914,54.20938013661616,115.3136330119048
2024-01-24,62.28914256155807,101.6641609390742,53.173133352554736,54.980685219826306,114.9780739546457
2024-01-25,64.16405502609098,101.89508128532063,53.6111908848037,55.197865288756844,115.63332782928231
2024-01-26,68.38309976054387,101.49272084917276,54.15117225462056,55.59216959766753,117.3302636017467
2024-01-29,71.10888599021263,101.88686614356457,53.944045257176235,55.25385087815713,117.87991662703492
2024-01-30,69.39409457396658,101.1024129421001,53.563395836284464,54.89330926712341,117.58255462133236
2024-01-31,69.33757182350378,101.34231298746184,53.395122147427706,54.78325963379154,117.5795969671052
2024-02-01,70.67625216775262,102.00268724091639,53.47985528724454,54.78919826695099,117.03182399276602
2024-02-02,65.59942279148339,101.2335043303027,52.72411319493189,53.814048914157134,115.40805843782644
2024-02-05,69.14541490632948,101.99723847501507,52.65706071212488,53.69472041112997,115.96845295065621
2024-02-06,68.33573406315003,101.496954392025,52.35508306636174,53.52174080086899,116.25568322259893
2024-02-07,67.72374858925174,101.58266906314257,52.29701772042568,53.370631228778954,116.05658958688312
2024-02-08,66.43912224922417,101.87001243620075,52.59391280069582,53.62379455079096,115.9239647840878
2024-02-09,68.8843005053705,102.70212305018744,52.5373607458245,53.561358463311926,116.12621797154301
2024-02-12,67.85794035029059,102.77980063880163,52.22866433239398,53.192806496791135,115.8438658479644
2024-02-13,65.82681356737015,101.65638252275745,52.067138068688834,52.93506718595614,116.29985488760167
2024-02-14,69.54773170756573,101.71923087247544,52.970915221416625,53.955733216289545,116.73642381069914
2024-02-15,65.11229186565663,101.64831383989213,52.54966632091605,53.57083744188701,116.18735487825782
2024-02-16,64.05114701353197,101.39750251277042,52.54101028896725,53.5251031913172,115.98437083432276
2024-02-19,60.662335637257,101.13142491372638,51.721246241909924,52.824537885805846,115.03130673852424
2024-02-20,60.565639175434825,101.8651629363232,51.789345913186324,52.84909078802333,115.33886600260577
2024-02-21,58.37001851049312,102.14476306426276,51.919418828570784,53.022918304299225,114.201070791093
2024-02-22,58.18965228319492,101.44811772639339,52.13109750884589,53.36404517035761,114.3765017281064
2024-02-23,55.79659603286703,102.19623127513762,51.93935876073452,53.49521253154478,114.44184414234941
2024-02-26,56.97408828520625,102.03867872429274,52.43145801024648,54.053802415181416,115.33599193029434
2024-02-27,57.53126889605601,102.04260231553374,52.61862906325852,54.39291771739671,115.85301111109598
2024-02-28,58.99492917443116,99.17517355046961,53.08130884692845,53.879957318215496,115.36547493940381
2024-02-29,59.0113025570996,97.55838068141938,52.99386868357108,54.25732651559345,114.94956386593114
2024-03-01,63.34101417286892,102.20025654718556,54.929743539413764,56.19342141183172,117.24834063385994
2024-03-04,64.50026234046139,103.92380875253886,55.86792082933461,56.62409349756634,117.31507444656886
2024-03-05,64.74000115765418,102.7429100629264,53.99316442469152,54.73261145110906,116.3473258162667
2024-03-06,63.67798827943215,100.63542257364367,53.40384042681935,54.28696268016452,115.37791186441737
2024-03-07,67.1934896794404,101.49005283832469,53.291287175551325,53.845660703209965,115.47018877412395
2024-03-08,69.4897247929132,100.95442291656855,53.801307607504356,54.347670432664955,116.82624866571578
2024-03-11,71.42837033396584,99.59112760838302,54.660831544789836,55.476364355063055,116.67153516740085
2024-03-12,70.11706274711514,99.74662771049351,54.48346451636665,55.028717251781465,116.58059250193385
2024-03-13,69.24702086218247,97.82514038820483,53.77243146599068,54.60208736783937,116.825244165552
2024-03-14,71.30311689135847,98.46635778424712,54.42245514732604,55.25422144675674,116.63276997122003
2024-03-15,70.15978059248756,97.53216893990833,54.80780306555829,55.816719987434915,116.06615278178738
2024-03-18,70.70614890528611,96.82823757997922,54.57082415338923,55.402878384824106,117.12479004640615
2024-03-19,71.06595324596093,97.03932506577844,54.71049720761694,55.348636325117305,117.22962399573373
2024-03-20,72.84114077550903,98.44629091533035,54.670221662462126,55.10269119364636,117.44906295677468
2024-03-21,75.59269554272302,99.39100314741054,55.48764403459956,55.614808334553054,117.61347978689369
2024-03-22,71.31699152721934,98.25955252027246,53.569843879592206,54.01747208172689,118.72693017538695
2024-03-25,71.85642389344278,97.49265043288436,53.5549820014923,54.20840332134208,118.80479651924296
2024-03-26,75.41467970545949,97.33473434423952,53.21469026457205,53.907788667887516,117.70040114794209
2024-03-27,81.03791546195474,98.24229424847616,54.51794322032041,54.990142057989786,117.63139125066262
2024-03-28,83.69884952681177,97.8562298585248,54.801753928625885,55.29208910843509,117.79787747171402
2024-03-29,80.19981685780267,97.11950409571874,53.19194358550229,54.15881899489206,118.34976975039726
2024-04-01,80.58702059283829,96.60684979641688,54.447948740584984,54.91417830477803,117.9010901846
2024-04-02,80.87329718270594,96.41338747797604,54.99622856601983,55.43882417919047,118.01716674514276
2024-04-03,82.47472755540315,96.9343367905832,56.63397701546115,56.77867360700202,118.20906999582625
2024-04-04,83.95588002585623,93.62295145606784,55.322501009310656,56.26326816303023,118.18532114714458
2024-04-05,85.47941208060793,94.80799064707564,57.062834042696394,58.02707846751871,118.94069606672748
2024-04-08,84.27406012044436,90.49074098515682,57.17727365277173,58.404638772250685,118.63152506985924
2024-04-09,83.25993031578695,91.50978474366809,56.918925355479146,58.18441673219405,118.54616447318134
2024-04-10,84.48409958124611,90.43623415737714,57.19166479787451,58.25664496440906,118.33683763823208
2024-04-11,87.19289311740333,89.30545725909333,58.13754652448209,59.05386018128337,117.75217000656745
2024-04-12,90.7141906450003,90.2908195419076,59.10585601016612,60.0978281991006,118.79572799224141
2024-04-15,91.70389559614603,91.19060927203742,59.65930596218083,60.47483010805893,118.19306148780507
2024-04-16,92.50310822105861,92.27170498117856,60.18272441471717,60.75702142340658,118.71530903660168
2024-04-17,92.4485477758428,90.19081599210075,60.28684181849718,60.64183051894266,119.26871852138812
2024-04-18,95.07826510353632,90.34022127599157,60.89008023456067,61.5914176705625,120.02230814182224
2024-04-19,95.93331502760496,92.47444841324088,61.403954995842916,62.134539280959764,120.05002538232938
2024-04-22,91.0143149881122,90.7574124081399,60.37301306890254,61.307204276670156,119.68497093153336
2024-04-23,92.86763209216323,90.08930667496851,60.759132976553985,61.81604341805349,119.6521318865256
2024-04-24,90.84708193906226,91.7535357370183,61.386251721296816,62.40095444405552,120.8752451123021
2024-04-25,91.46120397464321,91.31920821445405,60.96460787065274,62.016730860457905,120.97931712282116
2024-04-26,93.96266053039963,91.67830920968787,61.70989409762153,62.65564922267865,121.10808053503143
2024-04-29,91.2393039724803,90.49355774943083,60.344012343484756,61.846343797299774,122.37540202379739
2024-04-30,91.51805634383699,92.34932759843949,59.818491166307986,61.40043085294333,123.52771459576905
2024-05-01,91.08291146783839,95.69139598308496,61.076389914233985,62.7829957027037,125.45566688951466
2024-05-02,91.08551844032515,95.22025417304435,60.94801818457471,62.511444580777464,125.30352849519599
2024-05-03,91.07928078546942,96.86256239884723,61.492724841347126,63.37463164480521,124.58384692770184
2024-05-06,88.78626460973699,95.85395208857618,61.957833190985625,63.76129919507414,123.46143854749117
2024-05-07,88.31065619084467,94.22215012347,60.83127489853848,63.11507911052397,122.58929146386166
2024-05-08,88.66827562525921,94.1658775239136,60.69638164286889,62.80012830081447,122.29567070483813
2024-05-09,89.03139719385665,95.29643931168559,61.26525070129883,63.157072567952774,123.01910210353257
2024-05-10,89.84385608719596,94.71931016404537,61.398911178841864,63.38404211148634,123.13632113651629
2024-05-13,90.75432481606103,93.79771244729496,62.563268067219454,64.0273861735185,123.93082904631243
2024-05-14,91.20030423079105,94.42297799725917,62.42943892386547,64.0871053021707,123.95360367969981
2024-05-15,85.39877579834308,90.29524402919316,60.865440362734645,61.946440069466824,127.07658635892885
2024-05-16,87.7381532958853,93.11733794017853,62.708577185024005,63.7865438651337,127.64555587755359
2024-05-17,83.97800426392531,91.8658787250826,62.82405993381982,63.69459052508001,127.17377707549353
2024-05-20,83.28372799110639,92.03080987825777,63.292502268570296,63.902125703314994,126.76983741433116
2024-05-21,87.0774346246079,93.99607395041333,63.96567487128607,65.12259546928031,126.42432623941524
2024-05-22,88.80392274446135,94.25073149859125,64.55879632969533,65.21517616514389,126.55570622530476
2024-05-23,90.93028893365953,94.53987825403082,65.88263833232139,66.91502346663721,126.47340483455329
2024-05-24,91.88866444471763,94.05995942072832,65.94315908089274,67.07715342750076,126.29748118023775
2024-05-27,93.49652694202872,93.76580313011095,65.7386113272678,67.05033850597783,125.94766583655712
2024-05-28,91.99505290351586,94.4725197768978,65.72819856333525,66.74441591647248,126.2102164306425
2024-05-29,89.41641117834182,90.33870795232158,61.44027718570953,62.3592974834461,124.78090656046248
2024-05-30,86.51199468631589,90.74324633487146,61.90914691979956,62.39675065668144,125.52286924797049
2024-05-31,89.6204480612075,92.63641356398828,63.986063543381825,64.58438978247624,126.34354154966154
2024-06-03,89.39266489610623,93.70423566416818,61.72971111280161,61.80849530024951,123.85326078326966
2024-06-04,89.84909338676242,93.90087182985638,61.199163831570644,61.620867487786924,122.91753808248123
2024-06-05,89.04850260042794,94.32565351240059,61.71098065856858,61.93686774711431,123.1357349323353
2024-06-06,87.95799980361076,93.91931461190411,61.460512770654994,61.83709314179957,123.11295047932222
2024-06-07,88.36779812375521,92.97407273424888,61.60027473807747,62.13520943818091,123.52964740002987
2024-06-10,86.90042316355259,93.89276657848492,60.20367577732583,60.577355923497855,122.82332041103166
2024-06-11,83.5113577162485,92.64083780054924,59.42009853607716,58.79351453828191,121.60122217521719
2024-06-12,80.47991324778874,94.24428063403258,59.38083137820258,58.78405286279972,121.64789047650915
2024-06-13,81.3519306085563,95.26998258405783,58.819619416327875,58.53506828975345,122.32437918454038
2024-06-14,81.17534851577469,95.03605634789233,55.885369101102455,54.94442728195573,121.65159843217874
2024-06-17,82.7103685102566,95.9181338118498,56.4449610891533,56.15910417175084,122.49996159327546
2024-06-18,82.08802892656551,97.80127993245874,55.961057883563235,55.106375660543826,122.25411938626904
2024-06-19,80.39345523798151,96.88691479500018,56.283416629363906,55.427958490393834,122.09794559187176
2024-06-20,80.60151393740179,92.88448775288161,53.05991421013041,51.387216540743374,119.80770438936177
2024-06-21,79.91126724555619,95.84680999248981,53.56830958515191,50.850254536217555,118.99736893831394
2024-06-24,82.52885114463152,98.67505029430359,55.50127475623611,52.45658887533208,120.24895932051012
2024-06-25,82.95713495981599,98.82749096238648,55.251096807154596,52.09580208484129,119.92074266744761
2024-06-26,80.53843593705723,100.80761454780733,56.212233318303994,52.93904748864146,120.39628572869654
2024-06-27,80.94731373100194,103.10042235536767,57.33606944966173,54.32609624819488,120.92672199003552
2024-06-28,79.38795387157757,107.09434704770271,59.20740927530168,55.60348955017223,122.15373887404101
2024-07-01,80.6427601483443,104.18220092370977,58.08619598106668,54.63742644843307,120.62310872083535
2024-07-02,78.02606515436358,102.7395618357577,57.56729719435317,54.29828702710415,121.23688196074099
2024-07-03,78.13866991606574,102.23327443424648,56.514113525249996,53.18963506711981,121.32828404305158
2024-07-04,79.20990755286064,102.99313093850277,57.34603825657347,54.36682888213823,121.78472427326892
2024-07-05,81.6324891223965,102.43875279853978,57.76358925066025,54.6088700946591,122.64718203452665
2024-07-08,79.73102412244162,101.31192315629356,55.60468005307499,52.64333014185263,124.16534514569018
2024-07-09,80.79222158608455,102.46058966631617,56.60567204048844,53.75609478779692,124.84860298066319
2024-07-10,81.82992561340015,101.85547791384393,56.55997026372983,53.74005382516862,124.70102762184487
2024-07-11,75.03968962543092,96.2631936322839,54.14736239849258,52.064395292839464,124.13558864290641
2024-07-12,81.52891770673541,96.16609073803133,55.78198941950927,53.94318716852071,125.83509521644429
2024-07-15,83.55549931753397,98.37064440521411,56.57775216290039,55.29620030025041,127.43235287274435
2024-07-16,81.0289396413775,98.46955873147503,54.75434626677259,54.05422729077672,128.48595853015087
2024-07-17,83.71958345195193,98.85461904247688,53.92567493451417,53.97792691773666,128.59901753561255
2024-07-18,80.50238888678743,100.4470255073665,55.95022816104821,55.73131704756914,129.02338063805897
2024-07-19,81.05221958092844,99.04005244365322,55.13566176113732,55.545748546120464,128.71280894762435
2024-07-22,79.86507898822867,98.41531109165642,55.39944044465365,55.39765298936283,128.72148776731413
2024-07-23,83.64583082297963,100.95368792502775,56.87357760719728,56.94427216684584,130.05029391778982
2024-07-24,83.23615057062423,102.66706583085781,59.1764448239385,58.52472310274881,131.21030221691183
2024-07-25,84.04458167773917,102.98022699942058,59.41387324265711,58.796355468307816,131.5526938970157
2024-07-26,95.7112982841991,107.96771489518571,62.083928485540106,59.88141238103385,131.8911563338874
2024-07-29,96.55243834598743,107.05785465751838,62.8751411790754,60.53341198030333,132.5899601181534
2024-07-30,92.48525483152783,104.17072884516065,63.88523648695122,61.26891698164827,132.23630681720766
2024-07-31,94.99734486557824,105.68446210144195,63.17268237395561,61.1913426965764,132.08000286051237
2024-08-01,101.28128982041535,104.26710383178776,64.00585355211186,61.7261466167773,131.26716641830694
2024-08-02,103.06231702758963,102.39026748638354,63.621216112581216,61.65760878762055,130.95656425924633
2024-08-05,100.0472753996081,103.14202292871587,63.235628808937996,61.30012549935447,131.41279812257866
2024-08-06,95.83564031492813,101.80413057847659,63.32450788991796,61.041087744906676,132.13258672593625
2024-08-07,95.25879323515055,102.7627822383034,63.991392931884214,61.47642604860667,132.1236910374023
2024-08-08,95.16973863913807,103.43894235600106,63.59459851846135,61.04403948096625,132.5315643543359
2024-08-09,87.22588923427188,104.15547175076485,62.238196796454744,59.949119210925495,136.6050908539921
2024-08-12,86.87243142224887,103.4708186216543,61.82440092864569,59.51654318827638,135.79802559991606
2024-08-13,85.98753059314998,104.63887594979464,62.23505417582581,59.77512136192158,136.3660156771363
2024-08-14,83.73191098496699,105.22977976194632,62.54685135018694,60.210359020967175,136.75923277793513
2024-08-15,85.39533397686718,107.62921252470157,62.572963218291,60.14270616356807,137.000289518297
2024-08-16,88.04482857289551,107.20584147846559,62.342174528896564,60.009214284746335,137.33927548456535
2024-08-19,85.47880894292733,108.02927573115562,63.30698307172696,60.991210753252155,137.92920878400747
2024-08-20,85.10998624667994,111.13949799321006,63.82202070018612,61.67935233629812,140.02272141761415
2024-08-21,87.21715752831054,110.06271115991444,63.14779243498278,61.075010992801296,140.30022637791475
2024-08-22,87.97202387392834,112.22025368865704,63.70413409550009,61.50203227182607,140.23480512514394
2024-08-23,90.96842349280615,112.79373503541106,63.16612914735127,61.0784649577062,139.55390745117205
2024-08-26,90.24854487177097,112.669126448153,62.73690295790778,60.66677065593621,138.98699290329856
2024-08-27,89.13831889093508,111.5725324343061,62.314321381141546,60.21118890586966,138.87960436773784
2024-08-28,89.66800509772536,113.44390147037006,63.67324945692877,61.49536085411934,139.97274825328384
2024-08-29,91.56563354417777,114.55970183731112,64.09808163054154,61.86544637759076,139.594305394562
2024-08-30,93.48322790620017,114.8902321992874,65.21491701957866,63.01517062412712,139.8008704671451
2024-09-02,96.0733544061441,112.46136479224347,66.2358184995154,63.65763844498773,140.33934151447505
2024-09-03,97.04407450038177,114.08595658715241,66.40961376376615,63.356510155466296,140.337254903338
2024-09-04,96.59993155807047,111.6961013735454,65.98870551099817,62.79175726116137,140.29851423955864
2024-09-05,96.01395413193778,114.3745832604042,66.1610222242718,63.04596385361493,140.39450356326222
2024-09-06,91.18296598349588,112.74167941381037,66.00081049209116,63.06482415312862,139.7338876419979
2024-09-09,89.51850924004742,112.88301150454431,65.9604402544253,63.104987101232325,139.5771240173926
2024-09-10,85.38787892373297,112.89026601641243,65.49975963985283,62.9872729541891,139.23804427299197
2024-09-11,85.17182361074781,114.03262926911194,64.98318131747006,62.33155574576952,138.99543225428374
2024-09-12,83.75639896279063,113.52724737904786,65.48278925589895,62.88971133977228,139.17925779440841
2024-09-13,88.25263156013304,112.89701979704176,67.42582650195517,64.61214841728969,141.2920309969777
2024-09-16,91.83755302071452,111.86552412968986,68.41657258815647,65.44313363678627,141.50035179143526
2024-09-17,93.51799157226696,110.64439758953878,68.80960720247093,65.50465687738497,141.72596257088483
2024-09-18,95.16322703483964,111.10638241019717,68.96565049064152,65.70448311498576,141.49858318251444
2024-09-19,93.94157347287515,110.64050711637596,69.04218068912283,65.81286351677676,141.60615987235715
2024-09-20,93.87596635559889,109.76917010944061,69.78502152739719,66.30159371880809,141.9958108426501
2024-09-23,93.67686143213737,110.212249812828,69.55332753987028,66.27564941799494,142.5601023897365
2024-09-24,95.49586625550815,110.62546536789367,69.62415182753621,66.79478874850021,142.32835923285646
2024-09-25,97.91040041661928,111.39589711884767,69.98808558159854,67.16709518394431,142.32618720268246
2024-09-26,98.62012203268519,111.72867156590705,71.14440846277925,68.3253714679084,142.99955643380713
2024-09-27,99.76084478083732,113.37764117187794,71.10983516694297,68.27643540071648,142.3280273025147
2024-09-30,100.79534963652195,114.2592877618584,70.90108073817139,68.34772332147891,142.10449192777997
2024-10-01,100.24943358712615,114.26866598655974,71.50175960228108,68.75940113803574,142.37162323416044
2024-10-02,101.77301867618547,115.02510326976882,72.13752372989175,69.46115575663518,142.48315386154673
2024-10-03,106.18212181258122,115.55974145087357,72.5913105751516,70.22505975019382,142.55949187375876
2024-10-04,106.7774003698756,115.1071513248842,73.6009761042622,71.5100570037286,142.86174407885017
2024-10-07,107.63415716932501,115.217182393694,73.57105473176898,71.50458685551463,142.8922759111809
2024-10-08,105.26732877299256,115.08244819300725,73.26684516942844,71.24050368102517,142.66046331112096
2024-10-09,104.70607777275383,115.53803227080932,73.50818536093927,71.68104391469392,142.91675399607698
2024-10-10,104.36334826314094,115.91400306652085,72.7272993699135,71.23512625502633,142.82455736325056
2024-10-11,112.6980499690306,115.61263937529036,72.46082411685147,71.16859188079498,143.49319510752105
2024-10-14,113.20518356534473,115.72243485967616,72.36527852401044,70.94777804121213,143.539357998857
2024-10-15,110.51139371514624,114.797713436542,71.83734578091341,70.48959691928167,143.80860666859945
2024-10-16,113.5694292567916,116.12109322488801,72.68525010551801,71.37381798106992,145.44932193276327
2024-10-17,110.97089120802319,115.6737299630142,72.2712674552281,71.08705411222559,144.7253314684993
2024-10-18,114.28581072018022,116.61670945996032,73.32493402325427,72.30864186501293,146.80984277333346
2024-10-21,114.17758726760594,116.92154447972132,73.07660625828863,71.91538663620581,147.7254443934504
2024-10-22,111.8583943371719,117.229699909412,73.25157111439329,72.33212179056116,146.46357311146258
2024-10-23,115.42799450425775,117.47930414118272,73.13698329815195,72.15725664348376,147.8683168156427
2024-10-24,118.54482965978279,117.59224431737026,72.5485394091404,71.29119440649063,148.62260238306047
2024-10-25,115.66254011471841,117.30010282259937,73.31349440391786,72.13725773882862,149.29964248941565
2024-10-28,113.41935870671142,116.51189606941028,73.246034002268,72.00837188885235,149.6408021098928
2024-10-29,113.95483858909607,119.08110429422965,73.77149012117384,72.67700037145616,149.79481812435748
2024-10-30,117.00444997617099,119.8921943882596,73.7274108044216,72.60289802309599,151.10176565724595
2024-10-31,120.01453150591902,119.25224382883242,73.69529474779841,72.8837987607777,151.19516220574894
2024-11-01,120.9282242686952,120.40806811076938,73.31095304330951,72.3241858557574,151.0055205592545
2024-11-04,122.7139831500089,121.08071562765008,73.74871695283016,72.78283511076437,151.82416531902672
2024-11-05,122.6022842747349,121.5355733285227,74.19143630326349,73.49579212055819,152.16775191157993
2024-11-06,121.94764498929665,122.57644637847076,74.97696020628224,74.25977047593622,152.03440667489173
2024-11-07,124.06699324235812,121.95740073369794,74.53178739996461,73.78318477424096,151.92218849292422
2024-11-08,122.05770907155924,121.88532377259182,74.44745651547294,73.61734730520769,152.65906259417198
2024-11-11,122.92461832966796,122.71080834538861,74.11397342924371,73.06738648246336,152.8577598194203
2024-11-12,126.36532320865817,122.43790108912782,74.40584287077941,73.19618065128014,152.80500034545003
2024-11-13,126.71678873447753,122.19631285099165,73.96682177424749,72.58946096185919,151.87594674916232
2024-11-14,128.1353914158943,122.8700540541968,74.52809863941387,72.98011231795863,152.93726322591542
2024-11-15,132.17444626125322,123.28350563104338,74.77328811735924,72.96023415546004,153.58544592925767
2024-11-18,134.90040223279058,124.03877322131824,75.05553859873616,73.30506807441157,153.56238809056072
2024-11-19,136.71645814201344,123.63559947967171,75.38575090815966,74.07372132832465,153.5182521498853
2024-11-20,145.05768767943024,124.71531303815205,75.86373825696096,74.44682271248759,155.6438089189867
2024-11-21,147.440282544898,124.30517375607428,75.78556751055643,74.47472276054418,155.65441091982566
2024-11-22,149.19631758527987,126.01948357005432,75.55551589656856,74.42159818900356,155.88866253090833
2024-11-25,147.69217318526532,126.66139448886899,75.0422691936637,73.58610723984046,155.69525780060926
2024-11-26,147.2599611535044,125.6532097399922,74.16804350127113,72.9559497203526,155.37763607968213
2024-11-27,147.30114898436318,126.7488480522764,74.7002601475587,73.68450314018048,155.34151150559757
2024-11-28,144.51645980783633,126.89638932172662,74.6896634227638,73.84661997514954,154.53017808567986
2024-11-29,146.03436052150496,127.57989311148852,75.22900443378265,74.34680085651523,155.15363975508492
2024-12-02,144.53653230126812,127.29937608200945,74.75116821610332,73.77876907660544,154.72404943694676
2024-12-03,143.34476172903587,126.70716091203928,74.04517397366025,73.35703521138888,154.07027783279239
2024-12-04,143.86032133555338,126.0182473070232,74.30730727430849,73.61943367625398,153.97348440328236
2024-12-05,142.43377521015304,126.67883116202856,72.80870248664439,72.00341388641658,153.19171098319475
2024-12-06,142.2076875584776,127.82152942369595,72.96726970558235,72.31423753385708,154.0764360453164
2024-12-09,146.21621502123133,126.99502281753901,71.56911159113301,71.24293647679087,155.89934492948504
2024-12-10,149.6933060528469,129.10004878291414,75.3471159035324,75.33392020872823,156.7134592802718
2024-12-11,149.9252411925419,130.84473291357486,75.74601349188342,76.79832159886767,157.08361334188106
2024-12-12,150.8400439743889,130.61786758408195,75.97610694410554,77.13744094115461,156.1105543005722
2024-12-13,147.8025718889874,127.9895950531464,73.52169623962065,73.72840371252425,156.57544760501798
2024-12-16,150.55068685150366,128.88070412564272,72.94735443432715,73.06795525895338,155.82894547079226
2024-12-17,150.0992798103176,129.55383949879996,74.18745469317724,74.69768893285139,157.06658924196523
2024-12-18,150.4497965169754,129.47801168498933,74.65961564206475,75.43594671795421,157.027710442878
2024-12-19,152.25281859797687,129.1722531329813,71.7418548258303,72.30879075124581,154.88906043498935
2024-12-20,153.0333134141859,128.0245412451497,70.71964501361603,71.00687017541235,155.34923510392522
2024-12-23,151.96404470963006,127.1521360600427,70.49895146622536,70.67158554675449,155.55427736633615
2024-12-24,150.47761775997066,127.09494235378276,71.64295093048833,71.8430790749393,155.8247941371725
2024-12-25,147.5431973819346,126.2328614540926,71.1424305799192,71.17907990833827,155.6839228561519
2024-12-26,148.2246503471672,125.5878319456686,71.62072423534671,71.37757347416438,155.42155812555828
2024-12-27,148.70994044757546,126.72294481561406,71.34211483415224,71.15146519789973,155.61838128075954
2024-12-30,150.78396313320076,128.18265086978857,71.70350507189862,71.99719501373657,157.05908942963578
2024-12-31,158.63117395635652,129.86882551093788,73.52973322113424,73.75980897496723,156.52142966781105
2025-01-01,158.93478252056735,129.66609981105876,72.78262128613532,72.4258073145258,157.20001824225005
2025-01-02,160.66407981119147,131.7678280387948,73.83465076750673,71.83619516487434,156.1363067427325
2025-01-03,161.46243717297727,131.36272426185636,73.19746516032566,70.67249962379154,156.89496660596484
2025-01-06,162.0551974517424,131.85721991453386,72.7923329205349,70.3385319790488,155.94916114575324
2025-01-07,161.89679647007483,129.5037318350546,71.1397790466028,68.5803133220906,157.1965557456017
2025-01-08,159.1179122470892,127.92789303802124,70.93151365160489,69.08542630171766,157.11231550258427
2025-01-09,159.9955467429968,127.67299584144705,70.58095690852555,68.76348533664924,156.64517240794785
2025-01-10,160.8880226692003,126.28226998205574,71.06736644747488,69.24651868325196,156.50891648048506
2025-01-13,159.32330236936457,125.52561481586993,71.4955689821759,69.6144017393485,156.58651958214625
2025-01-14,158.12414800883138,125.43042643254836,70.37597426709854,68.5695799814243,156.61301934433388
2025-01-15,158.5893698116013,124.52954774423878,70.0054703236507,68.39418038636784,156.37164602622676
2025-01-16,158.14164698413921,126.78167449944095,69.44675013738298,68.25735425156869,155.5808088178997
2025-01-17,159.27097420977609,127.84410294400249,69.16886336122404,67.54502531794006,153.68736490221366
2025-01-20,158.57843983912406,128.27964580619852,68.54844985495114,66.98598972239321,152.49356737893552
2025-01-21,158.31749407032584,127.21186635441629,68.37236539889366,66.70085882304471,151.44386994105065
2025-01-22,157.27314721538005,125.92853600109288,67.04003744242145,65.8692666154501,150.62698030692147
2025-01-23,154.70090708282734,125.23318864835615,67.35506206115166,65.9700153915612,151.57835336768414
2025-01-24,153.61529558580634,125.63190218884723,67.99533274032031,66.62554975600102,150.64373054171972
2025-01-27,152.31949246864494,126.72334984409805,67.5139742750108,66.46356283377447,150.25374897955422
2025-01-28,152.5949188212372,124.63889550381195,66.70241533387042,65.41197442475307,150.16346281558324
2025-01-29,152.69900382076105,125.06350821908616,66.48051566951364,65.00913297943927,150.2665795917191
2025-01-30,151.7977481142324,125.76590783180231,66.45838453777091,64.93715389492569,150.5032277634715
2025-01-31,151.69350884789162,123.83457712277308,65.51951345538619,64.39127648312801,150.25450221562627
2025-02-03,149.71309781230457,124.0414401675751,65.12429252020006,63.86555344819224,149.4007456481738
2025-02-04,150.81469277741826,122.3680706024453,64.58469783167912,63.41668610701776,150.13259324287495
2025-02-05,151.99093706852008,120.99304805305839,66.17506934859253,64.15225188846472,150.62180420657097
2025-02-06,152.71408835769967,119.98468549468863,66.67949620012419,64.37710107672869,151.18497998924948
2025-02-07,149.1158202839723,120.23365852861814,66.14371972931805,64.32747838010584,150.9830631563607
2025-02-10,150.44828569604357,120.64652253543402,66.19695811049526,64.48025884650329,151.4153948920901
2025-02-11,151.63978790512067,116.45931314456396,64.63017567249395,63.898837629891716,149.18498237312465
2025-02-12,152.9891503892503,117.47177778040019,64.26811759418177,63.23321988460393,148.7340221890558
2025-02-13,156.0979133683149,116.68212420794586,63.836866005873105,62.74138412339612,149.6006694426672
2025-02-14,155.64898190429156,115.79924205081345,64.84184010708445,63.60995791294874,148.88089581488856
2025-02-17,152.21306614044013,117.89506040379447,64.91809181494479,63.11784601190217,146.05937671890484
2025-02-18,150.22735899036448,116.20087805858306,63.11354530241228,61.38205337119279,144.2305609359148
2025-02-19,149.3394967675746,118.67237915032345,63.089452891297334,61.316681038467145,145.06748495285177
2025-02-20,148.9997318909937,119.1245495651113,63.297667357854095,61.51591402284631,148.42486041132267
2025-02-21,150.1937646174389,118.03851371561085,63.46646452875845,61.48878412323771,148.91999830390162
2025-02-24,147.3336154490753,116.07045422364719,63.451241084323925,61.767480503078886,149.35984832197107
2025-02-25,148.90857493169813,116.69511045663188,63.69136671891887,61.83918663143153,150.73398349494624
2025-02-26,150.8017367633594,116.72125435487226,63.68996000314453,62.221383873628135,150.83830185120644
2025-02-27,150.90424661565964,117.20692172636468,63.68815766402287,62.07653604515878,151.23805553969814
2025-02-28,150.8472615486069,119.33562870695276,64.28530403388373,62.46172444049666,152.4111747613404
2025-03-03,151.42164828008796,121.47492951807044,64.10750700487418,62.36550388532376,152.46003963000692
2025-03-04,151.48816725958426,120.58017278885738,64.28697655375647,62.57652195988871,153.46872599006463
2025-03-05,151.47261223885565,119.99606625249066,64.7128729370975,62.75638026664117,154.8066583422079
2025-03-06,153.1150757693648,121.80827001383217,65.12095436074638,62.99384410943682,155.30096114308864
2025-03-07,153.74053862186477,121.02457373364376,65.94465583924011,63.8129367764396,154.5120957911194
2025-03-10,156.38166398431727,121.3052851087497,65.51000504778568,63.28455772340876,155.8745881035953
2025-03-11,159.57119348777425,122.7459570470584,66.54653432625175,64.5173970728108,157.04394880222017
2025-03-12,159.97951062996577,123.24375901321427,66.93114344863508,64.74019063315957,157.7297545218517
2025-03-13,162.36257097701298,123.1470829588648,66.83849224270801,64.75797461979195,157.22950619939294
2025-03-14,159.59001804684692,124.53558654136975,66.57216520967462,64.52493855171767,156.55487324672367
2025-03-17,161.85527987744845,125.5929592197296,66.60571056611592,64.31719555174035,156.43572171458442
2025-03-18,162.58952651406912,125.78176046617351,66.68398581410379,64.41905693336757,156.9367550967077
2025-03-19,162.4984295099481,126.40020880053473,66.09006072079647,64.53438772134848,156.59076512478288
2025-03-20,162.792717557086,126.94356397094491,65.96429986150459,64.42779093193829,156.61023688340566
2025-03-21,160.53251952994415,127.50478039553681,64.57518514973756,63.831512991732374,157.14177501680152
2025-03-24,161.31078680881677,126.20295754156012,64.12145085449977,63.69548891141743,159.7838376852957
2025-03-25,163.42475214298315,127.45240512558547,64.65324447060378,63.91416212200222,161.32611692334737
2025-03-26,161.23106532138763,125.84825508442374,63.47730101136181,63.30838621687159,160.64849898635302
2025-03-27,161.35085004964031,125.84305278752194,62.968223735627205,62.86472342407093,160.06095353961976
2025-03-28,159.0728115821609,125.23756957175112,62.14796004077052,62.40208895178145,160.3033690798965
2025-03-31,156.97846775871787,124.86028880810063,63.191969571771736,62.92098487230352,160.785861436525
2025-04-01,157.15768344861803,125.98689535085947,63.540290613011386,63.066497692223365,161.0412892154151
2025-04-02,157.28936808827646,125.90227664791979,62.62407165064273,62.71585881307329,161.78671579037004
2025-04-03,154.77255446373636,125.36735157060967,62.229465489989636,62.11922771814638,158.362947376465
2025-04-04,153.85962367721123,125.04660529072021,61.3380168905781,61.532696408701504,159.21032194864046
2025-04-07,155.60143921681592,124.9793249698175,59.69783628446018,60.62584537592299,159.0717636171168
2025-04-08,156.12076610946636,126.3648258401596,59.44616087661696,59.96551617990449,158.2801116935124
2025-04-09,157.0046496501441,126.43554775773337,58.44384734516854,58.81911852883343,157.61291014540785
2025-04-10,155.22316042955967,126.77666353836811,58.13258010090868,58.440740912556286,156.7727055609782
2025-04-11,155.64258387613188,126.83482770994718,58.30671637148763,58.62040908427078,156.77216823959637
2025-04-14,154.05373006521856,126.13747790898925,57.874087851480105,58.748743343476264,155.12223745436805
2025-04-15,153.45459868563074,126.18973181543562,57.667908658784995,58.81130628255289,154.76497444387965
2025-04-16,153.16736533998997,126.74775047367129,58.7537654086959,60.005601145761865,154.99983873860023
2025-04-17,153.12031602530448,126.77167673859438,58.82202981346707,59.91999625839558,155.59433979979138
2025-04-18,153.39990325659872,126.74986115272873,57.994221716683484,59.23081967132746,153.44190310025886
2025-04-21,152.24081045191872,126.05549615686411,58.10524401419463,60.02806328380639,154.22741890221084
2025-04-22,153.6661632314113,126.47126228933594,58.74924823792291,61.01353834353983,154.03821831123224
2025-04-23,152.80227334536724,126.83210815679995,58.756874097912025,61.06945996947527,153.867705712717
2025-04-24,151.88263787196135,128.24620588008074,58.13774361566977,60.67755711608267,154.40712940189206
2025-04-25,149.10455602632803,127.31461178619215,57.41138496496774,60.16025274244428,153.60819189664937
2025-04-28,149.00078530207153,126.30885344169533,58.53245229653279,61.21378730268434,154.09283274177218
2025-04-29,148.33909820889977,125.81858937937376,59.60264112278036,61.69142047777624,154.39762304404593
2025-04-30,147.24633640505823,125.5611030362698,59.2059537980356,61.18875621125872,154.26067900118736
2025-05-01,143.9827424743425,125.23366223958037,58.95115511099445,60.68693266120847,154.99680341243007
2025-05-02,143.01861981968793,125.01204677331575,58.47278804439227,60.25079038975002,155.90665494266645
2025-05-05,148.29951731453102,125.78151312036934,59.60729353223566,61.872130576340076,156.62172406786524
2025-05-06,151.49627987154238,126.39687535773325,59.90193766149194,62.266774901305574,155.51109180921955
2025-05-07,152.40500703167098,124.71997609968622,57.871655885717175,60.32282674132803,153.3830843624243
2025-05-08,152.3857063366197,124.86471542750395,58.09513479113667,60.13002821825629,154.63931897350975
2025-05-09,152.1730922579728,125.27101262237925,56.98918047264241,59.00595662214832,155.81050118449173
2025-05-12,154.2185336193436,124.68468858064638,56.51375591364869,58.1951668310966,154.97115843475615
2025-05-13,151.58782233750264,124.51034085296241,56.820440500184674,58.258848351050986,154.83248598658102
2025-05-14,151.240349689499,125.1398018221729,56.553723547450815,57.86731429979894,154.21377137959095
2025-05-15,149.7124903157127,125.36935139432606,56.46514384805158,57.7956743920797,154.99248627862943
2025-05-16,151.5664524320606,124.5332579169252,56.718243880716955,58.07660829141901,154.705273474904
2025-05-19,152.0227868681008,123.56739528798755,57.30856599826141,58.741636459226555,154.182354021625
2025-05-20,150.98959340912083,122.2127755799526,56.87785865444496,58.194777457291444,152.67515462431888
2025-05-21,152.46279450730594,123.39748398002932,57.06935577292792,58.29797092345156,153.34678051973057
2025-05-22,152.43520522537878,122.64518845763904,56.653395129792585,57.83698706154339,153.32655181654673
2025-05-23,152.4479773339504,122.78691157938466,55.932133169212904,57.29282764914423,153.1819890818867
2025-05-26,158.68425490944784,122.62192569219525,56.31094595191687,58.5447947462126,153.627620402975
2025-05-27,158.53483069787936,121.89276624321481,57.06611808330895,59.046331184845215,154.00121265115735
2025-05-28,157.37185052726312,121.70332372196822,56.018900682128645,58.41036743479373,153.53402684689084
2025-05-29,153.74205826088837,122.86216489712606,55.665896522636395,58.193658115492184,154.32011087933165
2025-05-30,154.63801790186315,121.35673646695714,55.85435876394895,58.344565572944376,154.02432587151026
2025-06-02,154.46267648948668,120.31580547276025,55.8097629542328,58.05458733488527,153.75089059884002
2025-06-03,154.6708840975416,120.919560647155,55.5886096627583,58.06329930071674,154.20070289318716
2025-06-04,153.89658306306748,120.02558878993597,54.7048675864374,57.29358175467545,153.43285435564695
2025-06-05,157.2453119241286,119.37102436297278,54.024488038965536,56.743272356021116,152.65472236804817
2025-06-06,157.25656816116125,119.88275900954504,54.12783352314284,56.85514984443747,152.81773845295422
2025-06-09,155.13722776877364,120.01032299572,54.134764782454326,56.979854910409024,153.0372395547857
2025-06-10,154.9319508929445,120.43296225587896,54.09757494848335,56.97399244450681,152.96072726322342
2025-06-11,155.42903380244292,120.28149823501776,54.583950184641154,57.68363704642924,153.39935745657317
2025-06-12,157.94127364706924,119.3595764401883,53.91695921886821,56.969785119308156,153.25440131257912
2025-06-13,157.61189549722664,118.20213114088727,54.308274448593494,57.82231743213671,153.96798768828995
2025-06-16,159.14808721754133,118.3896332747499,54.04643006269272,57.55910190667915,155.1115489826591
2025-06-17,158.37418732999518,117.93752305669275,54.67038843136388,58.615874003409566,154.44709573386623
2025-06-18,157.90852606416553,117.53344631424889,54.64393258785712,58.87550121059568,153.78649554304428
2025-06-19,159.63453208660667,117.65975563675764,55.95371154943145,60.48902552448963,154.06957283464382
2025-06-20,160.33079795925906,117.5125425255404,55.12820918367969,59.48194967880789,153.7965412686995
2025-06-23,158.40155102814856,117.41468842072726,54.04077186210166,58.15150168311818,153.66055609826873
2025-06-24,158.54621747157168,117.16950431852808,53.95338781994376,57.818368999031556,153.62357177853306
2025-06-25,158.6568444795644,116.45189442556175,54.042083390741105,58.01132507294305,153.44482287230747
2025-06-26,161.85062642260166,116.47868292640248,54.03909222578338,57.914575203833195,153.08125208645055
2025-06-27,163.36549571343127,115.98040103152786,53.61474238297947,57.24754100700662,152.20372720493273
2025-06-30,159.94649951479357,115.59515016184916,53.938119669662356,57.66399590182033,153.22783115862765
2025-07-01,161.18181743920508,115.9075939334262,54.98855301945931,58.8111332903208,153.5483229362775
2025-07-02,161.15538627130005,117.19071472623597,55.19630356469326,58.80805254542823,154.25723860380472
2025-07-03,159.58700160997407,117.52977978534804,55.44855598966777,59.02441499630279,154.7191615143672
2025-07-04,157.60939073782723,117.55145314642729,55.19351601504604,59.302290113964496,154.71423877958722
2025-07-07,156.80788865140988,116.82002149415212,55.61400664643461,59.67412435336775,154.2926899323696
2025-07-08,157.47349644221893,117.34942523956913,56.1236486454593,60.21379279868415,154.59398298800812
2025-07-09,157.78913306910692,117.54443508173684,56.35460924120549,60.684262796422686,154.7087604338505
2025-07-10,155.9825797401046,117.36273160252146,56.80740976319094,60.572745456550905,152.8695481186034
2025-07-11,157.15199214719303,118.17758236107845,56.44018661633554,60.225203837143646,152.6826442273264
2025-07-14,156.7281057006805,118.36946825814687,55.73895065362613,59.214444444888414,152.26699157316284
2025-07-15,156.52286182297811,117.68100837530045,56.0228339292289,59.414800610545036,151.94153718276914
2025-07-16,156.88618307854895,117.6218772735271,56.410292561698725,59.62087938185221,151.1225820097831
2025-07-17,156.37538964291812,117.64764454869407,55.62330808575672,58.36076440694799,151.0613455183876
2025-07-18,155.24678184743863,116.63268287303723,55.97459562314938,58.56976117209359,151.83768183660024
2025-07-21,155.27229231244394,116.75605420841563,55.92185429055733,58.08256577584058,151.295495916048
2025-07-22,155.11370138912713,116.96723706950533,55.03154232684151,57.09259818522946,150.3147689219321
2025-07-23,155.37793759218906,116.96721245043003,55.39567102151699,57.73650499417046,150.7101460531819
2025-07-24,156.34499352806134,116.82191432234683,56.97644237102383,59.08014071411702,150.69807690786473
2025-07-25,157.15659265323873,117.15987522330333,57.33324167835121,59.57109711321652,149.81263315186297
2025-07-28,158.79610353726878,117.12643115798396,58.08468709508059,59.8313233791568,150.11967559394742
2025-07-29,157.27068018211628,117.72169274475202,58.55482771671361,60.4764599523277,148.64868343117436
2025-07-30,157.18247190631098,117.59962481112156,58.9083393628424,61.13766716603995,148.84318899000058
2025-07-31,156.01371097673805,117.60188006085104,60.09847503028962,62.715711134353505,147.35372565149177
2025-08-01,156.06649923937397,117.93282359711998,60.093272304635214,62.61790031820331,147.27046860842424
2025-08-04,156.89580854216513,117.21334589286532,60.963156364001826,63.491758383766374,146.48502818379558
2025-08-05,158.35984032708714,116.391487217239,60.491862296361376,62.823923425092666,148.16988943188915
2025-08-06,157.514300753684,115.11930439279719,59.82858888260585,62.27081635066162,148.42219189479562
2025-08-07,160.94706944568296,116.14632014013768,60.290715745476284,62.483248651770296,150.4551421575751
2025-08-08,160.47723327268315,115.77686541738701,59.99353143248483,61.906572933124885,149.89520450761054
2025-08-11,160.13710723480614,116.22535697618528,59.825117322585186,61.414259412896754,148.29494285874583
2025-08-12,160.45522332751185,116.2849331294197,59.51556379845343,60.976968252532835,148.62343331607818
2025-08-13,162.1285567335658,115.94809561796407,59.5705724546432,61.21992814840904,148.07744455500327
2025-08-14,162.09483880827645,115.91262727568017,58.41772776865929,60.126750477792676,147.8135256699254
2025-08-15,162.79497300281903,115.30183456389685,58.35007505615016,60.36677680254178,149.48970842649896
2025-08-18,164.35078152176555,114.76093833341727,58.540580289649604,60.452696371513035,149.73686173664956
2025-08-19,163.56473030864373,113.996134465143,58.25449645442543,60.290573391112446,149.67990517808806
2025-08-20,164.0796227737505,114.13302679642403,58.49118166661731,60.62896077865262,149.58634604072884
2025-08-21,164.2353283580483,115.70126076849508,58.8149883504796,60.962729010089866,150.01907161582315
2025-08-22,163.97447831697792,115.42007937987748,58.86263394951887,60.91196699503726,149.8803778172467
2025-08-25,162.47965131870504,115.46222540262679,59.20916715145589,61.18423529743042,147.23185179727346
2025-08-26,163.1515597679752,115.55607330086337,58.8380452550964,60.965306430278346,145.86594535467967
2025-08-27,164.179663859639,115.56879219562775,58.0464398176946,60.250523718971685,145.3389232450367
2025-08-28,163.4901217897819,115.10922837871058,57.89472419465647,60.016389327006195,143.1943721742601
2025-08-29,165.1732637332051,115.02519600797068,57.60588050162696,59.522865873705285,143.97133254817857
2025-09-01,163.73973112061432,115.03954714146303,57.338735521435744,59.1849120796571,142.83047205349462
2025-09-02,163.00969106747522,115.01924898933262,57.401565858976944,59.117026272089355,142.72184342268076
2025-09-03,163.98046581219972,114.2706861527075,57.3353526688882,58.90990240679235,141.74836426506917
2025-09-04,164.19161597038482,114.08600590541627,57.00025173301649,58.73450708329023,142.1361189261497
2025-09-05,161.26356891624906,113.09426588956211,57.04279455386675,58.72138190254964,143.28574577251214
2025-09-08,162.03484391195659,113.27034611096352,56.73063222469082,58.49938134885089,142.21469675325744
2025-09-09,163.392801140049,113.48601843619217,56.56331972489787,58.436546616636534,143.83327730760348
2025-09-10,163.17326016516546,113.69961083725524,56.46366512276515,58.35394644203949,142.75711098675333
2025-09-11,163.1729029834579,113.72018783383673,57.08248439090746,58.66694447579055,142.76552012089408
2025-09-12,165.0069500259449,113.64588271585687,57.05979769086454,58.51672116583152,141.97381628315088
2025-09-15,162.74111762063768,113.30631551267567,56.612261442766695,58.13788111696218,141.07068348450375
2025-09-16,162.16354045362516,113.09602360612507,56.550701338210004,58.01570240356868,140.2216094550753
2025-09-17,162.26032310042635,113.54006313170555,56.65230256096857,58.03374545799037,140.2585980951577
2025-09-18,158.21242303843977,113.35288200327302,56.33720161393484,57.571570471307886,139.21140998535517
2025-09-19,157.75457860559143,113.68134404579658,56.655149335997365,57.76670593038921,139.0864837864875
2025-09-22,157.19309394804972,113.95963791446604,56.71736878440177,57.83454186278533,139.4222448678511
2025-09-23,156.3114286567465,114.6065588702399,56.776146571505336,57.768149701691804,139.35309054825498
2025-09-24,157.69084040593103,114.48452422589459,57.05646740308726,57.95447582149333,139.0854461412809
2025-09-25,158.66086826606679,114.0790509053718,57.33081170485049,58.254590437340525,138.58563931232956
2025-09-26,158.58827812779052,113.88533010329309,57.39410716984541,58.511504552131136,138.42452386174716
2025-09-29,159.2949187819932,113.91635228569676,57.42582982178129,58.51844476969266,137.97405691848502
2025-09-30,159.83234022712367,113.7706000151428,57.039415825990915,58.33423260824161,137.94106557440318
2025-10-01,159.6342723526303,114.18198435553029,56.64693642294015,58.102997166019776,137.572855142007
2025-10-02,159.85815670489117,113.9610866570583,56.344212297775634,57.98789277074833,138.35993736054553
2025-10-03,159.57899535670316,114.11034255054462,56.37655961053177,58.26723976804033,136.99906200874452
2025-10-06,159.9025789706862,113.88603071366465,55.72724794695662,57.62370400075527,137.65123005563623
2025-10-07,159.23449034071288,114.17136959194687,56.149241497221915,58.01385804447556,137.85919364396136
2025-10-08,156.93100567558506,113.76654171771263,56.38454993116183,58.2400499870405,138.01690900592948
2025-10-09,157.0498312103634,114.49481175879963,56.37618319985863,58.411942252226666,138.19265247382796
2025-10-10,158.88725185146916,114.06538814579179,56.431221377149,58.411981096170685,138.26858134332136
2025-10-13,160.39211464906177,114.27143603252301,56.931458840160886,58.779760136133774,138.04948751905448
2025-10-14,160.41306203023467,114.25473702498792,56.86059402132583,58.57192459934855,138.6699070711611
2025-10-15,159.8526441973171,115.06297396426126,56.958014551072914,58.78352676168299,139.1659493627717
2025-10-16,157.9199156177032,115.3240898423149,58.53620752496689,60.407910033430824,140.52029738105546
2025-10-17,158.68747149540857,115.47286889978594,58.69003124872043,60.66452060837578,141.03141146436678
2025-10-20,156.3202914647492,115.5566536722806,58.48284180206696,60.35489251126125,142.0258821041608
2025-10-21,155.1012521178647,114.69945701701236,58.770053128518185,60.25794228549239,139.9726325648445
2025-10-22,156.36704598387715,114.81589113103472,59.08225859150359,60.45837535810058,138.92017927345694
2025-10-23,154.70161075274837,114.63590246871192,58.32765024308626,59.8244333817766,138.20667256852903
2025-10-24,154.99372709528942,114.7314006083018,58.58595558311478,60.181208583278966,137.99506617573283
2025-10-27,155.19731761006477,114.83166962663563,57.51934430127431,59.33008454648081,137.86525878850307
2025-10-28,156.25582784670345,113.9608164662512,57.151032756936274,58.648469791834636,138.43539054926285
2025-10-29,154.68081482826835,113.52194543473337,57.23888222956409,58.616480232554025,137.75451220318106
2025-10-30,155.9251889781478,114.05160032856101,57.770107253416114,59.305838771474825,137.85219292125095
2025-10-31,155.61355193067953,113.65859863660692,57.78746394467632,59.19167815724812,137.44611487263685
2025-11-03,156.7015696919978,114.56164580038089,58.25895931729374,60.24633963158528,137.115444424276
2025-11-04,154.33321432670994,114.84445132218883,57.85967561847624,59.75942442724648,135.85104416538766
2025-11-05,152.7319999742857,113.7323739610068,57.36242712664615,59.102751149021515,135.59320666338903
2025-11-06,155.15345528294338,114.32014360119622,56.46395823238557,58.35101224023636,135.6507655271043
2025-11-07,155.04834763056647,114.30761356767437,56.53402298619149,58.30869243031781,135.5754094198571
2025-11-10,157.50238812515155,113.84929193016397,55.852013862584336,57.60150998060902,134.45879194735514
2025-11-11,153.05236790894236,113.46661033039607,56.75270412719363,58.4824422785428,134.64012129913704
2025-11-12,149.4576177968255,113.5907036204061,56.71095373821028,58.31354669190723,134.65692532767656
2025-11-13,149.75425405498132,113.07529747300791,56.78946205756981,58.629046860409176,134.5040397429886
2025-11-14,147.98600008800028,112.93185219870674,57.182292195775055,58.725499709873496,134.86970941238482
2025-11-17,146.51721606250197,113.0496460364034,56.82525531634626,58.23982882264281,135.87570034622743
2025-11-18,143.56419065853976,113.26666574056262,57.79843737611496,59.39538992241027,135.09231604342278
2025-11-19,140.9665144896747,112.79352762889386,57.72314903681014,59.374808138037125,134.02142450303393
2025-11-20,139.59627674319796,112.40429806000678,57.533097199141025,59.56645170900661,133.35633165019826
2025-11-21,138.02025181011558,111.83629756515397,57.676147596059565,59.699011463924464,132.71654361859711
2025-11-24,137.3886626783267,111.40015898600572,57.73172711124962,60.35943698942149,133.04087402226668
2025-11-25,137.2344540221961,111.04511498502008,56.99373696000295,59.75480420763524,133.26590254945
2025-11-26,136.63977158708192,111.54475086657469,57.063853162080356,59.96677291596121,133.4840946003684
2025-11-27,136.34127011247477,110.96993472709855,56.88651549713478,59.9820023124302,133.03071068364972
2025-11-28,137.20942818615615,110.2066918670823,57.29332609134566,60.483353770769064,132.0292194605361
2025-12-01,136.98161720048262,110.56562470006756,56.91644037365637,59.930579903576046,131.94615528392384
2025-12-02,140.43076523264784,110.29484128801768,57.210814204581496,60.28960452844222,131.7212336228741
2025-12-03,140.59985625791725,110.14728806847774,57.09124320257632,59.945316872360465,131.66369338495548
2025-12-04,142.10651622725322,110.21698600292157,57.66057677773705,60.68054540813006,131.79932887236768
2025-12-05,141.18536626883485,109.96284242594965,56.93209034056832,59.840606742592826,131.67813886904895
2025-12-08,144.58488398946253,110.34669900434551,56.62520737636273,59.12621846398841,131.6077074907715
2025-12-09,145.85801689121706,110.27834828516066,56.87413014186843,59.36379038732284,131.99413128993916
2025-12-10,142.89756433421596,111.03538242619939,56.39480225942577,59.027676959303754,131.80424934889243
2025-12-11,142.6971054785517,110.90936965320779,56.483256015081416,59.214031329111336,132.33218243198525
2025-12-12,145.02003962894335,111.1155740975951,57.33928139069917,60.138084359949914,133.10951347444555
2025-12-15,145.80358208338396,110.84947837550007,57.40947280004751,60.32594089592516,133.09363646677483
2025-12-16,146.43087829820246,111.24906637266834,57.48491448038947,59.83248066166641,134.01805464534132
2025-12-17,145.9008121239314,110.78779496552309,56.80147643415161,59.01391259111916,133.43022940648416
2025-12-18,144.84869334850623,110.45563189402617,56.93887609558769,59.58150067353447,133.8327381467888
2025-12-19,147.49677351240658,110.2569101046351,57.05350836111154,59.8419324746714,133.36600848668104
2025-12-22,146.5911821915639,110.77845232835017,57.78506414641834,60.67827472161525,132.66813433460996
2025-12-23,146.05532421307834,109.91522859313993,57.66763642659646,60.61278983756667,132.34210014179777
2025-12-24,146.50883531553842,110.19594303998706,57.87417760297537,60.51269094439128,132.2473162829923
2025-12-25,147.24423067361562,111.26941319802621,57.90393107604944,60.68886974282503,133.02314720264414
2025-12-26,147.0056527537784,111.82415476532566,58.43869974914973,61.54258217839822,133.43169531064348
2025-12-29,150.97144721311352,111.58157992718485,59.65321196870532,63.16552099050203,134.6311825880125
2025-12-30,150.39895855402085,112.06154158746233,60.61920749699924,63.91886125566183,134.7365992179187
2025-12-31,146.86806987440337,111.88756961984305,60.00367194335264,63.19338066513388,136.42610853446266
2026-01-01,149.8320797450367,111.25150734579303,60.276106530756756,63.68552174237969,136.249113858366
2026-01-02,150.1960479228318,111.42194658024636,59.455927393737916,62.435249542444495,136.23756015848755
2026-01-05,150.33575633147487,111.1312943106796,59.04314137982697,61.94645941607693,136.58516855714646
2026-01-06,150.20361625238561,112.02379012070554,58.80513787101827,61.739094807677375,136.4282705534345
2026-01-07,151.03436427868346,111.67670594172942,59.720799099941104,62.321043930689825,137.58837020584446
2026-01-08,151.19436150080318,112.01867311335651,60.722841591321554,63.65952254434829,137.28745160399706
2026-01-09,152.04786766974965,113.01930865716588,60.44368418207192,63.93267064479865,137.64936800879616
2026-01-12,151.50559588444105,112.56768592853905,60.22834623404716,63.230677891168675,137.30132760883714
2026-01-13,151.18156117416098,112.02564685044717,60.48701838004729,63.45860515593053,136.9370276077348
2026-01-14,150.78734339651305,112.18928293747061,60.532793583465505,63.35101659314113,137.01304460435497
2026-01-15,150.71120512034634,111.4555800945825,60.23879856856363,63.194710056324745,137.2429377498463
2026-01-16,150.33190753979514,111.93523609835098,59.64600479234462,62.247961749273315,136.99221356521974
2026-01-19,153.150041423494,112.14487517143607,59.60416681805059,62.70163532419517,136.90001014471252
2026-01-20,157.34141763422883,111.94869125085147,59.1653518440427,62.163479733156755,136.7514420588783
2026-01-21,155.73089672135472,113.63209848824185,59.52346773460413,62.69466514232951,136.6970950756335
2026-01-22,154.8228001509826,114.21776031118335,58.82548162256018,61.63338360779381,136.4957572386434
2026-01-23,157.16069962519353,114.04941409605247,59.07167049861146,61.922765522615464,137.22094844017622
2026-01-26,153.09028770871984,114.56188776215086,58.90723231822703,62.02392177605891,136.59560534647753
2026-01-27,153.12843247371373,114.51057346442686,58.52290641155371,61.33546192220464,136.25945284097884
2026-01-28,153.35008987710881,114.07957869562844,58.33447251730155,60.6990975219473,135.99355856282628
2026-01-29,155.51792486630924,114.63605181310241,58.41593819324283,60.86024858945965,135.62397726531304
2026-01-30,159.13525579709065,116.26486827215719,58.76418619198515,62.01650106395541,135.54591343945725
2026-02-02,157.25033806563306,115.84023034117001,58.60717962990491,62.231111014179895,135.35944398896396
2026-02-03,155.0840292924887,114.98146017165125,59.08308185857931,63.206031769426666,135.05929426699143
2026-02-04,152.32509813606117,114.3256446955567,59.498218071103345,63.91464998510342,135.06463208239404
2026-02-05,156.53702063449967,115.93495332827968,59.73807179956749,64.24338289881996,135.01406966928164
2026-02-06,155.91084842441455,114.72275174468622,58.90493807466951,62.52512208039486,135.27215999085777
2026-02-09,152.8065759652936,116.09180193670821,58.65809335998032,62.64101936532369,135.1330590159023
2026-02-10,147.62433748702045,117.49044174121966,59.664362370952404,63.64238325617505,135.08695260395749
2026-02-11,145.64148530260346,117.33446698041894,59.65259234167321,63.53163308822115,134.21071167072478
2026-02-12,144.5530398770083,117.80240021556519,59.58666830483068,63.37419962622061,133.81833323312532
2026-02-13,143.1557428035601,119.05903308300114,59.073890701768875,62.953421795899665,133.82168802139586
2026-02-16,143.64112358743606,118.45812225435964,58.862143613161614,62.6956874217943,133.50709702512262
2026-02-17,144.06195665692218,118.72479180252343,59.609588657686196,63.6366705151896,133.04751429100318
2026-02-18,145.88747022603079,118.65138276103153,60.55385577045696,65.16825173404645,133.02984013711568
2026-02-19,147.5180929952675,118.146790711214,60.54569385857379,65.39915451108858,133.69238633127813
2026-02-20,149.36194903755808,118.26981950187528,62.38996436603412,67.54055651318325,133.0811475209304
2026-02-23,146.525962205357,119.3588919560459,62.395582500790084,67.61510311436282,132.82666100321907
2026-02-24,145.84621192229338,118.84231015152463,62.55111480477328,67.76561049865178,132.96949598588947
2026-02-25,146.56565714506468,118.48391958673999,61.29250404383421,65.48019024584677,135.23879446620813
2026-02-26,148.85732335594187,119.42715530787702,61.13769490808318,65.2897283567906,134.8385588788272
2026-02-27,146.81710490118795,118.98204375239119,61.756035412736786,66.36544324713851,134.20883836607652
2026-03-02,146.28954571757004,119.4985805204282,61.450905506663176,66.00402082359994,134.4820771014401
2026-03-03,146.81242997186598,119.66476228680443,61.16695138205016,65.4867666129772,133.7991185957459
2026-03-04,143.6025521860649,119.46817503030225,61.59698037811643,65.48934454813785,133.97311969587932
2026-03-05,144.65198276464483,118.50530822970838,61.37188771067752,65.60652074896718,134.14621091070129
2026-03-06,139.06430941332363,119.02525043876577,60.63951723495814,65.05231668245729,133.2687994278587
2026-03-09,138.93322119198046,118.57888746802581,60.57386939413113,64.7836081008857,133.027600442553
2026-03-10,135.28173139460839,118.96864559725817,60.66550692667716,64.25488030591282,133.9390274048418
2026-03-11,134.86705368008955,119.08179498832834,61.138847968646814,64.90357267273939,134.9991574990407
2026-03-12,134.38445357794907,119.64654114077263,61.257175434106124,65.15465017052982,135.32496632504964
2026-03-13,136.54096257663258,120.12900632560628,61.183297152731875,64.9284072948922,135.38376822347854
2026-03-16,135.21197861079855,119.45618233628346,59.97238223725796,63.035134608050015,136.23035093502205
2026-03-17,133.8384991888897,120.93722037749394,60.404530421017945,63.56170596975886,135.25042307785858
2026-03-18,133.84657460184383,122.35106016432584,61.53604086303466,65.06529345332143,134.8539226760696
2026-03-19,132.6233663262498,121.79444961511243,62.03012982168649,66.1304885850592,134.961995028904
2026-03-20,132.07548270338856,123.19153791747716,61.500763073414134,65.48621472124003,135.31279658805624
2026-03-23,130.56163937137725,122.54087701148455,60.856887046913776,65.21992077204047,136.57539864273824
2026-03-24,130.75219814965726,122.31056085323402,60.434784996261385,64.71681907977118,136.04720096308816
2026-03-25,130.62373299124016,122.60445851223014,60.25055394293125,64.44942582035077,135.91988951426808
2026-03-26,130.25139897398125,122.30077379304973,60.55810647129063,64.37939135877878,136.8475588178602
2026-03-27,130.39743687746648,122.6786975504542,60.936336452431625,64.65060160980042,136.46612787422418
2026-03-30,129.0180504115009,122.43473083128397,61.2240306909075,64.81383377586383,136.84903887176992
2026-03-31,125.29080551327438,122.01032519749695,61.66776065315971,65.24761640568956,136.22602322977443
2026-04-01,124.19546198945288,119.33182090506693,60.693377793726725,64.52171267623311,135.326486891572
2026-04-02,123.60420200547276,117.38028262206764,59.60115128009459,63.7281368712303,135.30683022649075
2026-04-03,120.89070843908638,116.41267085671664,59.357612727116006,63.08751493521301,132.7393753762118
2026-04-06,120.65629018124,116.94140187402743,59.74625468753565,63.686354630237496,131.39980353116061
2026-04-07,120.7377248778866,116.70012381622603,59.6757197692386,63.56565921241253,130.73130532359565
2026-04-08,116.57915807530559,117.39992592617558,59.74911714209789,63.35408202830114,131.00801951943504
2026-04-09,115.6331799892619,116.8852429721563,59.141068699909574,62.91873747703555,129.82885555584193
2026-04-10,114.1763656605268,117.6390722402993,59.091762650791324,62.847967764657874,130.33756224587057
2026-04-13,113.27776206972382,117.24760632253934,59.15351936123396,62.62637213773557,130.41949712609664
2026-04-14,112.52390999448154,117.69980638491127,59.350853197541895,62.874335365702294,129.63087508948814
2026-04-15,112.42198068817639,117.00965283289635,59.26672002699062,62.46306456445514,128.63295854489465
2026-04-16,113.68414773908249,117.29692276597876,59.21717007587519,62.2791174608765,128.04775669083628
2026-04-17,114.09253864925158,116.90552089865109,60.38774227334189,63.35923864279556,128.37911787290736
2026-04-20,111.66478880986932,116.45757986589105,60.3498106098419,63.21945004729885,127.79380530120497
2026-04-21,112.01547604052169,117.38681913198636,60.53471037031719,63.59538923361335,128.29912232038825
2026-04-22,113.48382116923983,116.99375701360341,60.44492203660745,63.46509039124243,128.65238290346332
2026-04-23,114.23326666538524,117.09237965097292,60.79095757008961,63.71385784325479,129.17702267372573
2026-04-24,115.51278964188202,117.61154549080892,60.962086467461354,64.01428530613205,128.78340477215218
2026-04-27,115.72829586028857,117.80102286908397,60.45726855335655,63.61333555587445,128.02571973071355
2026-04-28,115.27521631470657,117.80450270653785,60.14384460254687,63.33099989756619,127.97580014846224
2026-04-29,114.33462969260898,118.1267973704808,59.80696379280863,63.42770562025003,127.86027616893614
2026-04-30,113.24076233160037,117.56170414288023,60.10591378519846,63.644236921914136,127.19600343922338
2026-05-01,114.06454207986081,117.37420147046195,60.36232518541765,64.02884519508316,127.3987156988748
2026-05-04,118.44424339391806,116.1208222823888,59.908063992130366,63.529708306253006,129.2145921352151
2026-05-05,120.40508407780959,116.74837981487411,59.810223185941716,63.35752632853434,128.9296863005575
2026-05-06,118.75020583333881,118.02685774294659,59.76816380039609,63.296142680535404,129.73319937701316
2026-05-07,115.43503280959871,117.96149203158134,59.13467670238036,62.61660814555462,128.95482775186676
2026-05-08,114.50372458101843,118.06603758013676,59.202282665912435,62.64828882966631,129.17812482916437
2026-05-11,113.23632852789913,118.43896034414297,59.12990439261997,62.50249276659348,128.6827008958213
2026-05-12,112.92761917946197,119.50667767159109,59.20893878520995,62.418798382508825,129.30937272853978
2026-05-13,112.221236644892,119.68136750686189,58.95905564266909,62.39767985139092,128.86247611026334
2026-05-14,114.05249725111379,119.11538847700763,58.853809530677935,62.497385620363076,128.93233577704768
2026-05-15,118.61776412484168,119.05065529997051,59.06522753283324,63.079152282840724,128.05639852669944
2026-05-18,115.47302840960498,118.46413054442637,59.239517476636024,62.99102575813345,128.30825084171636
2026-05-19,116.21598169565263,119.48743785262772,59.66145924201872,63.47733281908108,129.19268315616833
2026-05-20,117.48265346142644,119.13019958982632,59.05744654709832,62.70149488029864,128.99257295752378
2026-05-21,117.72782189761655,117.97791055154512,58.87114630380636,62.50588073607961,129.09274294302008
2026-05-22,120.76891845359481,118.1961167311599,58.59551954400882,61.85186193759659,129.49427387224083
2026-05-25,118.85763979956194,118.83474807353514,59.32668939259006,62.25878087368601,130.0391680866265
2026-05-26,121.7476699695832,119.73551338362618,58.3352320933583,61.01151168382023,129.07683588380837
2026-05-27,122.75173045824377,120.05352718187072,56.83486199101645,59.32795475005658,129.34535255952557
2026-05-28,122.96203532368317,120.13746616917709,56.68012268389872,58.93151475645223,129.31988681077135
2026-05-29,123.04145984840798,120.49986420164103,57.105723368266325,59.39974237632109,129.9892228871103
2026-06-01,122.2446238755315,119.1984770078852,57.23800294897675,59.57427592146597,130.23062061021452
2026-06-02,120.62079079086372,120.16200078297454,57.62396519653704,59.918901543889206,129.9318398865181
2026-06-03,122.02694838462457,119.56013818415543,58.70139195601194,60.8630180034117,130.9355891702324
2026-06-04,121.6212296875608,121.29949239905203,58.278097304030766,60.46676435717452,131.74623026905135
2026-06-05,122.7846037664398,122.42816890797545,58.131500040452636,60.35354453238798,132.8674889120103
2026-06-08,122.01002610944313,122.75363963994168,58.04472818111095,60.307908137176,132.8992898529481
2026-06-09,120.95463815012346,122.50401849632499,58.04611049015802,60.28698132019227,133.8759958490223
2026-06-10,122.05332740426616,122.73483999598244,57.80850530774162,59.91850364854913,135.0386319187098
2026-06-11,119.6519384165488,122.7763940461414,58.017285309947795,60.01362498452419,133.66915537008506
2026-06-12,117.5340985902395,121.93772188869791,57.18067437362924,59.742801972606784,133.2785566616824
2026-06-15,116.91017081613973,121.97833031873154,57.447513306415246,59.918269936069926,133.90247639214743
2026-06-16,114.93355293045478,122.83541662919318,57.468818116285156,59.93002066266282,133.379446920245
2026-06-17,113.49484479184883,121.73012397782314,56.98446290532129,59.597772649620836,132.48812326339004
2026-06-18,111.77605237421272,121.11543855851075,56.7101952425244,59.309745448527536,132.21341822438774
2026-06-19,113.34963526914927,122.21724226923298,58.09686357538584,60.09065548517156,132.0374156216398
2026-06-22,114.29539680920107,121.92114450511315,58.610859898223374,60.51307112976134,133.2502551428342
2026-06-23,115.78538200060338,122.81448696964594,58.55182510769916,60.451761997043484,133.16883434954516
2026-06-24,113.39494767947356,123.96682029820218,59.06128546694013,60.7691554275952,134.36619705105196
2026-06-25,112.58049375023135,122.55171624360564,59.37416526582644,60.7854401510962,134.11838262941967
2026-06-26,112.80483488214146,122.81815069122848,59.7935439012539,61.19110959849272,134.56003093434273
2026-06-29,111.63543780156905,123.02514441345389,58.79142550927649,60.78023169670319,133.13136461581496
2026-06-30,111.14533375129345,121.81139309088476,58.12652345935909,60.30196986605423,132.36678533593246
