,cocoa,gold,brent,wti,cedi
2015-01-02,0.28361064322467,-0.5107144694868332,0.5182813231189948,0.8583490993720306,1.0571784301209475
2015-01-05,-1.705644381403301,0.016055442645841078,-0.5132280012644735,-0.5151250326471328,0.7748553726315287
2015-01-06,0.8039149911334298,0.4013626574752581,0.2389491976364774,0.6158221628690113,-0.36195536248428983
2015-01-07,-1.2833882952577569,0.22781078049014955,-1.2597434086829293,-0.7460521298444952,0.18877587174964194
2015-01-08,-0.18510365219492927,-0.36137343335827526,0.9512572142660041,0.8352853573512596,0.1779486470853269
2015-01-09,-0.47448791428854226,0.3596864798787391,0.49612281976068967,0.670661568283823,-0.38287542208622855
2015-01-12,3.2460372539827107,-0.15690302641646733,-0.35348412476495367,-0.7105700628685512,-0.44589019714633826
2015-01-13,1.3214528032795283,-0.010955544170002428,-0.5661500871593746,-0.8177379497848075,-0.27550821012271287
2015-01-14,1.0603979862773212,0.35443171810422247,-0.455132504693407,-0.34198635150438733,-0.089303848688807
2015-01-15,0.25673211860353407,0.4456798345417832,0.3181497991948311,0.533564770637248,-0.1204804772532402
2015-01-16,0.43641778751104415,0.437431931306474,-1.4388302489280516,-1.54841847271376,0.3549195019095793
2015-01-19,-0.6399066879277634,-0.14717089492459187,1.0724160176860598,0.7363371944869924,-0.4452797620639858
2015-01-20,-1.9179643739942709,-0.22688522127544755,-0.08538177750018697,0.11876023944112872,-0.22388341822260863
2015-01-21,1.0526715373677973,-0.15772272308049853,-0.4014949817855669,-0.04702135604352151,0.1083370232380413
2015-01-22,-0.91412945449663,-0.37353926035923996,-0.6499751540264316,-0.4967190583862752,0.07722907136012207
2015-01-23,0.8087098314265712,-0.1856569098059211,0.13997065212346813,0.33356617416429996,0.10800147596823778
2015-01-26,1.0698467685881692,-0.637285993560638,-0.698677734895064,-0.9163148618412126,1.3707223585622623
2015-01-27,0.43647313686181666,-0.17316393208592623,-0.006177601140793516,0.11814808274491141,-0.1932496969069146
2015-01-28,0.9611181425442484,-0.028842229210564688,-0.36384400467662165,-0.3748624482692464,1.4156569457191477
2015-01-29,-1.3857885147719484,-0.6088635534276045,-0.941712594069703,-0.7685294271766263,0.8202935472087562
2015-01-30,-0.3337837028245905,0.5189301198576094,-0.11057708468159477,0.08823711758699995,0.4449076114544112
2015-02-02,-0.1651801940580417,-0.37435700694471014,-0.3083938490187277,-0.08940060711783604,1.0134044746212159
2015-02-03,0.3463056006320849,0.10688044363563762,-0.29060591801200386,-0.609695051763375,-0.015153939153126364
2015-02-04,-0.6466168406074314,0.11444317171037033,-0.002092328379223289,0.5901324071744699,0.17668754695737607
2015-02-05,-0.9403407918975649,0.04331346876544967,0.08193919340249882,0.45473021258568663,-0.4515787267847558
2015-02-06,0.22326387899025724,0.46379090104056414,-0.4005881179187113,-0.5111532134163076,0.3320050089889954
2015-02-09,-0.38431675529939546,-0.7315598243040284,0.24985808424626701,0.17010062929608524,1.040189288417959
2015-02-10,-0.7306634390454742,0.08943799313673453,0.4038411270387193,0.8658623202388692,-1.7510794830256464
2015-02-11,0.20443043967703672,-0.25500530283111994,-0.8603670050049941,-0.822341996264442,0.5424035840347023
2015-02-12,-0.22690176407175305,-0.19342683217066745,-0.1300465779817094,0.07026477195982539,-0.007637464782685525
2015-02-13,-0.15666216869370367,-0.5900489354161363,-1.6957663887421608,-1.924137972420962,0.41577969529416176
2015-02-16,1.241684216974072,0.10390597409194875,0.8142308735918755,0.6692831249029825,0.42849242893473405
2015-02-17,-0.670124277517122,-0.29783484448663466,1.2888736763524853,1.00550505825699,-0.49279707831716907
2015-02-18,-0.6510075791969456,0.33203166849674554,0.31274943778609193,0.25173621883356834,-0.03360127857647809
2015-02-19,-0.6937980711529217,0.22233612726225757,-0.46920988947200043,-0.984565202409069,1.0587979331610797
2015-02-20,0.13118556602814693,0.6751707010872785,0.33544037160755863,0.29587102541153343,-0.3124214085966378
2015-02-23,1.0160812968599733,0.13832971868496358,-0.150709137048741,0.18652145196227823,-0.2870257413461087
2015-02-24,1.8606986216866863,0.17980211329852797,-1.0100722204229255,-1.6661687494479813,-1.32234486561026
2015-02-25,1.8257950064909065,-0.018517188478694126,-0.16001096359463354,0.36152228741138365,0.6731796340637587
2015-02-26,-0.8494191794833394,0.22955599126354725,-0.2676535902773347,-0.28018777293741176,0.13004547029449207
2015-02-27,0.332107778504547,0.6291057621807934,0.26969795914340206,0.4978630811015685,1.1530556571748898
2015-03-02,-0.03909284301165021,-0.3194986728322702,-0.8405461012777881,-1.1478112992836569,0.3705693147646152
2015-03-03,0.9024288191316548,-0.5895064836252679,-0.06600530474681902,-0.2421781832140559,0.27055436054580595
2015-03-04,0.9026645773785671,0.2677790511743314,1.0908177096682155,1.0937106581937706,0.1550846862894432
2015-03-05,-0.1644238113656884,0.08090764163053431,0.11350496186170636,-0.1699448660761208,-0.051732387779765174
2015-03-06,0.14096797231752595,0.8171076772387568,1.2553522382103304,1.0611676437626782,-0.14992176673760452
2015-03-09,-1.7829012482472109,-0.4263601262002414,0.03217301669774629,0.5365132362502625,0.5815364158381272
2015-03-10,-0.5314180408359708,-0.9250720755905683,-0.39401945404246674,-0.6963873814947814,0.4080605757055129
2015-03-11,-0.8944121581008561,-0.08857041768617943,-1.6357341897670672,-2.3701517986611202,-0.9931452559121121
2015-03-12,-1.1037265383327077,-0.5357047150753247,1.1583430848426508,2.6445456668312772,0.5455846335570613
2015-03-13,-0.4452530779611137,0.1998020740340581,2.198097095719223,2.024686411818775,-0.03496218944824294
2015-03-16,0.544039708101107,0.18495271419910408,-0.1587166179861855,-0.23164112018895192,0.5129544463865446
2015-03-17,-0.2427999649940519,-0.15632931137222952,0.17398278035574793,-0.10933387222932042,-0.2529151709746955
2015-03-18,0.7105795613150184,0.0885978630857788,0.3726340309918191,0.4365758900284357,-0.07213627781172428
2015-03-19,-0.7921120850202455,0.14882836036265784,-0.1451568833993407,0.9911953393927484,-1.020989490249005
2015-03-20,0.4473227983197999,-0.4518863661883399,-1.4774094810931653,-0.9102459042360934,-0.011684325860333232
2015-03-23,0.40866823385849327,-0.8216764645764417,0.6360731282074926,0.8496023915980943,0.6017141316874338
2015-03-24,-0.358398097037965,0.10081882050940258,0.033485045790129495,-0.07245638709943814,0.04918933199756232
2015-03-25,-0.12891543741964567,0.040148005096186816,0.8181785603578384,0.1959024952680803,0.006665488690526562
2015-03-26,0.12811538794752392,0.13334008203823983,-0.2348022144433615,-0.8471504231129962,-0.12598166397607125
2015-03-27,1.8438951097267615,-0.803847791014464,0.8195832746419132,0.6691009919551187,-0.019202572573002875
2015-03-30,-0.7851910276870251,-0.16549504556810402,0.7636977938716604,0.9399471773908665,-0.6706358210603482
2015-03-31,0.7805245043019993,0.1854462905785901,1.2411704253885731,1.376488815570639,-0.44357561313227056
2015-04-01,-0.30085144336930447,0.023135454626945315,-0.7246716203128115,-0.286267577432095,0.7234462416149045
2015-04-02,0.5395173720686331,-0.04617883684129373,0.8522318319619038,1.0616305180580319,-0.8670847307631014
2015-04-03,0.46602408284890595,-0.5192907252190628,-0.159639485749527,-0.48393369615544934,0.27052355369289594
2015-04-06,1.0695742190336237,0.28250719393486473,-0.2660182454362401,-0.555330601963713,-0.05892986029591493
2015-04-07,-1.2109144959950267,-0.3857743870495743,0.03932397777933732,0.4740868294124388,-0.23628291721454192
2015-04-08,-2.1369124994772917,0.04983746836317241,-0.10792355413821948,0.018680730377773676,-0.6355191306661102
2015-04-09,-2.0669242343916014,-0.29652241679421276,0.15155973452249646,-0.29453357171388655,-0.5405234899723557
2015-04-10,0.3122914455021293,0.2944148208268048,-0.20443453033160222,-0.010004225152389669,-0.4202873920545686
2015-04-13,0.2709014955861001,0.12021727916685758,0.2569837676787391,-0.026059008631927925,0.027070726098484182
2015-04-14,-0.12377298491187982,0.12645230619003814,0.5740819075021834,0.30915036572002924,-0.025903453990336327
2015-04-15,1.5479268481120847,-0.2613263012377793,-0.5239122024368024,-0.4414199301943277,-0.31892201168863765
2015-04-16,0.012280338551221605,0.5947632201915862,0.7900249365917871,1.026295648462976,-0.4047169265671972
2015-04-17,2.5525803209236138,-0.007301994126526783,-1.244084421602908,-0.6932420243134214,0.22617054441632678
2015-04-20,0.2091200014763901,1.0177237630265354,-1.972640893511845,-2.769115741996504,1.5248032453378744
2015-04-21,-1.4423736041771578,0.2817496379054543,0.7244606707097931,0.968753189470177,1.41545750378797
2015-04-22,-5.295398478457439,-0.09034605063066153,-1.0051703780416799,-0.7698491814980778,-0.3973373697718585
2015-04-23,0.21030841220584526,0.31477507970945817,0.29796217293464994,0.4990380759933594,0.30008287751293594
2015-04-24,-0.2979475364902356,0.08463005413627032,0.738161897180891,0.5985225312629383,-0.4170586559080531
2015-04-27,-0.4580069447262067,-0.06867290084721159,0.7432660138117854,-0.08766670868880827,0.848397115423119
2015-04-28,-2.2749888426161275,-1.1409659099242415,-1.0730020435606213,-0.7685766580530057,0.5269537426497962
2015-04-29,0.23808636246163387,0.445818068689288,1.0900314686098762,1.0040052160777255,-0.8752164580443607
2015-04-30,0.1996896391183985,-0.6411341219507538,-0.9895689606191501,-1.8831771635604349,1.1315442827298616
2015-05-01,-0.48095232900775486,0.3903748558595521,1.700481047880694,1.130315385868185,-0.48509625092273706
2015-05-04,-1.7499384847624406,0.2417542656422136,-0.20560203613018213,-1.1220335757965751,-0.6641990326811683
2015-05-05,-0.4960966568764523,-0.1785581717182078,-0.7124231262096358,-0.8813879725069425,-0.035780110804521474
2015-05-06,-0.22943238118889292,0.14658441670613018,0.34248258479561383,0.8573261179303706,0.12803383149311157
2015-05-07,-1.4003624990215635,0.3437181604804334,-0.2125574028889724,0.10985466326983301,-0.14312064987681186
2015-05-08,-0.1288816564930605,0.1308529540145458,1.45498275207017,2.3039259401445236,-0.20127590580005558
2015-05-11,0.19402749434891736,0.5427747764985722,-0.6047270047159973,-0.5120309274686051,-0.0045171473416747866
2015-05-12,0.24041961210342597,-0.2649522707422657,-1.0634934484962784,-1.8774794601257652,0.5127111311363163
2015-05-13,-0.8274454979701014,-0.2574572459215046,3.3833708697903324,5.580546284135232,0.5813630329021688
2015-05-14,0.39343756456219553,-0.18932316514115308,-0.4260476035751114,-0.4393110958510767,-0.2884505508927825
2015-05-15,-0.29908479952051814,0.4182043803746589,-1.064982804780776,-1.435215978522506,-1.22905637664596
2015-05-18,0.19496759162785504,0.6125496811726329,0.38922173805164867,0.8928490191063477,-0.10198474356184033
2015-05-19,-0.1405722330006886,-0.3299622922127791,0.26833125297928007,-0.13297878534177754,-0.2823638015791683
2015-05-20,0.71604563070664,0.15098002521099585,-0.06715464799840205,0.10931025876356691,0.06699063813629334
2015-05-21,0.8128409205052497,-0.793654845560543,-0.5180642073893175,-1.8344711078254334,0.8927463793668732
2015-05-22,0.7859803010517314,0.30796104533796814,-0.24189956095344192,-0.8742867626832554,1.0625381412831127
2015-05-25,-0.44139101148232823,1.1133176367307496,0.6770726782988147,0.6410643209744846,-0.44927629954791837
2015-05-26,-1.302677907913987,-0.2023430580331315,-0.11733018272736812,-0.19492019618183432,-0.30845033937295246
2015-05-27,0.19925007089889918,0.23186567430745114,-0.2935473538698482,-0.09585518506442624,-0.5945521552412112
2015-05-28,-0.6564157232115774,-0.37651611521684836,0.684898790027924,0.7904356892664237,-0.5953588200267919
2015-05-29,-0.5213331186051271,1.0246178614835209,0.36978388717927924,0.6239304741489304,-1.5570305463389023
2015-06-01,-0.3303374008968994,-0.5765017250821027,-0.5702696118650058,-0.48812561803604587,1.4975649492662753
2015-06-02,0.49860688855541335,-0.24909775353614586,0.8555882326002497,0.07401728213617229,0.4536685816617385
2015-06-03,-1.0391037085039652,-0.3721999590738928,-0.05892821483818384,-0.11764748119355811,0.2620466356434254
2015-06-04,-0.09369803372089075,0.07110708324445944,-0.5413634554268701,-0.4075255681230561,-0.2448074895574172
2015-06-05,0.3018506809341143,0.2918209994443246,0.3199570193796534,1.0826445577964663,-0.07057392993720737
2015-06-08,-0.2646550982032513,-0.43091298435719266,-0.9980730214696388,-1.7151503378463702,0.8476851361303308
2015-06-09,-0.05420050587636401,0.16422672169711142,0.07599610201748518,-0.20604250332551455,-0.5870072821376396
2015-06-10,0.5300460440835039,-0.04566609591373472,-0.4060895586131519,-0.2810666861795603,-0.07591266202857834
2015-06-11,-1.1815401548520177,-0.08892291112475327,0.052523087596302684,-0.2640348367026795,-0.03593332016375627
2015-06-12,-0.9038532038553597,0.4353159324796052,0.6981968855893371,0.7209381460166621,-0.24832936497420893
2015-06-15,-2.4442414695291257,-0.674743591932843,-0.5842062244612268,-1.0554889221221175,-0.12032700168077631
2015-06-16,2.755028915178866,-0.5809362082080002,-0.6612590404278816,-0.650474625231748,-0.9348838891068896
2015-06-17,-1.5424567297332201,0.07432587945921003,1.3084598275712105,0.7919330874683628,0.5939960789882368
2015-06-18,-0.46233382166027925,-0.23973410807051182,0.4684934695175769,0.5399975795888708,0.9070559303744383
2015-06-19,0.4491689387247317,-0.1894861359401148,0.7147564981947143,0.5454087556853993,0.190716255481942
2015-06-22,0.7183084750913435,0.4466438944045882,0.5841132677266114,-0.07159843730478435,-0.4864883634588455
2015-06-23,-1.034229300551859,0.06382519235613952,-1.0640048541443416,-0.8646171632044636,0.540215794887567
2015-06-24,-1.2798251964012453,0.24983422603533503,0.14519507184587482,-0.03471777386470211,-0.7131379113988345
2015-06-25,-0.4093122237142885,-0.0010223559917377457,0.1425730698981559,-0.02917874445442122,-0.21320671987504025
2015-06-26,-0.5763163018987536,-0.20758357955887863,0.9618853300166066,0.5393711570164711,1.4697621409391295
2015-06-29,1.4927718143956379,1.094877969836844,0.15460394298056251,-0.34095030460759534,-0.0718587174323464
2015-06-30,-0.24468682377339473,-0.08614396523675083,-0.7261763278484418,-0.5026979509888229,-0.13822928960108632
2015-07-01,-1.6751163529613011,0.29115089898355,1.6881033037013886,1.5550002032006807,0.017971962700484883
2015-07-02,-0.13730464782631846,0.266242636606034,-1.3565026145807513,-1.1285865117397476,0.29854190683445075
2015-07-03,2.061412164294415,-0.011772404642121148,1.7963555959689728,1.1036887330707275,-0.5322666498826564
2015-07-06,0.398393754782899,-0.44246931333252365,0.0714180206597381,0.5278538586008102,0.2094237781617168
2015-07-07,-2.6716967273467676,-0.09013911596174448,-1.405509756708314,-1.3268349134051118,0.25892327767902346
2015-07-08,-2.561810765584943,-0.9170621650340844,-0.010137458034865189,-0.216641420159994,2.057199552639339
2015-07-09,1.1602628792997174,0.17676949452478394,-0.5729006666230128,-0.9937130248550852,-0.6519077662493613
2015-07-10,0.5907612328628304,1.699765569174355,1.0487666463367653,1.124222927611041,-0.26811508373219023
2015-07-13,0.9135242919614245,0.36769821148127313,1.2102813552032154,0.9001904608946892,0.02891679415332598
2015-07-14,-0.47568342194540664,0.36399375196615535,1.2385754327897143,0.93221591991416,0.052675688928996676
2015-07-15,0.3664013696730249,-0.12739655846586753,0.9137427671071437,-0.02817171995177331,0.41098630868703745
2015-07-16,-0.8629349661521639,-1.4144005599574994,-1.3985897105166265,-1.5231801353827836,0.4426865363988699
2015-07-17,1.3552179096694414,-0.1047367886422256,-0.9915319053768494,-0.8769250329306458,-0.5684553313541574
2015-07-20,-1.085743348433069,-0.6052075112548493,0.2637876976754278,0.1444211089799009,-0.2682879241592997
2015-07-21,-0.012682441199152355,0.37320069573461717,-0.738851615440876,-0.6343433768017238,0.1268545295013646
2015-07-22,-1.1895824196308933,-0.9311737332843483,0.2138511313795892,0.07138804348819273,0.5812154589377058
2015-07-23,-0.09845322135795642,0.6943692111691402,-1.982080022940009,-2.393657320006847,0.5975491462597537
2015-07-24,1.7185910111995886,0.2685316760123374,1.0932392954966599,0.5084345659168932,0.4447780332783589
2015-07-27,0.3943419483571835,0.04739175128446089,0.5036508297728428,0.3971201502490595,-0.1717607355574243
2015-07-28,0.1706084652075967,0.4965264647992207,0.9912133873031646,0.2363704530323546,1.156143712002382
2015-07-29,1.3121669873110509,0.9731503667335847,-0.8403987418012568,-1.7080929539123388,-0.12057227536394319
2015-07-30,0.8942600127782951,1.114820654434659,0.8378924051250506,0.67291799963663,0.21820693920134943
2015-07-31,0.01626542537537789,-0.2718214618722823,-1.4778105169410274,-0.21576097298175642,-1.3570122811628327
2015-08-03,1.0175354661593896,-0.47328798218475465,0.7393695963807276,0.85716673807063,-0.3211714198528127
2015-08-04,1.1115340072192648,0.4068492182148368,0.8624997762740811,0.9787807002710025,-0.36450253227320534
2015-08-05,-2.1304769730442428,-0.03907280359588608,-0.7870840233932493,-1.2585895907238516,-0.9207562974144182
2015-08-06,2.2126757214027784,0.9738850778421271,0.6940417871427389,1.2387338892131627,-0.2824030684216952
2015-08-07,0.19167374137612245,-0.5340225117733386,0.16530004167766796,0.1756530256090563,0.6371694859579283
2015-08-10,-0.037788041062090945,-0.033178551230290294,1.0409663824905135,1.2545366048882423,-0.11598236533606714
2015-08-11,0.25602019297358536,0.03620842479440656,-0.13631065773833428,-0.5241165222292822,0.08391761972353022
2015-08-12,-1.2582441741922232,-1.2459253259324725,0.2616146271319535,0.47440242504933905,2.0716046347769024
2015-08-13,-0.13910853055775638,0.6807083040835686,1.1178428560131108,1.587383225654686,-0.3017885566641366
2015-08-14,-0.7675815157033173,-0.6492409093174891,0.03811499092312802,0.16283819673970906,-0.7162089309123275
2015-08-17,1.1090138487514247,-0.026668197146975565,-0.9218336990275329,-1.0797253127317346,-0.06259930425820238
2015-08-18,-0.17986948256807925,-0.32459741581222146,0.09274778274211384,-0.0717324560427663,0.409495151061999
2015-08-19,0.276329368712766,-0.20728957291933467,0.15383350578185484,0.24441054175923987,0.6667311514229437
2015-08-20,-0.4118681718316314,0.767331181686629,-0.6907365704822245,-1.4508441481808634,1.2235960916739557
2015-08-21,0.0399238979469319,0.030026301920585093,-0.12482731735388573,0.5352785070018126,4.534433189606705
2015-08-24,0.3654914823160929,1.0099700623499945,-0.635462958146863,-0.8400627717775123,1.0408825057022073
2015-08-25,-0.8430328339481459,-0.2585720661521696,1.0435532067769457,2.019663730397729,0.2933777831421589
2015-08-26,2.0150792113809883,0.11991063166248231,1.856982357074049,2.195290722982281,-0.8687585454650545
2015-08-27,0.30163064128493244,1.72844968209313,1.1418301131574042,1.0461899023815928,-1.7212751979481626
2015-08-28,-0.42136623303332277,-0.4357291522116397,0.894128647521498,1.0163386512893975,-0.4823551475559297
2015-08-31,0.019594510575300407,0.34323572504634753,0.6779315970383271,-0.5466207965658947,-1.3632360109564907
2015-09-01,-0.9804016003741057,-1.1224261671161222,-0.4166015204828886,-0.4186655977345804,1.274517921405611
2015-09-02,0.8679817954374093,-1.0177886832515337,-0.5291338562373542,-0.8500451426357082,0.2909526451391613
2015-09-03,0.23607800265023618,-0.6598624336329161,0.46357533784443755,0.5168842827856966,2.0355043820246324
2015-09-04,-2.2631558802992124,-0.13288589280810834,-0.4302306801477645,-0.5015725225841676,0.3384215917237998
2015-09-07,0.23317291848775124,0.6642983382819105,-0.7494591486560407,-1.266312105421046,1.238529993556876
2015-09-08,0.2965504996640105,0.9059351959082105,-0.1462124177341066,-1.1828331766771802,1.8757649760291153
2015-09-09,-0.6017838246020052,-0.3186275248585561,-0.34946814894415384,-0.3908559062094377,0.44582615617107485
2015-09-10,1.1561131534901452,-0.4446073477097545,-0.7327356886159826,-0.6205963508667021,2.1725149667696737
2015-09-11,0.31531733648679383,0.07421952922447915,-0.051898939046055644,0.4279864825536186,0.5459735023382271
2015-09-14,2.0946455933975803,-0.03646786487386686,-0.769534661933417,-0.8146149278317424,1.1886019145115942
2015-09-15,-0.6248258400819842,0.16321161375639365,0.3104800626990481,0.16377741041634478,-0.8830084581025233
2015-09-16,0.845781268864213,0.6561746467129317,0.47227314141233984,0.8377937881816688,1.045667781914415
2015-09-17,-0.3085234819949744,-0.5249559853869988,-0.04898433185522978,-0.23902987379844043,0.2945363197661094
2015-09-18,3.141563607666394,-0.015179186956872898,0.6027366679050573,0.5282872871933918,-0.39584908737889735
2015-09-21,0.009217767675971504,0.31761418651772455,1.1192799315247173,2.003344317121257,-0.6342846797577345
2015-09-22,0.911427558069514,-0.8306066371934299,-0.20655923995232428,0.20794436085767865,-0.8172492612762208
2015-09-23,0.25566602468540933,0.5602983752265188,0.5140681248294326,1.0851020222429608,-0.4557450819456567
2015-09-24,-0.4266281331581457,0.193789708459011,-2.868218527162005,-3.1261984344452474,6.120204190544805
2015-09-25,-1.8134204016591933,0.16195094782237512,0.3303123128000494,-0.16413584685164148,1.30732773228013
2015-09-28,1.2848313515674425,-0.1653429515380663,2.051421239190549,2.1946251366855503,-1.241581474712816
2015-09-29,3.0809568540065606,0.20079791972273128,-1.276066230686275,-1.4238623144733211,0.05665863358041059
2015-09-30,-1.8482985610337148,-0.18346605233566918,-1.0307922521340158,-0.6103055323095945,0.3777204645396817
2015-10-01,-0.43141334037190493,-0.07397656892316846,0.20674891488495975,0.5402687237802789,1.6666724227713523
2015-10-02,-1.3253897652790314,0.49435174019676337,-0.34066788513196816,-0.9687728865885326,-0.5420377628900632
2015-10-05,0.6289172982366992,-0.8225127186492384,0.01952355540215182,0.35454240813500065,-0.3396698889298959
2015-10-06,0.6539305342091909,-0.6048017690711798,0.1277678756443622,0.019199588953653028,0.5787665324654074
2015-10-07,1.2936372460788985,1.048969896450486,2.7800612921502927,3.9552472432189534,-0.728724810931993
2015-10-08,0.4630449145350884,0.5072622570875506,0.3801259356843452,0.5338100965414896,-1.2355967296903005
2015-10-09,-0.06618466778422173,-0.41316715079323457,-0.5975427511590564,-0.34525662169105925,0.17846719815603568
2015-10-12,0.38142384094508214,0.40424591986837194,-0.23365845002878574,0.14328361361657735,-0.465599403401495
2015-10-13,-1.3425502491594374,0.7540141701512713,-0.3974765255552991,-1.2765162590694827,1.0150616471877518
2015-10-14,-1.574499311602845,-0.022543542762735083,-0.5128204402012977,-0.8184292616826694,-0.5849379710272556
2015-10-15,0.2724100963305879,0.13762182289295033,0.34398145897959614,0.6087605629609999,1.3128661511484228
2015-10-16,-0.4111172228982701,-1.376673769600225,-0.3722411644837801,-0.43939389733288553,-0.6642629454415796
2015-10-19,1.534848672745465,0.21573462191359705,-0.3269316831124615,-0.12315620757911586,0.45716870304359275
2015-10-20,-0.0012810084423432995,0.5829067712578675,-0.3151499502965144,-0.026378686270680622,-0.5855833803745786
2015-10-21,-0.9467932784132607,0.5115687042074938,0.5831481796781556,0.6783624482029893,0.43441552266306177
2015-10-22,-0.5854475381382741,-0.2392137148332984,0.18241801539181662,-0.04326308376976393,-0.169494894153679
2015-10-23,-0.9739265527066426,-0.13498899883266138,-0.046445836308329116,0.633628936094889,0.8170771345400408
2015-10-26,1.601326356330123,0.15452522687803308,0.4761231925919092,0.5559643577287777,-0.48937368876792214
2015-10-27,-0.10980504772060086,0.5573545941271243,-0.11221015441558514,0.1513127611256717,0.2296358175698307
2015-10-28,-0.043043042728596013,-0.431508639079728,0.13397150346715836,0.4846348704893198,0.062165498616354196
2015-10-29,-0.22115062512352096,-0.7445144386765192,-0.367624370298936,-1.0400164210880645,0.8476980310317451
2015-10-30,0.1334973327881528,0.4802703913957738,1.4805689022901547,1.4845438618300626,-0.8699303035700272
2015-11-02,0.2298636758434663,-0.07649921561735926,0.36129126059632055,0.4030713582217269,-0.12263453035767354
2015-11-03,-0.3277874579212816,-0.7333518111123585,-1.3992499635178979,-1.2120936025307048,0.42466702350626384
2015-11-04,-0.3781823606632231,-0.015947321917057274,0.45280684718789804,0.497730547864794,0.2414501794957305
2015-11-05,1.5907439972204593,1.3945561066050884,1.106648685463797,1.6905691088057588,-1.5905189607953245
2015-11-06,1.0464353123663337,0.42677495932116916,0.7062826376455852,0.9562074224261967,0.5279603236172519
2015-11-09,0.5835633325802188,-0.7185650424791651,-0.7159968192186141,-0.302033176696675,-0.35153873608097197
2015-11-10,1.091196314318394,-0.07183351993129417,-0.661218489974636,-0.7481493563494207,-0.00692111305413732
2015-11-11,0.06915443591417043,0.6572773256325614,-0.11870572931477444,0.004629296105662981,0.4976877276053721
2015-11-12,0.5704037553192124,0.0331194065075832,-0.7867721401439456,-0.9175182388202786,0.21664180578628514
2015-11-13,-0.15693568031375812,0.6915600111300316,0.09350400793903375,0.042773037373970306,0.7234148097844677
2015-11-16,-0.7341704820794364,-0.18520342043563826,-0.6161872576834282,-0.1727741470460751,0.20573312307464398
2015-11-17,1.0111595487692333,0.08372895876094959,0.1381749413109572,0.10865339334266083,-0.07064919054911566
2015-11-18,2.3092310525166755,-1.8040468191155288,-2.6060032484140514,-2.949727860689011,0.3333072874379324
2015-11-19,0.5232751743439139,0.2627500568425992,-0.15975663827767855,0.17172977645978554,-0.4044790747021251
2015-11-20,0.19353816764933512,0.6919865086019441,0.47235130781034895,0.2283883203874762,-0.46266721952978507
2015-11-23,0.11823116211328188,0.007716347088625855,1.6525177916333749,0.43053235741328855,0.6630985880082922
2015-11-24,-0.868514686365162,-0.22479533410364244,-0.35540138654518333,-0.7753074760902581,0.4723133588250689
2015-11-25,-1.0682370070713385,2.1992475573055037,3.1599290054168505,2.5830691763419327,-0.1328016565365726
2015-11-26,-0.9886186942667643,-1.4698196811409885,-0.6666392603451521,-0.9995100716540946,0.2124512095402632
2015-11-27,-1.8746224142770374,-0.8405843267499183,-0.2441072262799369,-0.02840226439941723,-0.08570555833427514
2015-11-30,-1.2338682303213382,0.5389352447748027,-0.8171574089172882,-0.45427933938055204,0.0547626100430463
2015-12-01,-1.2338406619372249,-0.28336349469725064,0.1288961121614091,0.31487014007163394,0.0862676849731614
2015-12-02,1.8681392766528995,0.9600990169190492,0.11989942739403103,0.41797781477004087,-1.1379574495133242
2015-12-03,1.7466229675469844,-0.6290063634808644,-0.6751352671920434,-0.16482186586708963,0.4470425310640981
2015-12-04,-1.5434874479831453,-0.43647123956766515,0.15955394309135662,0.09806215181893399,0.3747899822976102
2015-12-07,-0.5352209109595523,-0.3867898545992392,-0.6826864729251532,-0.04975510320409048,-0.0021332454894437154
2015-12-08,0.7847115738587455,-0.2348182396059904,-0.11272980960783077,-0.27442312736687635,1.0979030857585321
2015-12-09,-1.5004386951467286,-1.339532318290347,-2.60529906126293,-2.7827197923216573,-0.2571016348595443
2015-12-10,-0.046490200337486014,0.9251980918521027,0.6513273532842774,0.9358823475963227,0.3053194017227365
2015-12-11,0.725454298619774,0.7502582705746828,-0.517261521531586,-0.1700752886042476,-0.40666146555669
2015-12-14,-0.4467777656186805,-0.6843395264391806,-1.1702995182916898,-1.0461663522937206,0.03556349099768938
2015-12-15,-0.8965794979294779,-0.029644246431745576,0.5322821023499569,0.7633263734512048,-0.8860648526119389
2015-12-16,1.223786932345418,-0.5954660887058375,1.5850688986021544,1.2264890052576967,-0.6394298748262421
2015-12-17,0.046417782087655624,-0.193295632596908,-1.3521594294957053,-1.249854999290113,0.7068452867101185
2015-12-18,0.716614048893184,0.8377125020364301,-0.32349340426485784,-0.18884029572482167,0.21046181840092165
2015-12-21,-0.7150229497828754,0.5923046991436764,0.023089207856183392,0.8214242835853411,0.2438271223874963
2015-12-22,0.9244677463798237,0.11586885289223631,0.8679677327998376,0.6173923860172428,-0.09142107060963618
2015-12-23,-0.09672604815078702,-0.5054718826446658,0.4240090868802631,0.593196593341656,-0.2417158379486335
2015-12-24,1.0598811810964304,0.7646077550113605,0.044233489560349566,0.14036233307372104,0.10013023875207601
2015-12-25,0.01626147322692532,-0.29550710147515025,1.0258357570521899,1.0262036022796386,0.005509841544556803
2015-12-28,0.9341450476768052,-1.1891314658912455,-1.8523001892959163,-1.3897736993510252,0.1641015965531789
2015-12-29,0.19420562519227355,-0.7839722146050481,-0.19131299919220005,0.47224413094607187,-0.23781886539500363
2015-12-30,0.14049901803394185,-0.2768218917970434,-0.40603942783198504,-1.125620920141052,-0.0420673132683483
2015-12-31,0.6514133482653423,-0.9252173043222545,-0.6875482281084702,-1.0459076433919197,0.4412066281355244
2016-01-01,0.04488818539984953,-1.5141287762531301,0.2285120365456579,0.48748947294063916,0.16944383181596026
2016-01-04,-1.8699937356602923,-0.7291082521100954,0.5266496974440944,-0.30378006274462144,0.17786781078656688
2016-01-05,-0.9722084816198066,0.4500359892680077,-0.4879484524940409,-0.33440501260832733,-0.14460651069375968
2016-01-06,1.4219267728318854,-0.030688270453320347,0.35714588485941273,-0.048381553200503816,-0.410934164737236
2016-01-07,-0.5828771628928443,-0.33806336692363137,-0.13086150888381864,-0.5130683221563154,-0.012586268021764647
2016-01-08,0.6170593893817891,0.16686734138259096,-0.7326880694919844,-0.7119131011353285,-0.14753732707056672
2016-01-11,-2.179650574380523,-0.9030194230187277,0.38196877912247457,0.4454200445138076,-0.08399880356552694
2016-01-12,4.138001035799261,0.6729483211792675,1.2301228414666017,3.196125826853208,-0.11188887462690607
2016-01-13,-1.341434729162258,0.2690101866154067,0.367835313359827,0.2222111079543764,0.3896198651149535
2016-01-14,3.4749361743549207,0.30036510842101927,-0.27336095949376576,0.0077053072621256795,-0.020854532847820836
2016-01-15,-0.4176937848447736,0.3462828590974902,-0.9629240408078339,-1.0552606122410866,-0.6857716857876885
2016-01-18,0.7419441927404999,-0.21251546550995398,-0.40661090573029696,-0.6750610077026027,0.13998349186587813
2016-01-19,-0.6345983885251306,0.6090476445347552,-1.498724215033304,-1.337744974550784,0.2457428660783012
2016-01-20,0.4716387434275622,-0.5869227408619976,0.890928517951075,1.494234414141467,-0.3676027833100623
2016-01-21,-3.37572346129479,0.6087925016695869,0.435072800832491,-0.45378584708308073,0.005944028026911394
2016-01-22,0.4860589242160672,0.29992781177781036,0.22266894624795652,0.3545289529214111,-0.5499134609725965
2016-01-25,1.6048055473553857,-1.5018993307580768,-0.4512947389832794,-0.5716683475341153,0.7867934796316248
2016-01-26,0.10798830557338983,0.6614793299175424,-0.5215682948883671,-0.47189342608811535,0.3142819054967093
2016-01-27,-0.5196356799743602,0.5253365042692997,-0.153691573077475,-0.07146473945744913,0.445375820355632
2016-01-28,5.441293681902321,0.8289168502464404,0.1834937959027663,0.5308577710539669,0.9377914434032113
2016-01-29,1.9931319256863027,-0.12913693768825066,-0.07060149510021706,-0.21815646852698084,0.23160561876733388
2016-02-01,1.0804156650011834,0.1646647998201498,0.4523386129202355,0.4791435202462219,-0.28955943428336506
2016-02-02,-0.8328519873141653,1.6576376490307245,-0.9839785245000288,-0.5411484560164324,-0.7770095355430876
2016-02-03,-1.4723671419670028,1.6396236757668639,0.9578027801387804,1.306127979575733,-0.22111452247261223
2016-02-04,-0.3795723245675521,-0.18721110618942494,0.2591729577124451,0.7756184285320656,-0.10733638223981638
2016-02-05,-1.2355415805956946,0.4849807933135319,0.5977908767534349,0.824281888598065,-0.36591576991582514
2016-02-08,-0.3148234982722395,-0.5422300639657724,-0.5994170604751694,-1.0888526138212107,0.03334294348013668
2016-02-09,-0.14828129739375806,-0.4015601861001618,-3.714505925193357,-5.325701558714496,-0.27506694536898274
2016-02-10,-0.8066481542941433,0.19088831147283855,-1.5890469379177488,-1.080510474755799,0.13661065083422766
2016-02-11,0.2814399946609906,1.245266817446658,1.8975642453176973,2.1116213008530615,-0.010857220939105346
2016-02-12,-0.4486361073619764,0.38366007040363814,-0.07863758684959804,-0.36844504411490675,-0.6926087809739626
2016-02-15,-0.24045467727006212,3.4804145691747634,1.0381184746031769,3.5527604767626912,-0.5688070122375445
2016-02-16,1.3337722274957067,-0.7851865111295355,-1.2109139381499696,-1.24872074329511,-0.4380284653428858
2016-02-17,0.05496733408875313,-1.6078591940765201,-2.401096844123543,-4.778697724272612,1.4529469699569313
2016-02-18,0.13764452211885803,1.393875575779273,0.2891232727139057,-1.7225047185389046,0.032304153590476385
2016-02-19,-0.11594210059998174,1.540062407092732,-0.9298543171768705,-1.5909084694098654,-0.6833229228935335
2016-02-22,0.2949940338675752,0.41768196595305096,0.20467860387887618,0.46721384283423556,-0.3380561327298438
2016-02-23,-0.5722382736738435,0.6097496673116471,-1.0844965777105802,-1.395080587369197,0.002405128026023314
2016-02-24,-0.6012755354476705,-0.07364399549580568,-0.79484257118298,-1.9284124899996145,0.27951621438276086
2016-02-25,-0.7452843684979991,0.1625235651162723,-0.9536966710521165,-1.0189876726195228,0.5144299576446395
2016-02-26,-0.8556982165523591,-1.0279204163508093,2.106178809025743,3.398737403965948,0.09877126379067414
2016-02-29,0.5527360169132197,-2.550074547083125,-0.48502188593877055,1.0051634085367864,0.05680834609709385
2016-03-01,0.049404802914406847,0.48298399061128133,0.9079036895110376,0.16518898884439906,0.554420849694813
2016-03-02,0.1957144678192035,-0.7847834599188754,1.4636335850416935,1.7274658629719364,0.9985226133652892
2016-03-03,-1.4285824465985406,-4.2364659494660835,-1.212674519552057,-1.7670708679749336,0.67251105856381
2016-03-04,0.880384008425809,1.5883183612784464,0.16509072966830185,-0.9490257313725425,-0.3977214988295615
2016-03-07,0.44041490565830693,0.42510698578073847,1.0309773401938513,0.7101048647131125,-1.1721302740737858
2016-03-08,-0.7390349373845699,0.7662568267834883,-1.564769234849195,-2.4866299633888542,-0.6416012965320368
2016-03-09,-0.19055775157308394,0.8879366988322925,0.31594837172962026,0.354794561381925,-0.777301342267156
2016-03-10,-0.17776678278692773,-2.0865662297863428,-1.066201076718882,-1.056787002294691,0.01033728099164414
2016-03-11,-1.3562226968037296,-1.0796513109281998,-0.9058655119319164,-1.3121438932931537,1.0555457870958027
2016-03-14,-0.520088088067048,-0.9323343133658635,0.5331130032721506,1.057569654813482,0.09692798801672001
2016-03-15,-0.2716464000088595,0.1083832830398345,-0.6590201843062479,-1.3037527530360355,0.5281841653482509
2016-03-16,-0.47958109114564956,-1.3209698114320254,-0.09962654414885715,0.1990319512483226,0.9825538016976619
2016-03-17,0.0217145275562316,-0.26982651953180337,0.28679880978065875,0.3404372345242247,0.9656464233845947
2016-03-18,-1.1985598307372414,-0.09083397927814926,0.8613548327041668,-0.09754812425673266,-0.25424903357499945
2016-03-21,0.9774279490282096,-0.05904625620743662,0.5443962479427399,0.330726012694119,-0.03668743732641675
2016-03-22,-1.0658245250615341,-2.028637574647243,0.2052962258929097,-0.07228326340311615,0.33755928986407563
2016-03-23,-1.0603530623060018,-1.462213003277849,-0.40029291279257817,-0.6836183479336259,0.0050144027104933675
2016-03-24,0.29311996580745725,0.2924891032098588,0.19956421348179917,0.6557722127658488,0.3384417557892136
2016-03-25,-0.04788963121307638,1.2705593117940341,1.188316204147897,0.7253118279359019,-0.023154675691994198
2016-03-28,1.0919895579587169,0.612636488651694,0.33052122948807716,0.26684075346360436,0.05810249519273996
2016-03-29,0.2198079297733611,-0.2132153087834112,-0.03518035144647258,-0.012689530898479573,0.27456417401556704
2016-03-30,0.3584118867265035,2.6246119865526234,-0.7410247899557649,-0.6412754631413741,0.20106175137565327
2016-03-31,0.48483874602277893,0.10809011036286248,0.6565083955525888,1.072249022392679,-0.17422970088869333
2016-04-01,0.7889933813975203,-2.2073236308239528,0.8598630282630504,0.9832895440065326,-0.3978942939829033
2016-04-04,-0.7571814472772137,-0.8167722899287063,-0.08455719615629438,-0.09236004276683868,-0.018755570683677773
2016-04-05,0.8825419418969915,-1.931056134372561,0.5772747034504287,0.5775873953738508,0.06849526399832237
2016-04-06,-1.5273476634901084,0.5235434010701817,-2.5760323895032293,-2.2034964953724256,1.0380384093706356
2016-04-07,0.035431001856144936,-0.09703539998773598,0.8719128010899295,0.7323877931715688,0.1761254322587945
2016-04-08,-0.36237109239964516,1.1396229673327885,0.5685775377615021,0.3897469962704488,0.004960708733931092
2016-04-11,-1.9695251001734613,0.37371020383611386,-2.7100091229362593,-1.9033123505217178,0.1501133126339508
2016-04-12,2.618446131701014,-0.93150169460723,-0.002248137059596437,0.7114314915735113,-0.5434540481728769
2016-04-13,-0.538011096708485,0.11675205231724345,-0.032677036705517346,0.04879806481461538,0.21063214293574772
2016-04-14,-0.08418430444327145,-1.4143266057456716,-0.13915544445013053,0.024401220277967234,0.15637573483611147
2016-04-15,-1.7454808961703299,0.8307589036795315,0.3202693552116647,0.0220319677696711,0.09390417182167089
2016-04-18,-2.1843014896418644,-1.3859487019786432,-1.0475177361496095,-0.3457276654753038,0.49275754161532803
2016-04-19,0.9270450144354386,-0.5822277423010594,0.2624539879565854,0.15062657561422962,-0.44470292291495667
2016-04-20,-0.5130703571106113,-1.3262609261359124,-1.3525500785797526,-1.2521305555202287,0.636992825177239
2016-04-21,0.5398027639923287,-0.4985015649948939,3.096984484089315,1.555979499443123,-0.2845437600694107
2016-04-22,-1.1255098437611064,-0.4995412233188903,-0.0912387396253442,-0.842608555834072,-0.01494535351279409
2016-04-25,2.2293178603792967,-0.2714657531304507,0.47080768577359206,0.7036956570450814,-0.01041132164032236
2016-04-26,-0.6232484940876984,-2.0165532238092023,0.1723623695342484,0.08135132175045902,0.4774496596240488
2016-04-27,0.14251601267189376,-0.557166398540141,-0.6481195403096228,-0.27194112399599096,0.6382653881569961
2016-04-28,1.0172071799095883,-1.1070791404173386,-0.6962092273732507,0.03393324958938196,-0.35593857336061757
2016-04-29,0.08287246980439926,-0.7052191170403734,-0.5352391047031013,-0.3734389316472394,0.059071938297649104
2016-05-02,-0.09199102131652995,-0.03465179920160151,-0.21669276085593395,-0.6035100977262551,0.23560536191299264
2016-05-03,0.74048324141592,-0.9494911285305484,-0.23176264893048085,-0.38178600169394744,0.012044862367682901
2016-05-04,-0.27423147362663713,0.9533312200908696,0.45809423698832313,0.0751647514882812,-0.2579653912249086
2016-05-05,-0.6573070369107009,-0.507060278574387,0.08897162451949253,-0.05779335116581124,-0.2649329556747268
2016-05-06,-0.5924980250508082,-0.48438280669812234,-0.581372563915885,-0.5931258699854208,-0.2512155735611153
2016-05-09,0.7169800568008057,1.975495395216209,3.364626712320782,2.1108827008999436,-0.36075338646494803
2016-05-10,-1.0740083201351727,-0.7995756947915151,-1.0893861391808395,-1.1659916619035446,0.5535455888141276
2016-05-11,-0.17491404318414658,-1.566833881446177,0.9770285463797544,0.2321313464205692,-2.2479556658589925
2016-05-12,-0.42182842110489494,0.036105506039708975,-1.7071928508061658,-0.511958090291335,-0.7123945815630361
2016-05-13,0.24859034263394256,-1.2120684577003151,0.013473852326970256,-0.3713459671929459,-0.978660938992052
2016-05-16,0.4480385634150913,0.09763372009432329,-1.8157780185453551,-1.4966940128584083,-0.1676439617021841
2016-05-17,1.1768684667959737,1.234271876522258,-1.7150494410494017,-1.0629611452549923,-0.8227421136862066
2016-05-18,-1.4655108757476643,-0.12111904855386851,0.07901003982110039,-0.04867804746690782,1.462170025106912
2016-05-19,-0.34398235036896374,-0.35744297370119726,-0.3234545364140191,-0.4564651856338221,0.4949134367203012
2016-05-20,-0.03455916426677238,0.36942870378177667,-0.24897389791845478,-0.3124979465703727,-0.06798913258692375
2016-05-23,-1.5499928401161318,0.22835988503338034,-0.13538972184191397,-0.0845291144271975,-0.4923340320459938
2016-05-24,-1.6397977174282714,-1.485346484720986,-0.25434016757634287,-0.19274496545154626,0.1468459364887009
2016-05-25,-0.4668661916002697,0.5392271451274999,0.9752687991271873,0.886708065497386,0.026053333810875358
2016-05-26,-2.5762092022914014,0.534398559954675,1.1526995557045432,1.123688958665065,0.4840634038268338
2016-05-27,1.5007089520288044,1.4242204114545045,4.086236467915899,2.3278883358480256,-0.2347522856497518
2016-05-30,0.6125554973534904,0.06934862799872146,-1.0408380089303895,-0.5514337521782363,-0.17914518180066188
2016-05-31,0.10144190401266821,0.1897484293892032,-0.2997377072830709,0.4053937642076848,0.47471934898234974
2016-06-01,-0.992154912669154,-0.04326307316505171,1.6991759456337918,0.20657187403364277,1.0889955816161727
2016-06-02,-1.7315589187985838,-0.0733839526689909,-1.3770278926936739,-0.9675889620628499,-0.10848401624024806
2016-06-03,-1.0694340236867415,0.19253734168515405,-0.646044273017304,-0.05181171490401252,-0.31639422650950927
2016-06-06,-0.5684153255712543,-0.11801362928494145,0.8700317169071523,0.6553202522231113,0.5156987369244836
2016-06-07,0.9465103998098343,-0.9714025555783498,2.249623784258137,2.0629656652270096,-0.31186730434632676
2016-06-08,0.2092751587004264,-0.17498478160814526,1.1072129525760928,0.5840675428874115,-0.20866228132873074
2016-06-09,1.0967099276093442,-0.4049598201267196,-0.9330202742211474,-1.2620478119023026,0.7211588612997996
2016-06-10,-2.187202094672392,0.4099847598440855,2.3845653878520783,2.5865146469169424,0.7680835088406485
2016-06-13,0.6088772915356655,0.7304665394655581,-0.11682943451068785,-0.0545455929272665,0.7366898779681625
2016-06-14,0.3471605361115328,-0.8357291953137913,0.06941809794959448,-0.794761943785268,-0.2730512448389515
2016-06-15,0.9424229573159184,-0.3997777913403586,-1.195704659510553,-1.9405507241464983,0.22010491009506408
2016-06-16,-0.5434207255975159,-0.9621124166252214,0.1158027232321583,-0.0888419166499702,0.5943457151076879
2016-06-17,-0.5210690262939224,0.6461246694838051,0.7528547893371781,0.633754679375317,-0.38551323315853897
2016-06-20,-0.8938866888743515,-0.030725061479850276,0.00875217458729137,-0.14377501604986218,-0.12631052426497832
2016-06-21,-0.7009003870029937,0.26327132357805366,0.5106616551894992,-0.6131031558528602,-0.5475127164154363
2016-06-22,-3.294522958175274,-0.4892376633162359,0.4821759773385828,0.3222088199333779,0.779200592969101
2016-06-23,-1.1465474355806302,0.4770496677860766,-1.5372184945649534,-0.9849167038430424,0.13364221282090427
2016-06-24,-1.6081704618308255,-0.43295268942676246,-1.3726346681578545,-0.8027151447074844,-0.17865806394558173
2016-06-27,-2.215475801357653,-0.307883356506799,-1.139976228177025,-0.4626814412003101,0.8145815245827426
2016-06-28,2.0035679194371143,0.049654646551754035,-0.892283543335249,-0.9335597306411059,0.37622039060600604
2016-06-29,-1.4087182511252987,-0.003105968928518388,-1.1106843673222464,-1.6116407854953958,0.2811681328257809
2016-06-30,-2.610900249237213,-0.48935236329472015,-1.2795667893868077,-1.506024550762289,-0.7531907771749551
2016-07-01,0.07748381706019374,0.13104378113861193,-1.7922230406603308,-1.9441517750442077,0.02670133338066107
2016-07-04,-1.243293781681617,0.3855909096980063,-1.1233433599736367,-1.1591212538864737,0.3133326643212791
2016-07-05,0.21392701303282388,-0.3242505494241266,-0.37845542204915833,-0.45631035435514045,0.38787614204545207
2016-07-06,0.6906888954724735,0.1602464096829445,0.014301061132498832,-0.18292672690606596,-0.43927576597375984
2016-07-07,-0.23687793613232583,-0.13566816654294891,0.017705246367109892,0.5678785339224365,0.5207037141630945
2016-07-08,0.8421570681482302,-0.8771373728740638,-0.016248911731910974,0.5304836268737412,-0.1453022173746609
2016-07-11,0.2001983582217245,-0.2966506104359056,-0.0418097217624043,-0.13708177991043918,0.38715035363182015
2016-07-12,-0.3831098862086202,0.1095129630950186,-0.8065463386687637,-1.1408407760568589,0.8814297711028869
2016-07-13,0.6037914267949497,0.4290652321878532,0.46465813386350935,0.9924880482695142,-0.1842427438307339
2016-07-14,0.3430176523145173,0.1444477850676943,0.006867138406741289,-0.15560108785804638,-1.033067515112435
2016-07-15,-0.49807981375667854,-0.3876765121780851,0.23069808134435485,0.3253789310554956,0.9525217758635847
2016-07-18,1.5629242801795271,-0.0024540486424341644,-1.0703989387508306,-0.48993005206787543,-0.4307246932193174
2016-07-19,-1.5580754172728422,0.9699344921677376,0.7560188926019566,0.7110869363608959,-1.3506182167665388
2016-07-20,0.14818131191224815,-0.006771143089470643,-0.4584967535058785,-0.25720898213090737,-0.2194327275330601
2016-07-21,0.01658193495596006,-0.4483287064172912,-0.005405557871070433,-0.032277794250616144,1.0596016826630288
2016-07-22,-1.3332219561846121,0.19922636403286575,-2.052881726867977,-1.8120846722683448,0.5799876435801604
2016-07-25,1.4820005211716698,-0.2045008627274046,0.7291721454701978,0.4877890450878649,-0.19030435626900358
2016-07-26,0.732868115225505,-0.18566042303331606,0.8810689197040518,0.42972816822167326,-0.2599974505409826
2016-07-27,0.88938815605998,0.32841345518736814,1.9902154554992877,1.3983976047884712,0.4650294902417064
2016-07-28,-0.8370633593721967,0.2272685022062435,0.4136661699590767,0.3657866291170475,0.48257567037722743
2016-07-29,0.6265782158627172,-0.4503070995670252,0.8466030406046215,1.6191805201274638,-0.22393365454341546
2016-08-01,0.5323840731259918,-0.19634755252883904,-1.782458889331356,-1.8866286180573446,0.7338294517739882
2016-08-02,-1.7331510676331412,0.9091760089294051,0.4800509255838851,0.641673601404205,0.09277798503945288
2016-08-03,-0.1312426008776703,0.3585157864870256,0.08630388355077685,0.24429727540541238,0.025772992672695113
2016-08-04,-0.3425032407433527,-0.7515767932172128,-2.5462815564738728,-2.5289446017895743,0.2609282646582457
2016-08-05,-2.378229910937272,-0.11810650692845491,-0.2121546215449512,-2.046474770643015,0.9418742024143214
2016-08-08,0.39953006691686915,0.18700283309791255,-1.0264414908025659,-0.993904908353213,-0.4334930518268076
2016-08-09,0.7365823986026158,-0.013974105998838528,-0.3686136351073347,-0.6501990602667764,-0.19804149420602757
2016-08-10,0.20515178985770366,0.3168129329295917,0.27706811144664995,0.6767583483372073,-0.11874060064769552
2016-08-11,1.0670314182780667,0.5996671738370094,-0.7268003002040062,-1.9449171170588997,-1.1349632305367734
2016-08-12,0.3550976891453807,-1.23906097796645,-1.364518302490954,-1.0006582444905403,0.47649560705150684
2016-08-15,-0.49731098067634366,0.7749937803173019,-0.870736041410145,-1.3230163249279598,-0.09199825417156904
2016-08-16,0.43570415668419255,0.355476702430581,1.251735004463196,1.4856498945340222,-0.46978690527014433
2016-08-17,-0.18501021194790146,0.018490033782164496,0.0670607190104731,0.15102328210376556,-0.30709430301360446
2016-08-18,0.49940332159770023,0.04872262430668372,-0.7066120992875493,-0.7249939868457222,0.049217255405172355
2016-08-19,0.17311394474186279,1.3224289978566228,-0.10878550976176264,0.08139639364936468,-0.6788775212837089
2016-08-22,0.054960593176976894,0.9729461146862095,0.025089029736072375,0.12030568880794201,0.16108461471187147
2016-08-23,-0.46946279918180384,0.22256294412120847,1.2200579115463228,1.5060922578929394,-1.2725998409978498
2016-08-24,-0.07192787199927696,-0.19425382714490172,2.566511602386807,2.9410418563425575,0.1634730694769542
2016-08-25,-0.8071285519759419,-0.872869739305447,1.1109298541234263,0.8837281586590161,-0.05710440432004018
2016-08-26,-0.0368595182050397,0.3255461042422899,-0.5850139018382873,-0.9996504296881625,-0.0615715354847612
2016-08-29,0.6393724713697037,0.30503121619235996,-0.9729486693561799,-0.5580598547328198,0.514968090067235
2016-08-30,-0.3551644223542353,-0.5065191616901051,0.9878990339414926,1.2615991118558476,-0.27596021301476537
2016-08-31,0.8954522943814509,1.6822437190555541,-0.9992485743465789,-1.329332899510654,0.15938436357111277
2016-09-01,-1.0100908157083892,-1.1736762734492612,-0.8758949627457938,-1.8081027064117223,-0.013270864483411842
2016-09-02,0.03655342215407293,0.30172322820421493,0.5193352476371483,0.8290124516519801,0.07448800510552565
2016-09-05,2.0926933476130487,0.29760784954200487,-1.7009193113917875,-2.5032700172184517,0.9183473719792405
2016-09-06,0.01385707549091032,-0.067778517762855,-0.4205229438308833,0.3861727092324175,-0.19308088238733323
2016-09-07,0.7250526780334908,-0.6213507762119135,-1.174487438724368,-1.3227487497508128,0.029073416940710594
2016-09-08,-1.591820259605919,-0.18596194553128015,-0.2115012549101626,-0.32781811468240124,0.4034632708858836
2016-09-09,-0.5061481471194389,-0.1337293666401308,-0.005681922546827558,0.25988313160730026,-0.44511137755846614
2016-09-12,-0.2408608041403622,-0.25659753142124514,0.25377149540360205,0.5106355559530884,0.16945339537326537
2016-09-13,0.6137679842052035,0.5325355995489413,1.1967161259694792,2.0855773123294443,0.13851453103712952
2016-09-14,0.01238876572626413,0.007496490765859597,-0.08330420463855098,-0.3927393983297946,0.6586953663363768
2016-09-15,0.08196621619812483,-0.45343374228804395,-0.032306516718743655,-0.39663050641949277,0.5637601187703296
2016-09-16,0.16648614869229808,0.08223416585124668,0.4459073359955531,1.346702252638503,-0.17302182795049229
2016-09-19,0.4214608209591547,-0.6217586214760149,-1.275733017853607,-0.7596978990912263,0.5957944730913386
2016-09-20,-0.8534945102281764,-0.06727702821585112,-0.18788929066060012,-0.5759823331331828,0.19634296504243398
2016-09-21,0.7255477646441468,-0.27323515054177555,-0.8213375006255987,-0.6325317894440635,-0.08388245916188583
2016-09-22,-0.4812200801177479,-0.8552656065775639,-0.8723787898091006,-0.9612659529864801,-0.29453395962045337
2016-09-23,-0.6952735569221732,-0.07581084122605658,0.35995652834967407,-0.35961190049622327,-0.33991973016615384
2016-09-26,-1.0985123372313268,0.14053783608419854,0.13925962502667263,0.5856170637737226,-0.24009561266540766
2016-09-27,-1.999694841240621,-0.45606811208093034,-0.19586927888744052,-0.26896055562895105,-0.048364975687412055
2016-09-28,0.7591085850552582,0.34830601881804135,-0.007987117411037135,-0.6305302904982529,0.13042428966673542
2016-09-29,0.4043692164574638,-0.5693349641855221,0.36428428181499817,0.7024420729950681,-0.05055010439049593
2016-09-30,-6.970557786366118,-1.2660417890547424,1.4743419116289644,1.2368902693305523,1.643149587814763
2016-10-03,3.1711210013473874,0.07794224450444845,1.262701857912524,1.3925378564383806,-0.5574886022358905
2016-10-04,1.1548810802162923,0.6406858970268281,4.279170006082165,5.596293228479316,0.9863252943496071
2016-10-05,0.5846360956788683,0.44888644461477517,1.4071853689207001,1.4192626243508721,-0.6597858408154575
2016-10-06,1.7370680434473158,1.609907653243279,-0.2531671658161693,-0.6101034356786451,-0.018266294347273764
2016-10-07,-0.8521593755436996,-0.5875616570022185,-4.530478004325465,-5.623370926827427,0.15692943174656623
2016-10-10,-0.6818483943158894,1.0184531734559812,0.40551226718496874,1.392670481176594,-0.21987799613395573
2016-10-11,1.2480454016927565,0.20913192676122905,2.3702882048688356,2.78595413838695,-0.40169911167261113
2016-10-12,0.6026396462991366,-0.17350756812711488,0.6925449836437523,2.8502424799090424,0.08721939778047118
2016-10-13,0.6568161972122595,0.8651302319664511,2.4379904796841756,2.985249263313583,1.1016131202001525
2016-10-14,0.9182933494490232,-1.890956432008478,2.391823955054781,3.0313905707217295,-0.6854544798365483
2016-10-17,-1.1144149631398814,-1.1032638489934465,-0.17556359481180614,-0.2462656193010551,0.37143781712102747
2016-10-18,0.09894690480126894,2.0200888543788804,1.8629571312151922,3.0601219807345075,-0.6857819721993942
2016-10-19,1.9359265367902896,-0.05895786035702282,-3.0832853341249784,-3.9377298341204883,-0.2985394236699278
2016-10-20,-1.3028159275072193,-0.21084351114880842,-1.4259450755674041,-0.3742518157633394,-0.26904477333638094
2016-10-21,0.7388216342939977,0.4761309988259881,0.21308018785659014,0.3924373092189627,0.45026213293929757
2016-10-24,-4.1793168841021116,-0.024375012775342306,0.1537026497168519,1.3384452441926753,-0.9605253607827045
2016-10-25,2.408432772991747,-0.6029931532100186,-0.43195977517204465,-0.19584259311158744,-1.4264835600232075
2016-10-26,1.7891753235141086,0.6699858175228318,-0.010079853146799147,-0.4359321562157719,-0.47700984068996477
2016-10-27,-2.0633706513528556,-0.2675249689420705,-0.4140886442585053,0.6557814847618533,0.34247005150146936
2016-10-28,-4.827257333170849,0.22469570889002916,-1.145873808185709,-1.2714796864915934,0.2277802793147241
2016-10-31,-0.40661762172089194,0.4068385183497872,-1.327268332844397,-1.7394437383931243,-0.21109285061837277
2016-11-01,-1.103930410908786,-1.124378968715999,0.35378119344375275,1.0252524654470883,0.10679986817516347
2016-11-02,-3.109740454727569,0.3177923521530549,-1.7302457260088424,-1.7941814197248593,0.34550814177847344
2016-11-03,-1.9845605095633259,-0.3267863156904568,-0.41719365943439557,-0.7864929913114587,-0.16144845192505336
2016-11-04,-0.714987762181283,0.5576052703044847,0.38569673111303776,0.10511061563870558,0.3062023655272723
2016-11-07,-3.584397451555676,0.11726804441833091,-0.6027960320071347,-2.1371222214722243,0.40059183325284925
2016-11-08,-1.97831840199683,1.1359666738521585,-1.9075497635085141,-3.4249711460803978,-0.4974411589585108
2016-11-09,2.205548386461961,-0.3602662863415756,-0.5528103103260432,-0.39948065653712345,1.0640456640891063
2016-11-10,-5.428150985714103,-0.37214551203042906,1.8957308502184032,2.022362214524623,-0.08944819230792332
2016-11-11,2.636987669820399,1.5210744826192066,-0.07794577361125013,-0.09048686996509706,-1.2702617934287634
2016-11-14,-3.080369615616056,0.561702331269091,-0.9667612718137487,-1.1004030104194122,0.2162605634744874
2016-11-15,-2.222219959949919,-0.7619027477790014,-0.013641273942825898,0.5210875387616575,0.1754281003865201
2016-11-16,0.15035100223326872,0.39906105624900634,-0.8639918650468199,-0.6236685386465461,-0.40312464047202906
2016-11-17,4.2425950766153475,-0.08053243912029333,-0.14146710592054138,0.10091363206390423,-0.35883638633292925
2016-11-18,-0.9645218186349567,-0.2379639838790343,0.3054040429800879,0.035872096547860645,0.17845789739383255
2016-11-21,0.13887209871971692,0.477988316767076,-0.27606355754664974,-0.9052971244384619,0.7120428602896653
2016-11-22,-1.5808869202563902,-0.5594483552521209,-0.2866328061275472,-0.6415603799418053,0.3316485591299401
2016-11-23,-1.125233332509575,-0.23565417598470148,0.7270962263459735,1.0318492664988475,-0.0397059082140886
2016-11-24,-0.9005586386058705,-0.30343889409289676,0.16915239641212232,0.437714001268351,0.4766646965154979
2016-11-25,0.07406004549606124,-1.5240556125334241,-0.1268515675104048,0.18675725729710155,0.280949112103454
2016-11-28,3.5735163185580388,-0.5253341629034443,0.22990986952310932,0.2351164619538019,0.001992003669836837
2016-11-29,-0.17855420027819183,0.05604045127874984,0.5501452013742787,1.0507808023858067,-0.061678311529261426
2016-11-30,1.47823650615947,-0.42349907437625106,0.568419776441481,0.34317121623931224,-0.5300635208539055
2016-12-01,4.929985448005271,0.038742844247090534,-1.7543378973230375,-2.202241846881995,-0.5154607510248423
2016-12-02,0.8061906124528612,0.1287023203997912,0.6931881106649231,0.9179594326553672,-0.47796509573226603
2016-12-05,1.890219799777388,1.0282454269457273,0.6496098759180566,1.1301703945079062,-0.038979680772401784
2016-12-06,-0.9971543733489621,0.9342664536649455,0.31811121632067046,0.6529289178228851,-0.13157313436267357
2016-12-07,-0.9327563847672905,-0.020024427213692284,0.9937708174183799,1.329837401683486,0.5692392272457509
2016-12-08,-0.5461955888101503,1.7930920156901258,0.08570584180453929,-0.9784994563547244,-1.7603665366241081
2016-12-09,0.8116722933270419,-0.007766677868261316,-0.17018748409764944,0.11211703839091897,0.24421746713450743
2016-12-12,2.370152355725448,0.5568254989026334,0.45427908432461894,0.5880133132510735,-0.05043973015156658
2016-12-13,2.3869177322173205,-0.7351471579968969,-1.8515889478550291,-1.688849248653751,-0.26005791247227716
2016-12-14,0.8380756462969366,0.3273848893426639,-0.1769909929610261,0.1485613998073338,-0.01192460687565781
2016-12-15,-0.8837662939069506,-0.27163369182233577,2.094074360401409,1.1946749825069867,-0.4379489027196927
2016-12-16,-1.9879098734373284,-0.11875687525415843,-0.4910075199927605,-1.0684633661795833,-0.03596941998848182
2016-12-19,-0.5205630869969575,-1.2980340621515412,0.3683123591135199,0.8472122362870748,-0.5923926342275591
2016-12-20,0.560380300767197,0.055339587840000634,1.4490443532303077,2.265559728270547,-0.8153050838060554
2016-12-21,-1.8413817835227557,0.11216260070030165,0.46716647344247075,-0.5860549165952184,-0.3157306063255496
2016-12-22,3.186578847179008,0.4697092197721703,1.637919682069453,1.7985419114625603,-0.22489815965058016
2016-12-23,0.6038356110722009,-0.5071054375275588,-1.0976472396500092,-0.53492819530578,-0.5785480763144253
2016-12-26,-1.2935899024484485,0.47999353904739506,-0.03335521462021079,0.09581791340286891,-0.20336296649186003
2016-12-27,1.333600448620022,0.09024716274577982,1.3885259132316599,1.4995661261685422,-0.42242339259724443
2016-12-28,-1.3870699326271732,1.5554558915890175,0.846643824049618,1.2184662967912718,0.7239913770496432
2016-12-29,-0.9730839638658939,0.6757634155656079,0.3240064600262272,-0.3436706420504234,-0.48185921063344495
2016-12-30,-0.9420918172498903,1.2279025563124082,0.1074552074064699,0.21962151459066956,-0.8856421049937709
2017-01-02,-1.229924658787669,-0.7876444675319205,-0.43447408175219776,-0.11083527669216872,0.9299563534797466
2017-01-03,-2.3298528957038505,0.49054755225052626,-0.5683126917956738,-0.6995016227759373,1.2946964902262512
2017-01-04,-0.9052241903380177,-0.0414779613912632,0.6929236115646448,0.4040598764660227,-1.1919629562217204
2017-01-05,-1.1858298051786311,-0.6481254681367689,1.5241768817330128,1.5740989407166668,0.40451408153361523
2017-01-06,-0.15053765056477716,0.6893713386488801,1.1872042898712836,0.8858882160069964,-0.18856259178879495
2017-01-09,0.1261366884644119,-0.7599106335419338,-0.22634008315847656,-0.21201949890959787,-0.7331899818393046
2017-01-10,2.2146209437366315,-0.22048155622995724,-0.153349617313318,0.18861406838241734,0.47641837305707485
2017-01-11,0.6679171512662885,-0.023411355085426046,-0.6999328514914172,-0.9607926327593973,-0.7354228035468313
2017-01-12,-0.12562829247681648,0.6967984353977053,-0.13589921485043394,-0.057613042126496115,-1.1185665978984298
2017-01-13,-1.9516153118577892,-2.0910231640344574,1.011184889746815,0.50971548052465,0.18724674497931998
2017-01-16,-0.8608648604206864,0.20431424169319579,-0.987147348233749,-0.9615235243136565,-0.19004608404330162
2017-01-17,-0.9716061196349117,-0.4709041211034187,-0.39701182498015186,-0.7493391980418602,0.32787814491976097
2017-01-18,0.1304805833100717,-0.2722554173546215,-0.2513004023458553,-0.23954651556983234,0.3972681930368997
2017-01-19,0.9958136405568396,1.4320206361185714,-0.12750117782603604,0.08233462368761504,0.0200166691368661
2017-01-20,0.3966159272661033,1.2592217337042009,0.6316897158410109,0.04276984728772121,-0.4001910230433689
2017-01-23,0.9292943981661295,-0.06766320139721639,0.5926564699614508,0.3825897971125627,0.43383426282144416
2017-01-24,0.10761636894906924,-1.0098481846049678,-0.29121454052804185,0.010986756341993023,0.8524662329735379
2017-01-25,-0.7636618034746127,-0.5207796411791966,-0.17129406085393933,-0.2134550441398763,-0.34115980485079284
2017-01-26,0.7859858579805691,0.35893015523820837,0.20381373903640493,0.27146834903535644,0.27493204188317355
2017-01-27,0.8994156579329983,-0.8315425433532637,0.5537595224385404,0.8612732447295913,-0.15262616409876348
2017-01-30,-0.13455543843873047,0.22831613621718805,-1.7674540493016153,-1.5561976122929966,0.20789894396244601
2017-01-31,-0.05161658907460851,0.5637996251256574,0.03906430598519974,-0.3735424663735281,0.035049517707088265
2017-02-01,0.058719608192545965,0.08275547899580475,0.1474780905632008,0.45660516168662946,0.43809085390041963
2017-02-02,0.16806688792933533,1.0211935246034638,-1.362987475732561,-1.1714219898129332,0.32513678213618713
2017-02-03,-0.25668588231282174,-0.545451019752741,-0.25627612965244145,0.26192211405149624,0.5262327872019438
2017-02-06,-0.8302360138960942,-0.8281156128931892,0.948253067238545,0.7132869018922152,0.016104722006540395
2017-02-07,-0.362614886197428,-0.7509819198162434,-0.40097023429430073,0.48786452811811565,-0.5805417301430646
2017-02-08,-0.5330178724170175,0.3078529335986076,-0.5035212843641521,-0.8935689980525128,-0.2867792565491249
2017-02-09,0.6815668748391839,0.5592277209034215,-0.08061350127485342,-0.10949856046990893,-0.28942315959343357
2017-02-10,0.33169460507517884,-0.25517771919204,-1.4101000375372668,-1.2612549139561835,-0.3513080989425828
2017-02-13,-0.8504192568771171,0.3086941889550847,0.21321138495392986,0.4113782360055823,-0.3342374241225974
2017-02-14,-0.39477845448988746,-0.7690683587513071,-0.5131274130955596,-0.26899067232466906,0.27154733271243037
2017-02-15,-0.4891993985738056,-1.1169410826528503,0.9724645458828697,1.1323616209083331,-0.2693082306614901
2017-02-16,0.7873078652129323,0.44826935183704447,-0.019958349286641648,-0.07003469206727482,0.11433829639444439
2017-02-17,2.4508580480853976,0.4908177381590734,-0.032015712597334,0.11084933005474963,0.27328041088346094
2017-02-20,1.7294331734996733,-0.3713415454922541,0.45266304184663925,0.7754606825981498,-0.22089975544063525
2017-02-21,0.07587605624149762,0.009054370998470698,-0.023694938796681327,-0.15507782599097752,0.12860512485374423
2017-02-22,1.224504869082896,0.0051150024782146905,-0.34561145742494814,-0.4502382695969802,-0.3189484371201929
2017-02-23,0.4436978270364773,0.23386134641211362,-0.03380387196561815,0.07422264035024326,0.12257469679842144
2017-02-24,-0.28732956158794704,0.6270636512027733,0.7906136653781545,0.42745029908415905,0.24403695058499805
2017-02-27,0.11165635296424481,1.1488522105554022,-1.2925865446562868,-1.0755271157283908,0.6015169439469301
2017-02-28,-0.7923992285427724,-0.3438634700247234,-0.5757324099156201,-0.7372334959396812,0.09760750979793033
2017-03-01,-0.41880483301034416,-0.8035776344728578,0.295451799161782,0.4594284640074644,-0.2332219194386608
2017-03-02,-1.8859869802463216,0.13293150257612865,0.489141345165881,0.07537998832440146,0.0013147477224415946
2017-03-03,-0.07394853691916652,0.7289092811125304,1.102991571365457,0.6550212382362064,-0.824380075787913
2017-03-06,-1.034579868209208,0.6421481086412782,0.9349907127911665,0.4565165272990428,-0.34332112661626074
2017-03-07,-0.06525995152388528,0.21182024376871894,0.1566361533898526,0.3488571140128128,-0.05421664738871961
2017-03-08,-0.3098674861511734,1.3811619698279214,1.2069970478337582,1.5518351745298096,0.33613452287762746
2017-03-09,-1.5137934516976996,-0.6466900463230693,-1.0605630309551373,-0.5678326119933634,-0.42668571468210303
2017-03-10,-0.18142523499901295,1.1995406782774334,1.8064060372859865,1.7285483309142904,0.19363069191897012
2017-03-13,1.3880124557249636,0.04059803679918253,0.2595206066846793,0.11886299210493989,0.2566135081469783
2017-03-14,-1.4592638286661999,0.3343382793165708,-0.7553580159843611,0.3741303622278499,0.4886467921264463
2017-03-15,-1.5449148328454396,0.30696093988425105,1.6037303477720928,1.42570006152866,-0.36991644113932437
2017-03-16,-2.093337553943205,-0.5186260648538107,-1.3967800771696544,-2.0603713603348934,0.1505241476314252
2017-03-17,-3.3361437252696837,-1.0665018950193177,-1.1564447088404426,-1.54734587481776,0.05547977376541383
2017-03-20,0.3635463687094319,0.5202334852946472,0.8185923038001293,1.2724371771095004,-0.0993878982316968
2017-03-21,0.4881566357537162,0.42240466110517644,0.3168267892553834,0.1168514844868181,0.09146734203341876
2017-03-22,-0.9741781147031314,0.20894912627203027,-0.10369472985616324,-0.35329192858845493,0.23777199714079883
2017-03-23,-1.4248576314536034,0.5037721069342319,0.08258600270336373,-0.2206251637535024,-0.2760848435692403
2017-03-24,-0.6703845284468477,-0.8800507968522673,0.5878483915540056,0.3836788737688238,0.1736416295965241
2017-03-27,0.04299439187522602,0.6391515796229583,0.16478046160962162,-0.2098932716610838,-0.21956822644363783
2017-03-28,-0.5431642596695502,1.1946858745647981,0.212782974513317,-0.5418894825239555,-0.1913491606728882
2017-03-29,1.9228450284835887,0.9841662859246804,1.6675227621213589,1.2948450370537177,-0.506304543995527
2017-03-30,-0.8193598248858327,0.10917074779520311,-1.1691065462983703,-1.3295434868079028,0.3451863695434613
2017-03-31,0.7755586135956544,0.43675555974306424,0.35865427183995285,-0.03667917765858488,0.019879874634312362
2017-04-03,-0.7700322633789888,0.4894061067814974,1.0308301115511507,1.3614784457583524,0.16249657591596028
2017-04-04,-2.5865115265214773,-1.0037732239547752,0.5254554714350989,0.385695405859771,0.291417845602164
2017-04-05,2.416486909936719,1.0316393277822793,0.41451351770367073,0.28643778615990084,-0.08619182688237842
2017-04-06,0.3569046112204676,1.3819727439045753,0.7293382200889347,1.0191015193872117,-0.7045789637971053
2017-04-07,-1.2675426331095616,0.4019077920753226,-0.2083679249083363,-0.956776650053714,0.8287823219850937
2017-04-10,-1.261561182992314,0.30798966517998827,0.06209377600254095,0.12677080636891008,-0.9544226166944916
2017-04-11,-2.9172159858668296,-0.14457273196339526,0.17789768575398476,-0.21932476980183777,0.05220547036525088
2017-04-12,-2.799466494275777,0.9989875578688634,-0.5306270948052092,0.21696426146057415,0.04152961595375373
2017-04-13,1.4369464394939206,0.018249517045780064,0.05641134148774153,-0.10782492575105179,-0.0838134715913969
2017-04-14,0.46242106943105327,-0.4989516162752806,-0.15454465275235246,-0.3334084277546737,-1.1105247609551452
2017-04-17,-0.14326435142364202,1.2019123370743363,0.049635143961102725,0.1402190394023514,0.7146538766731245
2017-04-18,-0.5802249246708713,0.11643633094932661,1.0790244314439934,1.1215222015991229,-0.9320488264491144
2017-04-19,0.7758831196237552,1.0918069849786383,0.20395423505422128,0.9173773326845165,0.08197046184776495
2017-04-20,-1.3994247250510214,-1.3174945592020855,2.4560903587318794,3.160651766203804,0.13394534587074636
2017-04-21,1.225565105051326,0.44863143850757287,1.7846773988681102,1.3365451399976807,-0.11067478724112684
2017-04-24,-0.41630440372206867,-1.1030027436139538,0.5042914455530315,0.41621798072624394,-0.208957426593305
2017-04-25,3.8723521288095104,-0.1359391354307972,-0.21607762776472647,-0.16346564588361742,-0.6158798969144503
2017-04-26,-0.5710573440266054,-0.32466547778094673,0.5621596815095276,0.6733876097745205,0.6859426839749773
2017-04-27,-1.7998410668858642,0.9856709261221287,0.46440614423903553,0.17113108096570634,0.008125655543627578
2017-04-28,0.02101232360978965,0.5813980415705768,-1.2586875254157934,-1.668086168983405,-0.07042275210115255
2017-05-01,-0.15021639524053845,0.43929733057660014,-1.2095554515883729,-1.0548680728715643,-0.49565827676692176
2017-05-02,0.430010353328298,0.08306164021308018,-0.007439954136043625,-0.2374298921541544,0.008617971099873008
2017-05-03,2.044307795395767,-0.014136748224763178,-0.8371316049896753,-1.0824293316116085,-0.07992610425117724
2017-05-04,-0.45008112093924574,0.272717446613127,0.4657390779200148,0.802107230330825,-0.6498387431706467
2017-05-05,1.148632865576516,-0.4896178681657661,-0.7496974978774269,-0.7916108518306659,0.25737793329555797
2017-05-08,-1.185693878227335,-0.274029878313378,-0.49134108297547774,-0.7113850092596847,0.20941835066758197
2017-05-09,1.3944682801691362,0.1676773783082007,2.426457208227831,2.553886863464002,-0.11352780690361752
2017-05-10,0.003579853203458002,0.10424777404835371,0.3438242232167644,1.012947101596792,0.1941091345185618
2017-05-11,0.6613036249414584,0.105192314580557,-0.9619880280145134,-0.7431006796151397,-0.2978601015351796
2017-05-12,-0.6986585998271857,-0.031102561017391422,-1.3649018919051028,-1.8271491169726797,-0.18158631393828273
2017-05-15,-0.44823366835430845,-0.5605811367460278,-0.019159471208548703,-0.23435028169006955,0.21949993473963963
2017-05-16,0.619261685973429,-0.48262519126250747,-0.7898175286462217,-0.7597877225607139,-0.21632467500249858
2017-05-17,1.3518361980482112,-0.3136553518766713,0.9595069065395136,0.6160951115900714,-0.8805717764993354
2017-05-18,-0.9162088354198354,0.5092096819905464,-0.40330072488117163,0.2246776673404688,-0.19558300868953127
2017-05-19,-1.1712334997735478,-0.3494796470982467,0.5569626168776892,0.9999577959628503,0.04583447352299029
2017-05-22,0.053509597351235706,0.4714513631187292,0.27586844224166823,-0.29492626801791255,0.3341069747109876
2017-05-23,0.27234571380324474,0.7826047829803154,2.079103549950713,2.5640538034707245,-0.37933185888921944
2017-05-24,0.615155508621323,-0.27942682572659094,-0.14978765472390335,-0.47845701085822107,0.46889509161898485
2017-05-25,0.21977522502856336,0.0795883858202644,0.5115173056372895,0.7055889054101273,-0.12543215151177065
2017-05-26,0.3500459086646265,0.0009514865056535573,0.3011829648693699,0.10359875293411229,-0.13348692352344876
2017-05-29,0.9683353000857613,-0.5015293669656223,0.023468898311667673,-0.372672899992332,0.3500720411887543
2017-05-30,-0.802483416440639,0.4731239119525204,0.7754916881617988,0.9746439107264604,-0.7618450142876347
2017-05-31,-0.19710678584191876,2.1452838846414557,0.27625806804140524,0.4153728990185894,0.003356975204835806
2017-06-01,0.19579241631447716,0.37002497515407307,0.0385794619812056,0.43837804235182387,-0.1037701781100455
2017-06-02,0.2872585247624472,-0.78027567803643,0.29045782473422094,0.233910723642602,0.33488864540146207
2017-06-05,-0.9224180571238746,2.9892098120210813,0.11476617178571266,-0.5607426902595697,0.2555151566038927
2017-06-06,-0.03307328297385248,0.4018066402294232,0.3700407502187943,0.5607435194634308,0.14154037952968862
2017-06-07,0.28348079734571835,-0.8129170166627685,-0.5487128448510575,-0.897419114750169,0.5962842479318646
2017-06-08,0.9134953731148838,0.7386518548194548,0.9558961244493227,1.0207671371984117,-0.5191105630109822
2017-06-09,-1.8149872247871541,0.7281113114435558,0.09306433001660647,0.33703753752960036,-0.172631815233587
2017-06-12,-1.0190031948751057,-1.567166838244475,-0.8866111033883222,-0.7036570384472142,-0.11215355182266647
2017-06-13,-1.0142452710636132,-0.7800403719974224,-0.6177326044772344,-0.7122333836029416,0.5789854661642942
2017-06-14,-1.6999059333867226,-1.0051938256196222,-0.19965445892903044,-0.6557121617614158,0.18673596128258874
2017-06-15,1.0780627560258689,-1.0970291771973302,-0.21348025612895694,0.09637945770456101,0.2061873540233399
2017-06-16,-0.6990585298633604,1.2431008800972991,-0.14451638042083764,0.26396684500659107,-0.23995259249036005
2017-06-19,-0.3135692848677686,0.385973229224408,0.22982854716134465,0.5200931595242496,0.1590694428701254
2017-06-20,0.04100679412769722,-0.053749973724761424,0.49457589311666444,0.1769669241376185,-0.46528999408791916
2017-06-21,0.37031324382920877,-0.9654892139916389,0.608570011985275,1.2288816799761095,-0.38166444366095137
2017-06-22,1.1226028214953794,0.143944783734203,-0.867658230779969,-1.5049123757902625,-0.033842605868187
2017-06-23,-0.37921180487396755,-0.5612943401329589,-0.14450825743216497,-0.017243798945252062,0.4614279664088895
2017-06-26,-0.2466425315695331,0.7498841217310054,-0.36872754121202506,-0.22520875092713927,0.11639140533645198
2017-06-27,0.5209676420684917,1.0284246547238622,0.7629047638543637,1.1993022749143132,0.3393993571832254
2017-06-28,0.79537062974423,-0.50888774168251,0.13994598524300852,0.22433317008162315,-0.16497290559573027
2017-06-29,0.3003926103109241,-0.6840284785598884,-1.09662407478653,-0.8698694008151271,0.04760336230239922
2017-06-30,0.8292912557368134,0.03145807874102078,-0.8029803064884119,-0.5454199416131053,0.1493176335672394
2017-07-03,0.24321814549018433,-0.3990987593928047,1.038307391120054,0.7638638424729735,0.03776283073192569
2017-07-04,0.07490680055664989,-0.6915798438315801,0.10082193864274273,0.5426339560914756,0.16780933064093226
2017-07-05,0.25312843273790214,-1.723994556355103,-0.28374684584255033,-0.363801400075803,0.343418105976048
2017-07-06,0.7945298376937389,-0.176568746920506,-0.06747310321177714,-0.17238470083354057,0.6833765131698676
2017-07-07,-0.956761301756403,0.7065337706872192,-1.6992282405964811,-1.9809701085888058,0.31047224134671336
2017-07-10,1.4244150270746216,0.6563775770836847,-0.16033895362588022,0.28137021481259866,0.1913911521253046
2017-07-11,0.5599381458616938,-0.6180835106427176,0.4876535981989686,0.3933662032455645,0.2302495391905172
2017-07-12,-0.19872925150541,0.20855547329789198,-0.3983518610157408,-0.1904540763140977,0.2632015413031931
2017-07-13,0.5280538084333277,0.36201165129620827,0.07129431982995227,-0.07341455656882259,-0.10014010552925699
2017-07-14,0.5093604404118407,1.810772991440566,1.1993760613406979,1.6092974037897747,-2.4687459267686473
2017-07-17,0.6224604083872064,0.6208857683287334,1.0249579687287602,0.4939300994836842,0.24361188728522007
2017-07-18,-0.3937014184970827,0.46001029706760843,-0.09564345029204671,-0.04447940199367603,-0.8124859657496804
2017-07-19,0.5791233249279928,-0.058708283053123846,-0.3879257857565456,-0.061535309021602716,-0.4533239662072489
2017-07-20,-1.641487013234587,-0.3795736710289007,-0.07586395081148298,0.21085591941885484,-0.6058018201126725
2017-07-21,0.18090926861333906,0.3188231312871356,0.10746919787755055,-0.04520977745452968,0.06943676157550681
2017-07-24,0.014192968968344634,-0.019943132510956793,-1.2625492890175567,-1.3226254442373575,0.1507541031070177
2017-07-25,-0.17909942311275093,-0.1406536390365221,0.24579194979885127,-0.03467980567850943,0.7853940884758771
2017-07-26,-0.24892861728136872,0.4329091160834849,1.2702993372324194,1.4760066620314267,0.5992235873843975
2017-07-27,-0.179332281440552,0.15097998821421876,0.15362366226795865,0.33278248524146536,0.5127074084838532
2017-07-28,0.05129471306126594,0.27430825624094,0.7411246523517372,0.43659300340506474,0.08512014138004027
2017-07-31,-2.2014784310301705,-0.46305475763630044,-0.6862974371851935,-0.9728339451281268,0.14956988545531946
2017-08-01,-0.045657085271795836,-1.2799493985172263,-0.12674776479080374,-0.400897675735424,-0.07809167582149294
2017-08-02,-1.3010698916355858,-0.05014151022551204,-0.34651416030134596,-0.23395881958406176,0.023870932957867477
2017-08-03,-0.2353223818160059,-1.0137906914572572,-1.3947836061704961,-1.5881441234501867,0.24141905480926584
2017-08-04,-0.364192869843455,0.25062489254793474,-0.1299409313265173,-0.3489665342221229,0.09148635559285911
2017-08-07,0.1839170357799844,0.20348022971946544,1.5442486468490324,1.2707251575004694,-0.12473419263814721
2017-08-08,0.3308679556591672,0.0063107573883076406,-0.35473428588502615,-0.8491151512742218,0.2189374768591292
2017-08-09,-0.6342884701838094,-0.7836848863085258,-0.7277983614628707,-0.9850664461182638,-0.0194140113126001
2017-08-10,0.4390692058586989,-0.46410148876788526,-0.24956278482634003,-0.8466760438786675,0.21936591324676727
2017-08-11,0.308896165045131,0.4982735156319993,-0.3960283530694026,-0.04368218251352204,0.5716994941613966
2017-08-14,-0.7939300095594902,0.2841654780837616,1.0344831342590641,1.179864851610633,-0.07284433464639409
2017-08-15,-1.5979042768654501,-1.1048538282729325,-0.3232797904376054,-0.43249053845997854,0.5481659366881493
2017-08-16,0.05236085055851324,0.0676741263762746,0.6962589087724752,0.7381450998435074,-0.5566179781440505
2017-08-17,0.006217675687591758,-0.06106351979711589,0.7344566410943564,0.4230118350431209,-1.4338187072022748
2017-08-18,0.31543285025886897,0.24351057937921755,0.5030377162921101,1.1604872159760324,-0.6047365468606162
2017-08-21,-1.80264679355812,0.9253115488416478,-0.2713931496914298,-0.22500147112389332,0.9850994188991126
2017-08-22,0.4088731463714503,-0.30581203512757943,0.03165531334878592,-0.04784229894383194,-1.0620508268994628
2017-08-23,2.9533780106072105,0.16026125933139543,0.3028402970691957,0.1458724819577374,-1.278834622818639
2017-08-24,-0.46032207815291115,-0.3076222667456605,0.75286225964912,0.5335022793702796,-0.023733044238396794
2017-08-25,-1.8930607031907989,0.32013964143301527,1.4473252544511843,1.6863199205650026,-1.278067990940044
2017-08-28,-1.0285727704016985,0.09339080746564439,-0.8354351530138039,-0.9168764838527743,-0.4051652552643425
2017-08-29,0.09646392055073587,-0.6298431510107894,-1.0701603889809683,-1.5424715647250629,-0.027107463523462428
2017-08-30,1.9427420538297082,0.6602694502582857,-0.9395756446534512,-0.5287976294360999,-0.5324190762145847
2017-08-31,-1.1979560643509306,-0.1495133013274627,0.46101698374194516,0.5897740899506988,0.5335694034446566
2017-09-01,1.0034094284106885,-1.744661510502982,-0.5951128477221095,-0.040724398132932486,0.21065980326153447
2017-09-04,-0.49186109308654924,0.4830057228503761,0.7548528191150544,1.1604670030461464,-0.5790616687106499
2017-09-05,1.0621117434882144,0.4623971056760144,0.36723269711588646,0.3981241784965459,-0.014570413593021088
2017-09-06,-1.2226168331948586,-0.603019119585741,-0.4169746936744036,-0.3443811743713335,-0.5550868112109104
2017-09-07,-0.03799938269193503,0.5354919164460861,0.82150045183544,0.7442829656988768,-0.41567430812648304
2017-09-08,-0.20449463929316342,0.6666302741717622,0.5244545770685939,0.19519839469299513,-0.1751978995411513
2017-09-11,1.2518887528695315,-0.021763038107480714,0.33883094565988775,0.44731102868449496,0.28711412664111724
2017-09-12,0.4633733597036745,-0.7431982350671245,-0.5341661101224756,-0.21489722474493195,-0.047425954368183185
2017-09-13,-0.20383539751183685,0.17589605357253055,-0.009538197942032374,-0.005262269132835056,-0.2100375032717905
2017-09-14,-0.6194085468558955,-0.009256427380680957,-0.24747253629081745,-0.649807142494936,0.4233454147367611
2017-09-15,1.663341888123658,0.30907341000197275,-0.7921642613045162,-1.308837455439465,0.06463400693421377
2017-09-18,1.5021501355274924,-0.031157783417012024,0.9819196710256851,1.1253205010384117,-0.3206086618399196
2017-09-19,-1.7025230629304744,0.5293115079920532,-0.2823696152790167,0.04016143465949198,0.41592572216485935
2017-09-20,0.2168755591865608,0.22764468436874302,-0.05722833742869516,0.0879808898147412,0.10030396107296899
2017-09-21,-0.6674052674743174,0.8460235434157417,0.8860765051101002,0.6475858753754803,-0.3627022885869825
2017-09-22,-0.7711929679548645,-0.7159342283878486,0.5410694767370776,-0.00905156743310079,-0.3407788299212822
2017-09-25,-0.182734309088738,-0.09530509758682479,0.17807314869568402,0.2926711000482129,0.23374501749187282
2017-09-26,0.6836022289036643,0.09243205167802918,-0.8094691538906758,-0.817620193772112,-0.5042951425561422
2017-09-27,2.1134305800148194,0.5485914862559401,-0.7418820750225766,-0.5164163221033331,-0.461429123272628
2017-09-28,0.7347709590377464,0.431826014369187,0.4036029417979025,0.354211403284128,0.13693870021871418
2017-09-29,-1.9217816719699539,0.08910367085108534,0.007975460469233005,0.14972791260722362,0.5407791183688505
2017-10-02,0.6671982437741514,1.0737550181704667,0.3298142855785077,0.2939875648508807,-0.26571243676993056
2017-10-03,3.1453600715655585,-0.5868317639887423,0.22113994024255182,-0.05986067103942758,0.22472508336246177
2017-10-04,-0.04620694077255258,0.5479586222219971,1.0161417783885378,1.0384561830032408,-0.03788063845008397
2017-10-05,6.362892174708334,-0.18195491991634563,-0.3430097998996694,-1.1123180511960855,-0.9368982596503314
2017-10-06,1.8708982640172769,1.377080854106965,-0.5515156049169458,-0.12883102489745607,-0.12922339965211024
2017-10-09,1.9768999196661783,-1.2463050932353854,1.1300111104033284,1.4443025823059905,-0.03539843789342938
2017-10-10,0.9696890632164873,-0.3660893413206704,-0.3632607179412293,-0.4911583408056892,0.7059143831855378
2017-10-11,1.400803857552179,0.7208289897367519,-0.2425442355218059,-0.14536809862856714,0.04488018290095015
2017-10-12,0.5219465680408958,-0.34900099004971474,-0.6099583719119469,-0.314329604520035,0.09835584033085314
2017-10-13,3.8914512239737116,0.13199902718420772,-0.47572590037097506,-0.09245322811739226,-0.29465431565328115
2017-10-16,1.006807236000187,0.567246196307732,-0.1802838283288329,-0.19589933657947714,0.01007427570264816
2017-10-17,-2.4548535967680922,-0.22392468721497846,0.7949183833662081,0.8301114570259124,0.531998727397135
2017-10-18,-1.9717116583551675,0.6274476779562519,0.004654775973165718,-0.11733609478268062,0.05798094910323094
2017-10-19,-3.3178107032571984,0.9187540993367065,-0.2522650009140893,0.20479543441143347,-0.02746742387422575
2017-10-20,2.7220581348637167,0.21580662109129806,0.692292239612235,0.8635380990192584,-0.35653577342917525
2017-10-23,0.5475070706716916,-0.09982693169517748,1.130965951236528,0.8446879787830925,-0.10100107511022183
2017-10-24,0.023313325280050864,0.20115306995145285,-0.22251014876740843,-0.12463420298344619,0.05557609988488083
2017-10-25,-2.8270030898262433,-0.06361938491251572,-0.916338237525399,-1.418093474339148,0.08227727451715205
2017-10-26,1.2266148656171467,0.4378793903198578,0.7503830292918395,-0.12202530918276203,0.6269358850002645
2017-10-27,3.45881280755324,-0.44900405107476793,0.4571062891968058,0.23482576354225398,-0.07988645490535094
2017-10-30,-1.2192852101638647,0.2848984558417777,0.11699296270223154,-0.02440008120073803,0.40580782129885895
2017-10-31,0.5154119457765995,-0.7026300780088405,0.18920147286518538,1.0507025949675766,-0.5833219455358434
2017-11-01,0.9888545391031831,-0.011973424002656174,-1.099594834256956,-1.520778591187465,-0.3310900942575835
2017-11-02,-1.9466165695790985,-0.5983712337154369,-0.414080914757778,-1.0041010615574644,1.0025207433605499
2017-11-03,-0.07722003052530894,-0.45900286503934323,-0.6310570141806316,-0.9734381289159488,-0.11292324015953803
2017-11-06,-0.640983997224828,-0.18774890112631862,0.7133609934383759,0.6924861726903369,0.1870160333867312
2017-11-07,0.5878494667314931,0.31367209203886975,0.017034371286976636,0.04392921369265635,0.24899579838073738
2017-11-08,-0.9793754212199415,0.2888423785448835,0.2688967720331292,0.41102157802547873,-0.13401964023352175
2017-11-09,0.05715686154549009,0.3246624935126814,0.6876027268750068,1.0272991600175785,-0.06861657401046005
2017-11-10,1.994978005661044,0.17649855792402938,0.6253536565993936,0.7780816647793664,-0.22518531183170712
2017-11-13,-0.7179332055822204,0.22890823489254375,1.6473480655174442,1.6510205454834441,-0.1667364486392067
2017-11-14,-0.41013391223403384,-0.18040190100513068,0.8469635133780287,0.6776287568517056,0.09081314505554082
2017-11-15,-1.8260811511449364,-0.370373019551762,-1.6016531783341033,-1.3574964436855153,-0.8441902941443156
2017-11-16,-0.32136541946603575,-0.5666000869665622,0.3553849368503805,0.14218343967111702,-0.35741828830668965
2017-11-17,-0.385966796484741,-0.35751663361255515,-0.3198169498683448,0.003987853852620835,0.1786304811158034
2017-11-20,-0.5574981843797058,-0.10919211316307624,-1.1643541574225795,-0.9389162089452209,0.9661833495831269
2017-11-21,-0.8192227865631807,0.561838307127264,0.5447170214235293,0.8520271794508544,-0.04873346161283664
2017-11-22,1.6553300079771727,0.6013924803691931,0.7901109825059602,1.1736445445429864,-0.656117901648821
2017-11-23,-0.6186857919218846,-0.8662737621783091,0.1370332007929703,0.36743467764034893,-0.5766174298391862
2017-11-24,-0.8845982065205279,-0.4313485573235001,0.12813612802316543,0.10063249057656862,0.934452280064072
2017-11-27,0.48283031597433146,-1.198721916882731,-1.2110506762984172,-0.5882985059049748,-1.0301353433005727
2017-11-28,-2.053156835851647,-0.3574354296203822,-0.19835117384058215,0.6778332960361608,0.5560522125776054
2017-11-29,-0.5902442962845681,0.9613582049374176,-0.1405922178846768,0.12801732916895814,0.9118961540921273
2017-11-30,-0.19767921865646187,-1.0957744401401468,-1.1787622034436593,-0.7814734455930957,0.3058978008948631
2017-12-01,-0.42465906593053526,-0.620427612735535,-0.40324570645058455,-0.2379978821014743,-0.6049280485414087
2017-12-04,-2.967002232551939,-0.6071397923284007,-0.22481827488543238,-0.22691626267853926,-0.01961304145397604
2017-12-05,0.2961431191263744,-0.15588734197649146,-0.37409084785830127,-0.3956559604690066,-0.5082428149869892
2017-12-06,-1.203208871278999,-0.09770397122818382,0.08243325776055617,0.6940765109316092,0.23295016142543906
2017-12-07,0.9451181060528774,0.6410103318353892,0.15970231480951927,0.1001337087488386,0.025463390178000214
2017-12-08,-0.3379658000452789,0.5706773733674358,0.2823615255145043,0.34064783583494934,0.5637584789304394
2017-12-11,-1.176282407717726,1.3891240368017612,0.05714496823028712,-0.16775905404422792,-0.9184274092293102
2017-12-12,0.26601116854022794,0.33695467182320393,-0.0013011070983771555,-0.07356969277291223,0.03732733476002637
2017-12-13,-1.667947727140797,-0.13397729605064895,0.0771469226676331,0.6069185867642362,-0.005067318662898767
2017-12-14,-3.981838215579004,-0.20990944590015234,2.3386006516738393,2.7792921973212956,0.3377672113716529
2017-12-15,0.8261712352740324,-0.3934244450381255,-1.2467217650007918,-1.4595668166332194,0.08368407420574876
2017-12-18,-2.1793184626434257,-0.5965405307571162,-0.29806823465732146,-0.447627065345478,-0.010322406313913396
2017-12-19,-1.4375543130973665,0.28667887269674813,-0.864010493520404,-0.3542377033732428,0.6941356665732528
2017-12-20,-1.787315071340649,0.20685954711224694,1.669406341815013,1.8391685947548866,-0.4051083987512493
2017-12-21,0.02963680221735064,-0.6905820570686295,-0.7633429222294127,-1.429685113123252,0.901703015114214
2017-12-22,0.6193609624499014,-0.7139518925613104,0.1821538473267498,-0.44455220464063067,-0.11696468252137786
2017-12-25,-0.5036453451921046,0.6313863411082198,0.36137086559750603,0.7931451889576717,0.1955061946126902
2017-12-26,0.07921614495457671,-0.6494498857241284,-0.5708702022963966,-0.7304490825303958,0.500993886698521
2017-12-27,-1.0453270784750812,-0.6295745361257477,-1.7971677806762874,-2.2954000201249,0.039203054189940495
2017-12-28,-1.7256541917733956,-0.7749295586132916,1.1549777629628684,0.9782742886201665,-0.09659411213961525
2017-12-29,0.7544522706910092,0.41144892475790595,-1.2843427285397475,-1.4578222140725243,0.7711628180591108
2018-01-01,3.8985158242845857,-0.927268935760053,-1.138671412043889,-1.7930444443132432,0.9501106116222483
2018-01-02,2.0152851041221744,1.5696422231327014,0.10506653240358559,-0.45458787660526706,0.9920181280553916
2018-01-03,-0.45117718757653297,-0.28098895875815794,-0.8602432160970472,-0.8085022998594292,-0.14666029982708942
2018-01-04,0.6280380683800381,-0.2598557789414555,-1.4752811693370094,-1.132354784463534,0.1278994252824749
2018-01-05,1.0796715369739087,0.4880044898097465,-1.015836297739292,-1.621609050865672,0.35955745832497393
2018-01-08,-1.4169425496540489,0.41715813339060187,0.3317931457865871,0.8360132178088377,-0.22601364847334984
2018-01-09,0.22714799358718227,0.6370216440213499,0.5417419513254124,0.6041682551535039,-0.7342062446490059
2018-01-10,0.13143189862270294,-0.16656352157417673,-0.7243391931426719,-0.4914173654508488,-0.49338505745652317
2018-01-11,-0.06664166365136477,0.9015395286494394,-1.8701382615373872,-1.944896867597404,0.10327368846457315
2018-01-12,-0.666328094983059,1.2124817113688624,0.2039803649643237,0.07539151108292715,-0.10469831584115573
2018-01-15,-2.7757566822685242,-0.6671638006436107,0.6182095762723927,0.33146655355051047,0.49022836730536734
2018-01-16,1.298370756600154,0.7300918696282576,0.6326645672279773,0.48708506228025017,-0.0589222901200238
2018-01-17,-1.1280080740982752,-0.7742214507097025,-1.3414602899149646,-1.608011557051168,0.737396248085572
2018-01-18,-2.8804142564920845,0.08115130002405153,0.09766235354787774,1.0141840059279668,0.4508491856042147
2018-01-19,0.29891230389904583,0.1569211315837734,-0.10429132048606206,0.10734619129679976,-0.2738053193902476
2018-01-22,0.47540865094048834,-0.1561263435419675,-0.33641178716480946,-0.9328256121012145,0.4447526068815232
2018-01-23,-0.8599974951203856,-0.786726536695598,0.1473915316485169,0.6391065505770347,0.5186482371339627
2018-01-24,0.4496770848979341,-0.8244186118195876,-0.46230363329677476,-0.8339721363318925,-0.24225897214699127
2018-01-25,-0.7997889520860307,0.6004427680839393,-0.11577546205714115,-0.35101406771935856,0.5531532933111956
2018-01-26,0.36336057263511834,0.7299488766457083,0.4343804249324889,1.563947849031431,-1.0879683612003581
2018-01-29,-0.24695912320227117,-0.15701432216916866,0.2020126386106814,0.006068688352398043,-0.454530173558922
2018-01-30,0.3979379458893911,0.1814326270241137,0.5854504026588551,1.3968459237046167,-0.20853941127867176
2018-01-31,-0.13427976449237014,1.0972359215029404,1.0708672012489429,1.145313340489738,-0.21770496159391822
2018-02-01,0.1815673672700591,0.225874929340279,-0.9410168536238377,-1.764871915210915,0.49571555462266953
2018-02-02,-0.5777217972741269,-0.2777871861671155,0.19548479147788408,0.19467127298762987,-0.032701868643649094
2018-02-05,-1.1102573483322573,-0.3158114677096391,0.2505440734907894,0.5240422490305002,0.34683122131304744
2018-02-06,0.1526717512469866,1.4141866808130517,0.284049511945975,0.08358265025030705,-0.06807153032804579
2018-02-07,0.07947239997374576,-0.08922179597530273,-0.03126140651651046,-0.5388366131952822,0.41589132451418737
2018-02-08,-0.1056701546982496,-0.09086277763428896,-0.3447460344612353,-0.45343810357541614,0.026358781767267386
2018-02-09,0.6348057472384111,-0.013909518851872943,0.27609938101006604,0.16318500439400943,-0.24141726188005694
2018-02-12,0.2870607708289579,0.4914405715397658,0.5604047776649416,0.8190289560740317,-0.07216035836824783
2018-02-13,0.15681868846125022,0.5066972283458909,-0.22808751075191624,-0.4150487550256041,-0.07288539359292219
2018-02-14,0.3132207688829779,-0.43995064227236813,-0.10344561893152515,-0.1458384651206188,0.9657418441785545
2018-02-15,-0.1699168201125793,-0.09994203156587592,-0.1364716150453571,0.2802737905466406,0.6041113685052654
2018-02-16,-0.608306980779063,-1.573851639207841,-0.6356982800495281,-0.8192408050382709,0.4872916709364689
2018-02-19,0.9559645657389866,0.6794831712407208,0.25273467686732637,0.1541174603205964,-0.6851987828615883
2018-02-20,-0.012379754133370096,-0.43442757839136825,-1.0134978905744545,-1.2042447687796785,-0.12939999926051557
2018-02-21,2.3116747032091975,0.1701837058675795,-0.3539548693941157,-0.8028120119829785,-0.3305185429260068
2018-02-22,-3.2221781090114803,0.38834179299476623,0.73266043661752,1.0319642914804144,0.11798358082736335
2018-02-23,0.9618546327716075,0.1771570167279018,-0.6375977284588726,0.12865258887328165,0.2186824977530247
2018-02-26,0.8505107788011156,-1.3345744708993945,0.5936635934948524,1.0655323766939446,0.0008624161175973597
2018-02-27,0.7516857557203516,0.44622882953330917,-0.3738214043025515,-0.19791300233122422,0.3599443153257831
2018-02-28,-0.5763517896033865,0.5749793698475961,0.6285144993541715,0.47575792984204457,0.1563828930084962
2018-03-01,-0.6937934876965967,0.4186539388583255,-0.6426934786851097,-0.5452299580822251,-0.2366028589136203
2018-03-02,-0.07615855350236862,0.5105329606009483,-0.07731339132273002,-0.12716587521047742,0.28184454644125434
2018-03-05,1.6784950380929666,-0.6368136454779794,0.3431199313364528,0.30654852328401344,0.6153369180638181
2018-03-06,-0.7247004805960833,0.9243527725119937,0.26742446461984654,-0.04562210337938428,-0.20863195716897168
2018-03-07,-0.18013404464956537,3.1657840844165275,0.6884068370109143,0.5530664886109834,-1.1111222380955557
2018-03-08,-1.1654877302851232,-0.03009672385632051,0.7390425867963143,0.6865813907909515,0.48188406895997743
2018-03-09,-0.4245848060086329,1.414085409021307,0.42111684669442645,0.15196045685027731,0.23776410937281645
2018-03-12,-0.7527245355043083,0.39857759864029496,1.3178912138882335,1.7715494044827669,-0.45642405709538064
2018-03-13,-1.2035949838126776,-1.1919696279157075,0.09225190305005727,-0.31159879721974776,0.20255534699052827
2018-03-14,0.35861160344235365,-1.2564992326764726,-1.0913057359305383,-1.1591421036343827,-0.10265426719955904
2018-03-15,0.8164328753579451,0.5105204336978186,0.1881050546918711,-0.007564129196424425,0.30110396526757255
2018-03-16,-0.3684855010657369,0.25500425451284975,0.19651868375834855,-0.32278851476957,0.24446388657852622
2018-03-19,1.3780751593720912,0.18002438491287745,-1.1259464768361445,-0.19212974656902843,0.049166326257391674
2018-03-20,0.25045671821827864,0.24865333990385166,-0.13107200647551567,-0.2694668034636543,-0.6337949342112388
2018-03-21,1.076368861361211,0.8373589819960116,0.7149750562618651,0.3104249262754296,-0.846367787465867
2018-03-22,-0.7270990247708717,0.15902985421152682,-1.2208435042487482,-1.790856931678015,0.01627328261985321
2018-03-23,-0.5912218174083562,-1.3212188650144578,0.05843065889074646,0.6358886789999709,-0.4147379871534535
2018-03-26,-0.20551048750835327,-0.008293939180580426,0.5923404752744094,0.9631322679349307,0.0781858406726764
2018-03-27,0.031397664102882646,0.2510666855241267,0.49097838520491566,0.45933228969360856,-0.010015884121621634
2018-03-28,1.6722280506804366,1.3614442625749081,0.8522422579812297,1.7765724007251518,-0.021992635934605174
2018-03-29,1.0851958054371864,0.372374258311043,2.179184805791806,2.042561931863218,-0.028939875283581377
2018-03-30,0.3488516665953173,0.2964838511973389,1.894179170982097,1.6451973577022443,-0.47536358945628
2018-04-02,0.7139367643538268,0.3995739193627849,-0.48099908550467924,-0.052505729270744386,-0.3507223711988173
2018-04-03,0.7983900281282257,0.2683057224794242,0.4865541064648126,0.4211091022401725,-0.45942505497154634
2018-04-04,0.02402321049803872,-0.5223661835082124,-1.013685616350968,-1.2624014118096836,0.030779330686278788
2018-04-05,-0.015682549613903363,0.10179377135877456,0.350026204515763,0.1666015531741062,-0.4341811366621337
2018-04-06,-0.25631533611977136,-0.35317101651247257,0.3936914934331527,-0.4356068590908677,0.3839507694857314
2018-04-09,0.9387956461316711,-1.3052314131519,0.9580082899413938,1.6504900753135747,0.13734087206580603
2018-04-10,0.24266209551992804,0.8237926284972091,-0.20858875595354598,0.13569405290013414,0.21089661863779988
2018-04-11,-0.4535999020902629,-0.7003295402195905,0.14284762841516188,0.6622553798364516,0.12020726084932588
2018-04-12,-1.571185954865953,-1.2165584492073263,0.05635079011349633,1.040813150682747,-0.1025765771545456
2018-04-13,-0.3750527931018824,0.6010757236231594,-0.1324875960288995,-0.29429432770778774,0.38325121310574756
2018-04-16,1.0931086078262047,-1.625442043913341,0.3474082899338495,0.2190423606402674,0.16074647004596113
2018-04-17,2.1667988761474257,-0.5805719574941298,-0.5655979004483501,-0.6592170619331243,-0.16650169639200238
2018-04-18,-0.5572291483170809,-1.6341819749714588,-1.1439572204621515,-0.6181541521215912,0.1447350762563191
2018-04-19,0.48749798478938217,-0.20425147347085,-0.5557625425583763,0.06545717656839047,0.10145147766193727
2018-04-20,-0.5106477218924077,1.0496020562186057,-0.5405885439812591,-0.7441054018509184,0.002591534155647532
2018-04-23,0.0004287995981701276,0.22777408596099114,1.9836684453809756,2.081101266973421,0.8406777907322933
2018-04-24,0.29005312209086875,0.050022107160744685,0.08064428983953162,0.17088532174877594,-0.00915213376715773
2018-04-25,-0.05680226405837111,0.5821958625466646,-0.47985234352380474,-0.9130464845922662,-2.282438745484016
2018-04-26,-0.6682267794000176,0.034800223557863046,-1.544466089083428,-1.469982435309004,1.0766377595797407
2018-04-27,-0.360834664734837,0.7189962665012406,0.5351434798588501,0.7408275135984628,1.2602197962028587
2018-04-30,2.0157600379990193,-0.8885042323577296,1.7213090061728071,2.264739983441955,-0.8261070199050361
2018-05-01,-1.0985199818153122,0.07794244553362675,-0.6982294288275396,-0.7048621122876517,0.39956954796409405
2018-05-02,-2.648894861266026,0.7792598784387565,-0.14490928988006738,-0.37518482266651687,0.5297914005087081
2018-05-03,0.43151940757508755,-0.6401267294540371,-2.5989602121162445,-2.4234949857131904,-0.03095247992094126
2018-05-04,-0.3125510738315623,-1.194879286595975,-0.2151959003299468,-1.226625705333777,1.268396446172267
2018-05-07,-0.6961310393401677,0.4930309966496691,-0.28121667987736443,-0.45743647983420893,-1.3149320580569253
2018-05-08,0.37673914989478163,0.26919324203653855,-0.278666992114764,-0.5505449961786243,2.0470650797546726
2018-05-09,1.1436344350885255,0.41448783823284385,0.01988335664444045,-0.043519862808071325,-0.9350256518476415
2018-05-10,-2.4725102537613015,-0.6690668840038851,-1.994231887044393,-0.8449160301856389,-1.2247664780003014
2018-05-11,-2.5598329078268223,-1.0417559001720123,-0.6171770453164575,-0.7100456876683253,1.4822505974372533
2018-05-14,2.070646377071715,0.24880165634150486,0.5934606195423016,0.31310438507766836,-0.7253688845979969
2018-05-15,-0.5589522993729757,-0.2304936810339899,0.5477122325257847,-0.17927727510694677,-1.6707694174593666
2018-05-16,0.15808354532244506,0.5798587098487962,-0.5274692144851063,-0.6737877240354937,0.7347803544846434
2018-05-17,0.2990679804191929,0.054590013586013876,-0.37397891764300456,-0.6744291651904734,1.2179749165878722
2018-05-18,-0.054658169027122755,-0.2861642310435758,-0.6622624840848639,-0.07523687093694557,0.216218792740753
2018-05-21,1.2001870711026101,-0.21562229087717455,0.21453428748836878,0.16926647278929258,1.1600562978709377
2018-05-22,1.467066734563411,-0.010467480616544308,0.6570303896337127,0.3575076419736609,-0.05943822797508249
2018-05-23,-1.2875452260902445,0.8848329909610094,0.43391137657903645,0.522606558171064,-1.7107057778753245
2018-05-24,1.5219515642217838,0.5737131269640098,-1.0404349839904328,-1.168613351411071,1.0380146330776452
2018-05-25,0.6677134697415071,0.10778865320890846,-0.8377600724193907,-0.801333516984203,1.1896323146389198
2018-05-28,-0.05136685551097416,-0.8671954945820447,0.1655483451297312,0.24842787298844873,-1.4604880030165621
2018-05-29,0.6161795323660471,-0.14251270027079074,0.4533451154796955,0.11267733873375932,0.5052553856580532
2018-05-30,0.3109665671481501,-1.1820177182635114,-0.2587334851528829,-0.51732973506135,0.15566963786331925
2018-05-31,-0.9571355172891469,0.18286310619611884,-0.02488958583066296,0.3370831936040891,0.012131268201948845
2018-06-01,-0.8871443489685734,-0.21306776696503135,-1.312098848960048,-1.03965506097788,-0.21165306427816852
2018-06-04,2.09415437412648,-0.192503699868072,-0.04427412546513835,-0.17496201991200305,-0.17311503102938652
2018-06-05,0.6896702741401799,-0.021264203667262283,1.532951269923141,0.9951940056438964,-1.4935122107861956
2018-06-06,0.5369332690311179,0.01660037439728827,-0.19847400521573705,0.536725739765389,0.5564912787145982
2018-06-07,0.26252154160369734,-0.342878863626913,1.2532820038830854,1.343579460116287,0.2688819152975423
2018-06-08,0.4639173408500329,0.1468615749672148,-0.31948963573791817,-0.05270316193536891,-0.2481380607752919
2018-06-11,0.201034535695121,-0.012336006194879824,0.3635212216342668,0.3900968478662867,-0.09496859165794298
2018-06-12,-0.5977546672832652,0.8771687063576065,-0.6769616525059097,-0.4524951235569693,0.1859441500108128
2018-06-13,1.6949422560355645,-0.3991686030464421,-0.5241933627195982,-0.7599973820810325,-0.12667440655354875
2018-06-14,-1.8017469754077706,-0.3848716525312341,-2.815841663731672,-2.391837161307862,0.7521177103806878
2018-06-15,-1.5207212792107474,0.469954072558172,-1.327070185481256,-0.8040361799157715,0.46620550525467397
2018-06-18,2.1937229452951446,0.5297737015358429,-0.8490293415618703,-1.1324743148287,-0.4301943037786123
2018-06-19,-0.338674826616805,-0.10867774586830554,1.461636851689192,0.885711709684177,-0.14130719921721713
2018-06-20,1.4201377736776248,0.5794022927190073,0.133620571534286,-0.025479683552196743,1.1083804193488476
2018-06-21,-0.7035853417849918,0.06968477789839551,-0.12495630631821598,-0.08550539309960355,-0.3135100254152902
2018-06-22,-1.2709154222962196,-0.1547859813526106,0.0016468279334203024,-0.22752157442126222,-0.6858841873482303
2018-06-25,1.3895616570874205,0.236023623677701,2.8238897503041267,1.4269711842392787,-0.3011671272683352
2018-06-26,0.39061858181648434,-0.41143214912237147,0.20730661891646773,-0.23553353424828946,-0.3161480302231922
2018-06-27,0.8976392299187562,0.13324235479494737,-1.5070972296509022,-1.3692816337236646,-0.14788121781414454
2018-06-28,0.020681801111644665,-1.2835393703165747,0.8169773575039478,0.6365885610555299,0.4507543554014383
2018-06-29,1.023100326773052,-0.3220233323721769,-0.7472891256794831,-0.4272096865693158,-0.8604410959997394
2018-07-02,2.1303946266463045,0.30590457865467463,0.9068343886539213,1.0130318255971866,0.5843852102728991
2018-07-03,0.6660983918650096,-0.332046701270579,0.2567974788433084,0.12110907128063246,-0.2422104441284473
2018-07-04,0.10665533404521427,-1.4710194384048743,-0.28483356614681327,-0.05048576467664094,-0.019808766431060554
2018-07-05,-0.08829975371359183,0.8520465015384681,0.4653123578793956,0.48422751925688223,-0.5445964687342323
2018-07-06,0.3383121692955351,-0.5086847279163066,-2.5216904670805578,-2.2008617496980487,-0.1056416246584503
2018-07-09,-0.31798847075987774,0.4467651882712451,0.2555186470236616,0.6873205095113697,0.07066950850312921
2018-07-10,0.32517161680725126,0.2451737105461115,1.3540968381171619,0.5925684849968268,0.03204648029443191
2018-07-11,0.5910089495502623,0.7431184411553178,0.5043576538026018,0.3175067466132386,-0.3591945098070783
2018-07-12,0.7976428556345978,-0.17467598611298715,0.38955017805710374,0.7383787898335403,-0.9689966248680275
2018-07-13,0.45351330193380596,0.04163473455734802,0.030300334796876664,0.1571442173581601,0.010592825183726423
2018-07-16,0.21379990191174666,-0.7941997325059149,1.477751300993388,0.6421969699118425,0.21642283363622342
2018-07-17,0.07564374067788641,1.1315902480975228,-0.05682950512884756,-0.23827573803725424,0.13468438984267447
2018-07-18,1.3214577438948147,-1.6454263273927805,-1.1381258322768764,-0.07529965493232868,-0.08342133580399815
2018-07-19,-1.1800906171203898,-0.10755354525704808,-0.08351607592863117,0.23983286432742085,-0.972474489257909
2018-07-20,0.4786511042647366,-0.48068237812441,0.9452926205759113,0.40596431814005557,0.6629401720218118
2018-07-23,-2.0453060385080937,-1.420079879825394,-1.5629506454376094,-1.6809447518936746,0.1541293665442954
2018-07-24,-0.9875263844094323,-2.089836939333215,-1.4193864673017733,-1.3069371145421138,0.5436006384860663
2018-07-25,1.2617257945421143,-0.33202279626783265,0.7760546802902085,0.6265359013317986,-0.0668276539246889
2018-07-26,-0.7212689043673541,-0.08678949441257573,-0.7319673031384437,-0.5467457195552934,0.17556550484786557
2018-07-27,-1.093842478745795,0.8354506144286871,0.5239326318995683,0.25855459598302677,-0.12882793355655472
2018-07-30,-0.06571800056776464,-0.5523541309956741,-0.06661770288478214,-0.21784673276685987,0.36796263854325006
2018-07-31,-1.9200818373239212,-0.4220485253967639,0.29914074671380636,0.000940712286436338,-1.4251557324562911
2018-08-01,0.863776767580395,0.9718163640210866,0.9009170020881404,1.3473724327947552,0.17546639108748824
2018-08-02,-3.0941772782547408,-0.48232474072554843,0.13636751277637277,0.16876451383925076,-0.02360525693362581
2018-08-03,1.8801123031809717,0.3824851767909784,0.9086417015178518,0.47833051441315416,0.42474149164234515
2018-08-06,1.9129710000047095,0.14238819996567947,-0.2864602335204028,-0.41458324634033356,0.24842894440449503
2018-08-07,-0.7842211179234924,-0.7856123643847968,-1.2544286117033896,-1.1584430058525628,0.4492254142724615
2018-08-08,1.722750912708782,0.30776885316796815,0.4377726537032499,0.10889271308646324,-0.03878821438872044
2018-08-09,0.4515249060863259,0.4909400352875742,0.058982735944962866,0.37441738962902743,-0.06484597299469315
2018-08-10,0.8305806996637236,-0.23695974931147093,-1.2446655484225162,-1.0175260796842898,-0.15295431934936518
2018-08-13,1.3295953243542198,0.5697048391930072,-0.3129396868670521,-0.7521285679362182,-0.4821070729818191
2018-08-14,0.458230813803854,-0.30320205949749174,0.7786973166498059,0.4357024625152796,0.1665344362933039
2018-08-15,1.6578702607856604,0.5254498621870484,-0.0034742169371587608,0.07156490663897824,-0.1332151311654643
2018-08-16,-3.4568713115455743,-0.6285562104964489,-0.3740625374878338,-0.4255129112216968,0.06306416805262528
2018-08-17,1.469049630626241,-0.12487854499715176,-0.6539147551088836,-0.4924085030879473,0.14516210415603142
2018-08-20,-0.21740584128783397,-0.1802412320402409,1.804322100793326,0.8016767164610703,0.03351394797876676
2018-08-21,-0.004000239712435637,-0.3863110437312816,0.5659922662834114,0.6405009514744909,-0.0018219653546705994
2018-08-22,-0.44208056806182466,-0.09772064110948474,-0.17092461420486443,-0.16378773804458904,0.11242021664709688
2018-08-23,0.3608204797038872,0.5120468314283988,-1.0633208995023262,-1.2566299677945887,0.8780461774383597
2018-08-24,0.9092545584181239,0.15700226337573833,0.4877832069831741,0.02071734385719634,-0.8156234692377028
2018-08-27,-0.5879864321777606,0.05460392455328628,0.561409351412366,0.21847586106571637,0.17504246590525432
2018-08-28,0.15240553164455536,1.2673408728503488,0.5134690020340301,0.819108745383835,-0.6298973113691978
2018-08-29,0.27721624268744544,-0.40588358827069826,0.5263282720179097,0.13217905901813504,-0.5718239951237661
2018-08-30,0.2297742066811619,-1.967254377038183,-0.6920232463695134,-0.38019139975731564,0.35210909451501954
2018-08-31,0.8822533085667879,-0.7106776784719692,-1.3905714421657756,-1.2079988621298543,0.13759803095111367
2018-09-03,-0.27274549880432086,0.7022769912433793,-0.4594876759188536,-0.3041715619427552,-0.025328266499170967
2018-09-04,-1.6956899989953307,-1.129663799208539,-0.35379705704573533,0.32576092459460404,-0.11478457621232828
2018-09-05,-1.8600976494145518,-2.6828157749326658,-0.01710115368308448,-0.05154092980393327,-0.25371229405050805
2018-09-06,-0.7959223854210372,0.21505168899767935,0.505305953291039,0.32461279855733366,0.10619705926826205
2018-09-07,0.024782732788324345,0.4565458925369713,0.057848010723205695,0.30169130182255643,0.13097894388088357
2018-09-10,-1.1811906850551506,1.4380234661202285,-0.25763315232066386,-0.34851428329859907,0.007319590669376784
2018-09-11,0.07876754987011506,-0.3978249772069852,-0.062121415919786545,-0.06777336641532437,-0.05130751421868875
2018-09-12,-2.4237147524462532,1.39727958896951,-0.06670949593445533,0.08465132733883264,0.46310463475288277
2018-09-13,-0.48652753244952346,-0.5869569673163981,0.8164221904001555,0.5680261935348752,-0.29490589051026156
2018-09-14,-0.5509223948474901,-0.34410980569333594,-0.21553605324028868,0.07047963134003371,0.6417505016887854
2018-09-17,-1.0571107836352365,-1.346729278902544,-0.822016411263891,-0.893892387132725,0.7361457946767133
2018-09-18,-0.8349344044559317,-2.097913235029457,-1.154156653720106,-0.641663128748437,0.05827400711267782
2018-09-19,0.23057028434591792,-1.1757424634340257,-1.6791537844061353,-1.9629229805361565,0.22968368985156398
2018-09-20,0.7268074139143693,0.7969602507879383,0.6469657984765904,0.3831239433557427,-0.11824771065137117
2018-09-21,-0.4389683313137343,-0.3042464585250478,2.7902186831250058,1.3831264158258847,-0.016280032024858778
2018-09-24,0.9672951134854006,-1.0601101992184838,-0.6909846498265392,-0.6746839356122755,0.13569375598278405
2018-09-25,-1.2839799452379121,0.34921641539502174,0.49918172627896423,0.5220364253474901,0.2521356979676338
2018-09-26,0.0905667795426846,-0.8770155523796809,-0.5356388504063345,0.384926030115195,0.02079263849013108
2018-09-27,-2.2347849213902053,0.1320070430458444,-2.9970753012639055,-3.5098851212084217,1.0846058559278904
2018-09-28,-0.3763077050727814,0.6140399410689836,0.683202400703611,0.8530865693221024,0.3358255622751663
2018-10-01,-0.4069829978853763,0.1393213540870011,-0.5653882357388745,-0.6245856569988657,-0.10377833221160081
2018-10-02,-0.5901497356798066,0.270172163082806,3.6572982640162346,3.2092653222875493,-1.3180946575419739
2018-10-03,0.4018499925973035,-0.8375001189927046,-1.4378525267175797,-1.6581942164573957,0.5143230449475734
2018-10-04,-0.06187794988682238,0.3486984211927739,1.4681745111997115,1.456056094715203,0.05686467247146094
2018-10-05,-3.0493072042065044,-0.09413164651606268,-0.39775881583250466,-0.2232218386317109,-1.5877054068874379
2018-10-08,1.4564281818718938,0.623766151308168,-0.8652453420128998,-1.0310006255024238,0.015193092796942607
2018-10-09,-0.8501149028908086,0.28899267718441013,0.4092664297407718,-0.12802334147775163,-0.7329739548125584
2018-10-10,0.11082960298817497,-1.1852656305579738,-0.39125514699727737,-0.23158495468667362,-0.42852763594180543
2018-10-11,-0.313081434379767,0.4959477656602296,0.2831949490854043,-0.24017284277370352,0.6875988399759753
2018-10-12,1.5359856834597647,1.1632711239495046,0.910239227322173,1.6815001799568072,-1.147082569431121
2018-10-15,1.085540412756891,-0.9176798902500034,2.889484007555135,3.252133199291443,0.12899190937205096
2018-10-16,-1.138676825882213,0.23111311958906486,-3.9750503530539163,-3.0718677622075425,1.3367222781474346
2018-10-17,0.3150129523667737,-0.28063110243550976,-0.39867724692520884,-0.7302067709281054,0.1369624478491616
2018-10-18,3.066813650766761,1.491569569532776,1.7025715755344173,1.4924477372805103,-1.2048159570596801
2018-10-19,1.4043343173583438,-0.5319509532292374,-0.1196702042077606,-1.1232499524093877,-0.7275878016814079
2018-10-22,3.3711363629404127,0.2004617230342629,-3.2449247893667477,-2.422206596513564,0.8070208157967091
2018-10-23,-1.0867274230806832,0.4509714322534909,0.4951733898147295,0.10741398264850398,0.43595746110790623
2018-10-24,0.18167317519726378,-0.2831317305853388,-1.8510675544744108,-1.7547673966315815,-0.06267080590634608
2018-10-25,-0.26103480657881495,-1.0929075631399987,1.1948133838744484,-0.6621549848706723,0.35498071534090553
2018-10-26,-1.167356807868384,0.09853929006964433,1.0738975921052787,1.8090817736740883,0.5382986927675197
2018-10-29,0.7589217368445056,0.1676257292352613,-2.444684607740254,-0.9725162757415908,1.0146224723261505
2018-10-30,0.594926068363578,0.32431089676882213,0.6779356083521784,0.24561024383968288,-0.7031830807545989
2018-10-31,-2.383122177684541,-0.14338747915237915,-1.283791277250824,-1.4274769091705533,-0.1058330689978006
2018-11-01,0.9728494716994992,-0.11128810735727464,0.8181119813621036,0.6748385259413439,0.2739201777571509
2018-11-02,-0.43396294941793445,-0.2635032519422847,-1.425465286114997,-0.8637875439906194,-0.0369214987884036
2018-11-05,-2.108983486726161,-1.1368192824420513,-0.07822123753466978,-0.4420628007042243,0.021707504165458764
2018-11-06,0.929816501251535,-0.7237091960559603,-1.8527818189748126,-0.7479952349532926,-0.012368402260820604
2018-11-07,-0.3555916267016996,-0.42753516210810855,-0.6389688508472486,-0.8309668007551657,-0.19179804503654407
2018-11-08,-1.171418104291501,0.8239331459988195,-0.4609326721434334,-0.8853120680340938,0.23913781376460275
2018-11-09,-2.59223724647494,-0.1570485637107197,-0.4444875396001186,-0.10365753265759438,0.7813123871989293
2018-11-12,1.5891973859975517,0.5753446678100468,1.8188151966397623,1.403820490153061,-0.7521905288884451
2018-11-13,-2.0573454049467834,0.3661836309173661,-0.9730021748800761,-1.4742885661501346,0.69924869236002
2018-11-14,0.006499773963291475,-0.4245435646605306,0.22357913199671264,-0.44700767061646246,1.0927381874351902
2018-11-15,1.3185614928570182,0.4383693563066792,-0.5648194494910356,-0.46883395531083477,-0.4722450989723178
2018-11-16,0.5753628479646807,0.11432726886858677,1.3568505277832148,0.8075663974948355,-0.1646223249672134
2018-11-19,-0.019593672980169168,-0.14150462653811224,-0.4206636543036563,-0.3153320137491211,0.03467152404705306
2018-11-20,-1.1791108613283336,0.3749672233334253,-0.9268169178500146,-0.8226293175648819,0.214287583286307
2018-11-21,0.3912815119042631,-1.1491031209479727,0.5315742771908274,0.19647845443981327,-0.5137141529310362
2018-11-22,-0.4361654889755572,-0.04215019965787933,1.5410340467582309,1.1557736385256092,-0.629119339582798
2018-11-23,0.046944466983177516,0.27246207050872956,0.16659250047195728,0.4703702728371294,0.3328560885776228
2018-11-26,-1.087489312596421,-0.42533793878037296,-0.1323048581289369,-0.18700151155428849,-0.26500763511340664
2018-11-27,2.0849372172587,-0.6952299631820882,-0.9807860664085996,-1.5834680405888872,-1.5404701684242406
2018-11-28,0.295079093491305,0.2465912902659274,-0.9925940220239752,-0.8919730509875442,-0.20292895518091067
2018-11-29,-0.25896407557688245,0.5653586058293848,2.4900705856523215,1.7905968583667446,0.28182047838974167
2018-11-30,-0.6664756814873949,0.6295905003293246,1.0008289084493878,0.7840928605426368,-0.1454071410244026
2018-12-03,-1.0596247039138866,0.5819697678204474,-0.44126225785397544,-0.4819014116188646,-0.3914305115163449
2018-12-04,-0.12632426598380841,-0.09315040543043666,-0.03721064215896662,0.1670307513576996,-0.5739482045995628
2018-12-05,0.4763822361759723,0.38918693423820333,0.010323287298441513,-0.19897329655311521,-0.34112481776857695
2018-12-06,0.2806334484809703,-1.444410946330634,-0.9357055232295705,-0.8394792407663328,0.6970463669142971
2018-12-07,1.1981912876162855,0.3126675200671959,1.3629346103830928,1.2258924182184683,-0.2355765888750579
2018-12-10,-0.9930848043658801,-0.04157754339784687,-0.10595184912945219,-0.6287820085353305,0.35436991835535303
2018-12-11,-0.309529877866065,0.23259923603764093,0.469647501080654,0.1967324026028971,-0.2784036557003521
2018-12-12,-0.17456947523346658,-2.0020167523885273,-0.9847588219233397,-0.4493604591337959,1.2972087493338555
2018-12-13,0.07472230129617892,0.8859868552771232,-0.31884894820778337,-0.25794482522364703,0.5278244523641766
2018-12-14,2.4023148727312233,0.04978026067978306,0.29081216119858994,0.8862586239078777,-0.7248704319020021
2018-12-17,-0.9200874340309424,-0.5017837930116353,0.226544597361098,-0.0004408285925086915,1.4951661712921125
2018-12-18,-0.0526945110017019,-1.029238572296081,1.1075304130415335,1.0224485760109372,0.5739975948902949
2018-12-19,-0.7442680739110823,-1.5690104672286487,-1.441211448337103,-0.8695324227831756,-1.3583367737962388
2018-12-20,0.8483761825765873,-0.03045201895093186,-0.3792413831544653,-0.6902115491330161,-2.1553602293261016
2018-12-21,-0.29938493130376354,3.0750437231099594,3.0500630627022054,1.2954640034469884,0.24082601497600736
2018-12-24,-0.6183875726710362,-0.1318780499638626,-0.18104198971590194,0.9154959727196643,0.9884611950355571
2018-12-25,0.1791503059475833,0.532353502977422,0.12898450401600003,0.12522407499895674,0.6886300296522024
2018-12-26,0.08899808468661817,0.46721958137645164,0.4345288720064679,0.4927359879095134,-1.3075021822456698
2018-12-27,0.9811433264693712,0.1580230753788023,-1.3012289694705286,-1.2080757233760726,0.32018987601954507
2018-12-28,0.2118786862539221,-0.3926713338146896,-1.0112964745632214,-1.2006296970761496,1.6217557636119035
2018-12-31,-0.1423790514326927,-0.938311930705246,-0.9682592412272221,-0.8778510999622358,1.1658477460881866
2019-01-01,0.3469967985690435,0.7406844842668041,-0.41879783938085,-0.5048396504473052,-0.5743055721641603
2019-01-02,-0.5350156966820392,-0.6582418118374643,0.8843650523528283,1.0170688610649046,-0.48850696996054843
2019-01-03,0.6740836574606895,-1.4793690988913668,0.9848240089885091,0.9456447115607838,-0.767391338516399
2019-01-04,0.40642351613668287,0.09106984059431364,-0.27310789369956484,-0.06168734640593807,0.30782683440984093
2019-01-07,0.7161992138350904,-1.3573784895848866,-0.6750241514093803,0.13401208249885516,0.631467454097252
2019-01-08,-0.192130305712106,-0.8103356350538314,0.13883131622308229,-0.1302258077731555,0.2081754078201904
2019-01-09,0.6388579111212045,-0.5186175865053797,0.6386268826487813,0.7884930120348245,-0.7823273304037882
2019-01-10,0.08199877010721329,2.257959073688733,1.084881091898095,1.0233742887274824,0.09759921429934544
2019-01-11,-0.09111018177133247,1.7841932076785318,2.436439825632078,3.121271689923145,-1.1049986554757396
2019-01-14,-0.7141024861324431,0.2911002013850778,-1.068189216993205,-1.6694324986483613,0.026070273250454145
2019-01-15,0.33341996059546386,0.7868940537105981,0.646763163234103,0.9090124435379587,0.3713812565444343
2019-01-16,-0.051143329619576725,-0.9749016421136976,-1.6346922455398067,-1.4577252658287447,0.5297039709777547
2019-01-17,1.0427191029529153,1.8245200822336436,-0.5289014154690602,-0.09285052219361048,0.4607222790636584
2019-01-18,-3.44472065505262,-0.04398556877741209,-1.2803788249897259,-1.6730558993252755,-2.3569521449973885
2019-01-21,-1.0955589650063675,0.15072672073866372,-0.6996062597145255,-0.45404153915924084,-0.020330977838076855
2019-01-22,0.58217949464457,-1.1563455295618683,-1.2212485834218316,-0.6509467880125238,-1.909343149380722
2019-01-23,0.6240913701944389,-0.9475955624690726,0.28357710145915493,1.541420071907852,-0.12101470436164531
2019-01-24,2.0044475168019296,-0.6744339961842,0.008895841173681132,0.31640226196248167,-0.43843255903879763
2019-01-25,-1.1244202492668276,-0.9937629156108867,0.877694877651145,1.5866471940925442,-1.6952008909637901
2019-01-28,1.9132090624554177,0.21653823430662833,-0.05181769673208128,0.4442250060441659,-0.6876302799365023
2019-01-29,-1.23076784303303,-1.002320992501371,0.16864419308448814,0.10327362984125037,0.16839633740720475
2019-01-30,1.5056494195933605,0.8416350766873892,1.6419172660667036,0.7749899130329353,-0.6159197771578373
2019-01-31,0.580492274180606,-0.8935108711976176,-0.539235212267963,-0.7463382452438605,0.13372549090430114
2019-02-01,3.779064764202135,3.530468136587877,-0.3789354777321952,-0.029851280069102416,-1.1076474680438164
2019-02-04,0.4535420374781408,0.39255969481311365,0.28823333184593725,0.764235210880484,-0.7721272105963517
2019-02-05,-1.5112114385466988,0.7788382295032327,0.7489588827137175,0.8435260360531136,-0.9723810992115076
2019-02-06,0.2957905870440773,0.2644881456177733,0.16736304848946984,-0.6421668830834528,0.03222729467817604
2019-02-07,-0.9922729829509931,-1.474466433609484,1.047682913195013,1.2467607003216925,0.013077801838143398
2019-02-08,-0.7594418782381114,0.27585346052925663,0.8481397642444141,0.5249083484523465,-0.09229843468965614
2019-02-11,1.2903656089088953,-2.3845249664049857,-0.2756020863634484,-0.44966929964888347,0.23948963838479745
2019-02-12,-0.507016805235729,0.08989702571288452,1.3085182700036129,1.1616115399781597,-0.27569268531817565
2019-02-13,2.8685660061640332,-0.4458380441951291,1.9577341649320188,1.8463379591457112,-1.5519585037671233
2019-02-14,0.866298880293475,0.32561028729754526,0.06578776353192936,-0.144324337544501,-0.1014578526288818
2019-02-15,1.3278235571734303,0.06567303527234215,-0.21270967629581927,-0.29955324718834614,-0.7470806990411515
2019-02-18,1.5313894924557578,-0.5170756864031543,-0.528387819247294,-0.36129591908006153,-0.9071156098863241
2019-02-19,1.4260111056368907,-1.0403708786144332,-0.27479042090893235,-0.5595966411187885,0.23488956510596043
2019-02-20,2.147650163086842,-1.2058692390956234,-1.4350417743339827,-1.6774873007366076,0.027168756172603503
2019-02-21,0.6249558183944262,0.3457841615178973,0.9063053716748213,0.35956221136924166,-0.6696260658431868
2019-02-22,-0.2932109743789905,0.4763301301826903,-0.818620575420859,-0.7524550793722449,-0.03531297291597012
2019-02-25,1.2126878249152615,-1.1323734586045267,-0.07603838750695464,-0.3943694269497831,-0.17144109715020786
2019-02-26,0.7425459277366498,0.9626279363485805,-0.1408787473147835,0.11890609692988909,-0.6564709349375858
2019-02-27,-1.7226755839164398,0.3608779902800673,0.595467336621438,0.4782134370627041,0.5088145188477264
2019-02-28,1.2603521799241315,-1.0677208975961678,-0.23275262314809184,-0.23173882791538536,-0.3384203435998117
2019-03-01,-0.7557250438499001,-0.6424002728323353,-0.07487257930548094,0.23793137441098594,-1.2666746144022274
2019-03-04,-3.2372822073324077,0.2576568810678918,-1.5489925295627807,-0.8511461609601166,1.2832712794415784
2019-03-05,-1.1500720823590196,-0.6433582537556659,-0.26366677465030947,-0.10359427001433419,-0.2558355281886942
2019-03-06,-0.0101851112108391,-1.5056252194692619,0.5363661149248651,0.4205207939358832,-0.9843660880336926
2019-03-07,-1.0544984914460942,-1.7000382079543954,-0.36125923017420003,0.11728058383436961,0.09830667970899987
2019-03-08,-0.22889527686392883,-0.7446093022037601,1.177758826915343,0.6840522402966769,0.3297664196957627
2019-03-11,0.7461348830081717,-1.8566193857093616,0.9222523331734719,0.9507154907207064,-0.5972084276310938
2019-03-12,0.5285713245761753,-0.09023410673880947,-0.6933225532965603,-0.610285777142287,0.5415062384953834
2019-03-13,0.6535304516235274,0.9475691488743235,1.8024972587892194,1.6898130020490632,-1.002688960928182
2019-03-14,-0.2743888667617499,-0.3936968873350252,0.27920559417969104,0.12263541109281148,-0.12590456029595212
2019-03-15,-1.4179127902668294,-1.068273505990702,0.3795782723932658,0.6866988935883506,0.8131936688172506
2019-03-18,0.5441950657642061,-0.323471088017808,0.003747599914716345,0.35233850434558583,-0.36778898355451795
2019-03-19,1.0063460199918397,2.2126278410047426,-0.26702686818851207,-0.6080566855901443,0.333173401905522
2019-03-20,-0.22888403789429448,-2.1806477905283397,-0.4577930410330457,-0.5753118517030682,-0.1745440861345708
2019-03-21,0.3922850205557959,-0.6874307308303124,0.4654160556562551,0.6841066694274076,0.4156104141250347
2019-03-22,-0.3335615760819332,-1.7298453723116292,-0.8563808471101337,-0.9818855767107324,0.17706265348951708
2019-03-25,-0.6325843289678553,-0.4513328609554714,-0.8115894988283063,-0.7228881806141108,-0.015503650657504368
2019-03-26,0.32406449249273633,0.04115548833644691,-1.0760457294576105,-1.2066537010189768,0.25880843642918966
2019-03-27,-0.3164533814860816,0.03801052799816941,1.0392081982815335,1.2662283219698691,0.3016833527835173
2019-03-28,0.48317152742585795,0.5529997915619713,-0.4186373124991681,-0.15705712207252545,0.04293237888107944
2019-03-29,-1.0650289388348582,0.2740428809750944,0.08492794431187219,0.01787058073402278,0.028267519599656732
2019-04-01,-0.5015535172915443,0.40152462373842296,-0.015445101389974973,0.03014775587178218,-0.11779861961062033
2019-04-02,-1.2464805313027358,-1.0593748663341425,-2.7956710354443004,-2.3321013283647978,1.01312287846711
2019-04-03,0.11256687759857642,0.3236558817401639,0.7010935600460347,0.14075611386231493,-0.04085597896622909
2019-04-04,1.7746321777282232,1.866750584432394,1.8165899196692297,1.7353718510633547,0.2023039521178213
2019-04-05,0.4926347201526999,-0.06623540826855819,0.48810387813481554,0.23204372762344455,0.010151884593121455
2019-04-08,0.19428438529634112,0.2970004802619913,0.7553870846629768,0.35118131401117286,0.7077565369098024
2019-04-09,1.0485469754910617,1.6515203419022615,0.7710433788868509,0.3066936337240168,0.05566486971021142
2019-04-10,0.4453938830124734,1.2467740628869242,-0.886716758809494,-0.7750368749456112,-0.09656527074591906
2019-04-11,0.6200084683422069,-0.20249742162002304,-1.2291729646854175,-0.8295020781030343,-0.3030494671962358
2019-04-12,-0.0773761391622742,0.38594740380333437,-0.44332496095066265,-0.6897883345678343,-0.4502844265190294
2019-04-15,0.43024512561618555,0.59458680455399,2.285610370857427,1.2953397351163056,0.10486353051629338
2019-04-16,0.09444040405285639,-0.3382358683312597,0.5640393081463622,0.3715349470065887,0.2697693216174158
2019-04-17,0.046095967902883624,0.12562512395478495,0.9114181055056307,0.8136978884078948,-0.22750653681147134
2019-04-18,0.3166858138788127,-0.16170342614213362,-0.9426315009100167,-0.5884537599705812,0.21716388516443275
2019-04-19,1.4093175550722874,1.1598725559431307,1.113014208894921,0.9893204973023046,-0.14906279488371738
2019-04-22,-1.116572039504053,-0.2505014496536734,-0.09261530966633734,0.006528467530551714,-0.12216192785983276
2019-04-23,0.7118101581684502,-0.4148820845357964,-0.5911401638558909,-0.04089892554553245,-0.21369553664696922
2019-04-24,-0.4031763636377625,-0.12312797630068542,-0.18998745905118578,-0.1347601781391844,-0.1722512502399312
2019-04-25,3.6358292004273665,0.358751640053732,1.191352867940709,0.2395281264160345,0.04639997036250109
2019-04-26,1.499166647542383,0.33016566461708236,-5.016118662141378,-3.3598971122701933,-0.4656586999607375
2019-04-29,-3.5298091327851124,1.146520660131691,-6.8213062479092255,-3.6497601943394957,-1.3585019554579871
2019-04-30,-2.791851619890947,0.13173852742359576,1.6524428692342883,1.119816442534181,-0.15838231719737675
2019-05-01,-0.5375934954622261,-1.1074472421239037,0.5950332257986142,1.1888972972133647,-0.28163621530351135
2019-05-02,-2.7142461945707383,-1.0109558716405085,-2.4921619384729907,-2.353986348631704,-1.0541291668011588
2019-05-03,0.9966639355797121,-1.7120192183368608,1.9656918356445094,1.8376590885139708,0.32104147591934484
2019-05-06,-0.2845840153242711,-1.8148937697965202,-1.5684998185790817,-1.0330778283803186,0.07205683010072494
2019-05-07,0.5715022980025235,0.24812941660040466,-0.3585222621902415,-0.06554988631389037,-0.38378786234054196
2019-05-08,-0.1631407144122459,0.3235958805586078,-0.3266988521850181,-0.6358164685102206,-0.22930164657577756
2019-05-09,-0.6343688550817682,0.24092198829418005,0.04160409976615227,-0.10153270206495406,0.09855339413169889
2019-05-10,-0.5726447489534993,-1.2271403810999884,0.04780540981212996,0.12053378180925733,-0.1928039829560083
2019-05-13,-0.5406269508366832,1.3063650636347317,-0.14593079466595202,-0.4150674924034448,0.24490565261810973
2019-05-14,-1.6964006835560033,0.9390622229946682,1.6884576870798185,1.365389083765256,0.16304530352902974
2019-05-15,1.8508993832870013,-0.13712967804324244,-0.12415666999729104,0.40623695430457935,-0.20977840041522625
2019-05-16,1.7154569274686824,0.20464277216999913,-0.06731641054838065,-0.19505127883491735,0.3442321749076522
2019-05-17,-0.34271942356954976,0.8742860414727689,0.9723017373630494,0.6897134804415476,0.2571823613677771
2019-05-20,0.2767958325645512,0.8308972721505251,0.8076518706000564,0.635364620157652,0.19291156782683758
2019-05-21,0.87767180769256,-2.2852765260529195,-0.05985743647398082,0.7775231542960332,0.57298681802822
2019-05-22,-0.2056374484254537,-0.018628327105072905,-0.4249710313415798,-0.026140278738361812,-0.10843227513584205
2019-05-23,0.23166076934754,1.0278106406029963,0.2665591721276136,1.9921295435139441,-0.1723624754885498
2019-05-24,0.23322979845579458,-1.8313952748692477,-0.9947764779347711,-0.34594760582290673,0.7747566353973238
2019-05-27,-2.825720454639782,-0.14601928158363534,1.2926218599193497,1.1336705032420367,0.14271005380050478
2019-05-28,-2.367515879016771,0.2638963358876674,0.5054171467362432,-0.21972498420339798,-0.4339935584187791
2019-05-29,1.0948220949415433,1.1628039833565118,0.9527324204838433,1.1005352814419498,-0.3923995620499436
2019-05-30,0.8764923175159421,-1.2572628135599782,-1.3756134100059836,-1.4595043824123386,0.18277399059963428
2019-05-31,0.44404596250476736,0.2987185875222737,1.1769926063898757,1.5306175989004924,0.2106310303068617
2019-06-03,0.2797034095145768,-0.7280715112752573,-0.3081468292245771,-0.1591146645442796,2.026887152648909
2019-06-04,2.78262397525178,0.5809431761053576,-0.17063338922662338,0.5073495300762658,0.0534843826064893
2019-06-05,0.26027056238713026,-0.6113677315051772,2.5583891240486,2.297399854898032,-0.36572606663711893
2019-06-06,1.3789124842045823,0.5031281070991017,0.19581064450291394,0.6178793797789716,-1.8542544067042215
2019-06-07,0.4629425602457698,0.1349847168592275,0.28984723591049716,0.9365521968936983,0.4608614213971263
2019-06-10,-0.2671084260555476,-1.0118610308639222,-1.2797010534092588,-1.3982951916561759,0.3118004734717469
2019-06-11,3.5916581459924357,0.7883645301769775,-0.9206583828335275,-1.3576002226897934,-1.7518346645898972
2019-06-12,1.4412047289861354,0.08049380214548565,-0.26321116024270363,0.1626913610989112,0.6741976456676801
2019-06-13,0.6487663217341383,2.272006312467443,0.7478755315601682,0.354461955192136,-0.7658340429493609
2019-06-14,-0.47726655400399937,-0.980767254003568,0.2846587100348019,0.5960398839679647,0.244338848620208
2019-06-17,-0.6749673140501868,-1.2564070064981394,-0.4580871876272878,-0.7437122400455543,1.346896351368256
2019-06-18,2.504377656212794,0.5387175842162478,0.7579867564541013,1.0704535382569655,-0.8835737613265807
2019-06-19,-0.4665602814541401,0.17668067028991305,-0.1968553612844912,-0.056322969882435514,-0.19059380231993733
2019-06-20,-0.4436020704613994,-1.066844571957077,-0.09929774706537338,-0.16667327452343075,1.5397888429401427
2019-06-21,0.5659129096183179,0.7864888987320492,2.326248464499128,2.0980012416607257,-0.061659033584473597
2019-06-24,-1.8072392355373332,0.13012386031637999,0.13179623549200428,-0.29543636472332846,0.22404339586451785
2019-06-25,-3.8950923604276944,0.831708859695011,-1.0943065542519088,-1.0205461395626025,1.7484538574816824
2019-06-26,-0.8216169347003962,-0.2401285406637988,-0.11418006283602594,0.06063686943215165,-1.0536665064868191
2019-06-27,1.0309236875773737,0.7637926262732726,1.5664854634388943,1.6799086602081053,-0.33724055981724266
2019-06-28,1.841165160886572,1.127639544284971,1.1784933125874937,0.36557168459333217,0.4608331316096843
2019-07-01,-0.4866796542019729,0.7513262909979057,0.09816298734599169,0.62782358355229,-1.4227932031705304
2019-07-02,1.700864814962851,1.038716979952331,-0.6355488725091577,-0.38628455615918417,0.37506033128098454
2019-07-03,-2.628637998524639,-0.350729219139565,1.0615700247124287,1.1343089726112103,-1.8913155996378501
2019-07-04,0.17527465348451451,1.336525645328425,0.38879198129170434,0.36232600892504363,0.5172735973345721
2019-07-05,1.181200805958467,-0.24722860538779753,-0.3955660790277527,-0.02529257727905525,-0.6983694159158848
2019-07-08,1.2993418785441517,-0.17282935089796897,0.01726881830862725,-0.0022250764451307564,-0.5542129714138294
2019-07-09,1.5751984630384512,0.2703113165786075,1.424002640317921,1.5353257551587438,-0.18377149715051033
2019-07-10,1.2706622805473937,1.5404013679879183,2.8121562742753867,3.418846171636735,-0.5872876427586012
2019-07-11,-0.30729915170962663,0.4791916870569885,2.3686439734031515,2.7598472138786945,-0.618800014957183
2019-07-12,0.04949008290036557,-0.19124761791976885,-0.20596370485416693,-0.15638230799060007,-0.8960076491441262
2019-07-15,-0.2744278786715007,0.024096841358384205,-1.0328376336336822,-0.6808544811175065,-0.8232258632034481
2019-07-16,1.9042553131370994,0.22849105273542225,0.906047768659749,0.8336499569853614,-0.5351858202057841
2019-07-17,0.4720738616059846,0.07322161805729095,0.26351667198763523,0.5409014664235294,0.1799316321067539
2019-07-18,-0.21583148883374453,0.9129524597826444,2.846991900153274,2.248784945799663,0.276977561038766
2019-07-19,-0.9261396699637922,-0.10632568796474756,0.847923844688603,1.0374820479237916,-0.11059295934057786
2019-07-22,0.5910747323687363,-0.44707119775526205,-0.38005355418498055,-0.36102901777001023,1.048704578275835
2019-07-23,-1.3826808284335637,-0.8821518509002646,0.540341373592882,0.6102761843692223,-0.29920689286223096
2019-07-24,-1.570207848742808,-0.8346687074371082,0.14961435076927912,-0.8071564769505649,-0.3853867012974165
2019-07-25,-2.5525902347702636,0.5257583188637429,-1.17612661667954,-0.5543802450510543,-2.655659610678273
2019-07-26,-5.042121102020731,0.46056284737723174,-3.343628200048908,-2.622809782182418,-0.24136953662407468
2019-07-29,0.16950699475802672,-0.43716313649684513,0.645915614122953,0.0009391910790350719,-0.8257921252071001
2019-07-30,-0.5044214007456385,-0.6887545431872224,1.2745307446526837,1.009323444702116,-1.3065338813601366
2019-07-31,2.2910132743044413,-0.5015689735854997,-0.10540655355206655,-0.030108521985584488,-1.6423787299657386
2019-08-01,0.4566527372678806,0.08613401702792493,-0.08944896030366394,-0.08589980713819757,-0.830031809298275
2019-08-02,0.005729512132193014,-0.23716377900580396,-0.7152725020729308,-0.8121660748463112,1.5106506823752746
2019-08-05,-1.2379615432082778,0.9917636567246322,-0.04458278768666843,0.2789613418012298,3.142397689614774
2019-08-06,0.7015820228479619,-0.06189797643968673,-0.3975083762350214,-0.27008521029629323,0.5839193357236961
2019-08-07,-4.7158522343188585,0.5956991352946374,0.18509668317397462,0.013043881962162534,1.6222616104137229
2019-08-08,-3.432008666096907,0.07571792083180737,1.8033064157577194,1.6037040048120919,1.8331353958939138
2019-08-09,0.38802385560466396,-0.01843022170529112,0.8409248926786379,0.9211371526883404,3.8737912751059196
2019-08-12,0.9310331841425293,-0.5202075529816527,-1.5400220050400009,-1.3867959071423068,-0.10567414902862117
2019-08-13,-2.394334855821383,0.26027919117965065,0.5803981184506112,0.5094367224015753,0.9361590458742334
2019-08-14,-2.2448677711401506,0.6717631198722737,-2.0075287303409564,-1.0978904775554867,0.6160363319518628
2019-08-15,-0.11177345215220161,-0.6578842033972454,-0.33987966641496203,-0.11459829745908788,1.4348666173231026
2019-08-16,0.8738520775486428,0.07688612352484607,-0.6356054435953048,-0.16823774479925735,3.5886042428525795
2019-08-19,0.5207698240183151,0.8950662936814809,1.840662874381609,1.596155829010497,-0.32820814415792354
2019-08-20,-1.0304933651917076,-0.21548964524283976,0.4814635911319494,0.05449272489678989,-1.1250740205705076
2019-08-21,5.0777089756817135,0.07929947550773002,-1.5632713420518036,-2.02666105545588,-1.3321675260461145
2019-08-22,-0.11008570207803026,0.4665782282062875,-0.4083767493401592,-0.019191623793236717,0.14572393760382404
2019-08-23,-1.1185013577715848,-0.20871070773148845,-1.2196438375998748,-0.3697195854723739,0.41468334446746874
2019-08-26,1.1298783693117154,-0.2579066207461392,-1.1460791334736011,-1.0439839254639973,-1.0541249358683626
2019-08-27,-1.0110218394607262,-0.5583937386500061,-0.07256371049388581,0.15182147652697592,-2.110663132376526
2019-08-28,0.44833472916053985,0.28048466987414666,0.6952277120974375,0.24531621549905866,0.6814400871398775
2019-08-29,-1.3252983777218086,-0.5864610387440756,0.32579174769951613,0.34238469844002456,0.07433716389424164
2019-08-30,-4.819048411567829,1.0276564625376692,-0.8113763536841738,0.040535671376197104,1.7506159498147784
2019-09-02,-1.3867371776649622,-1.2067263875474854,-0.09931438354433152,-0.40297513077922026,1.4607155053525986
2019-09-03,-2.0583086888459543,0.32401905265871445,0.4728442637319708,0.8651899142062007,0.48457346865015316
2019-09-04,0.32938194697837975,-0.6471831126320473,-0.37962909259341676,-0.4690670925626214,-0.19692684479124634
2019-09-05,1.5959982135069537,0.5841025205573795,-0.4022351485041807,-0.06633553930124211,-0.06392943781206789
2019-09-06,-0.45625561178643625,-0.3717545232188117,-0.49124251453809586,0.018773222286018562,-0.07328950642758186
2019-09-09,0.24218487093658034,-0.1274037956486159,1.8701742214725299,2.0854388118618328,0.21479874395700196
2019-09-10,-0.39162551238041043,-0.1283285109159899,0.06515539085981782,-0.18573599144720054,-0.28852656990745734
2019-09-11,2.8963048249466277,-0.8637352121579865,-1.367469902471296,-1.5285310268996521,0.6280663412138787
2019-09-12,4.431827468515324,0.8225862129262924,1.602303793270124,1.3735842981888144,-0.18720417242262627
2019-09-13,-2.4935012668821845,0.3437197355741125,0.385450819588818,0.8097187201426177,0.08009383528483723
2019-09-16,-0.28216908630440507,0.09757686043015104,0.9262271004951618,0.24650257871508852,-0.5907604697613793
2019-09-17,-0.03174356235632423,-0.5313626285637167,-2.0730546533091543,-1.9306642904084603,-0.5017280177674365
2019-09-18,4.107601319925238,0.34846207819393116,3.6223939730203667,3.21684965012723,-1.2786161645775311
2019-09-19,-0.9851283464296692,-0.3456782313041128,-1.3488932729876362,-2.6440526711109578,-0.7969933160162425
2019-09-20,-1.1865222721047157,-0.46805072475330783,-2.0417793583747113,-2.1188907886571595,-0.9687768628090121
2019-09-23,8.429402615270687,-1.4423138301734577,-0.9086553612972648,-1.9968146356227654,-1.0539525045744016
2019-09-24,0.9193038592642232,-0.4461390247818492,-0.00552066196593862,-0.34612665421905725,-1.4346829896911064
2019-09-25,1.5830141011223486,0.48467934732010154,-4.242872112410113,-4.377865018484857,-1.741368598097147
2019-09-26,3.2025349751514076,-1.0123864158338645,-0.739916304443297,-1.5859349922432577,-1.3051991703482198
2019-09-27,0.6136178452814285,-0.4805721308770683,-0.1128975342401445,-2.0536484025247517,1.1484699045941922
2019-09-30,0.07805970524554201,0.4862371140951495,-2.6408982115601733,-3.1041759123772232,-0.6616151476938352
2019-10-01,-3.2451519736151995,0.06565278830035984,-0.10840309464451196,1.0986414588463678,0.24922366226299159
2019-10-02,-0.3929607109919381,0.517111241201297,-1.9044451037221939,-2.219366947188999,0.4751044999636199
2019-10-03,-0.3233813018898197,0.550962085059766,1.1490797767712677,0.6444071983048195,-0.2760397188572175
2019-10-04,3.0090873949968677,-0.3961272531647133,0.24939276755911996,0.13350074234427511,0.005588806592142234
2019-10-07,-2.6422891285206935,0.5649505340937099,-0.7538350786868053,-0.29027872179094055,0.3521659731398658
2019-10-08,-1.4329604237740674,0.7586663339274223,1.6948070182700972,1.8880203178698571,-0.7667680772399679
2019-10-09,-0.3825058667173534,-0.012202551672469815,-0.6235527692428197,-0.27428148558056475,0.35349160286612347
2019-10-10,2.7756014182359157,-0.10493125141293283,0.17398059973460986,0.564782263374824,-0.08223451312002655
2019-10-11,-0.45680587577495113,-0.023875542431763104,0.8271847751301148,0.5431964226290723,0.007110581698628834
2019-10-14,0.016604005789502184,0.42030067435439256,0.053700419100298206,0.8622472360157406,0.008678409938552725
2019-10-15,-0.34929234849015595,-0.08761729837157337,-1.3456326748934915,-1.8418776026156825,0.3655835403356946
2019-10-16,2.2705823118290764,0.03553828890231883,-0.4511025401389135,0.24158007050926106,-1.0463991406065125
2019-10-17,2.3253903188290392,-0.4114909875009439,-0.5508548524579117,0.33624692424874003,-0.10991322051200966
2019-10-18,-0.6291909537409043,0.5046319687867364,1.6696607077014989,1.2684660990063794,-0.34659241182140293
2019-10-21,1.518194687877539,-0.5639209504314293,-0.08192265070109442,-0.582800053789289,0.5686599850759148
2019-10-22,-0.7459657567202296,0.18788022742195512,-0.26426594271408976,-0.4860992926194567,4.050694186656363e-05
2019-10-23,-1.7859917642123215,0.1696196979007424,1.065868114484862,0.9906591196310551,0.030174082550757417
2019-10-24,0.4424763927134222,-0.8165135314193909,0.17601827935016745,1.20052426235592,0.08857568151298355
2019-10-25,-0.1749509400702153,0.39789036359404667,1.8586854485557844,2.4307847146389614,0.9147097869148929
2019-10-28,0.8549157262337858,1.6935802536133095,1.3596745930890037,0.7957875801063352,-0.45905460634264716
2019-10-29,-1.900540210169884,0.7831161378189617,-1.028208591439987,-0.9809036904644264,0.5287240266484977
2019-10-30,-0.6074826097406674,0.7826045047749023,0.25378450977586225,0.05082036814785174,0.403000013966648
2019-10-31,-1.7918082568125482,-0.6472508316592613,-0.23363282804828883,0.05785829252048058,0.3083097366217746
2019-11-01,1.3987399260484967,-0.25019520660183026,-0.10555126240214145,-0.3896643655746206,-0.307463853434667
2019-11-04,2.5628691364799985,-0.8714822044715966,-0.303112411035386,0.10741416671058071,0.6249053234635161
2019-11-05,0.6417955368373106,0.6617391152662389,0.25143228834532494,0.408885541368774,-0.8388375937124694
2019-11-06,4.344838079453274,0.08072141165996498,-0.3399844233458104,-0.7777237013717246,-0.7769813026876022
2019-11-07,-3.2746524497233898,-0.2841161876677655,-0.11164692956922066,-0.3323463809777633,-0.07481744975780869
2019-11-08,7.070470702022703,0.05889243826330968,-0.1271367911411988,0.26497633374340845,-0.24774667569963107
2019-11-11,2.80198223787621,0.12223900957361396,-0.023864556714709873,-0.45376502177577405,0.5663019190758762
2019-11-12,-3.6207354036331845,0.09882730112892685,-0.852825770452649,-0.528211888130083,0.11472637794570463
2019-11-13,-0.38752893212938666,-0.30353030789482,0.20852401182457705,0.040118214012175746,0.3064835006718131
2019-11-14,3.5001998186293144,0.2862322278317192,-0.02261243848286707,0.2017405160527345,-0.07989828888586217
2019-11-15,0.9100637607276041,-0.4159012303756675,1.4987345679584625,1.2088204649955383,-0.8705868907394718
2019-11-18,-0.6097023122141542,0.6045066414192505,0.995326358950113,1.5139837917164123,0.4157778034654798
2019-11-19,3.267143527234618,1.4973946093591401,0.2096356435307468,0.22949775746689224,0.11445116097976199
2019-11-20,-0.7842304509685755,1.1250142980300908,-0.6100214935798445,-0.9308432599767716,-0.8439251245520211
2019-11-21,1.5305568109808565,1.8061103149776785,-0.0027374861942024106,0.05541451424455322,0.20519764053431253
2019-11-22,0.3313134202578497,-1.6368050007721153,0.3395296145087186,0.44956728919449607,0.09724205165925467
2019-11-25,-0.8146416148121629,-0.8438157020720761,0.42155136197937915,0.0067433181154342445,-0.22324467787088711
2019-11-26,2.9500617266881353,1.0035696588888805,-0.5248098581900253,-0.6289497411174588,-0.18724434524692615
2019-11-27,-0.10195018671536239,-0.9122582460410599,0.07306710160724568,0.06476561352854536,-0.6229456886860867
2019-11-28,-0.5372825172982538,1.1602895438168523,-0.9502683010510242,-1.3499510918540667,-0.3424021339574264
2019-11-29,1.4573713542594258,-0.5703314874415095,-0.00572738170981173,-0.35728419068583056,0.07593320776591723
2019-12-02,1.598216452976713,-0.33994232661086543,-0.17673985987906699,-0.5914792073112579,0.3301765390912498
2019-12-03,4.549219219320025,0.2282270029504329,-0.734448115664925,-0.904106189618557,1.0402374157318972
2019-12-04,-2.2402134136363765,1.1145826045278917,-0.02222910727481949,0.6504986150273986,-0.0020534685461443144
2019-12-05,-0.06204253461710036,0.455788218851126,-1.818799718634344,-1.838939998598054,0.17732865336040135
2019-12-06,3.466686490025864,0.9937810905869916,-0.775433385815649,-0.23189278401133598,0.07560277738111003
2019-12-09,-1.518331367925993,0.08225602991646772,-0.1967366932784394,0.26952642615903355,-0.09763000379400694
2019-12-10,0.4154533435336827,0.7548382103645966,1.1594157073298437,1.476489629759613,-0.9181439581838966
2019-12-11,0.968919620501113,0.14388846180489723,1.037918865877518,1.0084154130436778,-0.14240009378324148
2019-12-12,4.011835768378836,1.629850503375395,0.49892121803370904,0.2982035011030893,-1.2332038015842914
2019-12-13,1.496471564825822,0.2883810004323669,-0.13356405526536064,-0.017306701287367353,-0.0306932527514205
2019-12-16,-1.4487652091846137,0.06734635130360851,0.19060581754733905,0.03899093680436512,-0.5699948909446008
2019-12-17,2.4753559310584152,0.8227050501113556,0.04018447084850753,0.289856060668651,-0.1693484331977186
2019-12-18,-1.5326999551396239,0.28561005593035543,0.05594690079558096,0.6098688092772309,-0.5201965780970651
2019-12-19,1.3382798070763202,0.23235396677744471,0.2239183506066601,-0.10569248983928907,0.9450670823248573
2019-12-20,-1.9603616650821105,-0.1041208366921326,-2.4182656574018444,-2.7348218259640604,0.508516919781556
2019-12-23,-0.3433000613550961,-0.4376571437267427,-0.43880418150142925,0.24306928548627726,-0.25940951348634506
2019-12-24,-0.8511535389024686,-0.07061630677133818,-0.09431131103154058,-0.387300315698341,0.42021909879418234
2019-12-25,1.5062635608133412,-0.20572351231867983,-0.8906247914109745,-0.9123407830356223,0.01302497319981785
2019-12-26,-2.818704013087656,-0.1070533402215943,0.471422434892137,0.6213681035881826,-1.018770719150594
2019-12-27,2.266131394359643,1.0474866174467636,3.8134872724597875,4.467759094260002,-0.5946751692620634
2019-12-30,1.3719485964093117,-0.2591443938675973,0.14537592597242943,-0.18578044888999415,-0.1932210328037023
2019-12-31,-1.0113016798051195,-0.44709048980025895,0.25931226924147266,0.19186627355102592,1.154518774884851
2020-01-01,-3.2097125216843505,-1.0375970035021642,-2.075365535639003,-1.8332034486538045,-0.6903409636407697
2020-01-02,1.5004977001452906,0.4436583162642611,1.4321364141186737,1.743321425812066,-0.285956593002255
2020-01-03,1.7230697080776445,0.5964567546275222,0.7924010213990268,1.50165148761394,1.1294688835914453
2020-01-06,-0.39850638822986634,-0.17535465741165204,1.1234031817000714,1.9897423553293443,0.6927119565612156
2020-01-07,3.002393451270741,-0.830173500427928,-1.8503986700085302,-2.2191457703746416,0.4111997893470599
2020-01-08,-2.1990343387004376,0.26486426456585555,0.605755247410243,1.1798350422883441,0.1691786368223199
2020-01-09,-0.04155067183667672,-0.012674646867465307,1.2978177312757697,0.36346410069451784,0.24697836542801158
2020-01-10,0.01123370358152503,-0.838836752346274,-0.6735242980790888,-0.7956057763740576,0.5943901082586375
2020-01-13,0.07582682779112251,0.30241664644692356,-0.1051450944013851,-0.2871246289975313,0.04603360530468154
2020-01-14,-0.009570745381962616,-0.9934772768218432,0.154918096503745,-0.0497319073563747,-0.5111279635690453
2020-01-15,0.7734372865731245,0.7405181367943041,-0.7287897735122459,-0.9068969469179573,0.5901661922010999
2020-01-16,-0.7459308124519484,0.6113236607246153,1.359495384594006,0.939307796936096,0.042312952863956976
2020-01-17,-0.07841481570975734,0.2983607408333755,-1.4751864166447293,-2.139181687277813,-0.09437118368324866
2020-01-20,-1.8775254130832182,-0.2750082905117084,-0.12202521091125022,0.01997227037969781,0.12610254769350857
2020-01-21,-0.565316479441624,0.6095825283813114,0.48327944508591103,0.14028827635885582,-0.08840218336149587
2020-01-22,0.34041952636676226,0.7942499898563512,0.8273450735348864,1.2627871902608951,0.05065786245499092
2020-01-23,-0.5362412665084444,-0.14904573524867212,-0.20975510537312034,-0.6062259265106473,-0.423750764070603
2020-01-24,1.4285511313693,-0.19222063685628796,0.9022151966949649,1.07349137716938,-0.5281675186285892
2020-01-27,-1.6859904142582127,-0.1519116686487452,-0.23459814362067596,0.02268347190539525,0.3548299206292186
2020-01-28,-3.1719355581301776,-0.6750133767736917,-0.44662518517700517,-0.4386215349904788,-0.507760119079895
2020-01-29,0.8577578222264295,0.07646179006204167,0.04715768070297091,0.48380357242834965,0.22868951114187458
2020-01-30,-0.18428931322413533,-0.6099316798118102,1.0049367009269605,1.1796238761388822,0.2611012967498675
2020-01-31,-0.1571434668005876,0.3020172932735177,-0.15711936570724858,-0.37328716389312877,0.28681871809791054
2020-02-03,0.27902493591462546,-0.12200324320560128,-0.25706982233852055,-0.5926758632643657,0.00965182115901951
2020-02-04,-0.12025948609658176,-0.10225303297118898,0.05330585342924686,0.20273029592980651,-0.15229617427427294
2020-02-05,0.5172443020392831,-0.08509603343669288,-0.34013852335977174,-0.6500833568504664,0.21854526502041124
2020-02-06,0.01996788609886788,-0.378169513829407,-0.026688108159968915,-0.3302825088067909,0.6930426921917853
2020-02-07,1.0407447000088004,-0.24618003809785302,-0.7122841779194318,-1.2114704701005905,-0.13765131869980313
2020-02-10,1.0933734301688072,-0.10803778000486135,-0.06272950629738279,0.20028972585808436,0.5587035652998111
2020-02-11,1.9163797103344802,1.176029874376277,-1.3298533454433081,-1.443049218776616,0.22637742297052946
2020-02-12,-0.34285296743628635,-0.28102895190362565,0.6495954646821968,0.6280348223245652,0.4259932309564904
2020-02-13,-0.2134952671376336,0.3147983662126722,-1.0476276858353373,-1.9131745275306236,-1.0407765726364175
2020-02-14,-0.6510732229265984,-0.09717674048683403,-0.39297554947256885,-0.23276279932323252,-0.8707407758213891
2020-02-17,0.5485519956118666,-0.7349079082677389,-1.2247742267690285,-1.5449798592820965,0.3421073694383553
2020-02-18,-1.511488815833959,0.3052005573631418,-0.8205883719752858,-0.3860930814047801,-0.7410632550552694
2020-02-19,-0.24341382615106932,0.2116994830981673,-0.9796506982065085,-0.7898471747975857,0.34421953152921514
2020-02-20,-0.9040981952879582,-0.15899923903338847,-0.4536448293828115,-0.5708863880307687,-0.30493157402318033
2020-02-21,-0.8183999410718725,0.9236334277695265,-0.9939129177922001,-0.35564205852661074,0.5682989118855417
2020-02-24,-0.000779171757953744,-0.25277028264941864,-0.34653101487222754,-0.0639709329045984,-0.7108959704066634
2020-02-25,0.8403400297588249,-0.11971616772296503,0.15536411357024502,-0.04770827553956236,0.3514214352620113
2020-02-26,-0.8919614123932117,-0.22193360431730752,0.020755222798275044,-0.4916489005214575,0.08644049173231691
2020-02-27,1.4320636763068164,0.60953299643063,-0.1455534365870994,-0.565642095799579,-0.3031325548498914
2020-02-28,-2.314116242565894,0.4263607567127638,-0.19842264715300145,0.3211166829482293,0.8277765408474901
2020-03-02,-0.7069907622932957,-0.12361434896327336,0.12457724627915756,0.1541102204854859,-0.365456069207857
2020-03-03,-0.7027072911632577,-0.21585155267079859,0.39868896413703225,0.08791950437249092,0.14549031476139315
2020-03-04,-0.862225033779857,-0.19106304360237925,-0.4841237156746332,-0.38230450892939416,0.1368160421618073
2020-03-05,-1.3571048448345677,-0.45775668194092894,-0.5317346808291815,-0.36973311697007594,-0.6456542573710876
2020-03-06,0.5032521604620998,-0.245439781616344,-0.02106673445131753,0.008237074621719706,0.13502753530070838
2020-03-09,0.39820388456871136,-0.7398327875905355,0.028341210416565815,-0.06557293659169916,0.11473947988665048
2020-03-10,3.0992022389978953,-0.8224102885697601,0.8244687428192801,1.1770547101403,-0.5505698358705293
2020-03-11,-1.8765143681185215,0.3942922626916177,-0.35057502359993303,-0.48084583074224246,0.2858140438495197
2020-03-12,-0.3312167206021089,-0.4238097383223654,-0.16634527556046347,-0.26880122281469937,-0.04410561564501937
2020-03-13,0.33403691934723095,0.4473442581726259,0.17699372043891817,0.09357484671895215,0.15869770937034536
2020-03-16,3.4348973470966624,0.8766967021217023,0.5504673455791548,1.1033140700178552,-1.1587639031146844
2020-03-17,-1.3232687522129287,-0.40856128293285227,-0.4210429960406725,-0.6359731514598854,0.31558971482712556
2020-03-18,0.90854011968931,-0.5151415569852882,0.11287202368109633,0.3693117935769227,-0.1913373984997217
2020-03-19,-0.16312016492845988,-0.5387974900161473,0.4934018244934926,0.09579895976109584,-0.16673506585762804
2020-03-20,0.05053347390614592,0.8170283883244743,-0.1690915308560408,-0.33184166809730486,0.655959880458612
2020-03-23,0.7691866300101236,-0.2155851925390229,-0.5901779283280243,-0.8411212810744901,-0.16379830407345705
2020-03-24,-2.3422769572875235,-1.1514744575701743,-0.021076772754269613,-0.13185034149048383,-0.3211467342074357
2020-03-25,-0.767185546311163,-0.10632906594700275,-0.031163664610218904,0.46736428782246425,-0.7659670377875348
2020-03-26,1.2722657644910873,-0.13048339763439748,-0.2779191441122165,-0.13452987099504993,-0.5174972256852814
2020-03-27,3.2004791032865283,0.4749667335899828,1.5557068238464908,2.01091181563378,-0.9603044676950805
2020-03-30,0.36925081606300475,0.11183171420827348,-0.5519768588898851,-0.8522476436999642,0.5326140533601192
2020-03-31,-2.2677916276883985,-0.19807253073092904,-0.566952515962,-0.4351636737855484,-0.2647293509621981
2020-04-01,2.4224031503944947,1.0845982599224917,0.3416585936193424,-0.09552225894100606,-0.9175449005894983
2020-04-02,3.4291905707379295,1.5691681923698828,1.7129326930586954,1.12099495761518,-1.2448197326695898
2020-04-03,0.8605487008360713,0.7959254034142158,1.3659940699067292,1.5225936898362058,-0.29303847632431407
2020-04-06,-2.158378741141037,0.17944104608583422,-1.1631963303471071,-0.5961182344640124,1.4801613906945637
2020-04-07,1.1817402136664599,0.39413632671530463,0.20282332969828873,-0.1378299921537982,1.362572333843043
2020-04-08,-0.8158209719107434,-0.40034347021936145,0.48979548511010323,0.2301017087300313,-0.2643192064223603
2020-04-09,-1.419859466462449,0.03285034311613906,-1.4324891742161503,-0.954087709513782,0.6010691513388369
2020-04-10,-4.520878539322992,-1.0224726728769054,-2.2383260760174197,-2.215268925475814,1.1602929767187966
2020-04-13,-1.4232797073250543,-0.7043633950569703,-1.8419420677759906,-1.4115379761706983,-0.21133652134435912
2020-04-14,-0.7277920610162992,-0.09574502378922974,-1.9138412074640867,-1.6569621523427667,0.30257264560378694
2020-04-15,-0.25040198451012846,0.13073428195457495,0.22683900207549432,-0.05448512399564302,-0.5074233686277408
2020-04-16,-0.3039037242476887,0.7992876117152964,0.7694245289237851,1.2490501956750517,-0.923526775837067
2020-04-17,0.2386368993916072,-0.26176464397961174,-0.5373597033089593,-0.361366219338944,0.0740480663147364
2020-04-20,-0.5549681338380911,0.2413559824509929,-0.00044086488598866884,0.1731275820213872,0.34361256112880934
2020-04-21,1.6363630180870092,0.5369105515378932,1.8790274467201795,2.047277695197587,-0.6319281096167331
2020-04-22,-0.1616046197675234,0.6540659967406629,0.13784270589104783,0.3207777153845798,0.005381763160710779
2020-04-23,-2.0773490844678233,-0.8359898584818959,-0.7700798658220223,-0.5595545264692278,0.2824807163666337
2020-04-24,1.7795416902414039,0.49302701184852316,-0.040436379201429666,0.20860151836276153,-0.3131268758569239
2020-04-27,-0.9842696495904324,0.2067533703797005,-0.07421467616445168,-0.30110905307427743,0.1740428499293662
2020-04-28,1.702024940241321,0.8697988049514185,0.9987942901278696,0.9726583115379038,0.10996192149705711
2020-04-29,1.9076323090780682,0.7287954139091187,1.3060675913166406,0.7201235525787157,-0.4556838009827986
2020-04-30,-0.4925956843409089,0.9681244031363314,-0.6809683931325363,-0.7681887978122597,-0.6517360267703114
2020-05-01,-1.1087548218017862,-0.5286013818149321,-0.3588310982085694,0.0751579782336469,-0.18131203881950644
2020-05-04,1.1754961235511576,0.20537615620125246,1.3365193649079117,0.8315953435811149,-1.002287843320863
2020-05-05,2.0753512384828667,0.5089662410697696,1.3130242417808728,1.1440704982716816,-0.44695828656066394
2020-05-06,-0.7867792574689502,-0.13529547213136459,0.17720690252920984,0.2547413485238199,-0.806227041627181
2020-05-07,0.10270238426602156,-0.627981522822932,0.7654893144847775,0.3914647462278523,0.14982349344722592
2020-05-08,0.4122053463074656,0.34825759105812404,-1.1119582826725045,-1.1617151478528784,0.953588003484833
2020-05-11,0.5841327517697956,0.5931857927403459,-0.32597672733702665,-0.04931525833342311,-0.45336411863698095
2020-05-12,-0.6276713870160837,-0.9441942674502354,-1.300221205832497,-1.2781178872235104,-0.0958262028658142
2020-05-13,-0.08453301634891497,-0.3889379001479645,-0.128627923096918,-0.35321214969146697,-0.04791703633560015
2020-05-14,-0.5744945402984747,-0.35990649666272967,-0.1800647717577175,0.09164466480093197,-0.399787635492382
2020-05-15,-0.6820401509588642,-0.330519201727681,-0.11088584484064697,0.08377829998436254,0.684662952632466
2020-05-18,0.08931375121771619,-0.2560943889800013,-1.4062999092145303,-1.5778598563398374,0.6111369040598927
2020-05-19,0.08822581688555212,0.8035855950401785,0.8390070865108445,1.1915598920197465,-0.34718421753008444
2020-05-20,-0.8478389365282444,-0.29174779136667905,0.26213588009085376,0.6249274621280145,0.13614815714490242
2020-05-21,-0.48438842148884853,0.013590035654772709,0.03977234714248457,0.229413613725414,0.18285562204827108
2020-05-22,-0.5383911333705559,0.25721197115368316,-0.3254359126073871,-0.43125416566146724,-0.34234409075217315
2020-05-25,-0.9912888850289897,0.6655059215811792,-0.3789481147418995,-0.1864059439535535,0.11177727563260653
2020-05-26,0.1669013154720081,-0.06361258212523718,0.4164411458603198,0.3464236896220697,0.05614988440824858
2020-05-27,1.397925996923568,0.27997514861369954,0.17774819719509785,-0.1437622436481097,-0.7710695974782416
2020-05-28,-0.3124200548490332,0.5628635800127681,0.3046868322930498,0.31867378637464316,-0.15631257538666135
2020-05-29,2.9390079122634023,-1.0996050550323335,0.6775347828554237,0.5762969205345644,-0.17522297749657773
2020-06-01,0.13472007749918985,-0.09327027436647588,0.08746985392243081,0.07884399558023485,0.3483860489454007
2020-06-02,0.21875944614683412,0.2299428714804086,-0.03303380547428872,0.19089448366017975,-0.29705394800309104
2020-06-03,0.5383379438142938,0.3409618298849495,0.2661191515142581,0.412270201792618,-0.47748363453781595
2020-06-04,0.4899468043721604,-0.09581063466827404,0.06937405294256516,0.14379326801716652,-0.2269271076726239
2020-06-05,-0.13490851474592705,-0.5024769171104042,1.2598709384690308,0.8645835237524746,0.37604059768890735
2020-06-08,-1.06919133288661,-0.5618671076419168,0.1272938821993374,0.33801500896915504,0.1440764713128845
2020-06-09,0.46479960456431524,0.07161997513053091,-0.5503004848920937,-0.02960125843954923,-0.4174528696884565
2020-06-10,0.44060951447240604,-0.47252254281192235,-0.2572052185165807,-0.4257942334764083,0.04052324701570131
2020-06-11,0.241227019024135,-0.10169635681286941,-0.7005770066839678,-0.261354143348326,0.03982821829262122
2020-06-12,0.6270275769286975,-0.20784949677371625,-1.3010306015968027,-1.1911134363229352,0.39273438057985893
2020-06-15,0.49537333239922804,0.4175701923642181,0.758016071595738,0.8633739110053494,-0.6992613974938471
2020-06-16,0.4570093224896186,0.7347136231712615,0.9505823052453469,0.28325035378633384,-0.22173552729363508
2020-06-17,-0.591596658726528,-0.016288274414250545,-0.6529261507869544,-0.46090192237956923,-0.1076013578947048
2020-06-18,1.2600028525909355,1.0784800165322392,-0.44828974144347333,-0.7009975687729637,-1.3843415940929698
2020-06-19,0.9147808227897252,0.29569484417188957,0.4484183974289398,0.4001338476698161,0.6737133565284752
2020-06-22,-0.736743883286012,-0.1982282962258173,-0.814237312247897,-0.8801295992700248,-0.9542065208101924
2020-06-23,-0.21559504207566388,0.0981066372542993,0.13029915385413424,0.25279021379533084,0.20035075289073165
2020-06-24,0.9805701879784894,0.3797826653698795,-0.29074005639088824,-0.2713402028151563,-0.04134559638419944
2020-06-25,-0.20604576925383433,0.23279292434393864,0.46632028322770136,0.553013596002417,-0.31219752819089025
2020-06-26,0.10399411407801525,-1.2328387576254962,0.10651571390715878,0.2366793079955394,0.7821167968140732
2020-06-29,0.1476641252690136,0.25392566612834744,0.5852634550921291,0.6222527931250417,-0.3178579565252564
2020-06-30,0.6930361551574498,-0.004077646153031395,0.4525654586537525,0.3082627526941216,-0.6436294782319972
2020-07-01,0.726601230901424,-0.013635535000482061,-0.15672040220531014,-0.5133835275569362,-0.3037650489842312
2020-07-02,0.7226215956266895,1.3684320938844585,1.342455501864604,0.9996311556160797,0.3335140514535545
2020-07-03,-2.3839998423308506,1.599729530752734,-0.966881205958291,-0.04175190645255215,-0.4341888551060093
2020-07-06,0.23009510831239582,-0.13381683740224748,0.3520728525441169,0.28839684124727555,0.08787014822273813
2020-07-07,0.7928507872774969,-0.06749084609894393,-0.658221042742822,-0.3515545717688384,0.07421146290388951
2020-07-08,0.4854170315160728,-0.2772845060689254,-1.0028506479396768,-0.30785091263527875,-0.6559930604821601
2020-07-09,0.4936566383927764,-0.11882549821838578,-0.12094974268630522,0.1250774451744978,0.09541529459280886
2020-07-10,-0.7045078726744987,1.454356845320019,0.18424008933356503,0.7435674384298736,0.6699734005745924
2020-07-13,0.4572305330349709,1.509634578210683,0.3280104534748237,0.2137176038698161,0.3734228014219173
2020-07-14,0.7091611638335258,-0.3743155925270238,-0.05064165125929603,-0.28730999536699253,-0.5317837941320409
2020-07-15,0.6817836132229804,0.029770031337108337,-0.4785795667708363,-0.14003650968125753,0.13074829043424835
2020-07-16,-0.8477489225933661,-1.1726712215321236,-0.6670966015161862,-0.9435435355352554,0.44515083173006303
2020-07-17,0.48537552324422234,-0.17225011610140598,0.1994291859332219,0.030177404817580338,-0.045814111734071065
2020-07-20,1.8436916404157593,-0.1372952390377385,0.3844539727030764,-0.0771662583736045,-0.8107604464579842
2020-07-21,-0.8340360178446865,1.3124038601221006,0.002366019181801619,0.2969517632486584,-0.6869563694655287
2020-07-22,-0.326526782086751,0.5933916507951549,-0.31439991124663286,-0.12645698145165263,0.14651415074880594
2020-07-23,0.30842942661486367,-0.30006565807601027,0.007631983749704046,-0.2591992905198941,-0.09375735191561312
2020-07-24,0.04034111370373703,-0.3859679871677565,-0.09387068027005366,-0.05237440467620412,0.32411376818061743
2020-07-27,-0.11544876677254075,-0.7380950595627361,1.610482158646526,1.8940955872256322,-0.2454082775338022
2020-07-28,0.8426202185031645,-1.116308217182225,-2.005029540308383,-2.153677150043785,0.7837055679165003
2020-07-29,-0.16593704586228536,0.11057441434540123,0.7234355372103568,0.3294879424004742,-0.21402613328393785
2020-07-30,0.011395155197913521,0.22916970248510551,-0.395675595911805,0.12259109791716434,0.05087002518167956
2020-07-31,1.3431222162392846,-0.37935893104880214,0.6343902460124022,0.5818659176783879,0.04942819353457837
2020-08-03,0.6676653927246843,-0.19651737897243646,-3.4958495340979887,-6.394936830638798,-0.40972320772265125
2020-08-04,1.0945559240030867,1.340471128804968,0.5879469327698522,-0.16585439262684915,0.014887780097152857
2020-08-05,0.012084152490276166,-0.851799225402601,2.3305191875436746,6.277066321875942,-0.3182436453295007
2020-08-06,-0.010917132542611138,-1.1341765548174056,2.246369178913437,4.0023328813484875,0.10128183160908265
2020-08-07,0.35364643106881793,-0.3522720355623666,0.12780810495531675,-1.1196271482542586,-0.3740577859086125
2020-08-10,-0.07900987190248934,0.7787587820502175,-0.013968293452344798,-0.13575777027967173,0.41478416862573025
2020-08-11,0.6394929582618055,-0.6087852312824947,-0.7148656530183166,-1.2068012933144532,0.0047747386405312805
2020-08-12,-1.490692392620256,-0.2574793631658337,0.6564405679000535,0.7501713662049735,0.11571172974575542
2020-08-13,0.12225625557615612,-0.06652360518544843,-1.0522903652225142,-1.7242468580763393,-0.2701306271802383
2020-08-14,-0.7457673751180862,-0.24912891771281767,-1.5302493539648794,-1.755340360005831,0.146968493716532
2020-08-17,-0.6189914312617203,0.013360038198261443,-1.3081414744366944,-2.7235642882729163,0.595370615308618
2020-08-18,-1.3422623844862345,1.1676842607843676,-1.027796657474017,-1.0331458865809744,0.5053832018601327
2020-08-19,1.1586814657835809,-1.0888608049994188,-0.08619390952796409,-0.0798065985495003,-2.381389944151161
2020-08-20,0.65623186013902,-0.4226185298634091,0.8044850922143707,3.0462272207050076,1.486602510553815
2020-08-21,-1.3146322163908615,-0.3355335652196454,-0.9750492209911242,-1.9893678543921525,2.6002231587947917
2020-08-24,0.9639326848437609,-0.6206975475582819,-0.2013917752116955,0.19914965318317238,0.08668697098193319
2020-08-25,-0.9569336217209914,-0.9744782000661071,-0.5832297697356443,-1.4581305911608302,0.1456131363325274
2020-08-26,-1.8731901990955957,0.608979986756275,0.10349739765048036,0.32701378407265563,-1.9582986820537724
2020-08-27,-0.45888507669309236,-0.517546934764894,-0.6766571128657952,-1.16814959576456,0.3555950257329781
2020-08-28,-1.2925226809586932,-2.3388490504150004,-1.420268432356656,-1.803666960982244,0.4855200979827962
2020-08-31,1.6824401616561717,2.414858008084072,1.5932454307096493,3.688940383192036,-1.713483342211581
2020-09-01,2.1011843249744815,2.1406611483305564,1.6270432889681004,3.2307246522290294,-0.4210741064346919
2020-09-02,-0.05122502340605894,-0.3866464094904963,0.6312431160976484,0.4387272935465214,0.14380519612514409
2020-09-03,-3.288220308397249,1.6942577404486627,-0.21810712379592534,-6.231340015865273e-05,-1.3761349049416551
2020-09-04,0.35799503955521517,1.3915558649320272,-0.8159698837328625,0.12912365668139786,-0.9187363495404194
2020-09-07,0.21550902715627226,1.2439295546941298,-0.6789811000553961,-1.1323873538983864,-1.0543303800994346
2020-09-08,-2.4012416250674735,0.4095720948716751,0.34719319637934465,1.637898735793098,1.3657997435534543
2020-09-09,1.7828436258256195,-0.3471719693765547,-0.2417229352912373,-0.926162887791448,0.7827103679956197
2020-09-10,0.5874147879381914,-1.1741881190804688,0.5487557106413342,0.4064165604113695,1.1839751814564772
2020-09-11,-0.5243163959691325,0.22362850826217232,-0.17987864043114601,-0.24192683803169102,-0.42708886636743976
2020-09-14,1.2992867168165123,-0.19957599859986266,-0.7385444666287683,-0.9986303522408662,-0.27192711790287105
2020-09-15,-1.5242400411164778,-0.7618125789060247,-0.693572905857599,-1.0342685279683372,0.7427623665901365
2020-09-16,0.9519811636344592,-1.5705507383080868,-1.6509508792032075,-2.4475563126605997,0.4930731244872033
2020-09-17,-1.7660618128131957,-0.6504497082408573,-0.5807826602945068,-0.9776546375757436,0.10712093607717528
2020-09-18,-0.5378526367854047,0.8724421131947867,0.3777461908851066,0.23973319060401663,-0.13678699379467305
2020-09-21,0.13943516329249012,1.0811322305377775,-0.295471955231282,-0.03267668901400641,-0.08299801926913392
2020-09-22,1.4166738129958258,1.0487008014841364,0.39189199053190077,0.4043794352399907,-0.41757689709838225
2020-09-23,-0.1604701964014094,1.2154018611779875,0.21385635979898027,0.1367230458019215,0.09732540727524569
2020-09-24,-1.1731368399999853,0.36095828468391034,-0.5712207900886532,-0.3045748669954271,0.7020215149389756
2020-09-25,0.1142601061047815,0.8641474085222923,-1.2788465322335874,-0.7704125822180273,0.26142766887258073
2020-09-28,0.15793901874477623,0.5535519952720439,0.7431970179422906,0.910915210269023,-0.7241209665758526
2020-09-29,0.6073562607455908,1.9136978768290036,0.8497820875792577,1.9230211746510983,-0.8910265549284939
2020-09-30,-2.4946504903542874,3.1805001381761744,-0.3320405538908873,0.3755187595257564,-0.0999232382245265
2020-10-01,1.1079430825616068,-0.6206280941931245,0.4446360509492534,0.42093237991151533,-0.8689413499320842
2020-10-02,0.47487760930478295,1.0535544899834595,-1.5575730085994344,-1.806807777912313,-0.11703793602657468
2020-10-05,0.2188593172029744,0.9865375500166194,-0.13067892942096765,-0.12305313405532498,-0.6430831915287285
2020-10-06,-3.8345109265160793,0.5565951107650974,-0.530252975553622,-1.058669676525356,-0.07880447141682306
2020-10-07,2.057159342804366,1.374292144026615,0.17631584051246296,0.591470807065573,-0.6806242507599324
2020-10-08,-0.10083588627923823,-0.5999137503160122,-0.48142109112773007,-0.28308996327005104,0.10303821527782167
2020-10-09,-1.3669995513951725,-1.7646046130845356,0.2878846268991853,0.12469226320369407,-0.050620762610773716
2020-10-12,1.6398902420588986,-1.2399156298046394,-0.08403489693463548,-0.15103610775491894,-0.1338953182758508
2020-10-13,1.7799249438524485,-1.3600981944554993,0.35496708423464723,0.7326406665376537,0.06260096093101548
2020-10-14,-0.2129758114061945,0.4996582964406006,0.32146871590728265,0.5726521005782437,-0.3367103527332229
2020-10-15,-0.9902739746176675,0.7293242631563218,0.6546284238316981,0.7573698490855386,0.41356664521936415
2020-10-16,-0.1065514628277007,0.13898791569320665,-0.5859182277427953,-0.7145911197330502,0.5222385951208858
2020-10-19,0.6988953887005043,0.1992391486839195,-1.073168949353317,-1.0115195229636853,0.10060282439953953
2020-10-20,0.9034652397819779,-0.4900301837982012,-0.9111763586093885,-1.3761140771745455,0.43952213507325627
2020-10-21,0.021222621290221504,0.1356442231405394,-0.12113266878383523,-0.27587933891636834,0.15102326205140504
2020-10-22,2.2120722402327218,-0.3672081007158303,-0.2048334887471402,0.5976486579490868,-0.15304149531180672
2020-10-23,-1.9668114189483816,0.7046605638942619,-0.7569404843871995,-0.45015403159145995,0.16229192055647354
2020-10-26,-0.5809547596910428,1.4699767926857477,0.6169052855624256,1.0013489207790855,-0.3048449848854104
2020-10-27,-0.4318575253317268,0.41269236270882786,0.7588854931689651,0.837289240845536,-0.705753995576632
2020-10-28,1.0621326459010527,0.25435235546446755,0.30506501795622937,0.36597786030376817,0.5070788533976447
2020-10-29,-0.09710163872230476,0.1696247090242215,-0.2655425117830036,-0.168512811611697,0.008558394007340176
2020-10-30,1.3869954819815464,0.9345236612177574,0.4183487979614241,-0.23999908439068898,-1.787015365560534
2020-11-02,-0.11381837792013884,-0.053950954238980685,-0.18859361998508856,-0.2966758079611336,-0.7109765402786833
2020-11-03,1.2569509786663524,0.3562658069340269,0.07771574602665747,0.22773362574083586,-0.14266126967675996
2020-11-04,-0.15547411145215875,0.18814268407909157,-0.2057693532234263,-0.14770948437869633,-0.07495244467591052
2020-11-05,0.7317946702948958,-0.49182947434819907,0.5198254294149212,0.20695306014434625,0.3274438028356596
2020-11-06,-0.3709883816475252,-0.5647879784930723,0.34959077458111204,0.14641026152540723,0.2855268706237799
2020-11-09,1.2407095288644987,-0.32294478754249173,-0.08353416484418004,-0.3451234854041683,-0.42904542034722803
2020-11-10,0.6396057663957392,0.4222798773517732,0.3713011039991841,0.3714565745543607,0.08917414286770114
2020-11-11,-0.7088398633915731,0.746643931328665,0.5054216820054576,0.3185981817787789,-0.11457949819125503
2020-11-12,-0.2310483323981428,-0.6411757566821553,-0.02893999161673975,-0.11725370833789864,0.4334640280166783
2020-11-13,-1.2527966541581372,-1.0205197601198224,-0.4553167505882245,-0.45071928012837964,0.5542906946529891
2020-11-16,0.6580583380204272,-0.009447922361172752,0.43100155765783027,0.3525514868553566,0.3139147827195512
2020-11-17,0.14464032001889848,-1.2033596413934378,0.2864458535648878,-0.06549064582993873,-0.5352378107223222
2020-11-18,-0.22525208405602923,0.5469017803295165,-0.45777981668184065,-0.5545911313546825,-0.10209005239296068
2020-11-19,2.056541076965856,2.4639023351871954,0.5318555069652704,1.5128490240799986,-0.08478475240475503
2020-11-20,0.8947534175124244,-0.5979065576642888,0.19601046576693873,-0.35310480703505936,0.3813838992714222
2020-11-23,0.3439325733257432,-0.822797201156776,0.11786948969319093,0.3261661245555786,0.17446954064908857
2020-11-24,-1.2688342805928894,-0.6112679529463165,-0.9893380049929071,-1.119503326621595,0.12373865092981096
2020-11-25,-0.3127226943908353,1.49884503652153,-0.3223847632669675,0.11110774367239155,0.39543329056828586
2020-11-26,0.09167557499781841,1.4376220714829762,1.2801824506550632,1.1383961776129992,-0.51913119422509
2020-11-27,0.4215106953201773,-0.49934464009365354,0.46112373361723363,1.1622947312917618,-0.2586570130331238
2020-11-30,0.39044582085331514,0.4879521410972198,-0.7264239781678947,-0.6390260171924882,0.3519219031489094
2020-12-01,-0.41908210011967345,1.5457742776924865,0.031005275785957357,-0.15801811023146295,-0.46465493606069747
2020-12-02,-0.6872322513769101,-0.3939900008441797,0.637261080694705,0.66234930408348,0.5499586473385402
2020-12-03,0.48203847313064513,-0.31969613752589515,1.2172609232614593,0.9965109777704416,-0.6201784502526086
2020-12-04,3.3364370779944923,-1.0468903234944948,-0.16258963177321373,0.05104549401574609,0.6783400381511107
2020-12-07,0.4042969934798569,-0.2166310449169643,-0.23491686474568463,-0.20693647871668308,-0.014924890063074766
2020-12-08,0.18655782530821782,-0.4831559708990512,-0.4673697146083178,-0.48501383137281046,0.09444021098351559
2020-12-09,-0.5790896456439857,0.2781432550663397,-1.7610757452824302,-2.065889076678259,0.31418243526327394
2020-12-10,-0.7261921262691708,0.984681684684697,0.13314206440530235,0.19112231718378347,0.10816415652195166
2020-12-11,-0.011086362141413715,-0.6679490642374069,-0.2168513102636236,-0.4526304944965299,0.14045445285471847
2020-12-14,-2.661830620755811,-0.93476055543463,0.6773383497489327,0.9474852442003934,-0.4198470271710964
2020-12-15,2.375364638390824,0.80576137404311,-0.16744875516961819,-0.6432772100207721,-0.7502239375641687
2020-12-16,0.06120237021731182,1.5053677879845009,0.043903132172751956,0.5520990015977452,-0.05937099142036115
2020-12-17,1.6041794586538711,1.4450801798107071,-0.3848671921852546,-0.5475740607487892,0.33220113121819655
2020-12-18,-1.5315143082135585,0.46971038551125105,-0.15842070881124995,-0.1451180964209784,-0.19889415622540157
2020-12-21,-2.1534961449432117,0.8240532400991656,-0.209605863141676,-0.0686588865940651,-0.19714549865611639
2020-12-22,2.4843434026560307,0.005563890001377499,-1.9626834570865042,-1.968014054521875,0.01849285253087216
2020-12-23,-1.5738295545441081,0.05373513317195374,-0.4129804180595162,-0.9432552737140728,-0.2021846847997708
2020-12-24,-0.7740902911980524,-0.339950911889079,-0.49046573012309286,-0.053710513965156526,0.07964819654977519
2020-12-25,0.09627289505888878,-0.29538977077075995,0.2903948951896798,0.7267378362448693,-0.2315405249063967
2020-12-28,0.7885843254354886,0.4300513864743419,-0.8521978665004898,-1.1591168795338433,0.09425596978616647
2020-12-29,-0.7754661484653098,-0.6933386077920869,-1.5899146836399325,-2.2052587829290555,0.2545500608170059
2020-12-30,-0.0897493096318357,-0.6201142457906463,-0.06493416138907011,-0.273650946453387,-0.38998185111673045
2020-12-31,-0.26460980813630613,0.6966115228168426,0.3707167250182521,-0.39964515328168515,-0.005520637717879827
2021-01-01,-1.432837675927856,-0.1445577574231988,-0.7689991314090228,-0.6712287872043244,0.6315238480756185
2021-01-04,0.01615096172194009,0.38077115989371174,0.826957336422076,0.5750255405279889,-0.09527618994822748
2021-01-05,0.2846249808374098,1.618894575059043,-1.5237344861242739,-2.1807973727195225,-2.542864613333584
2021-01-06,-0.3072912668302949,-1.6628471100635291,-0.9529605259779482,-2.684177641811894,0.1812387882034174
2021-01-07,0.7517463902033003,-0.6372273462473306,-0.439403696736473,-0.14132672447176614,1.4572838974064612
2021-01-08,-1.4581602614093994,-0.2819967085306588,-0.9005338047755568,-1.2987078582773002,1.5124421075033505
2021-01-11,0.20126353301584696,-0.0942630990014682,0.4448701905360169,0.6447702535641648,-0.24800512606818137
2021-01-12,-1.636169101813426,0.30144345597021716,-0.38139258546185145,-0.5485216660168338,-0.828327201182362
2021-01-13,-0.6292855646094744,0.8032547969186025,1.1442717548769117,1.7228605706385307,0.4019618601028491
2021-01-14,-3.2075799442078643,0.7890140388798383,0.0316835918028163,-0.3523817288018432,-1.062094775360786
2021-01-15,-1.0739912690041395,-0.34177824308923493,0.2679534597157776,-0.13361589725488035,0.13526752046524507
2021-01-18,1.3326003522404604,0.1992384709863207,1.1063307403830185,1.849616045671341,-0.2600937386073885
2021-01-19,-2.604592738289095,-0.7196620543301789,0.1850320493752408,-0.32049305459367045,0.33629669150006536
2021-01-20,0.47473849319195915,1.0910083821390488,-0.2237397195286561,-0.5444487648522254,-0.05920553717098347
2021-01-21,0.31823969179824085,-0.06170347099579237,0.5739555622327728,0.46094316798997403,-0.12708508177519642
2021-01-22,0.3889662350399063,-0.17476381740682997,0.4400572961748534,0.5544729252723457,-0.3729516789784593
2021-01-25,0.26924380470648457,0.30449248699104847,-0.4729967734566634,-0.8309140164776131,-0.8092302603479145
2021-01-26,0.7032423217434426,-0.6132798506417065,0.05605555943532947,-0.7943021215473312,0.36348425310513405
2021-01-27,1.4220882056020445,-0.03904053638757245,0.19287115380477315,-1.2287464426761066,0.23209200263196514
2021-01-28,0.3290573414343576,0.2672518713508782,0.6651237790879353,0.7522146595328161,-0.04551963792545496
2021-01-29,-1.6343139937712658,-0.2017617331628338,-1.1579518078377773,-2.361853007286401,0.8632090720603278
2021-02-01,1.6818803532196236,-0.08242927682107684,0.25075643165746425,0.12390802652618405,0.8860096149453538
2021-02-02,1.124392756109166,-1.3120173171591678,-0.6142142443211012,-0.839385454847345,0.049191377061904275
2021-02-03,-0.4838553411463337,-0.7144113929060939,-0.5183873784270567,-0.8547099318480281,0.3958247403839198
2021-02-04,1.0843758644952153,-0.7290595652008154,0.1475335545363067,0.24294027116565065,-0.48937112810505784
2021-02-05,-0.14538644377112803,0.5074874518128266,-0.03521837273336825,0.12480817025493393,0.7827436628012397
2021-02-08,-2.513277385827485,0.08288984883499455,0.0932728743309347,0.25103812717378515,0.2773202811882402
2021-02-09,1.4313177019141805,-0.15993366179124374,0.26788319442806185,0.4790881420060907,-0.7960889863370648
2021-02-10,-0.3459494008157406,-0.36925756410877725,-1.0421407663583226,-0.6981062426230076,-0.02797214689776393
2021-02-11,0.3989525087814524,1.5439231315445725,0.501881972326332,0.21710208251424135,-0.13319777519167902
2021-02-12,-0.6577056336596201,-0.19153412471625078,-0.24926558153569917,-0.3783762978970169,0.4892949151798676
2021-02-15,1.9097561594878216,0.2843369514065816,0.015498054292993854,0.25819233688159815,-0.32309506549015204
2021-02-16,0.3923159638549816,0.5644028590650062,0.2381270210027257,0.5082704531633647,-0.5551027096264508
2021-02-17,0.11173548087595442,-0.08126729784163524,0.6336713110151537,0.5663508243868675,-0.18743080157953493
2021-02-18,0.3850807500885381,-0.3110662201411978,-0.5127218232073645,-0.6232530066677429,0.27503486230340835
2021-02-19,-1.2021241205242608,-0.35857830310232963,-0.013620013839552839,0.2756551547286199,-0.12795502921221655
2021-02-22,-2.1156571040021634,0.18001344316639503,-0.3542337042683116,-0.2639271085726791,0.08245208983162229
2021-02-23,-0.18447203573744714,-0.05688551365947053,-0.034847962116634504,0.2871021641390813,0.012853415769974359
2021-02-24,1.1563493324112772,0.551681593032805,0.5919297729165767,0.11416078508850433,-0.58573334533273
2021-02-25,-0.5627076817399368,0.4310128302708515,-0.6738736135079827,-1.0615934805753164,-1.0235645020462214
2021-02-26,-0.7545868618530843,0.4416285053568832,0.09803414916075566,0.012053698361217226,-0.01484508869181407
2021-03-01,-1.2491035662192467,-0.05747459511823422,-0.7419725781340832,-0.8558922706843495,-0.25381874492334366
2021-03-02,0.3757396781913493,-1.1865485135877991,0.6010911489369932,0.5928895288406735,0.38837291285567915
2021-03-03,0.48899814511835055,-0.04056325108282895,-0.48697308230650227,-0.12907937838063643,0.03985997402357108
2021-03-04,-0.09625973970142755,-0.2873316674956301,0.9441191157870548,0.7085848472462046,0.8347523122444612
2021-03-05,-0.49450849707013994,0.5578084564154474,0.5411885511650977,0.4497533577534948,-0.6409533785994426
2021-03-08,0.6308352220520479,-0.10464846089635171,-0.0768034081211442,0.012578385122509283,0.37038252254488446
2021-03-09,0.00579611845942386,0.2355000440829714,-1.7847637528300322,-1.7632595557899844,0.37439363710353885
2021-03-10,0.898199916969055,-0.9578306577692696,-0.46846004833191923,-0.6043525721409593,-0.333989774020549
2021-03-11,-0.038508592977008455,1.0868862567655768,0.8190796998443476,0.625558807080077,-0.28562092675893147
2021-03-12,-0.40099862014257615,0.6790324247598235,-1.418206685331755,-1.7592269981540058,-0.17998604339784277
2021-03-15,0.9153141271079691,-1.1643126196816578,0.884625373975746,0.8022168105179792,0.7538638460882952
2021-03-16,-2.42385013052886,-0.9406736283626012,-0.4578873170479856,-0.463085710435358,-0.035467588308540535
2021-03-17,-0.5488274908847113,-0.7456425956298498,-0.5521827891037135,-0.519747576163363,0.02450279729161015
2021-03-18,-0.8284844101468172,0.5767556316840606,-0.47830575517152973,-0.7700371732234081,0.2682738782516112
2021-03-19,0.9327426742162874,-0.025787383611233103,-0.40490190152434025,-0.12133403637922185,-0.8544286401367945
2021-03-22,0.3867670000109631,1.6246430455282699,2.175706470910748,1.5758663719089905,-0.3562488357777387
2021-03-23,-1.3627909990548048,-0.23274029777993863,-0.8475340826624285,-0.890584130284877,0.513897181228798
2021-03-24,-0.2920557385254573,0.36962962066521626,-0.06045175728953929,-0.7581868775706647,0.36176602292211507
2021-03-25,-1.4779462574823283,0.07953826903718535,0.3117332531506248,0.36730098753275997,0.35908591697243436
2021-03-26,0.3319474172635514,-0.40376252393777334,-1.5054986232732783,-0.9530587897360252,-0.36155168755537026
2021-03-29,1.4887745982119254,-0.5293642570195325,1.8477824415868493,1.2391418810809915,-0.61022086851438
2021-03-30,-0.621964444415336,-0.2030661690740343,-3.893324214676527,-3.3792701825752265,0.2275447311469785
2021-03-31,-0.3498347259423109,0.9684571109810948,-1.1628553526357668,-1.201365543530296,0.3496254656254427
2021-04-01,-0.5597756422732502,0.6700042924930651,2.496958240361684,1.6188256718497593,0.1726538571465204
2021-04-02,-1.3738158850805366,0.9701255625269427,2.2941255346435905,1.7234313063134645,0.6091299755366006
2021-04-05,-0.8699956299419314,0.029501442583366587,0.4355055404419413,-0.3833414345437577,0.10731096250561865
2021-04-06,1.7414794206185524,-0.05729256628724335,2.6642989391714984,2.46563246149255,0.2991065077724084
2021-04-07,-0.28616615696188386,-0.089791045661309,-1.535761457865266,-1.7728904211527687,-0.5336143244958808
2021-04-08,-0.7324871900799628,0.45409612414430567,-0.4177495790042961,-0.3465672508787204,-0.1736463705021861
2021-04-09,-0.5421273309857477,0.28747993767205254,-2.9550781156987296,-2.147059449375343,1.3578581869677107
2021-04-12,-0.18332346179523826,0.4204481465638699,1.0172252318349382,0.1928829405226146,0.474485566208332
2021-04-13,-0.7337123000082447,0.08613700451069833,-4.1792638543541845,-3.238728704492172,0.050329132924459306
2021-04-14,-0.24083676770454046,0.2657312685902497,0.4848769036664554,0.061711457792735014,1.004312348401441
2021-04-15,0.08104416409537583,-0.3599442167573011,-0.8763440175776053,-0.47183877734203167,-0.47921296330073015
2021-04-16,-0.028201202130563,0.2625723510943274,-2.02572005633696,-1.3798857013817691,0.10907704165059491
2021-04-19,0.9591442870436032,-0.21219900195500946,-0.2749258290420242,0.2980902154047086,0.03273019531716915
2021-04-20,-0.9771793194181903,1.4129033228462662,-1.210595171196127,-0.908592310193054,-0.20924622602203288
2021-04-21,0.2931655834006107,-0.12863847853858315,-0.3520917199854031,-0.40454640169322903,0.7542021454944221
2021-04-22,1.4981435988201304,-0.02083633029253542,0.8906137703308624,0.5376753093145757,0.02495775233619995
2021-04-23,-0.39872560478888774,-0.9069733640675081,-0.6398221600781548,-0.6532816949954081,-0.40699544204701016
2021-04-26,-1.2358375446193004,-0.4439085606611594,-1.7079037596743698,-0.5548571112047636,0.6709694412259476
2021-04-27,0.6806640631366087,0.7971145183787578,0.15748745685113644,-0.6105035857941937,0.8427906772826791
2021-04-28,0.7049040252173316,-0.6474594187818411,0.30616770058347215,0.25482719776036744,-0.1635353069653679
2021-04-29,0.521359812503724,-0.6726800300898975,-1.6357669235896883,-0.828907798720671,0.557847538820523
2021-04-30,-2.1036736849455497,0.1956412127315326,-1.1746595332364054,-0.6808887385631647,-0.39900383226180575
2021-05-03,0.01857200416613137,0.6509956409647556,0.4260291865655862,0.9525070728940287,0.47416417180531656
2021-05-04,-0.007271536876142277,0.3726464972585073,-0.07728673212774387,0.33318723374258746,0.15746598659200367
2021-05-05,1.905358609956209,1.2460269549930096,0.8662040029105471,0.8300667670410478,-0.7924798549545656
2021-05-06,-1.1476173615604754,-0.8227068368031165,0.8422402183044205,0.7230341023127684,0.14270758306265544
2021-05-07,0.00928722981645525,-1.2889026766842222,-0.4931822257267294,-0.5950616631994422,-0.19865720977432189
2021-05-10,1.1008845336238768,0.48754149991475365,0.6555258577877916,-0.02584660944001864,-0.4133671091397727
2021-05-11,0.6027606565372402,0.8518621669203631,2.498944779327548,1.2557398316353856,-0.08573741491760482
2021-05-12,-0.6172372603266352,0.0652672425322713,-0.045596014270581735,-0.09726478094543366,-0.36471205201945145
2021-05-13,-0.7545275042372199,-0.5328714783549009,-1.0494727990455979,-0.8178605445713313,0.5329833212500429
2021-05-14,-0.03656937224167241,-0.08898625250692214,-0.715951402413457,-0.26747889236227657,0.0740453448601028
2021-05-17,0.7663564238289652,-0.0537967840207353,0.05796595777706624,-0.09815536254619434,-0.020574996670548174
2021-05-18,0.6630282278117727,-0.2216912627424025,0.5385405515288628,0.1260805964677374,-0.3599092555462751
2021-05-19,-0.45426015113728807,0.4267778022743209,0.11549207010546911,0.48493407426693,0.38529798934248133
2021-05-20,-0.9701267147675277,-0.31707648300662006,-1.1533173742442084,-1.1982364030897688,-0.035829104892937634
2021-05-21,-0.0033522780658742984,-0.26672969078247516,-0.41997021193694506,-0.5128532141671344,-0.6112636402697372
2021-05-24,-0.5554338785661516,-0.7017540730800685,0.3725285214640495,0.23206885829977245,-0.7730757309301768
2021-05-25,-0.6190733495270142,0.6493030053979109,1.4859869006846036,0.9344651392092455,0.31550094738409223
2021-05-26,0.5164236029287591,0.30472519878563487,-0.9578485439800453,-1.0576704834556854,1.1637329135703525
2021-05-27,0.44629234335960216,-0.10951307336915701,-0.11239892135777348,-0.5927997365504174,0.5734208999276824
2021-05-28,-0.32464449503781884,-0.33050131820068884,-0.04303556155002311,0.11737275046199813,-1.097833168380227
2021-05-31,-0.01583491190828373,0.6253864021763256,-0.5515934922789104,-1.01908853668236,0.21589658847801357
2021-06-01,-2.1499875361063427,-0.0904223210190267,-1.2420724539392918,-2.3351785753854504,-1.3655036953011201
2021-06-02,-0.4166318585392131,-0.759416396713435,0.38939436943643924,0.16724495537821837,-0.5185790387993743
2021-06-03,-0.7598551760070947,-0.3669784292704692,0.1488384174077718,0.40883799484294764,-0.49067930057469195
2021-06-04,-0.10905900448494675,0.3826886031071411,0.9288404083955554,1.0901932871495252,-0.047618710760608265
2021-06-07,-1.2384399159115829,0.23824458664515455,-0.02278777196358013,-0.16291710530426223,-0.6791514476428995
2021-06-08,-0.9225624194295936,0.5615650925879354,0.04872160451030546,0.13334515119283832,0.1184847422728727
2021-06-09,-1.9700821972148916,-0.1649389343758302,0.09215484851964703,0.3610196908737263,0.2019401896310116
2021-06-10,-2.970872655131885,-1.0313205300355508,1.3210667129395817,0.8881516748518224,-0.8135419205435944
2021-06-11,-0.9663601837925581,-0.11577189338889962,0.3123887724846365,0.07464033430426649,-0.7365745049068317
2021-06-14,0.09170017800180882,0.25214086744143116,-0.13712314473519938,0.08137982628661647,-0.9877908151699014
2021-06-15,-0.12498437933664361,0.7748110299881947,-0.2007684378390234,0.009688692740326623,-0.31334452564384047
2021-06-16,-1.2430103024805996,0.07057609457982823,-0.06320672690807486,-0.3149794631674611,-0.15353174690867957
2021-06-17,0.1694322743645731,-0.0334770347480815,-0.046523374324394955,-0.07126023704790863,0.2107625924180901
2021-06-18,0.16919546789011033,-0.3758989013062397,2.4705988987910508,1.6302771219106595,0.13148166767122038
2021-06-21,-0.4636661231000042,0.9661350506431932,-0.894048954533796,-0.5687614124308005,-0.11971040573764714
2021-06-22,0.3771481011612872,0.8151691702705408,1.7099044411444606,1.1512061728365928,-0.3304645887226676
2021-06-23,-2.147011688261208,-0.029860579553462066,-1.1147063198980078,-0.921314592830997,1.1356238421514415
2021-06-24,0.3343337751477003,-0.7174298560052539,-0.07633023087941646,-0.3847352604019852,0.44211850896761345
2021-06-25,0.7753442950346938,0.24279296022814817,0.8754760549165295,1.0461534553459988,0.11512618633025144
2021-06-28,1.406832988097583,-0.65572640309875,0.5644741074082112,0.3049294535100587,0.3851167383489864
2021-06-29,0.48907738676747387,0.42135919363608754,0.8265532710773892,0.7284798458962134,-0.18368942893343013
2021-06-30,0.5535755159753658,0.19588068482822882,0.6275225400518848,0.5836621495288976,-0.5219121575388627
2021-07-01,-1.754164111335842,-0.14038024661230766,-1.5391987586827895,-1.1593200043529146,-0.6085832024282909
2021-07-02,-0.45665170764001783,0.04280016929843561,0.6336670316317227,-0.12571479506726674,0.19812801955898363
2021-07-05,0.41158480725027663,-1.8770644107000531,-1.5818783902744822,-0.8201323118546056,-0.2384514931178616
2021-07-06,0.38580916529554815,0.6365760837585199,0.4303434798808641,0.5189216346925455,0.04698261249148981
2021-07-07,0.09118222500396582,-0.33820524437083566,0.9406493136412983,1.1706642617611869,-0.5796312716786087
2021-07-08,-0.35526295190245333,-0.6043697064509637,0.9718028850174084,0.9724886523451736,-0.15741597729811754
2021-07-09,-0.5602307853754097,0.23370630726718067,-1.0342471190856795,-0.6254289112765037,-0.5276971057545602
2021-07-12,1.545881022298147,0.5199149387827198,-1.0169020078643567,-0.7489266128577442,-1.1189315018973798
2021-07-13,-1.0133686175647723,-0.09410077962615152,1.5632099987175754,1.5630016477786237,-2.3371573417792715
2021-07-14,-0.6453812336560376,-0.5819360928256724,0.9010141600309312,0.33408559262728127,0.16951781790401507
2021-07-15,-0.06701373564301462,0.6915583257434735,0.8743396049976631,0.9082409210291875,0.12281237797680182
2021-07-16,1.6581994909582831,4.816289339896458,2.3363921775431358,2.0409818819830745,0.46709647435986845
2021-07-19,-0.7782328751318373,-0.40683822963277183,-0.9200512979789383,-0.7714644631813022,-1.5674672313348956
2021-07-20,1.2373044361720316,-0.06916676641393862,-1.2098015192393856,-0.451139362017063,0.10179595511374064
2021-07-21,-1.5249887947976357,0.5597499634760225,0.8792250097656595,-0.08410399795631356,0.47211590828858785
2021-07-22,-0.08983539799519404,0.6527535442746834,-0.34261497928819884,-0.5095081034284514,-0.40827271091260636
2021-07-23,-0.6061748192479366,0.720559517295326,-1.5070766214960287,-1.981452394583354,-0.5088839381137098
2021-07-26,0.20797498009280863,0.8683397169651782,-0.3089026259441828,-0.5476534397384485,-0.8263735183136967
2021-07-27,-0.99374210668204,0.8064931864700644,0.9477622459217667,1.0928266035780283,0.18396357077159764
2021-07-28,-0.6092447634116991,-0.22192244854317614,-1.1676359907956466,-1.3926685828335965,-0.1411049782265127
2021-07-29,0.5552226223571749,-0.9209398302493704,0.5342731676284188,0.6639310799277994,-0.8899837247733052
2021-07-30,0.4672741548222595,0.9931520891873811,0.6509681229721307,0.9800536092259762,0.5465423491507742
2021-08-02,-0.09880870601936322,-0.0434419598870917,-0.23210597755966242,-0.059615511885257606,-0.31902509175246596
2021-08-03,0.35428477503475186,-0.14286491250762,-0.6958065144702884,-0.21669621439246609,-0.15032594297675675
2021-08-04,-0.6750905158566775,-0.19301940318345254,-1.3977814150694614,-1.2741931768365542,0.2630775449249154
2021-08-05,-0.5644552248773991,1.6507345597837846,-1.072562947601379,-0.6363260195515235,-1.6402944510002062
2021-08-06,0.8327340750345458,0.046294285378255494,-0.8844927734954438,-1.2807848880052788,0.3204305712540783
2021-08-09,-0.810668816728683,-0.9696541817366041,-0.7012172351368738,-0.7047388014793153,-0.2219863116258373
2021-08-10,-0.8139300553926498,-0.5324157184478951,-0.3011960936717219,-0.33397422500526514,-0.7704792620678382
2021-08-11,0.179015088177318,-1.3127569102108205,0.1326897586527958,0.29266947596647824,0.14356463660577415
2021-08-12,-1.4274747765432705,2.0988493540478212,-1.054139431990056,-0.6392241431488827,-0.12017519585012162
2021-08-13,0.3809603772341445,1.2704628546653898,0.5836290776984172,0.3847666365827355,-0.6150593964344638
2021-08-16,-0.5285440485097861,0.10804043025105456,-1.1432243228459555,-1.3918918019319422,0.11862277512813249
2021-08-17,0.39318736236661256,-2.1586554500334345,0.26809025606303616,-0.12160714045432573,-0.8020033481289098
2021-08-18,-0.1930232919024191,-0.806722715543545,-0.09087786908524878,-0.29025363678639116,-0.38979805341469265
2021-08-19,0.0005853496566492595,-0.154905688167734,0.45930308792259766,0.09365826345719767,0.6778717997063167
2021-08-20,0.3634311525146555,-1.214279438554811,-1.1617157284895119,-0.7290190422123948,-0.1370742356192506
2021-08-23,-0.9152404716661722,-0.6479226593762835,-0.8952791726245359,-0.25478270716803103,-0.2560339180711836
2021-08-24,-0.41283122078855305,0.6479525673603439,-1.4324407711414904,-1.512010501356818,0.0574343926604614
2021-08-25,0.37599370931681025,-0.060623780853505546,0.2704964736846662,0.2633998293273108,0.042015611580858904
2021-08-26,-0.16781127372911153,-0.3015052111777092,0.07655197942992219,0.16463525448773186,-0.04968032011794072
2021-08-27,-0.5952051811567401,-0.6362426625108583,0.04309652444930579,0.341341843429556,0.00652186593906414
2021-08-30,-0.3111509595544528,0.16436041824333467,-0.9415099903053203,-0.40659009010421215,-0.0005882883900001737
2021-08-31,-0.43653354786872695,-0.1587405893443012,-0.45062190854666917,-0.03986132295128133,0.12488363277817
2021-09-01,0.0839347395387397,0.3453745863212199,-0.3595991715144297,-0.2603336036531177,-0.07017302860807195
2021-09-02,-1.2317239661800323,0.10046160701112325,-0.14800392903613446,-0.08709883382332792,0.03419046135559994
2021-09-03,0.23143145753453165,1.2155472459927945,-0.7965752691776351,-0.7924703999755478,-0.28723687217363775
2021-09-06,0.3098941561182165,0.3262021222544741,2.1225387764935824,2.071873538673828,-0.5698070113878876
2021-09-07,-0.29587914193051873,-1.0103977156998756,-0.6328728167554406,-0.23288818615053583,-0.09224862343198367
2021-09-08,0.3522453526466878,-0.1630290891669999,-0.3859713066741568,-0.4127804764605875,-0.30115539536269026
2021-09-09,0.8595166398769895,-0.9550780288635711,0.8252505497617382,0.41375730385318815,-0.2708961584033367
2021-09-10,-0.107494337201982,0.8862875304597361,-0.10859610546211276,-0.04539183137933276,-0.21009629849308348
2021-09-13,-0.6206964783361336,-0.10089435392681251,-0.30391907682854896,-0.414883365497303,0.20657503449957643
2021-09-14,0.7085907205319163,-0.3094997535788781,0.40444686584373607,0.43102520083660717,0.39905580187655865
2021-09-15,0.45582215003806875,-1.1702336436835448,0.40582323795409,0.17141865922037122,0.01855020221876165
2021-09-16,-0.8863695474541555,0.012185725220644905,0.5379326077651072,0.257376067017308,0.18304943990967693
2021-09-17,0.30539025169926887,0.3214844075740071,-1.6823466145199486,-0.8358220696402815,-0.07979133265013863
2021-09-20,0.35410116724981217,-0.04034347163620184,-1.0812336620456031,-0.6903841356034776,0.19376510746117445
2021-09-21,0.3457871108252437,-0.0994142346926261,0.19943101223337942,-0.04128126836789523,-0.276046412131763
2021-09-22,-0.7224324893748096,1.1783174332524031,1.8753954006834104,1.9979900378296294,-0.5775382442540558
2021-09-23,-0.05812754586351968,0.7507226852748714,0.08676559520823815,-0.43753478937486057,-0.6218553140025127
2021-09-24,1.7180278830614442,0.07372262695756406,-2.0181376032782024,-2.2616959065480793,2.1370771656469487
2021-09-27,0.7338603022278418,-0.9378497173546528,0.11404623375050854,-0.21740385737976076,1.0586147317859442
2021-09-28,0.19913620697564283,-0.2111544226342701,0.8059728237794926,0.22938643769856923,0.4846207086998279
2021-09-29,-2.3579099341707375,-1.7112779821375863,1.1267574174696737,1.9595358004218486,0.09312486593449565
2021-09-30,-0.8966460450750977,-0.2876393584222866,0.7512002330344575,0.5085876163252449,-0.1754352002240971
2021-10-01,-0.01252455220907053,-0.4158465452283256,-0.6032447294609135,-0.4687767710625627,0.7482525296317699
2021-10-04,0.4789929437133405,-0.34000570832116284,0.1018384376133532,0.6962614755534421,0.10058508077313767
2021-10-05,0.7150586111523385,-1.004516386070175,-0.48882902069356016,-0.4768240108020331,-0.8609191805726565
2021-10-06,-2.576545471780302,-0.21441290575884747,1.3027294875184956,0.8813664726287982,0.1355031690558337
2021-10-07,0.25463911129369593,0.10012238429589117,1.0511063474529623,1.0972465209132798,-0.6868267913327498
2021-10-08,-0.32029893927202185,-0.429000057540203,-0.30219874697642357,-0.6464020881748639,-0.13436623295019434
2021-10-11,-0.30822960732077803,-0.35767667298340977,0.22651518968941628,-0.1069503496601943,-0.2975059979553803
2021-10-12,-0.562716653915252,0.8671432443508961,-0.24591375454190587,0.030273956744109667,-0.14802471001149703
2021-10-13,0.7831589523962283,0.1180421217430728,-1.4485912605809006,-0.9320548891825478,0.14021788340469118
2021-10-14,0.7137787981309156,0.4475035385475358,-0.45701814570598454,-0.6924252622862289,-0.3085727406220013
2021-10-15,-0.2705155034988655,0.5462670759941366,-0.041682922259187224,0.2879073074240849,-0.22587880660597834
2021-10-18,0.21730590312867654,-0.179475906658967,0.1372934533516167,0.4411925472191535,0.007513680636778777
2021-10-19,0.4473764098900608,0.05090881042829707,0.1480395524886292,0.6579477843130397,-0.5609273122587919
2021-10-20,0.046529880213848226,0.08774945554993158,-0.3402213711774422,-0.35370946620058474,-0.06752921682425107
2021-10-21,0.8590439295107867,0.5508885279924811,-0.7803324212413965,-0.36157156466227525,0.03285513229442429
2021-10-22,-1.070234303782297,0.9075156098326523,1.601846057073231,1.5820504904923791,-0.5605624603251634
2021-10-25,0.731858143110442,0.9642137787725649,1.0137807740449163,0.4147253914173014,-1.3933157100200202
2021-10-26,0.9500226529954079,-0.25954525602441336,-0.8732323882577844,-0.5853483889348401,0.23355182277021835
2021-10-27,0.21897014482651697,0.3529335035910171,-0.2603975408110227,-0.49898040929792975,-0.1708677831985059
2021-10-28,-0.40022072650810986,0.053672995722770706,-1.0566679065934923,-0.9969607877592749,-0.20262083347825696
2021-10-29,0.8983076433649653,-0.7481515082439595,-2.0371673065413742,-1.7786129912147781,-0.26124841061806064
2021-11-01,0.5807123502611728,-0.47371804120346733,0.43218744406699483,1.3909201334205157,-0.19557908469164995
2021-11-02,-1.445891705757071,0.04079029777561342,1.919294952785727,1.2012003590224845,-0.10018740731814442
2021-11-03,-0.20991919129652575,0.04553715608012974,0.20096169886582352,0.6479632681918897,-0.05729193464202358
2021-11-04,1.1315254031987412,-0.007778646254746093,-0.20834647640384005,-0.4326643076879056,0.8058600190958941
2021-11-05,0.2445820544141618,1.1786543525705222,0.827755555771308,1.0092828887325962,-0.0032913906508603083
2021-11-08,-0.14766727081917802,0.3984728971286765,1.5140660282977256,1.8491053864166083,-0.4136218573557166
2021-11-09,0.023270143515428363,0.09624602225845423,-0.5599476795187489,-1.0212370028919528,0.44450943813541693
2021-11-10,0.04329200584897488,-0.17160259435154465,-1.660687051414721,-1.634119392849282,0.2892579888520833
2021-11-11,-0.9258364563432812,-0.24212569968208286,-0.5193966491818421,-0.7581406745659939,-0.2858455738414987
2021-11-12,-1.7741731344940084,-1.251577117894624,-0.5811272686308224,-0.527910556736887,0.034056803054144484
2021-11-15,-0.7773741045300593,-0.9128486162297321,-0.3435241159784838,-0.6108038361592832,-0.9935776148567216
2021-11-16,-0.3111906988058332,-0.05106171918491922,2.7701498892175462,2.5603908429477698,-0.4954325504107804
2021-11-17,0.6087796744209479,0.49753751400812474,0.6107915256156595,0.664255026237217,-0.16583108165644694
2021-11-18,-0.5597821173543648,0.18266342996356918,2.824967822788724,3.5387211125485254,-0.3416989147094081
2021-11-19,0.799319054654264,-0.4952083597326081,-0.42912982678003175,0.14311286690528396,-0.7388407504438257
2021-11-22,-0.6796676089381442,-0.31602201598917623,2.811222565538096,2.905090287975701,-1.1668727622758723
2021-11-23,0.15242244083397896,0.12803375114706703,-0.2898100034593041,0.21209613019759602,-0.7110021910479294
2021-11-24,-0.9694198724864608,-0.25911064558414093,1.0688186237664643,0.9660633757629759,0.30855883811831425
2021-11-25,0.6401374787660244,0.47521927652313517,-0.1265904804360251,-0.03240285795643589,0.4166774753913113
2021-11-26,-0.9100908677790132,0.03289517584534767,-0.0810269094671968,-0.6656002165972232,0.510312968528774
2021-11-29,-0.706210578384553,0.14766712939125332,-1.910591184171581,-2.338636695505563,1.0128751656256356
2021-11-30,0.317786486967151,-0.8421029688999141,-0.25283911117689467,0.5210857526366498,-0.813660430807274
2021-12-01,-2.19164012086017,0.10222383555407327,-1.765519404208587,-2.7303314315061176,0.32733305961401726
2021-12-02,1.2951312150526266,0.3718041172418048,-0.5608745890785733,-0.19723502762942632,1.4575214341799916
2021-12-03,-0.5314608528725713,-0.3183280269812339,-0.12560398329679112,-0.21281111733966881,0.15336929258718046
2021-12-06,-0.19897111324703798,0.005196246657157516,0.6676824188074765,0.7990458864716615,0.14943668610947483
2021-12-07,0.2624975664379204,0.29619408354451127,-0.2624567619572966,-0.2934917180913663,-0.5199636808870537
2021-12-08,-0.8944639910773878,0.7512005504053889,-1.0252476732235711,-1.212187770620598,0.5323624413720366
2021-12-09,2.029901790288873,-0.14869145802507822,-0.2843411944958724,-0.45105962110702064,-0.07918292349974358
2021-12-10,-0.2950709946042723,-0.0688302422100776,-3.7793576943178926,-3.930586729252531,0.30347859227345103
2021-12-13,1.0926776070313762,0.7154591214810528,0.2375850590920502,0.7545953620980432,0.4432806093302265
2021-12-14,2.011473842443199,-0.6200013999112681,-4.458551875957394,-4.961964846891746,-1.8725536589602767
2021-12-15,0.22868322358447565,0.9399345175095724,-0.942110435465931,-0.0011367218507339887,0.44093255417427607
2021-12-16,0.22322307313724615,0.1206923288523501,1.1511622488406525,1.3373137864218207,0.36679286954002116
2021-12-17,0.8038758385479707,0.8854196510249921,-0.24374038514048696,-1.390167182635822,-0.41753968944575726
2021-12-20,-0.2807452482942758,-0.0744862711285831,0.6321057655912394,0.3837179279379605,0.12236917600392276
2021-12-21,-0.08225497679603842,0.6996938996243288,0.3360597479001557,-0.31720660279462265,0.5173292331851463
2021-12-22,0.10532716737857463,-0.5115099843151404,-2.0272426168402005,-1.6936163742328005,-0.12761519252954534
2021-12-23,-0.2110727952846901,0.09340709677930453,0.17283864849636124,0.3952663635052349,-0.22687916808077246
2021-12-24,-2.441890647742473,-0.21753757334408877,0.1842020153047098,-0.0262257823618776,0.0847922543967533
2021-12-27,0.5969715601955565,0.05545895083218586,1.5513643744142973,1.9978712796958409,-0.09050682712832284
2021-12-28,-0.17154368256593971,-1.3640849287151295,-0.9083841995807962,-1.5817502141492676,0.11524187231459873
2021-12-29,0.09464030388921435,0.2629645243901675,1.1937157749493026,1.2106602042232582,-0.8230648195385638
2021-12-30,0.20533962692961805,-0.7088582522257756,-0.8534499671488474,-1.059314624244152,-0.146173035074427
2021-12-31,-0.8501479017482926,-0.20764697334222032,-0.3606590607716306,-0.5839493754702955,-0.28564467271709193
2022-01-03,0.446279851418468,0.5318460243174826,-0.039900123470422884,0.4025815962937008,0.409530751003255
2022-01-04,-0.9712909039906289,-0.577415999372844,-0.29332820038755797,0.11467047085874622,0.31046667352305496
2022-01-05,-0.4323815870683107,-0.14439401554654335,0.47638976077959294,0.2654018866037603,0.23051162555751742
2022-01-06,-1.054367090597647,-0.3221978801099647,0.7555244982639923,0.7752938291251789,0.278175164646329
2022-01-07,0.9348691393750748,-0.21595182367718763,1.1680572706836325,1.6827901729083217,-0.123850935119392
2022-01-10,-1.1739876537784943,1.00637037298154,0.4767408971509339,0.38286199654142977,-0.414434451657621
2022-01-11,0.5715489085692378,0.6930810087795325,-0.27757658172103344,-0.16298873944492748,0.37513107821237957
2022-01-12,0.8760199397955293,0.02496646712052167,0.44859242175345065,0.36835217446576024,0.07911596805410243
2022-01-13,-0.6572249076033058,0.33393733867674397,1.1173690686959095,0.9229444818415476,-0.2728484919648548
2022-01-14,0.3152145700936034,0.019405934267657087,-1.0950742183646953,-1.515952176209383,0.32955811175500027
2022-01-17,-1.799492019499605,0.5835597544196096,0.27148599425955966,0.26841547487262873,0.8168418394539178
2022-01-18,-2.02982062701396,-0.08191332705563356,1.6793182684115426,1.3466877486285582,-0.474252025648608
2022-01-19,-0.36525528880103497,0.006474322067895392,0.7978078171447429,0.6493799941902877,0.1659989536579474
2022-01-20,1.858244245695012,0.09489305261268947,1.4580702709364464,1.00933460299561,-1.0067531531297376
2022-01-21,0.22715195409745725,0.17268159013344442,0.17722520724159566,0.014981878173669678,-0.040268966937210944
2022-01-24,-0.5481896433404689,0.5381069705937901,-0.09694817538389867,-0.7193306133611593,1.0434464385730553
2022-01-25,-1.4545190601904343,0.18413044068382167,-0.8877448267484417,-0.7150809912831322,0.059940093992260114
2022-01-26,-0.0783284348064804,0.2436003255565272,0.23243437185001198,-0.9023264883959903,0.1638139014350282
2022-01-27,0.33779688616348935,0.6461866251289411,1.4504857029992504,0.9311864788472154,-0.07919059249394471
2022-01-28,-1.0826899732569752,0.4731439197685777,0.684005098743898,0.693526271258527,-0.12971818899002735
2022-01-31,0.950729503277944,0.4486207906842247,0.9630926990991735,0.9720259806311327,-0.05418601399342534
2022-02-01,0.5405910429920004,0.310259086900266,0.029527437396716226,-0.05843158284444409,-0.40840094606428856
2022-02-02,1.6053509525950775,-0.2802227967131155,-0.1518927539223982,-0.029450969077339413,-0.20382202325340462
2022-02-03,-0.5670052980787551,1.0030020688559944,0.6123949899134781,0.7453860168119456,-1.092056778941895
2022-02-04,-0.7976418512739031,-0.11491913734505321,-2.197115474694107,-2.139350730187784,2.2232681462905126
2022-02-07,0.7105633786941795,0.23719575786585798,-0.10649421718352806,-0.13293406361013346,-0.6666702924171156
2022-02-08,-0.8487406892118897,0.043581671694852456,0.43243739272923365,-0.11743904700629973,-0.40865653358579274
2022-02-09,-1.3966623961221976,-0.10183991752626705,-1.0836813721524121,-0.5221622671854637,0.9697084163641837
2022-02-10,-1.0346839392965765,0.0005077570341998692,-0.3371620622990709,-0.6195920725473162,-0.12725635582826686
2022-02-11,-2.359179359166184,-0.6013974404088681,-0.9523080352849828,-0.5376458546122977,-0.62529147263797
2022-02-14,0.8506346692759126,-0.02059121109793518,-1.476446295359386,-1.1588929968048143,-0.5239484751038105
2022-02-15,1.3540276947588448,0.25170997468504996,-0.8761587644993923,-0.91750193734263,-1.3243731480521772
2022-02-16,-2.0178353133304086,-0.7062949134816745,0.6244196518726247,0.34725560301587205,1.2167488542023164
2022-02-17,1.6994774678521678,0.24836283829236377,-0.09053552390001136,-0.4133759668069356,-1.6600012505235318
2022-02-18,-0.0245919329824547,0.5643498649297629,0.8412207361787775,0.5736491885330253,0.113996261954562
2022-02-21,1.2732215290872548,0.5675331005502994,-0.9383438450212173,-0.649342300381228,0.041191214446803015
2022-02-22,-1.3043351561985144,0.09167441200243662,-1.3833596032707776,-1.3375205925319078,0.8927790956525576
2022-02-23,-0.5121479202464254,-0.04671452710231565,-0.9008272489329531,-0.27686104993191724,-0.17986086434737458
2022-02-24,2.0491442254714967,-0.006751524589099632,-0.30267186153287756,0.28576151436619585,0.31083891314792755
2022-02-25,-0.21381601710763154,0.3286148780557653,-1.0351378806545999,-0.6087780650232333,-0.3073388162720453
2022-02-28,1.0217362391275535,0.3133678926984961,1.0156670620508332,0.79685716447268,0.1593712147270242
2022-03-01,2.186746426120824,-0.5214928855727864,-1.1085014451188135,-0.7368919006427374,-0.7005665145862979
2022-03-02,0.3650833462217723,0.7696886467558699,-3.159583766814477,-2.9545274608436833,2.7235983932967187
2022-03-03,0.8100505858656535,-0.6480665131889873,-1.6397702306764734,-1.1590493682308003,-0.590581135648713
2022-03-04,-0.24235935527822464,0.3756996757324067,1.0584755188333597,0.7355338644640718,1.2017716333136763
2022-03-07,0.5538664756868868,0.2919667612751544,1.196031073870614,1.1040874743630615,0.7092361824644927
2022-03-08,0.9669701916858654,0.03423052401036126,-0.6222117149218189,-0.6759151185900748,0.8145702125495214
2022-03-09,0.7808509385249732,-0.5420910882116281,-1.103506209219657,-1.035823506768992,-0.9592720285832412
2022-03-10,1.55606452788579,-1.0866432453966823,1.9549271379612476,2.610669360952216,1.268779772616342
2022-03-11,-4.001649731294883,-0.16831870722286812,1.131668707807346,2.0873822614912063,0.9439631183296934
2022-03-14,2.16539177817529,-0.9021947452285982,-0.5085699426496209,-0.6970644463808863,-0.6332327825747929
2022-03-15,1.9050301123879814,0.5504831499309613,-1.101718329812464,-0.6843286775603548,-0.4235260654545732
2022-03-16,-3.704553196208015,-1.725980840850728,0.6701440921045879,0.5277777265670736,1.7725987771326106
2022-03-17,-0.24902771775645494,0.16066046948378968,-0.03315065906256901,-0.5173670888891232,-1.21176841139806
2022-03-18,1.7282396171548922,-0.16692647581256756,-0.2382170399944492,-0.07555741009672923,1.0512688340866962
2022-03-21,0.5117971538883928,-0.8263931444829864,-0.25132842170448205,-0.7247712490823905,1.193020818100365
2022-03-22,2.651633616368446,0.11773592531171792,0.3771249107479689,-0.40043895645045424,0.34968288675598025
2022-03-23,0.606760063630718,0.1167039321040951,-1.62347767093445,-1.4965561585438152,-0.05014566937271653
2022-03-24,2.0851215824019818,-0.33355714877214093,-2.4176371830559744,-2.895807813714012,1.221093356731126
2022-03-25,1.1119393062902,-1.656722445949762,-0.9220846204338891,-0.24729253069055057,0.28381498958826673
2022-03-28,1.0137769190307677,-0.819451061213661,-1.5386880696715879,-0.9540714157911449,0.1676080889050502
2022-03-29,0.11403896332087998,-0.5918982663939004,-0.07082534360417345,-0.4735609633570276,-0.5662858447689799
2022-03-30,4.541602654197646,0.4686861597688109,-0.22478291572904263,-1.3405809469086487,1.0481344978050091
2022-03-31,2.852331973194944,-0.5901734036748584,-0.355470156846503,-0.07762738062601447,-1.0426647317451958
2022-04-01,-0.6357302434624081,-0.48910638569667225,-0.04009719898570256,-0.500827028959836,0.8538227676316924
2022-04-04,0.643736921692087,0.12806246199411084,2.0669741747868673,2.24972972724314,-1.1087072210971152
2022-04-05,-1.4241684202041531,0.2192538972836256,-0.6413684879443534,-0.4865214299284194,-0.3136649680630787
2022-04-06,0.08110522941016443,1.6538013291742208,2.113827933688095,2.814715015639431,-1.0563582896988464
2022-04-07,2.037906909695392,-0.6680068355134408,1.1165259392163547,0.7768425679904563,0.19111425381860275
2022-04-08,1.2206567452928268,1.3097498720215837,-1.402729779759066,-1.8319362734054614,-0.12177917886046313
2022-04-11,-0.3153728380735531,0.7178896000313502,6.53413915274414,7.542694604663014,0.021188980774539255
2022-04-12,-1.3856736666419904,-0.23099265340683006,-1.8050170715491458,-1.5857007413673503,-0.05053374990253291
2022-04-13,-0.5141720652243275,1.1498657479560248,-0.7174255855206115,-0.8264090954934512,-0.3401038006264019
2022-04-14,1.7647751699082768,1.4888040494810781,2.1098561648964993,3.739517953119604,0.22468162431269742
2022-04-15,1.7584211321044927,1.074884614820571,5.259010452228507,3.1756365677224507,0.30940882128803077
2022-04-18,0.9414479857462841,-1.8490326741662657,0.24456441442821225,1.018955079439965,0.32345094766088933
2022-04-19,-0.4917090082478522,-0.8594586446212682,-1.4264673426785934,-1.7266702612237959,0.4174562594017656
2022-04-20,-0.9351805846287423,-0.2852400408612501,-0.8531500055600434,0.7480023855962241,0.24928057260660821
2022-04-21,0.3060825971490429,-0.3371435732872225,-0.9112352942288786,-1.863776377144295,0.6128426530701407
2022-04-22,-1.6200227295400966,0.07707675524311844,1.9523343254412502,0.3434637186572879,0.24786329559312345
2022-04-25,-2.9675986543614408,-0.46444673495075806,2.5415700581962666,1.744361710924009,0.033348786395739766
2022-04-26,1.7215333228490846,0.36408958082544324,-0.7509136720199556,-0.55918100993843,0.26396660553704904
2022-04-27,0.45658917070429705,0.32361793855972537,-1.6971131582164498,-1.3667879251598158,0.07580202920690934
2022-04-28,0.7767850319613886,0.6923695396235852,1.2606152461983913,0.8708031326913327,-0.5494610948997407
2022-04-29,-1.402686434184444,-1.2806152054416209,-10.279694493019484,-9.017808488509797,0.9877719219413204
2022-05-02,0.7875558574520787,-2.5926516624635645,-4.955136105351815,-3.1885988434563215,1.2462321699367953
2022-05-03,0.47261707073516995,-0.4647561562056371,-0.247118596379618,0.4320819840223575,-0.5183129986856122
2022-05-04,0.0951160730995983,-0.6500536595237102,-1.5984236701572097,-0.6709824968338868,0.6254465199495394
2022-05-05,-0.1537767807609142,-0.2756776461148022,-0.43235208138816694,-1.114966721805412,0.9350139803899852
2022-05-06,0.4867993399677008,0.761441557214007,-3.866237085072227,-2.6738286651416274,-0.5168046078472491
2022-05-09,0.6582381696293934,-0.3304725841980151,-2.81253911090794,-2.0605715891884784,-0.0531811070568783
2022-05-10,0.0872972525912249,-0.12797438622449617,-2.7519455377200215,-1.7111747260288255,-0.13556588885523457
2022-05-11,0.14905395247182582,0.07759881650207048,3.634349446600913,2.2267334324405565,-0.6719252778536243
2022-05-12,-0.6120172422050443,0.7214416104784355,3.243025986473871,2.0929272108086403,-1.0160973475659558
2022-05-13,0.34035656851333285,-0.5078548885232801,-0.9800883424920614,0.028083152159983093,-0.3658977153050229
2022-05-16,-1.198414540756321,-0.20105434775121586,0.14735727794615808,-0.357713233899999,-1.956018845090702
2022-05-17,0.1768572356292147,-0.025441695262319132,2.3845861362422855,1.4280920730617659,-0.7972707029725974
2022-05-18,-1.374425860143822,-0.35690646291807127,1.5230047231809802,2.0353925689121155,0.5290498877475843
2022-05-19,-0.8567238498054915,0.3426738863516754,-1.3993727819423123,-1.1817102775198773,-0.554870922551683
2022-05-20,-0.3845709830954652,-1.0586395222930702,-2.825485746478077,-2.026470481957326,1.4435356626385965
2022-05-23,-0.1727316337793786,-0.640304841632016,1.8801506465437219,2.341924903896655,0.48766322816470103
2022-05-24,0.2946939151068986,-0.865392406235887,-1.197073929394763,0.6696677468288543,0.591275271181336
2022-05-25,-0.34596470561471854,-0.9779757873568637,2.727285791397124,-0.9868225286874409,0.4624030622046389
2022-05-26,-0.03764331140475362,-0.4700134049736698,1.4703749642402115,1.7902824452444104,0.9581540643653622
2022-05-27,1.8382787243338812,-0.8474372710628084,2.428022007574537,1.8375852952595397,0.1763774523168781
2022-05-30,-0.3545159716046749,-0.043138260315312,0.26992514678546886,-0.31757786830018797,0.15477640864595824
2022-05-31,-0.7574612830871301,-0.9565463946426276,-2.2330987026639235,-2.44246864966121,0.5581621199592968
2022-06-01,0.5277374359575879,0.14601925713470668,6.015009469527919,2.1302115322911432,-0.7091674276448263
2022-06-02,0.005646050834544425,0.5433718134074402,2.027880548681668,1.0995851600604793,-0.24243760180912896
2022-06-03,-0.6065760787657244,0.3494124955603083,-4.38094560610827,-2.042411448595882,0.17170845967746595
2022-06-06,-0.4100629333528448,-0.1754221321248869,-0.6364167660828998,0.41529108827309047,-2.364584469404029
2022-06-07,0.9890785040483799,-0.27773496142373433,1.4943047302220245,1.2011995197839112,0.6161191108650044
2022-06-08,-0.9869262702152047,-0.08975576888833393,1.268050732842559,-0.06703155714036843,0.5404069171191376
2022-06-09,0.48180431088635717,0.05108189268410003,3.217650782818621,1.0201136233279648,-2.5051814940485557
2022-06-10,-1.5237605644377117,-1.4589052040706756,-1.4045037773675386,-1.4000792174487957,0.5694351723816293
2022-06-13,-0.06283604669873906,-0.1241777617483034,-1.743569500063017,-0.749969063069536,0.44283752671355686
2022-06-14,0.8800130207988105,-0.050978080983861924,-1.521416731297447,-1.6036480536034443,0.21535899620145546
2022-06-15,-1.0863462678403757,-0.8544669228600957,0.23915853719384558,-0.6643154805883654,-0.9245597421978005
2022-06-16,0.0913305833586535,-0.012163910381960354,-1.1749098655019248,-0.4636547647951097,0.08259995070659283
2022-06-17,-0.5232671962270845,0.0768336296930071,-2.731278561610997,-2.400733190587017,1.0403996932102944
2022-06-20,0.2801140557817064,0.013984918737418568,1.863179971951499,0.7404025748551749,-0.5727418347316773
2022-06-21,-0.10495740320503531,-0.6210129170219577,0.399617285539016,0.20857704710288089,0.5985594933285678
2022-06-22,0.0376677221736263,-0.08032800683872521,-0.31003670352676665,-0.40003836382376134,1.158088990808854
2022-06-23,0.05908281363695007,-0.45315273336247713,-1.8465162561800839,-1.2880897273894139,-0.33226869183013263
2022-06-24,0.14221336592231465,-0.2869638740820773,-0.9925607019940461,-0.3598135441734897,2.2411671047789845
2022-06-27,0.6159417378134707,-1.047120102123566,-2.6211414401478375,-1.9468688044677234,-1.7714546271320317
2022-06-28,1.1719217854191597,0.42595288685707094,0.9319212798206609,-0.10789887256659557,-0.39859915092875614
2022-06-29,-0.3372815644170929,-0.38069950336471203,-0.06303966868624968,-0.19543641287417166,-0.5075207379046229
2022-06-30,-1.3510308198339855,-0.0368517254366595,-1.2957115920097453,-0.9894541310103658,0.028775345172309296
2022-07-01,-0.8117261079034459,0.034555175304918466,-0.36868391996079314,-0.4646997007822631,0.41447367725211004
2022-07-04,-0.14870432680289597,-0.4830468876064762,-0.21617442073654333,-0.2699898842618139,0.6640426520216685
2022-07-05,1.0184478882784285,0.21595416352479024,-0.10476886490658234,-0.030780713395121846,0.480893855807395
2022-07-06,-0.4141365205699153,-0.20777374825441058,-1.8783900287564326,-1.112870930731965,0.6538256425940591
2022-07-07,-0.2604242295672976,-0.27208581332605736,3.566492104612414,2.090144724717208,1.1158338766721674
2022-07-08,-1.1641219122260729,0.27081001725695375,1.6849291752734912,0.8032860069682354,-0.9284642318660278
2022-07-11,0.46516012228563397,-0.047310383186902116,-0.22367205846399035,-0.08504918729804133,-0.4760719808828136
2022-07-12,0.21826988343536705,-0.20780116968218681,-0.22814159723467511,0.36061728457695086,-0.08750536659339754
2022-07-13,0.7277914311024121,0.2959357353929509,0.6429184496738081,0.4495482671645927,-0.7620093250230842
2022-07-14,0.5309174158490682,0.13702204290179093,-0.6447351470535072,-0.28636658468316945,0.03878682213591832
2022-07-15,-0.18522724825616563,0.986326796168483,-1.031627508793761,-0.39996385871119977,0.34406910372768096
2022-07-18,0.06683297320558254,0.8921375193770278,-0.3841561217680725,-0.39654209076389496,-0.07414837374236642
2022-07-19,-0.6546162910116698,0.43628123747508474,-0.5417642512250992,-0.1407039398414318,0.7897874987230264
2022-07-20,-1.7919115111186381,-0.22389100485065408,-2.493075354624705,-0.9792041693855602,1.5261725399168367
2022-07-21,-1.2377357089216021,0.21917875792902317,-1.0244589486129552,-1.302611030434338,-2.0063056489395783
2022-07-22,-1.3747821259768567,-0.19794389216069738,-0.620883405166726,-0.06262217054480555,-0.36773047178537105
2022-07-25,-0.8817062084099846,-0.2135911522169077,-0.48373758104523795,-0.048867604779675174,1.2611698614094762
2022-07-26,1.6341226134611069,-0.23026990198017586,0.0913526702845652,-0.22825301821414645,0.8219437659914801
2022-07-27,-0.6933213623213518,-0.3932225130746828,-0.5622099652677552,-0.6187273331139369,-0.2370432044218258
2022-07-28,-0.6804936713450752,-0.4036475344510913,-0.5666959509164379,-0.13021121780419956,0.03247407809087686
2022-07-29,-0.09574352229335187,-0.7133386334925906,-1.43439791740862,-1.4669445463436546,-0.6327461776868426
2022-08-01,0.4274223323549299,-0.3522646373199026,-0.5661523958853022,-0.67121090511481,0.6495975533960681
2022-08-02,0.3875889921576729,-0.11373598700398801,2.0713052964433643,2.124613051614889,-1.1513916780970175
2022-08-03,0.5932774228199567,-0.17541795499309873,0.6571609392422357,0.40519087061492026,-1.3579338472587679
2022-08-04,0.30855245224787026,0.1224409937753632,0.20449219766986304,0.7610151226850134,0.921039453044117
2022-08-05,1.7569045580743055,-0.017775765829117447,-1.2709524146744031,-1.4100797150158282,1.5016955399343648
2022-08-08,0.5448097529149503,-0.3978211571658591,0.0599305968938284,0.43610013474767995,0.5232351542203455
2022-08-09,-0.20917341920886312,-0.523408186941709,-0.5368879928090704,0.3395836221427099,-0.3563880071425175
2022-08-10,-0.1906390346035769,-0.2377103162072326,-0.13757697083196602,-0.08505222537930049,0.32648429429634535
2022-08-11,0.6261149561973033,-0.573662860540584,-1.3487302664033858,-0.9940696965474727,1.5288026144082705
2022-08-12,0.4635830801436311,0.015459955017220743,-1.2568398342648455,-1.039361836012407,1.2082455383648485
2022-08-15,0.5588550475769885,-0.08349001821659727,1.8783556453728698,2.073407422517924,0.5382332311164648
2022-08-16,-1.1729804664657733,-0.273020982837693,-1.1455628357407674,-0.5063007947206905,0.2611137881878782
2022-08-17,0.6391775756641642,-0.0727585509401258,-0.09395969068289259,-0.09233393680855487,-0.6581432060678398
2022-08-18,0.2974747683170772,-0.5154387591694933,1.772563034063953,1.3757108985764699,0.23770930512083607
2022-08-19,-2.342003570694471,0.15120884864021242,-0.12001799913267931,-0.06495483311533085,0.32182354868141216
2022-08-22,-0.4388054074432474,-0.13652254114491133,0.25001142940838444,0.38810529220169193,0.11932520490840653
2022-08-23,0.9354373767432043,-0.0009474454582652504,-0.3813814522300252,-0.2527170331829737,0.8370706885641652
2022-08-24,0.2581042060996311,-0.7722261952705993,-1.421972974668685,-2.2616326304886227,0.4070184294810182
2022-08-25,2.01746151808909,0.006700926282060819,0.9654716352563474,2.3621222376069637,-0.4905766669228746
2022-08-26,-1.0611557815365096,-0.3965105442523162,-0.25047719915656275,-0.6797999723671341,0.5511291957677692
2022-08-29,1.689513755883111,0.7848413031054345,-2.113846318899871,-3.2218213405629927,0.43769356601159604
2022-08-30,0.6270784518996585,0.5445143229856055,3.632158401331111,4.082251712480251,-0.13994652088058152
2022-08-31,0.740523979036826,-0.35790754445728035,-0.311013659179754,-0.7029985513661565,2.2668776774422734
2022-09-01,0.1360608478420042,-0.08717142630360122,1.881664653715189,2.134338902013511,0.9436498924348141
2022-09-02,-0.16876470338485441,-0.6689440880131975,-1.491039183643689,-1.3732677830890547,0.411845855729879
2022-09-05,0.7671080694347586,-0.8081949709679279,-0.5454104403998796,-0.8691272001213767,-0.4622261597138333
2022-09-06,0.730812114574459,0.4010678792651399,2.788309320015382,2.707373050084168,-1.6476407367244656
2022-09-07,-0.5939673867790929,-0.35532130694475633,0.3777431182845878,-0.20120613225756226,-0.20426756764980264
2022-09-08,0.08130575509623582,0.47949979232702405,0.16744659602929046,0.2076570732590172,-0.4533185887767246
2022-09-09,-1.2192639793618711,-0.772106108890764,0.6848041784524176,0.6535895813197033,0.7347457654799995
2022-09-12,-0.04616403757702606,0.5136665283095951,-0.13129975936762897,-0.2824379531255464,0.7056638569467827
2022-09-13,-0.025705515001814006,0.23604184320907176,0.7707867191690891,0.8149316205801724,-0.5892956060619592
2022-09-14,1.1388479358527441,1.1001495051693637,2.7855460233044242,5.003302964859491,-0.30485711488745665
2022-09-15,-1.0677075127135758,0.27175547662307636,0.848331771294066,2.1625821285872444,-0.8213814768156201
2022-09-16,1.857736365916443,0.405213129534168,0.6933238409413166,-0.03975843502757956,-0.3804745049244689
2022-09-19,-0.43374671328110603,0.07107208529703116,0.022516049890108154,0.280651632058155,0.05066029810109431
2022-09-20,0.8188197774772514,-1.3502996874396667,-0.17355030467611673,0.4370417183647292,-0.8951471144628754
2022-09-21,0.7278201451529864,1.127121403303013,0.6194756469185703,0.7929307940153192,-0.5580002964614977
2022-09-22,-0.002944771296657412,-0.5217375379832662,-0.7152367232740978,-1.5958976107288718,-0.18810831535758904
2022-09-23,0.00799580495450433,-0.1717085208430017,-0.48673521958361765,-0.40147768896043073,-0.27203851979281995
2022-09-26,-1.1797129971646665,-0.9882011208537164,0.6555997218463678,-0.020260317299764356,-0.2325627137410418
2022-09-27,1.174669690414526,0.8739284768450463,0.9020080968014494,1.3891348854312224,-1.2836242995142195
2022-09-28,-2.3132017750794533,-0.3897449719025802,0.4161657906605166,0.34649168485220005,-0.6170979623875832
2022-09-29,-0.05635233632729393,0.10899823734753952,-0.30954686670388,-0.6988072586645117,0.4748960868308169
2022-09-30,0.21061297597552858,-0.3496982564989927,0.5612754635793985,0.8914877584094063,-0.5293675898659084
2022-10-03,-1.3290208158066519,-1.2921535461673044,-0.4199161513597766,0.9346705916457814,-0.6207651987321927
2022-10-04,-0.6214993267696328,0.272399225971344,0.6688053285480517,0.14848071076706876,-0.9997170459102304
2022-10-05,-0.16032881381319938,-0.06411987983876336,-0.009823521341292774,0.4380970727287189,0.4526333772071301
2022-10-06,-1.6671186909769218,0.10825591066924276,-1.8037961639241735,-2.2014313217072496,-0.3872012075937836
2022-10-07,0.5174955831396791,0.5804527550218949,0.6987341687162459,1.8539164295910149,0.1126680322551916
2022-10-10,0.2992092395832622,-0.18503113474050012,0.6338439181650964,0.7454267063215043,-0.805793647165942
2022-10-11,-0.38862824938740065,0.6216893412329306,0.5179347525848376,0.6127920624540484,-0.33929019797896093
2022-10-12,0.25286595213177715,0.23132195513956963,-0.09908603158776783,-0.4333769103396077,0.16618354326900991
2022-10-13,-1.735725084167914,0.42339071838893755,-1.1455855121302918,-1.439934949736574,-0.20054285222459883
2022-10-14,0.6467522100192293,-0.7716310296201098,-0.1957642040330789,-0.0813638986017478,0.04834927665908316
2022-10-17,1.6305122337555367,-0.48547776355207106,-2.2191161116688196,-2.005069861307718,0.4774026584766502
2022-10-18,-1.7961801255080763,-0.15747882350983636,0.9211747809174614,0.40987635926297017,-1.1660805552236264
2022-10-19,-0.6461052562988865,0.007999281914888917,-0.9227321001143385,-0.8999520799312128,0.160712184907844
2022-10-20,-1.7157274260259092,1.6703789078851026,-0.1803943260210063,-0.37071013243347584,-0.632405740828966
2022-10-21,3.071197607691687,1.1141260875775179,-0.9544389362288278,-0.8111432522167659,1.4075813441730214
2022-10-24,1.3877117836577393,-1.2556172831560457,-1.0455830763509797,-1.01568789814582,-0.11415277706660697
2022-10-25,-0.3789422503594044,1.2480421888106525,1.0124880767251938,1.283715478383637,0.6185067083844448
2022-10-26,2.759103327750143,-0.5775321989174893,2.1468149126648264,3.5165626760823177,-0.6320500058015276
2022-10-27,1.457752498860005,-2.4667369884792016,-0.6395636490578241,-0.1747666195837202,-0.32448323318852806
2022-10-28,-1.0574370975128768,-0.21967000839943077,-1.8808372217780711,-1.9950429387315647,0.9385155201642558
2022-10-31,1.307837725322555,0.956049262140811,-0.11944971875372468,0.10648535859966991,2.6951631005294016e-05
2022-11-01,0.3061619047724723,-0.9658442924744922,0.45770637446161905,-0.2977601873450845,1.145217992255621
2022-11-02,-0.14416123443722334,-0.1815955051773367,0.20950056738181294,-0.06513174356645023,-1.2358482750586135
2022-11-03,0.20734534914726616,0.22347282278995484,0.2671346747040159,0.7803636003291237,-0.5030153472555784
2022-11-04,0.4802527536013913,0.5991626830924641,-1.5237813432311982,-2.6010073303779198,0.16106922638183316
2022-11-07,-0.1548627272982013,0.3219081886998524,0.0674210262151913,0.29103790001976415,0.5229120542787928
2022-11-08,-0.010202301043951848,-0.9763178440975195,0.12849169955871972,-0.6788011120309576,-0.10365866943212693
2022-11-09,-1.1926634014569306,-0.3010012383755959,0.4445081236634936,0.6013737700689873,0.779054124759177
2022-11-10,-0.5467276414742354,-0.9549032435838541,-1.487026808829952,-1.684621270210408,0.008470480358546782
2022-11-11,0.2734173242407749,0.30562135255401196,0.08485316027112497,0.020341049117016355,0.3228050199757472
2022-11-14,-0.3344261774473646,-0.8138381211515303,-0.8064402455022918,-0.873278209782607,0.20698559029461458
2022-11-15,2.04427292042273,-0.5212210661048113,0.008767382903719995,-0.3735523730797883,0.0975370953868879
2022-11-16,-0.27309283710404975,0.452080310797862,-0.21811206402852532,-0.29308061546777,0.15067393957213257
2022-11-17,-1.2899127369179033,-0.47787199179788836,-0.47446035047816476,-0.4899552898412721,-0.10094921293819506
2022-11-18,-0.2628677311637448,-0.20738976761206604,-1.7233413823232449,-1.5627512645132497,0.5243976879583415
2022-11-21,0.5700681893202292,0.7295392162474288,0.09212974121477424,-0.21107276701698285,-0.07050730599293129
2022-11-22,0.2524872337904943,-0.1466124674309089,-0.3750681350418262,-0.21508695653866963,-0.12816434031622875
2022-11-23,-0.24064976754204548,-0.8513345582915246,0.07776928292877607,-0.1339299320184261,-0.0015853322203040398
2022-11-24,0.24261893070366722,-2.6204320515455892,-0.3305323973415729,-0.022221148296495075,-0.2857016565174754
2022-11-25,0.10415264313968367,-1.8836394315600429,0.7680151528688429,0.8870898159668555,0.5319089648095098
2022-11-28,-0.5665800665595279,0.1343912054055562,0.4109422816687755,0.2636152336875789,-0.3104560704207727
2022-11-29,-1.67275732743123,-1.1185239930355106,-2.205931453482443,-2.605586331680305,-0.33168376322118376
2022-11-30,2.290830537603591,0.3837967065113459,-0.34279574233858007,-0.4497199116112174,-0.2559313462803876
2022-12-01,-1.9857211867016873,-0.6770823596524584,1.1761020743282737,0.6982715083699897,0.32993137047169835
2022-12-02,0.02023323626308785,0.3304810704841139,-0.7217586369376422,-0.6548437276265036,-0.28826614229409925
2022-12-05,2.013862085779401,0.022664205974898526,0.1377031743420025,0.635458996880082,0.11488234444989298
2022-12-06,-1.7580776106409948,0.12446755449203117,0.9098680354175968,1.0424670217805223,0.0017905496973590462
2022-12-07,-1.9179955411287222,-0.13964284715434178,0.957230518082468,0.44283997772133066,0.0764609636097465
2022-12-08,-0.4701127113382404,-0.5387255727314719,0.0662114944236404,0.21223824541685474,-0.11714347572077245
2022-12-09,-0.9918833427911821,-1.099855557452984,-0.10061853997685889,-0.24302685865023502,-0.4710459563661825
2022-12-12,2.1430054430658116,1.526629941122749,-0.25696716471671066,-0.06853486451549909,-0.4058265204920125
2022-12-13,0.8577868857912752,-0.21262137709460316,0.9444878052665656,0.8777947914635444,-0.1256248965190591
2022-12-14,-3.5927124572994864,0.6607114528620234,-0.4285020984269498,-0.15172222347788744,-0.07777317848795402
2022-12-15,0.20625111716122632,-0.01832710671952411,0.4817689821594998,0.3911933577205381,0.37195974405467336
2022-12-16,0.5430944053008239,-0.38727295951436136,-0.7333111756545764,-0.8981190834556222,0.0043419370397651275
2022-12-19,-0.11607939670178925,-1.4862850983825675,-0.530821817837642,-0.17060989659120132,0.26565349158449136
2022-12-20,-0.2504333193653243,0.977272388988572,0.8805226245724365,1.230097679291614,1.4064824032720455
2022-12-21,2.458707331794084,0.6430240961466268,2.7270132971792735,2.2158102675682625,0.6174170872928475
2022-12-22,0.011365176584898145,-0.24949957735055106,0.7558485802762177,1.1926516098646645,-0.001403545940103924
2022-12-23,-0.2101363204505032,0.26233326054917694,-0.1370236687553475,-0.21538787125647937,-0.36627722217681463
2022-12-26,1.6406035315437315,0.9044372855300198,0.17436360394915726,-0.6799953189096113,-0.04040241194680306
2022-12-27,-0.8365317989984992,-0.12390764406097124,-0.6557111317581036,-0.6075628923534495,0.5374560547767597
2022-12-28,-1.5638464116568234,0.7913208446833871,-0.8213539901166856,-0.7432880069299518,-0.3886929879000541
2022-12-29,0.9392753388567727,0.5207845304212998,0.4161055778753064,0.6004061476324163,-0.6784372596622873
2022-12-30,0.5632366637759721,-1.5056340264942911,-0.7877995750466892,-0.44916243351000246,0.5195561561716547
2023-01-02,1.7632553002747762,0.045488776582441104,0.20919716858348145,0.5291453997996562,-0.003066997184929978
2023-01-03,0.2111465794613709,0.6916608856642126,-1.138108540689509,-1.1411023356547487,-0.34139513305209773
2023-01-04,0.05520413081375724,0.8157512810217599,-0.8565743746015547,-1.264419096052262,-0.23406625439057807
2023-01-05,1.5392341491183106,-0.13933714829456267,0.6334333071617265,1.049717031614525,0.46957453080036216
2023-01-06,-0.7905424524732139,0.09333241315307927,0.7204832889520093,0.2821515659860071,0.044316038321920506
2023-01-09,-0.20058014518586909,0.20744283126388177,0.02171639242868504,-0.12118310154395316,-0.4207931366455426
2023-01-10,-0.43806419682701425,-0.173345037546556,-1.1143069850439702,-1.2828943552143395,-0.04386248207809061
2023-01-11,0.42279896729728744,0.5335225638778833,0.769195902586082,1.90305855932503,0.26828678279438556
2023-01-12,-1.3277004607688134,-0.6085087055618807,-0.7272846926838267,-1.147388446344886,0.1144202694444337
2023-01-13,1.5237814001847136,1.2522455163605481,0.8884546999864965,2.201331878988169,-0.05165464246896663
2023-01-16,-2.0136702234488864,0.6808362510136107,-1.8187061609677753,-2.809069572367686,-0.07188743346322171
2023-01-17,-0.08827022402922785,-0.10296810762723232,-0.9046162854999176,-1.1862813556625926,-0.2158227585176962
2023-01-18,0.021545611869523393,-0.5457157916449407,-1.3557067586483775,-2.2512217042868343,-0.016846014715878196
2023-01-19,0.47398680004392785,-0.6748101032078042,-3.708279832660655,-4.385713656572512,0.7146367472770621
2023-01-20,0.8484265856310378,-0.5505530817576759,-1.7844963558856033,-1.9947049624313768,-1.3161407458533274
2023-01-23,0.6900400591841038,0.11543436562107431,0.6064780468287405,-0.42883132884246683,0.5010622939240926
2023-01-24,-2.9807343851540504,0.9885120787617301,2.1408184956535026,2.8060773774268184,-0.21197106009547856
2023-01-25,-2.0566863244007827,-0.22239538914988294,2.3165327773446225,2.798569610393373,0.2258762697148559
2023-01-26,-2.0131015959898657,0.6589173352896465,-0.053560294120022604,-1.1227350563578566,0.38578964883911254
2023-01-27,-1.5282591615080496,-0.1268053792207592,0.032581505972482945,-0.26207622924104734,-0.27086217821867564
2023-01-30,0.10269692221913598,0.6537123622390039,-0.20520823135286753,1.770453979640489,0.18831553695082706
2023-01-31,-0.8943231060857312,-0.5247536319125495,-0.4739672878652066,-1.4541635796260555,0.003039852554287548
2023-02-01,-2.110724408155616,0.004633461656458932,-1.5732982336619092,-2.1470199794898686,-0.0682267546452533
2023-02-02,2.985774385337941,-0.4639507698694768,-0.05788848731243331,-0.4772127351450784,0.2994407192257996
2023-02-03,-1.095737379364214,0.46568902868981615,-0.5024847214181072,0.7816164426678529,-0.17221557191639808
2023-02-06,-1.0884586517475332,-0.1928659723675629,-0.8070516896028725,-0.6229923426655849,0.6097973549993662
2023-02-07,-1.9686462030957452,-0.39743344989672175,0.4370373597552901,1.1953026006683352,-0.5771189445719558
2023-02-08,0.7387467791061431,-0.021798874746144694,0.849747627491222,0.4061928176555814,0.7982345329003245
2023-02-09,0.4019985752083087,-0.35978927188804677,-0.12545065641781702,-0.10771864063133547,-0.04434057284945647
2023-02-10,1.4016648039908022,0.5504148114577357,0.48074996698078754,0.31707924393146214,-0.17996321776966093
2023-02-13,-0.867740850878006,-0.14626856336720742,3.1151430614215676,3.63762580439595,-0.41087197099686
2023-02-14,-0.8680369011378378,0.49939072367098897,1.0367307024304915,1.6241771075331082,-0.18546519698910105
2023-02-15,1.537685753042444,0.8663528027824108,0.8967150798516382,0.9284211664330694,-0.6605394496486457
2023-02-16,-1.3346763095293848,-0.511191492320417,-0.39101631563480177,-1.6258345549821502,-0.31465424457966235
2023-02-17,-0.812895520572485,-0.20539066819551818,-0.3125540195824701,-0.3463336210097324,0.1638567763822867
2023-02-20,-0.07748564773907372,-0.03374212225963049,-0.48078582664851544,-0.9548043634109731,-0.41812898928694114
2023-02-21,-2.3029212330813236,-0.16904380798737706,-0.673783137510743,-0.5829208000911319,0.7129737806015826
2023-02-22,-0.7956276928993048,-0.09209988636468008,1.2880674042497668,1.6778689609646888,0.657296395941237
2023-02-23,-0.6698942634751549,0.4878911646543553,-1.3123732112142625,-1.5191829786050155,0.07325904876378811
2023-02-24,-0.2971257651002589,0.9351195800594446,0.0076351274391036625,0.16623176510988735,0.1424673401813029
2023-02-27,0.6922917154352948,0.5805443156171654,-0.42221621547530946,-0.4888173137681427,0.4277418055198589
2023-02-28,-1.097416690179434,0.44177927164107106,-0.41396770331450733,-1.4346936674732234,-0.6770269339812702
2023-03-01,-1.6776844979525163,-0.3014474098166726,2.95161462863003,3.21726783778681,0.0004773862337897318
2023-03-02,-1.93784032169354,-1.274439557929698,-0.9406706307201541,-0.7586702399227456,0.04727045096156208
2023-03-03,-0.5633617189695951,-0.010374689706293294,-2.3576987760343795,-2.19694942515443,0.08012439245654875
2023-03-06,1.89452393901621,0.07382982920725278,-0.6954468158798036,-0.724681401067904,0.08954619677999859
2023-03-07,0.48363082633466514,0.032013136948106494,-1.4009640023417427,-2.3587831214495187,-0.02607768124056491
2023-03-08,1.6351542381193114,0.09983266710962294,1.2007493345629145,1.908096705694275,-0.21380689459434304
2023-03-09,-0.7950886188250403,0.05620962005655309,1.141372138873071,1.5295887631029619,-0.283002625970713
2023-03-10,-0.47292631340432406,-0.10944136650021581,-0.22020951716822026,-0.27005174397495524,-0.366384760733812
2023-03-13,-4.8928592291297885,-0.10942136779593717,-0.5606791015948474,-1.6979739517621522,-0.21072279658658763
2023-03-14,-1.1445640086443263,-0.19206449729722308,1.8285292693412287,2.756872020736356,-0.2775813233413369
2023-03-15,0.6282341651371924,-0.066406578503899,2.642915607383546,3.8807072219511736,0.1434627518834989
2023-03-16,-2.2160066358643937,0.21036667426389316,-0.16266302028891721,-1.2017565550022502,-0.11958887893375021
2023-03-17,-0.43340850108726015,0.24666015101038466,0.6420451481887721,0.38394628648340073,-0.28210305341223824
2023-03-20,-0.6938029075148706,-0.20393131440215115,-0.7442962270412126,-0.24220054413200096,0.1571703647266532
2023-03-21,1.7479742175215414,0.769615193776885,-0.25109395936973894,-1.8688330785369394,-0.40315168406978824
2023-03-22,-0.6060415592100121,-0.5417806854174554,-1.0737208101532805,-1.7115129693345812,-0.4926422396365074
2023-03-23,0.2352016185055476,0.7029486746261125,0.8664033608082852,0.9068589992874246,0.04239079195151488
2023-03-24,0.6009866726977352,0.35899305306535423,1.062870857495466,1.19689173266353,-0.1595291175481803
2023-03-27,0.585270842059938,-0.13369579323683628,-0.9566886405984546,-1.55379853803791,0.12883157013202814
2023-03-28,0.5639128770644539,0.4579192443169965,-0.7714383147032481,-1.1837340729761152,0.08680664034665851
2023-03-29,0.8583422298263869,-0.20846267541091762,-0.38951884757666416,-1.1958986946341057,-0.1271534120048884
2023-03-30,-0.1982287010716283,-0.3521958320146005,-0.4121573192996851,0.1221028884942301,0.45773787613931843
2023-03-31,-1.004170370789243,0.6239518496756026,0.18913012784034505,0.5921312385422359,-0.20578726252459786
2023-04-03,-0.03468367840664096,-0.15839879456657785,0.6331542654465722,1.3020724894971936,-0.41413892530120594
2023-04-04,-1.471307126424425,0.6803544445361102,-0.2704059289443436,-0.7297636566078333,0.07189169990570723
2023-04-05,0.6365858952896248,0.2154746900905264,-0.03496178351849418,0.22567924322361996,-0.07094392129161531
2023-04-06,-0.6149938767896093,-0.3814265613063367,0.17864359110895306,0.17660336882478,0.5848926605115565
2023-04-07,0.6340453192787501,-0.14676923506872655,0.9571017545735625,0.6867168435920217,-0.02601514434259777
2023-04-10,-0.8190996876209485,-0.5860966283298685,-0.7039916651293024,0.025014592764676043,0.056009108746418866
2023-04-11,-0.7565795214035905,-0.9377688346207217,-1.8393059615489098,-2.2688301454244977,0.4811314736909816
2023-04-12,-0.21349906010880257,-1.296632220625108,-0.4771516546326662,-0.08002652995012453,-0.5127076376042448
2023-04-13,-2.7003241288768285,-0.7344617966300929,-1.48953217869117,-1.509484196032437,1.0129004509773987
2023-04-14,2.0736296112183674,0.10504548610215568,0.08465650343773175,0.7740139208661544,-0.07874145939121983
2023-04-17,0.43286189712840123,-0.37136117853667866,-1.2186010434088326,-1.5567566937255701,-0.8471638451491524
2023-04-18,1.191784137393068,0.2907545443543691,-1.2950909926166798,-0.7096338887293496,1.3181307675604426
2023-04-19,-1.6151604371421835,-0.32208019515578085,1.4112810228925665,2.255826578198903,0.16700829786993468
2023-04-20,-0.7036849024782894,-0.8411947591755182,-0.25259349704126477,-0.21574993295017603,-0.24851208962503968
2023-04-21,1.0040272530705943,-0.06597475192512378,0.5694622789787874,0.313730554494714,-0.35668102617219166
2023-04-24,-0.46305530887797824,0.18726468982442598,0.29512109148676713,0.3368730775635211,-0.37809528213781046
2023-04-25,-1.4320677769039576,-0.519593331199815,-0.45956800766267625,-0.9720621332327528,0.3248304559232785
2023-04-26,-0.23742471770474358,0.3999687984970358,0.16006834968520853,0.41159756113442525,-0.14028299639952138
2023-04-27,-0.747201505728294,0.0629033973166534,0.7493385668143,1.468182741954009,0.014446034396179043
2023-04-28,-1.2439670220461685,-0.6896724062747216,-0.4768818147879118,-1.2432511042270589,-0.41319453668859735
2023-05-01,0.48297417312903373,-0.24055998875760387,-0.7201572954160362,-0.5056184794227293,0.4694568850676151
2023-05-02,-0.9251776142196179,-0.3893330926415478,-0.10049512556305161,0.09539837904576859,-0.40361054337264707
2023-05-03,1.2896753233746008,0.05125468654589929,1.0843359413975378,0.8745729267648324,0.9069573441855531
2023-05-04,-0.7101636528784365,-0.4477440401287009,-0.7131891484688099,-1.1517921630229089,0.398849804197717
2023-05-05,0.6608137373491044,0.9887852902139237,-1.1956431252569053,-1.9183477363738126,0.414079969450883
2023-05-08,0.731751325831125,-0.07426300412461569,-0.5406097756116265,-0.3272451587599512,-0.41979256281839133
2023-05-09,-0.014489957813305704,-0.3536584663542812,0.08347775154890934,0.014541981008511794,0.12176676359370692
2023-05-10,-0.34545228158135444,0.33670524115838674,0.19967417489861336,0.5122853077765684,-0.5051093128176987
2023-05-11,0.2724327557430275,-0.15894933497128996,0.5124448030957443,0.67951302879105,-0.93960477795324
2023-05-12,0.2762410841561109,0.3736889218647952,0.3461472961308071,0.34435108609821385,0.0386357844894293
2023-05-15,0.22608839050803076,0.24665714508607184,0.8817338053038127,1.0604807581989029,0.06596390456084442
2023-05-16,-0.3044995392680805,-0.7735128480539714,1.2567252503570863,1.0887515043544829,-0.5559088481617254
2023-05-17,0.1703526727497588,0.12719876297619678,-0.018577048591483073,-0.23306169682217606,0.3359096682716166
2023-05-18,1.2709256340965436,0.10926544739830903,0.9456361134981613,1.444508606289649,0.00014579651059305244
2023-05-19,0.34970295801162826,0.03807315680212903,-0.8822202451987629,-1.0104683940241184,-0.18776677475198375
2023-05-22,-0.5456452528552466,-0.23010919625534568,-0.30895405473005033,0.7120412051944359,1.3611670039260004
2023-05-23,0.3690199708443812,-0.09026149434074998,-0.4415775630230721,-0.5641793564925309,-0.2894404089031589
2023-05-24,0.5159626527860635,0.09979435168536305,0.8440837672378206,1.3468921254089787,-0.553115412910001
2023-05-25,-0.6200957335763955,0.29064499855766884,0.5749272749771407,0.19837462869302866,1.3089356089413726
2023-05-26,-2.4098984533176844,-0.05118042871842549,0.05866024745567197,-0.45656529567087106,-0.714803631979714
2023-05-29,0.13697764731935988,0.5593561077315534,0.4221875991638462,0.11872599348836341,-0.4125774943994185
2023-05-30,0.43323064869132283,-0.1499371260903356,-0.7290758079609319,-0.7339890809523949,0.5178743710311181
2023-05-31,0.7957673531220963,-0.10504798963381179,1.0292801270748824,0.48707867276540967,-0.19898062822363705
2023-06-01,1.372206583811772,-0.3334350943974896,-0.10383044421479055,-0.22833889974066077,0.3815368369600261
2023-06-02,0.23635807620021854,-0.5759983195722893,-0.22933005418404012,-0.06325276859938925,0.20977599232236188
2023-06-05,-1.0521315643001974,0.47299725874399406,0.6309629324411064,0.25330294644249657,0.665121340075549
2023-06-06,-1.0321914779110493,0.23796273016964706,0.20439016331828236,0.4512125575895762,0.1639836319499387
2023-06-07,-0.8898841562467985,0.37981035150804354,-0.3547518387697402,-0.27428076895669673,0.8637674015662765
2023-06-08,-0.34014172981038737,0.2756225521720363,-0.2677132213516928,-0.1013498341121575,0.8600614698814968
2023-06-09,-0.5185706648964514,-0.09661116837580677,1.210418261749601,0.7424265810799668,-0.5047093963901388
2023-06-12,0.9120493845520777,-0.26155361479441486,-0.2569592076672929,-0.18750212997247903,0.8532129072735983
2023-06-13,-0.5011843095512406,0.6811476184064725,0.6186764371616851,0.4876777160510984,-0.23889034356272734
2023-06-14,0.4279916520577607,0.312781581662289,-0.21094178242923842,0.1685044991077463,-0.6777118349391735
2023-06-15,0.5521456641047058,-0.3366354172502791,-0.7367146127046965,-0.7348981039681765,0.08881602380300448
2023-06-16,-1.7011846971861218,0.1620507420862273,0.8757856545177161,0.9599794899402799,0.29665581278847697
2023-06-19,-0.8851317531877683,0.12145923685896533,-0.1690667855922439,-0.0025553446534608186,-0.32026588008592155
2023-06-20,1.1770394022358726,-0.5123298842043299,0.1241353927103367,-0.004796999889146996,0.06293958912235194
2023-06-21,0.8725193840236727,0.48815124337737975,1.3073666424224109,1.341226768103405,-0.17723452401323772
2023-06-22,-0.24361845130410412,-0.8498148166041298,0.8110187942034092,0.6290825850089368,-0.20617082829738645
2023-06-23,0.7361624914163803,-0.6895436740372948,-0.9939245223387273,-0.31877438758691684,-0.02086115965729718
2023-06-26,-0.5066625714382521,-0.08207464081324811,0.7771000034032081,0.9615790401594619,0.5647539571502858
2023-06-27,1.3960802658505755,0.48712509488576755,0.15539141421177424,-0.18903905214877859,-0.536385186329422
2023-06-28,0.35863692074360104,-0.5713981150521351,-0.26659825941961934,0.5188826220416051,0.04986153967372499
2023-06-29,-0.45903170407040716,-0.3626699392924523,0.7886071295537505,0.9001641683306848,-0.44754494777982684
2023-06-30,0.31191990387179985,0.93909345284706,-0.656405943034531,-0.5233618219360687,-0.21477693583280144
2023-07-03,1.0871945642553429,0.1975341207559212,-0.26349889171671653,-0.22237723009260613,0.6169203247762444
2023-07-04,-2.430770498993988,0.3339972848402149,-0.37888156855096994,-0.41936158654204986,-0.28421451964298367
2023-07-05,2.627727125794907,0.508896957048426,3.1297773377811646,3.344654692501509,-0.5978037386856482
2023-07-06,0.31747443251723745,-0.7150603102330998,0.9237989432849544,-0.36136861751950566,0.2984752585431871
2023-07-07,0.037349401892509904,-0.5822716918240202,-0.8959909642649445,0.2982073681592162,-0.599253129949073
2023-07-10,-0.6408117783742305,-0.22867278463629043,-1.3105797335457465,-0.9320163918307568,0.22227793476404178
2023-07-11,-1.9922385588446314,-0.024750274663607137,0.19511121101091744,0.5161580896909789,0.062272704098339175
2023-07-12,-0.3983370402152039,0.9552378418224419,0.28762149981434715,0.5324137216207634,0.1041598794988855
2023-07-13,0.8630918744609551,-0.8627461231883158,-0.6831588255995543,-1.1770343817830273,0.38446987886419187
2023-07-14,1.0151684220884267,-0.20758361225162847,0.5267036185634666,0.9417919434731944,-0.04622751142537984
2023-07-17,1.3489917523385255,0.40448586344015186,0.3640675290173598,0.7089240403567707,-1.1947251701759394
2023-07-18,-0.7195110957580722,-0.5677484194474772,-1.188469117483263,-0.7457021260755062,-0.4023625494733341
2023-07-19,-0.5661959962911353,-1.2538714666509336,-1.0254944562373052,-0.7484660158020164,0.26608027103337467
2023-07-20,0.17770931081695668,-0.2934174968940555,0.8419591156374554,0.8892116027511232,-0.32781250153460306
2023-07-21,0.09638829732511119,0.19363525665298617,0.31513616517206716,0.084380571160057,-0.15135515461054497
2023-07-24,0.5289783371015593,0.49111503670189066,0.4335126137804918,0.16383467937955848,0.1546330029012534
2023-07-25,-0.34667658932650397,0.07531331575662266,-0.10225245301724939,-0.4102301254553118,0.449306654861798
2023-07-26,-2.0292604311465974,-1.9700743998091308,-0.725958367176305,0.042614973917669954,-0.4792584371163802
2023-07-27,-0.9683621296845661,0.047415716433771744,-1.253993235897984,-1.584852292510158,0.6879769155515574
2023-07-28,-0.18554467020560658,-0.11063125392705782,0.13335376315222844,0.3131319545582887,0.12439375629261717
2023-07-31,0.02670575951346,-0.5477486496467995,-0.9770774530784821,-1.3672688369496795,-0.07978582264731347
2023-08-01,-0.3834344567526397,-1.6171921327237184,-0.43428320882761123,-1.0091368173119917,-0.7436990108941218
2023-08-02,-0.3602549925157601,0.3169369598074946,0.6350034575537854,0.40882189214599424,-0.09094946144443206
2023-08-03,0.42621664870762177,0.09834353743444589,0.3101194057539261,-0.08904048954701135,-0.2573454239752745
2023-08-04,-0.44753325490613005,0.22623190847294333,0.7725517688144261,1.0242032761748363,-0.23636858701753516
2023-08-07,0.5331377045307045,0.48339241810628786,1.3718775508883334,1.3662608293990282,-0.23973483788883024
2023-08-08,0.6783082834123766,-0.23344642285894077,-0.9698162093661914,-0.7910785337010368,0.14004442217007057
2023-08-09,-0.8781260068498539,0.21885325863430657,1.0225650740074415,0.46104286639943737,-0.4136502643977244
2023-08-10,-3.2347133092675495,-0.44037647493104803,1.5849116726796924,1.2885289181653032,-0.03856697324476087
2023-08-11,0.8649357636653763,-1.0045100988649447,-0.11935445756251442,-0.09044845827296295,-0.6896327227284546
2023-08-14,-1.3269910457983414,-0.27645280982394344,-0.9523317187071442,-1.2068979541371745,-0.29709645011976543
2023-08-15,0.023072420876507734,-0.2589238581015745,-0.4141518887696579,-0.5354428478730684,0.20293936279667457
2023-08-16,-1.0495194904866179,-0.16045567500571062,-0.35769311622428007,-0.527155007633088,0.024893803028892856
2023-08-17,0.32223895959495835,-0.3944951961067889,-0.21932762189273944,0.7106639107252827,-1.2642374699899872
2023-08-18,-1.0577019232876956,-0.5476938142166733,-1.0579663865585314,-0.6478119672060945,0.39832426211307986
2023-08-21,0.26619168177283575,1.3426048565060291,0.3273828468509744,0.5606906997157146,-0.471585221205899
2023-08-22,-0.5081662646516404,0.5632346223854918,-0.5130061742703693,-0.09311844063139621,0.2664797891811753
2023-08-23,-0.2871438736879506,-0.44525251950694517,-0.5789181138864252,-0.6128611487569109,0.9334887719617284
2023-08-24,-0.168353177336261,-0.25338792786650605,0.40474065854062447,0.46993644515946187,0.27135479231700893
2023-08-25,-0.35143030372498696,-0.13890664586382467,0.9212281746252363,0.6133945157454658,0.23838014632299034
2023-08-28,-0.8163736406036102,-0.7629659117544204,-0.0559333100113731,-0.004996784695164888,-0.3990060067188048
2023-08-29,0.6574645120029006,1.1054695743817877,0.25031069916418497,0.17457282540019858,0.2902580276303374
2023-08-30,0.47978733579993393,0.08723082983170752,0.4372772517793985,0.1330562577241215,-0.1953854008606867
2023-08-31,0.2086501900445377,0.1146179818263298,-0.5502204340972016,-0.08626715127057541,-1.2987698807436654
2023-09-01,-0.6279723128910746,0.254584595614621,-1.526621702731007,-1.1659804148080783,0.9805030995001273
2023-09-04,-0.39641392383340013,-0.742999745289672,-0.3785461120755688,-0.09239415341021881,1.3424253112391928
2023-09-05,-0.25121130709119033,-0.27924521335452396,1.0296384691134113,0.97799003577066,0.6107900846989582
2023-09-06,-0.27406709625371456,0.6627565009414979,0.560746118963192,0.27109889241362384,-0.011526976547688863
2023-09-07,-0.11336136045194348,-0.20348090029318153,-0.9457141621213676,-0.9336600363517104,-0.38519365346489215
2023-09-08,-0.29538218547202194,-0.07765052634656859,0.06265190933539817,0.7590547911394884,-0.007142869283015477
2023-09-11,0.6201796641937379,-0.210938535917098,-0.13331086342043671,-0.11790597283046246,0.33309365397896395
2023-09-12,-0.15744083725839825,0.49625513830058887,-0.5297208478092587,-0.47018133980455756,-0.38425162144081954
2023-09-13,-0.5420925707984067,0.4968141319795649,0.1069572459724474,0.056852379805695304,0.9797772886941972
2023-09-14,-0.3549861106170549,0.23745728029135751,1.8746054311309186,1.9971937951992897,-1.204399224063269
2023-09-15,-0.9586056028492871,-0.12188223520171677,0.9756785949562974,0.5646578512488934,-0.695961600962994
2023-09-18,0.5005878200880881,0.15330395110447742,-0.1485374191922335,-0.43972478987380026,-1.1225045395193136
2023-09-19,0.39997483729569416,0.16500298487194848,-0.1934852728252361,-0.16488521635594658,-0.1170259233815254
2023-09-20,0.25195019041823324,0.321881871212624,-0.41625929275541257,-0.7968504689017609,-0.0412722813928213
2023-09-21,-1.0414912420913411,-0.17327425924057874,-0.47485083461929756,-0.3220290804011596,-0.8063169644623068
2023-09-22,-1.7049907114654925,1.0958680102724472,-0.057294659098140036,0.06454645860721771,0.8492865243790142
2023-09-25,0.8511237934624445,0.06137841306793998,0.04819370634597444,-0.5169910960419374,-0.08425125190839346
2023-09-26,0.7096569959133029,-0.08162766189176444,0.8710253110329602,1.193244178706153,0.20080457701566753
2023-09-27,1.4897557760733002,0.0868660270684697,0.1858278370198283,0.21400761705417243,-0.1363914131108531
2023-09-28,-3.5774039667822817,-0.22050525828758408,-1.5364818368447004,-0.8293759678434081,-0.6661102259772758
2023-09-29,1.0236689343918546,-0.07507926308198716,-0.7183798927470664,-0.8323799867309717,-0.9704492298072744
2023-10-02,-0.695952679801382,-0.9638173285089745,0.3439372049373499,0.6890287060119304,-0.6855130719364511
2023-10-03,1.1258895632033283,0.5873489408223411,0.26755724264158065,-0.31944936114601885,-0.14493085686874851
2023-10-04,0.7629777542935762,-0.04476169022733739,-0.09904413714031028,-0.3923660803015966,0.5728492274967881
2023-10-05,2.12511074880185,0.9851573808384775,0.37124449645496715,0.4273987471730893,0.25120962480809284
2023-10-06,0.8286355329268786,1.0721186322446081,-0.8815332932611035,-0.658795008639815,-0.3250902660435767
2023-10-09,0.5280509373777588,0.8436670834327245,1.6345988319904337,1.4158570828207975,-0.5680153476848627
2023-10-10,0.07643036618923119,-0.2953684406685069,0.1138040815511621,0.2714892285803963,-0.07458043962985478
2023-10-11,-0.7722742243703714,-0.24529575892982755,-0.4140047880801816,-0.5838947995553717,-0.02416154993784217
2023-10-12,0.43747876051343476,0.5711926702281683,-0.49267163821595206,-0.6218970554449034,-0.7613826131925799
2023-10-13,-0.17420524015725045,0.010131519574293282,-0.15088646684497814,0.22040412500145878,-0.5975179930711139
2023-10-16,0.8698789242535091,0.0495126853093342,-0.4233960075275029,0.05652811322350481,-0.32480893793988835
2023-10-17,-0.44520557636298996,0.7636616677095032,-0.24891308294766232,0.1829487600806327,-0.805225776780781
2023-10-18,-0.8212468055568829,0.25810068798585106,0.5103884504992087,1.2267160020664423,0.2691698788743295
2023-10-19,1.245270370006545,0.06292259161420033,-0.6733265457891635,-0.7025747321969135,0.026191074383708636
2023-10-20,-0.9816015228799413,0.1118969187831218,0.5956298475539185,0.6604602380139443,0.18784700479994337
2023-10-23,-0.11555832939999909,-0.006633831192984383,0.1142618532804312,0.38937430944575707,-0.11200057679653785
2023-10-24,-1.8238709469924963,-0.4330541455114332,-0.0908487278518032,0.3318263989367873,-0.6480472793163915
2023-10-25,1.6505826167643562,0.11647184268886795,0.5861071853301586,0.20986685097740002,-0.2871983655114961
2023-10-26,-0.7390644232200861,-0.046176275550803794,1.3627479987546032,1.3807305938723262,0.1265215026537871
2023-10-27,0.46663946841792125,-0.25533760095731517,-0.8604813708414218,-0.06897766408254924,-0.4294429479396106
2023-10-30,0.35178676232001177,-0.17402789272719943,-0.2629672871363443,0.23607444697678742,-0.10863748455562022
2023-10-31,-3.404694015694528,0.9640629713581261,0.15308892517815642,0.23855345741674133,-0.4420467757946191
2023-11-01,0.8076884909879832,0.5381274539596467,-0.22863945993934812,-0.6963081382622822,-0.19203419600578744
2023-11-02,1.825595577718602,-0.2611851658785574,-0.45720972731004994,-0.0876302686618965,0.19813472114208489
2023-11-03,-0.5239694705490272,-0.20234450403952084,-0.1255578648569594,-0.5708486751964676,0.26435166697525436
2023-11-06,0.2681375537569347,0.11297752260779731,0.8236588491391634,1.3804691686884598,-0.7360738348498218
2023-11-07,1.1087596713182493,-0.03616439823728528,-0.38192084687402816,-0.3884716349467034,-0.2398223734234127
2023-11-08,0.8817277688621781,0.2975667309765582,0.055834099487719856,0.2800811264811909,-0.5787734660886805
2023-11-09,1.0590763990805498,0.01887590398166553,-0.5187773373960743,-0.8145083312798148,0.34416097239665583
2023-11-10,0.26802302830968533,0.23175160533669423,-0.8467080910717835,-1.0383419004378804,-0.038277337432263595
2023-11-13,-0.8796422100108108,0.14632320097141957,-0.2136785049032626,-0.42836440154444316,0.013845489384143303
2023-11-14,0.31376341338618063,-0.2768503227560131,-0.17757089122568287,-0.07691530783223793,0.26837523349935544
2023-11-15,-1.284505270237014,-0.5486753456592313,-0.436919318795727,-0.7570136687104142,0.2396250260259552
2023-11-16,2.4322097116945978,-0.7190768162947101,-0.26178893198311676,0.5212978782493447,-0.17160036250199326
2023-11-17,-0.3229007759718896,-0.06538497463239182,0.17419841909581465,0.5690473518282374,0.13815543997631302
2023-11-20,-0.9812963299940336,-0.780196081684645,-0.16621459115563275,-0.6635938017635891,0.31548038811406653
2023-11-21,-0.959886531167718,0.4606066264047659,-0.2545343556405612,-0.16013098983785842,0.607752213357916
2023-11-22,0.1874101490450206,-0.7918257274722043,-0.514486834704125,0.2928015186625444,-0.3926479951747732
2023-11-23,-0.19658250873203226,3.1057345685578284,-0.3456798936993341,0.14442330160515218,0.8075989458240516
2023-11-24,-0.15304956320708044,-0.7496655701484932,-0.003148770404356176,0.003765705541984982,0.13606326106341474
2023-11-27,1.013243679662986,-0.37946255767310844,0.20664860017826703,0.41218716649345727,0.5900215789996687
2023-11-28,-0.7148800934645032,-0.004736657426795827,0.32561319178201653,0.7163056172780768,0.06677624757656163
2023-11-29,-0.26297904410321005,-0.6328806629351332,0.07346113180355453,0.0026781592030453234,0.14254864202043196
2023-11-30,-0.08307344584190338,0.4144581329086095,-0.27805161167938675,-0.48688280499256686,-0.1584020636311343
2023-12-01,-2.5491664174467346,-0.5135263850853139,-0.8005834833843273,-0.5430714454272908,0.3298227184101566
2023-12-04,-0.542185215001074,-0.061638887210244804,-0.3771729576262956,-0.4670665797515367,0.0262079505193099
2023-12-05,-0.36219840688994825,-0.27348052763159875,-0.5944863366872541,-0.8619008091759855,0.07356845948916059
2023-12-06,0.33905701548719047,-1.1179921571498215,0.3838230755558111,0.6238126840202639,-0.3977740914479518
2023-12-07,0.3742793930326294,0.6188257223936734,2.338651651362274,2.2140239888631177,0.2693019571969866
2023-12-08,-1.1744064673386811,0.927935794025395,1.381490876936475,1.014851471374082,0.09700828550734407
2023-12-11,-0.27039331724134785,0.7678662284123666,-0.9280455274546154,-1.5711836250879998,-0.7423439011925976
2023-12-12,0.3477897450080036,0.4161236172175738,-0.09685307832974883,0.12767669407784046,0.7991619750851771
2023-12-13,-0.9333004324491403,0.03184471129961399,-3.0349664118172908,-3.1958349343312817,0.46952484222788776
2023-12-14,-0.24858929555185397,-0.35789652327810967,-1.2571667805884008,-2.217094122344724,0.06798554394446986
2023-12-15,-0.2183903205857881,-0.791865466980745,-0.21004366521073062,-0.35988824554172044,0.25145253194059314
2023-12-18,-2.5072939174253963,0.38775926545107103,-1.8586915964873865,-1.890288030138788,-0.8941410383767199
2023-12-19,-0.28631953369384877,0.5199682068555909,0.5678649266601608,1.0148150028261176,-0.1760548816451049
2023-12-20,0.3253618249234782,-0.9469009979947834,-0.5315280080056718,-0.6508571297981672,-0.3323886908571973
2023-12-21,-0.3779660326897388,0.11349145135838758,0.17243983241851157,0.6081116111514845,0.028491318477380973
2023-12-22,0.7280802613528374,-0.998382664661514,-1.8248015917148581,-3.2254784433523747,-0.11440130307642521
2023-12-25,0.5899036564304528,0.5939162851207339,-0.44732631303867804,-0.8272615738789236,0.01568712314362641
2023-12-26,1.7810367946364132,1.566784718144643,1.7273526859195756,2.3254151442188653,-1.0479431726778707
2023-12-27,-0.2776601388061101,-0.3280209428619299,-0.27521191711082577,-0.9505954404091971,0.1511849250931876
2023-12-28,-1.0622907825046655,0.6414193497389362,0.5906332141493441,1.5049651019805186,0.6858417870374581
2023-12-29,1.7400880643922747,-0.8844202736891762,-1.1189014642865716,-1.7083881767676676,-0.44633446553942785
2024-01-01,-2.494269771114401,0.1799508059851911,-0.42428861332345985,-0.2037138745267485,0.43106260253250483
2024-01-02,0.7812215018244224,0.06494282421037757,0.4641468841344092,0.10867725208920023,-0.35250275851198787
2024-01-03,-1.3118367718367845,-0.3607185712996297,-1.0002761773118969,-1.099333616515509,0.21306078369669734
2024-01-04,1.4580718527411358,0.86556516062145,0.29995324113919547,0.584060348120907,-0.21280075085962472
2024-01-05,0.4333017929213404,0.507440595218852,1.1827081344255994,1.3204400368124796,-0.4364388159513881
2024-01-08,1.2408954923415898,0.2832822740224662,0.44018999631588007,0.3921325546993972,1.2009293923485875
2024-01-09,2.870104518657744,-0.09989720410948283,0.20588070183201174,0.19178086904065567,0.12049307984626995
2024-01-10,1.036494841447137,0.01880175271584265,-0.4458597235182488,-0.4480046782321654,0.07791851724192152
2024-01-11,1.76476704480306,-0.3998743638952467,-0.3628472959494766,-0.2480299432300389,0.2317463879406796
2024-01-12,-1.4114400582184503,-0.5519841100272206,-0.6123596356023545,-0.7228696234825931,0.38691524580424114
2024-01-15,-2.393712050475296,0.3829172164888595,1.0536448751229623,0.31125561482701847,0.8342471125726094
2024-01-16,2.256794199031461,0.8319123552848379,-0.6462855625574475,-0.4376608335952657,-0.6581293798174789
2024-01-17,-0.5808885533710646,0.4790225216540757,-0.05442931775509766,0.0023124561665333835,0.20647560505173346
2024-01-18,2.46491395084996,0.6174098577387069,1.5747605278915813,1.9173413665061059,-0.5672871766527281
2024-01-19,6.922918527099958,1.3189834615985365,2.0940385526933,1.9805610704760968,-0.24685590079494973
2024-01-22,-5.183095353074013,-1.2800943723551361,0.4484789727005094,0.6558643818465022,0.7058994332274893
2024-01-23,0.2978080914614733,-0.12989140605718075,0.35487142305811187,0.1609433804755543,-0.1268919291123767
2024-01-24,1.6487998258116703,-0.6372956089090521,1.5349796806019749,1.4127987011001515,0.2914210842939644
2024-01-25,2.965602943439034,0.22688279125014135,0.8204574832434766,0.39423344963673923,-0.5682768787290067
2024-01-26,6.3682551235781375,-0.39565889087177625,1.002179004903858,0.7118076533964613,-1.456850639420993
2024-01-29,3.908659319017924,0.3875962122447941,-0.3832311099629991,-0.6104319642937328,-0.4673726496804684
2024-01-30,-2.441053646726014,-0.7729049634014797,-0.7081389114866683,-0.6546567305374006,0.25257711958223134
2024-01-31,-0.08148500635515465,0.23700311930020804,-0.31465250428553737,-0.2006803665868066,0.002515416879219535
2024-02-01,1.9122699453909189,0.6495134616533588,0.1585650067102621,0.010839645799760251,0.4669627484169915
2024-02-02,-7.454272368737629,-0.7569385917244235,-1.4232139525599445,-1.7958497295854583,1.3971715630921342
2024-02-05,5.264485242301018,0.7515966624237226,-0.12725706000405815,-0.22198849969018367,-0.48440146776076026
2024-02-06,-1.1778926939402667,-0.4916947101656037,-0.5751305844949695,-0.32267388494629556,-0.24737344114876442
2024-02-07,-0.8995912509924529,0.0844148465012457,-0.11096834455874659,-0.28273237815180585,0.17140177920903688
2024-02-08,-1.9150836496524037,0.2824672174331167,0.5661039933328139,0.47322800720172004,0.11434132279264043
2024-02-09,3.6142219439288716,0.813517638821281,-0.10758370638564882,-0.1165013862183628,-0.174318534266085
2024-02-12,-1.501188547660046,0.07560528042544934,-0.5893080444297932,-0.6904712914675952,0.24343851445827105
2024-02-13,-3.038915109172452,-1.0990514564685983,-0.3097466803663901,-0.4857155968656897,-0.39285113949223527
2024-02-14,5.498604765044836,0.06180519942324524,1.720899100331052,1.9097940116627907,-0.37467937289909214
2024-02-15,-6.589995746774611,-0.06974272670512742,-0.7984245957746505,-0.7159112691192422,0.4714589060510693
2024-02-16,-1.643141025371081,-0.24704912338737214,-0.01647345368325811,-0.08540800534453333,0.17485686082624027
2024-02-19,-5.4358931012541385,-0.2627553066212568,-1.5725363469980629,-1.3174946939519951,0.825112401841524
2024-02-20,-0.15952833078127093,0.7229099028574392,0.13158012080469447,0.04646930926370611,-0.26701325362857137
2024-02-21,-3.692534561872468,0.27410460704692075,0.2508427979297531,0.3283732385229852,0.9913782727540683
2024-02-22,-0.30948332306055615,-0.6843540442623719,0.40687731258434306,0.6412966852683148,-0.15349797403591223
2024-02-23,-4.199467857715594,0.734728872015003,-0.3684791475537584,0.24549567325243962,-0.05711291703521738
2024-02-26,2.088370845761294,-0.15428565282849854,0.9429894510860436,1.038772706166018,-0.7782754999604534
2024-02-27,0.9732033892948662,0.0038451260414659474,0.35634668430842414,0.6254064800250387,-0.4472704461868757
2024-02-28,2.5122887134197622,-2.8502679504093265,0.8754645422554713,-0.9475396990059627,0.4217109994524914
2024-02-29,0.027750030711542695,-1.6436741312042995,-0.16486455210064482,0.6979474902618805,0.3611674927803891
2024-03-01,7.080405822953955,4.6483212984352456,3.5878756837261156,3.5061659038311244,-1.980079776757034
2024-03-04,1.8136238534724052,1.672383449133146,1.6935369858634222,0.7634881483055082,-0.05690044586581045
2024-03-05,0.37099752922583323,-1.1428173329277764,-3.41328945165097,-3.397485561720965,0.8283353784165357
2024-03-06,-1.6540316431889492,-2.0725540428468814,-1.097479233841935,-0.8175619044274391,0.8366974758265701
2024-03-07,5.373741311792452,0.8456483340039676,-0.2109811301565769,-0.8162280969597926,-0.07994600290507388
2024-03-08,3.3602533868631808,-0.5291635344694796,0.9524921660746039,0.927993115315881,-1.1675386077693752
2024-03-11,2.7516237104081505,-1.3596076356262898,1.5849621580055866,2.055531224460917,0.13251819217833333
2024-03-12,-1.8528963808646226,0.156016739933611,-0.3250141160968529,-0.8101881749101966,0.07797799830071195
2024-03-13,-1.2486046128417865,-1.9451644594071353,-1.3136342713843365,-0.7783068619325214,-0.20963636274876443
2024-03-14,2.9259917529715134,0.6533341309738404,1.2015937585983711,1.187263155487853,0.16488980997540337
2024-03-15,-1.6164820817096552,-0.9532683069063943,0.7055728388695656,1.0128722100450058,0.4869969337043098
2024-03-18,0.775732009293403,-0.7243599151233003,-0.43331917578093077,-0.7441917047323089,-0.9079636838293249
2024-03-19,0.5075823913370419,0.21776471147188858,0.25562123250842295,-0.09795272630959793,-0.08946616751269355
2024-03-20,2.46725513045705,1.4394820174249268,-0.07364286391800318,-0.44534645891324115,-0.18701231700699075
2024-03-21,3.7078742587375677,0.9550468401410652,1.4841198506838966,0.9250945791450338,-0.13989200917614908
2024-03-22,-5.822504934370826,-1.1449125278035124,-3.517407039614011,-2.914195144754947,-0.9422498900288052
2024-03-25,0.7535406166790163,-0.783547770557593,-0.02774684219650721,0.3528387956902293,-0.06556290204159367
2024-03-26,4.8331931582582035,-0.1621087542781692,-0.6374336118665985,-0.5560969594224472,0.9339358370378923
2024-03-27,7.191519015648872,0.9280910188372363,2.419538986148591,1.987896419595821,0.05864902362253752
2024-03-28,3.23080949271871,-0.3937458382116137,0.5192318554461908,0.5475910339434602,-0.14143207402103466
2024-03-29,-4.270400090026575,-0.7557138050798745,-2.981525092139554,-2.0709021686813847,-0.4674137472608264
2024-04-01,0.48163704154570797,-0.5292573629547281,2.333822780291292,1.3850749579292851,0.3798336271529214
2024-04-02,0.35460959547313164,-0.2004581342929736,1.0019435034295245,0.9508573677135134,-0.09840405860922573
2024-04-03,1.960821607791656,0.5388742745347984,2.934449437288984,2.388064478946683,-0.16247415659354755
2024-04-04,1.7799509320780962,-3.4758247683590735,-2.342939009530426,-0.9118898833690411,0.02009256534959146
2024-04-05,1.7984129498036607,1.2578133945943712,3.0973296685388485,3.0867880002650536,-0.6371105824443056
2024-04-08,-1.4201444041370883,-4.660615931930555,0.20034933555963322,0.6485545985291606,0.26027552373317353
2024-04-09,-1.2106703707458855,1.119836773775908,-0.4528612540337636,-0.37777525688051206,0.07198029505045223
2024-04-10,1.459594120126297,-1.1800896237290397,0.47802743179791574,0.12405974391915826,0.17673441113930655
2024-04-11,3.155948062566969,-1.2582409876869325,1.64035273483598,1.3591749326893818,0.49529525558140786
2024-04-12,3.9590975182616805,1.0973191512785618,1.651831117074894,1.7523792525317439,-0.882328496348719
2024-04-15,1.0851058495642547,0.9916134218295947,0.9320139830633158,0.6253542766031361,0.508604482852284
2024-04-16,0.8677386019053519,1.178561632413081,0.8735195475472795,0.4655407328014988,-0.44088640143686614
2024-04-17,-0.058999684543943554,-2.280993597908092,0.1728526680373128,-0.18977269915041886,-0.4650820376403761
2024-04-18,2.8048146124910387,0.16551759770621335,0.9956407360232035,1.5537609766686293,-0.6298540503452069
2024-04-19,0.8952919344831585,2.334959339613043,0.8403971375249997,0.8779485120130698,-0.023090741214054734
2024-04-22,-5.2636513260971505,-1.8742223750629754,-1.693204509235158,-1.3404661481799185,0.30454855449988516
2024-04-23,2.015836674029847,-0.7388674519726535,0.6375206384436828,0.8265572065139468,0.02744166685999985
2024-04-24,-2.1997493668969,1.8304548117224018,1.0268488763044252,0.9417637829527661,-1.0170349702802728
2024-04-25,0.6737207312503208,-0.474487166197625,-0.6892399795763069,-0.6176369606757056,-0.08606165290475934
2024-04-26,2.6982592863081587,0.39246593202243757,1.2150779250492578,1.0249647199535108,-0.10637763518354514
2024-04-29,-2.9411706101659894,-1.3007147410722029,-2.2382549098275017,-1.300086536690917,-1.0410011555777368
2024-04-30,0.30505210519475756,2.0299762522694844,-0.8746897116481496,-0.7236130784696677,-0.9372154549866806
2024-05-01,-0.4766083169503882,3.5549962678612004,2.081054439676224,2.226741546697257,-1.5486903713033433
2024-05-02,0.0028621561795902535,-0.49357151972991065,-0.2104034414383412,-0.43346144727608676,0.1213422405128989
2024-05-03,-0.0068483646507687375,1.7100418203169068,0.8897532583200044,1.3713996312087275,0.5760063357298122
2024-05-06,-2.5498384433972165,-1.0467390634121403,0.7535171290291076,0.6082761024962123,0.9050089695297728
2024-05-07,-0.5371178224511488,-1.7170407399625276,-1.834999734503479,-1.0186697970025356,0.7089194461544325
2024-05-08,0.40413841070017253,-0.05974116501222372,-0.22199607053612003,-0.5002596159960675,0.23980312807291318
2024-05-09,0.40869188813763285,1.1934565414507396,0.9328723681042642,0.5667722372173608,-0.5898001881778925
2024-05-10,0.9084146247776697,-0.607455880806026,0.2179292278918041,0.3587289198576602,-0.0952398613048992
2024-05-13,1.0082897157116308,-0.9777420053387836,1.8786232046549576,1.0098772744551956,-0.643153610602266
2024-05-14,0.4902104553899427,0.6643986360414911,-0.21413920494363448,0.09322775634463792,-0.018375202670851715
2024-05-15,-6.572646716089575,-4.469966404203452,-2.537140984069868,-3.397303651022185,-2.4882615183123407
2024-05-16,2.7025082279096964,3.077560568464053,2.983270358364653,2.927211505385462,-0.44673812798217094
2024-05-17,-4.380193750418048,-1.353072274060574,0.18398845754180332,-0.14426190422751392,0.37028535915552946
2024-05-20,-0.8301722705284266,0.17937375452476015,0.7428754493011253,0.3252989063979243,0.31813361612568847
2024-05-21,4.454458810116551,2.1129603945825943,1.0579734786329817,1.891895069226817,0.27292208034800514
2024-05-22,1.9633048124115324,0.2705572643468854,0.9229770229165911,0.14206275014988362,-0.10386590310761992
2024-05-23,2.3662333199517707,0.3063150035951234,2.0298572477190735,2.5731302824983824,0.06505290502672777
2024-05-24,1.04845178517857,-0.5089292494412507,0.09181928577093966,0.24199926256287235,0.139196159410881
2024-05-27,1.73466154757287,-0.3132227731872733,-0.31067006087244964,-0.03998422917423392,0.2773615842182966
2024-05-28,-1.6189487784347236,0.7508778832744439,-0.01584090153704451,-0.45730211765053885,-0.20824309484545972
2024-05-29,-2.843056725530786,-4.474296812982104,-6.746243497163673,-6.795785847234512,1.1389449187680663
2024-05-30,-3.302116434175917,0.44680217543790157,0.7602337760437796,0.06004225834158669,-0.592851512747074
2024-05-31,3.5300437694349864,2.064824956453965,3.29973644366499,3.445953614381618,-0.651674991874699
2024-06-03,-0.2544878241296786,1.1461093361785146,-3.589994596856934,-4.393191793215871,1.990723289601288
2024-06-04,0.5092892209733406,0.20962780845647594,-0.8631830001806385,-0.3040248329027131,0.7583775631646601
2024-06-05,-0.8950328554301231,0.45135232975848527,0.8328357069048204,0.5115033028093509,-0.17735745139792414
2024-06-06,-1.2321768739487131,-0.4317135651971331,-0.40669837829497835,-0.16122070621229806,0.018505238344713196
2024-06-07,0.46482030740362273,-1.0115391998799412,0.22714307350450236,0.4809410889480004,-0.3378956601615601
2024-06-10,-1.6744726855778465,0.9832683523096043,-2.2932920688511644,-2.539164933153764,0.5734283866985715
2024-06-11,-3.9780258644822606,-1.342329260464006,-1.3100881543486762,-2.9889606763068586,0.9999883045950683
2024-06-12,-3.6975014744909678,1.7160084159408062,-0.06610581134824708,-0.016094354921178628,-0.03837078898731494
2024-06-13,1.0776937094932193,1.0824641353717919,-0.9496007423500771,-0.4244575725043478,-0.5545633876350669
2024-06-14,-0.21729541430100416,-0.24584228151257845,-5.117285032426296,-6.330377121343985,0.5515153288935495
2024-06-17,1.8733357775993997,0.923869475964334,0.9963410884654799,2.1866546866884975,-0.6949507718568286
2024-06-18,-0.7552774199062737,1.9442609342052863,-0.8609969455093894,-1.89233880500445,0.20088922619816618
2024-06-19,-2.085942458578239,-0.9393192656143955,0.5743884204121276,0.5818712161246419,0.1278268842758121
2024-06-20,0.25846623197433255,-4.218781756775733,-5.897820624179706,-7.56946962480341,1.8935561313459437
2024-06-21,-0.8600573007839812,3.139453371578699,0.9535922281126512,-1.0504307985081587,0.6786610937214002
2024-06-24,3.223108337927705,2.9080943554321115,3.544833492642541,3.1100820869119135,-1.0462871544092345
2024-06-25,0.5176085074945197,0.15436834117126788,-0.4517797155420756,-0.6901577654083966,0.2733207849884533
2024-06-26,-2.9589492594055216,1.9838079276053258,1.7246216000837729,1.605683303030699,-0.39576361701912915
2024-06-27,0.5063959743147944,2.248959364176894,1.979550205099271,2.586350102499582,-0.4396075787366872
2024-06-28,-1.945185299457902,3.800670648494535,3.2116780770054305,2.32412555998065,-1.0095647353174753
2024-07-01,1.5682389487828021,-2.756889580241973,-1.9118645794503557,-1.7526846966047875,1.2609525572001026
2024-07-02,-3.2986092253983643,-1.394403801458094,-0.8973395517101114,-0.6226434034681848,-0.5075453412146509
2024-07-03,0.14421281625078797,-0.4940053914942175,-1.8464245558883061,-2.0629132179683074,-0.07536291227834205
2024-07-04,1.3616318685129352,0.7405089760482367,1.4613357229196622,2.1890656884287836,-0.3754967861961164
2024-07-05,3.0125947377732167,-0.5397209777028035,0.7254872325573126,0.4442120817734395,-0.7056863839371992
2024-07-08,-2.3568562424835457,-1.1060980538759706,-3.8091262089598503,-3.6656777913200647,-1.2302311198667584
2024-07-09,1.3221922080176804,1.1274127809964964,1.784182158706139,2.0917504391068116,-0.5487721108077509
2024-07-10,1.2762322106545871,-0.5923308223995046,-0.08076970768266217,-0.0298447208655073,0.11827336763842046
2024-07-11,-8.662584693286963,-5.64688848857027,-4.359223274927073,-3.16772813230343,0.45446683903765983
2024-07-12,8.294060723341536,-0.10092320699766363,2.974178393448542,3.545007980918107,-1.3597856628809133
2024-07-15,2.4553297750790635,2.2665621931072937,1.416478958346218,2.4772792245236186,-1.2613376451693654
2024-07-16,-3.0704703165478304,0.10050216674292403,-3.2759087195634997,-2.271644373096203,-0.8233968131008389
2024-07-17,3.2666551688632337,0.39028243180005034,-1.5250041046106773,-0.14125495559335088,-0.08795458566297978
2024-07-18,-3.9186062478647914,1.5980202829385257,3.68558043273111,3.196703173576443,-0.3294461112640557
2024-07-19,0.6806773539402526,-1.4106140692636948,-1.4665786996612864,-0.3335254618360102,0.2409997922704181
2024-07-22,-1.4754934872610403,-0.6327945977404008,0.47727677267584284,-0.26697512906836274,-0.006742551248067124
2024-07-23,4.625288719800641,2.5465483807327245,2.626137442893803,2.7535880266181407,-1.0270191144154788
2024-07-24,-0.49098299520165223,1.682950597481483,3.9692703368454745,2.7376173792284373,-0.8880144493037367
2024-07-25,0.9665636803245435,0.30456166606487356,0.4004184149654669,0.463058905078368,-0.2606088977159459
2024-07-26,12.998895857396755,4.729524735675657,4.3959399517613305,1.828627497874628,-0.25695238116097247
2024-07-29,0.8749912417865667,-0.8462860206839105,1.2663718920350973,1.0829330601450367,-0.5284350125080607
2024-07-30,-4.303703871936119,-2.733820940984471,1.5937419986416659,1.2077173688547311,0.2670834092601032
2024-07-31,2.679971784160841,1.442670542274815,-1.1216327005293767,-0.12669301151572301,0.1182703973928567
2024-08-01,6.405275108186922,-1.3501969329907495,1.3102574137694076,0.870189096647625,0.6173136591528979
2024-08-02,1.7432131455902329,-1.816424874422249,-0.6027539534831393,-0.11109701756367556,0.23689869983839934
2024-08-05,-2.9690996693142035,0.7315237845920378,-0.6079112110169149,-0.5814750858695604,-0.3477801821372781
2024-08-06,-4.300818414023601,-1.3056223135726972,0.1404535391780938,-0.4234683222095292,-0.5462363861844268
2024-08-07,-0.6037316955752091,0.9372568264816279,1.0476164200556155,0.7106578029424515,0.006732622295752552
2024-08-08,-0.0935307347360568,0.6558262716206225,-0.6220051091986757,-0.7058222654331312,-0.30823014585472075
2024-08-09,-8.71608380890534,0.6903193838883812,-2.1559630113278323,-1.809937308655604,-3.027337617488943
2024-08-12,-0.40604446535471483,-0.6595076273479504,-0.6670784102002882,-0.7241878620024381,0.5925538782775456
2024-08-13,-1.023844444717524,1.122551831441957,0.6620289387595348,0.43352329704152076,-0.4173886448407882
2024-08-14,-2.658213350092781,0.5631192248563779,0.49974845626938375,0.7254870616828174,-0.2879392327878915
2024-08-15,1.9671302891479185,2.2545764915942224,0.041738982068037236,-0.1124239992076591,-0.17610843315433689
2024-08-16,3.055463834257702,-0.3941364189996765,-0.3695131849600398,-0.222205243578594,-0.24712887387423452
2024-08-19,-2.957760376877662,0.765152342003399,1.5357484664055259,1.623164593600749,-0.42862458751318666
2024-08-20,-0.4324120708222544,2.838388897912505,0.8102642685474328,1.1219461036008054,-1.506413156885329
2024-08-21,2.445669631164634,-0.9735846154767477,-1.062039213700075,-0.9846431683325219,-0.1979895353799499
2024-08-22,0.8617781204541684,1.9413186156941664,0.8771569227623917,0.6967422204490655,0.0466403454900082
2024-08-23,3.3493598305349455,0.509730609828651,-0.8481233653087137,-0.6910870970414726,0.48672372227381144
2024-08-26,-0.7944977937219441,-0.11053580986735054,-0.6818387852516954,-0.6763235850368399,0.40706074401210035
2024-08-27,-1.2378165637699974,-0.9780544443821316,-0.6758561342532147,-0.7537915247774548,0.07729503435248598
2024-08-28,0.5924709421926455,1.6633560048863132,2.1573251562609648,2.1103541432607287,-0.7840346154433426
2024-08-29,2.094200407111931,0.9787645970161765,0.6649907073005089,0.6000068288422569,0.270735113412995
2024-08-30,2.0726017887773835,0.288106938880881,1.7273795690203637,1.84136939712724,-0.14786591041359962
2024-09-02,2.7329968561323934,-2.136743132867695,1.553315015914284,1.014382383373591,-0.3844301442318801
2024-09-03,1.0053243515354717,1.4342430833903224,0.26204500333886843,-0.4741658422095591,0.0014868436939357976
2024-09-04,-0.4587218888695878,-2.117036661386273,-0.635823283984035,-0.8953855315767391,0.027609213282942427
2024-09-05,-0.6084496263872454,2.3697077152147843,0.26079026251428467,0.404023429535192,-0.068394524521334
2024-09-06,-5.162543330713379,-1.4379701077794638,-0.24244792519313155,0.029910684014271424,0.4716531181112826
2024-09-09,-1.8422692088101487,0.12528071164910592,-0.061184989831333005,0.0636649116947896,0.11225024042861526
2024-09-10,-4.724125330680607,0.006426368922202851,-0.7008699222004997,-0.18671119256408267,0.24322917124436974
2024-09-11,-0.25334873987026263,1.006837940768284,-0.7917985561556047,-1.046487905095861,0.17439460069673904
2024-09-12,-1.6758097032737258,-0.444175597566683,0.7658861209618794,0.8914768290052284,-0.1321655588802385
2024-09-13,5.229094143481495,-0.5566799154426479,2.924077838220941,2.7019870481089017,-1.5066163643793373
2024-09-16,3.981777353099193,-0.9178601478684502,1.4586957537547953,1.2779127692282148,-0.14733128953907274
2024-09-17,1.8132552738380112,-1.0976039091952587,0.5728290179673375,0.09396606828421875,-0.15931487699264824
2024-09-18,1.7439755516690032,0.4166709033024696,0.22651869066448105,0.30459218329662596,0.16056478199390595
2024-09-19,-1.2920566310105275,-0.420187160471837,0.11090704878362515,0.1648154089183027,-0.07599780481219076
2024-09-20,-0.06986261241056214,-0.7906563424159828,1.0701763286405108,0.7398621493267428,-0.2747873821132333
2024-09-23,-0.21231884435542792,0.40283429638603985,-0.33256343658362264,-0.03913839288023687,-0.396612588630189
2024-09-24,1.9231745611820166,0.3742259667624457,0.10177550865457752,0.7802513787265727,0.16269048361967442
2024-09-25,2.49698177300667,0.6940186608344022,0.5213505422519367,0.5558407855672727,0.0015260814915668448
2024-09-26,0.722253920094876,0.298286016423975,1.6386711847800863,1.7097695969989428,-0.47200121004217493
2024-09-27,1.1500451269588452,1.4650847249783423,-0.04860775416584292,-0.07164776280356272,0.47070834330174455
2024-09-30,1.0316450546906355,0.7746115733579477,-0.293997933616232,0.10435625426522466,0.1571799324219152
2024-10-01,-0.5430803847734783,0.008207507705529362,0.8436382663763843,0.6005217531346887,-0.18780584425869512
2024-10-02,1.5083610345850322,0.6597998976274236,0.8852289771392312,1.0154215321800972,-0.07830701259259643
2024-10-03,4.241072360917076,0.4637244393276181,0.6270876629295614,1.0937537483430815,-0.0535625213835615
2024-10-04,0.5590546988523464,-0.3924193032993801,1.381306231311213,1.813287337414184,-0.2117938541370876
2024-10-07,0.7991746053461288,0.09554446584406812,-0.04066176533068033,-0.00764977357428282,-0.021369310883530557
2024-10-08,-2.2234940229906397,-0.11700775699495086,-0.4143480637880943,-0.3700070871554255,0.1623606564690513
2024-10-09,-0.5345937336917101,0.395094719709173,0.3288575831204517,0.6164803506527579,-0.17948963588852976
2024-10-10,-0.3278622064656159,0.3248803803799671,-1.0679944267274861,-0.6240289061549537,0.06453154119527951
2024-10-11,7.683357451552235,-0.26032758757126073,-0.36707623995785327,-0.09344472173026055,-0.46706077705918736
2024-10-14,0.44898378859531185,0.09492334268212876,-0.1319452846696787,-0.3107509956761615,-0.03216561413287918
2024-10-15,-2.4083329747398974,-0.8022954957770918,-0.7322128904883711,-0.6478948365725277,-0.18740257920637712
2024-10-16,2.7295735229225135,1.1461987838392582,1.1733999768652341,1.2465969652174014,-1.1344427917256237
2024-10-17,-2.314643586392258,-0.3859998348381562,-0.571183390402211,-0.40258669197163255,0.49900427765771466
2024-10-18,2.943449686194188,0.8119014103697656,1.4474072158693954,1.7038409658204146,-1.4300482501578364
2024-10-21,-0.09474030555646601,0.26105803888033313,-0.3392423367205819,-0.545340755627972,-0.6217282677902646
2024-10-22,-2.0521284285874564,0.26321073663540184,0.23914046170571443,0.5778072957112407,0.8578695639482861
2024-10-23,3.1413176274217767,0.21269258661575194,-0.15655300389382515,-0.2420457951233247,-0.9545376619039018
2024-10-24,2.6644287052882394,0.09609005055540867,-0.8078319357885602,-1.2075038158404257,-0.5088096436454753
2024-10-25,-2.4614383998786256,-0.2487451370479419,1.048884329752039,1.1797842523229722,-0.45450870723586434
2024-10-28,-1.9584725977246864,-0.674225226060504,-0.09205871108860214,-0.17882732158636708,-0.22824597658161094
2024-10-29,0.4710128754583726,2.1811429677259757,0.7148241129595642,0.9242582466615976,-0.102870879507483
2024-10-30,2.6409750880803218,0.6788149245255787,-0.05976901222700581,-0.10201322496147135,-0.8687076041545592
2024-10-31,2.5400863274340137,-0.5352013132831916,-0.04357002811873538,0.3861536387101278,-0.06179126737074089
2024-11-01,0.7584350396001869,0.9645595750256337,-0.5228928511220725,-0.7707781043038571,0.1255071098138874
2024-11-04,1.4659125597248828,0.5570852990088344,0.595357248628997,0.6321551904658453,-0.5406647975113942
2024-11-05,-0.09106520669483564,0.37496100179833514,0.5985131991177782,0.9748008563230094,-0.22604991737268215
2024-11-06,-0.5353842064908607,0.8527882889958796,1.053213928198711,1.0341203407735897,0.08766883565085701
2024-11-07,1.7229874601730255,-0.5063077970650769,-0.5955158197431298,-0.6438500869773905,0.07383829721086838
2024-11-08,-1.632772972748358,-0.059117583558190724,-0.11321160086795562,-0.2250162013209411,-0.4838613908570434
2024-11-11,0.7077350320288747,0.6749801803684344,-0.4489505068495843,-0.7498577193470427,-0.13007287238272108
2024-11-12,2.760579398141498,-0.22264638441453352,0.3930382147482886,0.17611248601312635,0.03452136234440825
2024-11-13,0.27774839483263597,-0.1975098354246511,-0.5917833703654872,-0.8323497232362278,0.6098553156140268
2024-11-14,1.1132864018891255,0.5498452595893704,0.7559578961380935,0.5367224552378635,-0.6963745211507062
2024-11-15,3.103516233865759,0.33593011304703346,0.3284493248116847,-0.027241490241536697,-0.42292701332569876
2024-11-18,2.041413224368268,0.6107577057422098,0.3767643669715454,0.471519290749683,0.015014163335280299
2024-11-19,1.3372387627260163,-0.3255678763756007,0.4389923016623972,1.0431083422775171,0.028745505379148797
2024-11-20,5.922237681849695,0.8695118936178533,0.6320536257087661,0.5024249963865747,-1.375065396719327
2024-11-21,1.629172033204045,-0.32940233810646957,-0.10309411300298986,0.03746945855873463,-0.006811475406792954
2024-11-22,1.1839776703380513,1.3696905717011771,-0.30401763486779615,-0.07135780582899956,-0.15038155246652862
2024-11-25,-1.013280956616037,0.5080814224159479,-0.6816151907052569,-1.1289950360857448,0.12414296278965166
2024-11-26,-0.2930728689871905,-0.7991531980961736,-1.1718167200427438,-0.8600417065277011,0.2042105484305182
2024-11-27,0.027965559410043635,0.8681745336209894,0.7150197869123057,0.9936677093362015,0.02325223567847767
2024-11-28,-1.9085713969205476,0.11633672890388702,-0.014186666087529696,0.21977315267188058,0.5236588569995607
2024-11-29,1.0448530286374484,0.5371859623807107,0.7195145815269366,0.6750404679360534,-0.40264455279729255
2024-12-02,-1.030964576338378,-0.22011766090635582,-0.6372013393725378,-0.7669635494028233,0.27726461654399953
2024-12-03,-0.827964445885766,-0.46630000160687557,-0.9489474404424844,-0.5732595437226206,0.42343561603987
2024-12-04,0.35901882709702965,-0.5451888009649124,0.35339290755469027,0.3570622503520332,0.06284394917982573
2024-12-05,-0.9965681786828084,0.5228278567810049,-2.037380741881746,-2.2195502414418598,0.5090258400727722
2024-12-06,-0.15885788178732635,0.8979994668679165,0.21754926973472644,0.43074998100504774,-0.5758667246392127
2024-12-09,2.7797873523043206,-0.6487094322039522,-1.9347401880047748,-1.4925355724666436,-1.1761756956144782
2024-12-10,2.350212365638027,1.6439780444180536,5.144206981436304,5.583482388868077,-0.5208463506741553
2024-12-11,0.15482031279780473,1.3423699586595543,0.5280167493047646,1.9252284778230384,-0.23591949421313482
2024-12-12,0.6083186112202292,-0.1735356307128519,0.3033092708686112,0.4405992282688004,0.6213794972940521
2024-12-13,-2.0342554414083414,-2.032704703297354,-3.283835895013636,-4.52006566961631,-0.297354946599005
2024-12-16,1.8422407692938831,0.6938230306139667,-0.7842540747142575,-0.8998219226353649,0.4779084875831384
2024-12-17,-0.3002876636927045,0.520934149103312,1.685705281656659,2.2059251586030872,-0.7910948469974218
2024-12-18,0.23325100170633603,-0.058547098073167166,0.6344263699876722,0.9834754649060451,0.024756131725283122
2024-12-19,1.191296879831067,-0.23642635328377584,-3.986499875816322,-4.23381994009119,1.3713167883636312
2024-12-20,0.5113213047469081,-0.8924835232032224,-1.4350927891507703,-1.816907353370888,-0.29665906049619273
2024-12-23,-0.7011687523475909,-0.6837682764322968,-0.31255618248207384,-0.4733045018893913,-0.1319009171104164
2024-12-24,-0.9829590975153591,-0.04499065049754595,1.6096930557234745,1.6440692874860072,-0.17375402758361816
2024-12-25,-1.9693357416244799,-0.6806076668679905,-0.7010835358582976,-0.9285329518188425,0.09044452558713206
2024-12-26,0.4608034147688477,-0.5122938154296804,0.6700544626557419,0.27847692744158226,0.16866613340545292
2024-12-27,0.3268669582667193,0.8997796628162412,-0.38976527847411346,-0.31728055987963466,-0.12655814031333096
2024-12-30,1.3850404407853179,1.1453040144349602,0.5052807724797485,1.1816242707170566,-0.9215363942608146
2024-12-31,5.073374233955636,1.3068699806253312,2.51502263846111,2.418682931159129,0.3429168943548139
2025-01-01,0.191209826192656,-0.1562223202581557,-1.021264993022141,-1.8251298928873267,-0.43260646491681726
2025-01-02,1.0821779242925593,1.6078812145728754,1.4350935902347055,-0.8174230532990433,0.6789609126125592
2025-01-03,0.49568039532415037,-0.3079111060723315,-0.8667352599755306,-1.63319355207283,-0.4847192042672065
2025-01-06,0.36644737636604924,0.37572854592424415,-0.5550158779576808,-0.4736767973137614,0.6046514911997588
2025-01-07,-0.09779288120671571,-1.8009971864457865,-2.2963972010685545,-2.531424073674406,-0.7966905695325974
2025-01-08,-1.731355955694458,-1.2242928437471998,-0.29318455576082286,0.7338285440052706,0.05360347908729664
2025-01-09,0.5500468149672594,-0.19944944807526888,-0.4954439121427907,-0.4670933510812288,0.29777357214555134
2025-01-10,0.5562629642580043,-1.0952635752625377,0.6867874455907788,0.7000004418811675,0.0870216554061781
2025-01-13,-0.9773125632059811,-0.600979944832162,0.6007225105361342,0.5298595395638575,-0.049571532709796425
2025-01-14,-0.7555014619909105,-0.07586060683216611,-1.5783545200855804,-1.5122471598423244,-0.016921967600383326
2025-01-15,0.29378104261022736,-0.7208214770822831,-0.5278543824757094,-0.25612569408303393,0.15423973930057414
2025-01-16,-0.2827150496367685,1.7923489658441385,-0.8013112649404364,-0.20025560764761938,0.5070252791714868
2025-01-17,0.7115860653050459,0.8345067187313436,-0.40094638896168255,-1.0490765609417458,1.2244826557911246
2025-01-20,-0.43576324883255807,0.34010378510420164,-0.9010017533702938,-0.8310928348567406,0.7798026897818219
2025-01-21,-0.16468865634081892,-0.8358678217280843,-0.2572064047458347,-0.42656601573120756,0.6907353175661086
2025-01-22,-0.6618388066393506,-1.0139364052068514,-1.967871367420054,-1.2545859973147009,0.5408609436058621
2025-01-23,-1.6490463787679444,-0.5537062864691307,0.4688045871542697,0.15283577730216755,-0.6296223776647556
2025-01-24,-0.7042224665296081,0.31787115129018706,0.9461006094889081,0.9887807402890397,0.6185026542981404
2025-01-27,-0.847115736232586,0.8650142622970245,-0.7104463900822623,-0.24342637660456337,0.25921239429892795
2025-01-28,0.1806581895143062,-1.65856421312264,-1.209343857990593,-1.5948533300133787,0.060107186369085346
2025-01-29,0.06818675108621901,0.34009534407072917,-0.3332256889301851,-0.6177569481597682,-0.06864611765115283
2025-01-30,-0.591965814179104,0.5600630578276605,-0.03329519337478855,-0.11078283744228347,-0.15736168644524848
2025-01-31,-0.06869342562498125,-1.5475685112219868,-1.4227941722350592,-0.8441773428488918,0.1653993096473991
2025-02-03,-1.3141314703749376,0.1669085174817383,-0.6050377021558919,-0.8198019233633413,0.5698274157945816
2025-02-04,0.7331101704244081,-1.3582229717239163,-0.8320129542607402,-0.7053131741648192,-0.48865949527638575
2025-02-05,0.776901148080965,-1.130038511768471,2.4326289011709514,1.1532179305808552,-0.3253228543344493
2025-02-06,0.47465751238110376,-0.8368976079021061,0.7593706296819587,0.3498802607391073,-0.37320329815755027
2025-02-07,-2.3844148310366933,0.20728901790764614,-0.8067556157138495,-0.07711100769081955,0.1336454118976883
2025-02-10,0.8896087168725594,0.34279649682027535,0.0804565684838431,0.23722260996755762,-0.28593534046297014
2025-02-11,0.7888483471837625,-3.532300029571589,-2.3953094497436966,-0.9057941796650761,1.483999103318332
2025-02-12,0.8859114416006532,0.8656147019436697,-0.5617747470834388,-1.0471376619824708,0.3027403566676496
2025-02-13,2.0116453767208373,-0.6744765381350295,-0.6732809376606925,-0.78085303643983,-0.5809915613132898
2025-02-14,-0.28801042201533766,-0.7595330462152728,1.5620215111205082,1.3748765270147723,0.4822911072223127
2025-02-17,-2.232206570198402,1.7936890387638786,0.11752736843784138,-0.7766478379819881,1.913340045433582
2025-02-18,-1.3131417089978825,-1.4474509343893947,-2.8190938771695704,-2.788604861212935,1.2600092123670277
2025-02-19,-0.5927657252238148,2.1046179101044844,-0.038180410532913565,-0.10655747873154019,-0.5785910852987934
2025-02-20,-0.22777093377838165,0.3803000839428309,0.32948714159168674,0.3243978668642506,-2.2879792072958725
2025-02-21,0.7981718048520031,-0.9158622138620486,0.26631708537425985,-0.04411197370088946,-0.33303979249695387
2025-02-24,-1.9226716382572966,-1.681358790084819,-0.023989473232263032,0.4522234316366032,-0.2949246098017199
2025-02-25,1.0633018338511149,0.5367269281532159,0.3777269072081493,0.116023088493209,-0.9158100776643627
2025-02-26,1.2633445946945532,0.02240108432057181,-0.0022086687438517675,0.6161481440555941,-0.06918298894825396
2025-02-27,0.06795347914338513,0.41522836404687063,-0.0028299038402912102,-0.23306567661196329,-0.2646707774833593
2025-02-28,-0.03776953300207848,1.7998998024398267,0.9332414641579068,0.6185884114804376,-0.7726843615862468
2025-03-03,0.38005061332261014,1.7767967552161017,-0.276958096363149,-0.1541660029158921,-0.03205607271420317
2025-03-04,0.04391999014427887,-0.73930340329239,0.2795597767023184,0.33778590314864876,-0.659428029396658
2025-03-05,-0.01026866960669548,-0.48559050258172,0.6603076398404046,0.2870091205443433,-0.8680165986037792
2025-03-06,1.0784936590585839,1.4989290262650505,0.6286231808419501,0.3776758669613109,-0.31879463028638566
2025-03-07,0.40765994778159764,-0.6454637593314884,1.2569465354410836,1.2918931517386627,0.5092535896577134
2025-03-10,1.7033215912012434,0.23167718745444033,-0.6612962560724801,-0.8314595014164808,-0.8779378334306701
2025-03-11,2.0190593507471335,1.180644409267081,1.5698587448014862,1.9293563920403096,-0.7473933334378158
2025-03-12,0.2555571677074506,0.4047345179056284,0.5762913967905328,0.34472835976337723,-0.4357459327325394
2025-03-13,1.4786178413907611,-0.0784737440213834,-0.13852354499399405,0.02746600572978722,0.31765933281000464
2025-03-14,-1.7223787391166814,1.121207334430302,-0.39925953729383135,-0.36050598604935796,0.42999845521263125
2025-03-17,1.4094462388205988,0.8454684559897013,0.050376771600118525,-0.3224770863227652,0.07613745576599747
2025-03-18,0.4526180574668209,0.1502150114232699,0.11745132461379391,0.15824820269051323,-0.3197688668466168
2025-03-19,-0.05604452876055536,0.4904788205046057,-0.8946463111475594,0.17887202476829492,0.22070796983263058
2025-03-20,0.180938294865803,0.4289475897453274,-0.19046837492855753,-0.1653148462593996,-0.012434033430950085
2025-03-21,-1.3981184177201802,0.4411247682141958,-2.128347830946638,-0.9298073790385739,-0.3388272404684311
2025-03-24,0.4836321157014612,-1.026247200835194,-0.7051251521435575,-0.21332600918995287,-1.6673463873350605
2025-03-25,1.3019795759483903,0.9851616588991775,0.8259334457818609,0.34272239263411686,-0.9605999910080292
2025-03-26,-1.351412843926527,-1.2666145331710357,-1.8355911513765937,-0.9523162225814937,0.4209145093754863
2025-03-27,0.07426624249564179,-0.00413387092826031,-0.8052163607238522,-0.7032633539991013,0.3664039830638903
2025-03-28,-1.4219154963333724,-0.4823027629848515,-1.311221973710459,-0.7386418907391925,-0.15133744267254856
2025-03-31,-1.3253383970224313,-0.30170674174008094,1.665923508106631,0.82809792313978,-0.30053497528612316
2025-04-01,0.11410065900070346,0.8982473704308082,0.5496973190953182,0.23099578094810416,-0.1587360370350358
2025-04-02,0.08375632508747266,-0.06718725179915963,-1.4524467179374667,-0.5575341362268321,-0.46181117387740916
2025-04-03,-1.6130569059082636,-0.4257783873269372,-0.6321126074876096,-0.9558781178626066,2.138936465911663
2025-04-04,-0.5915996541011977,-0.2561729859762801,-1.4428780906641916,-0.9486883647170564,-0.5336573729951167
2025-04-07,1.1257209017113645,-0.05381867589217402,-2.710405177141502,-1.4847388953682839,0.08706637700343729
2025-04-08,0.3331988316821954,1.10248430249162,-0.42247328975509274,-1.0951626839158688,0.49891217118851516
2025-04-09,0.5645571032052982,0.05595080292977952,-1.7004624881069725,-1.9302719561815764,0.4224230952339447
2025-04-10,-1.1411594328389736,0.2694309134965144,-0.5340153078721469,-0.6453682127282608,0.5345070148404844
2025-04-11,0.26984234111173827,0.04586872015345583,0.2991024605548264,0.30696488595908344,0.00034273970121268373
2025-04-14,-1.0260811507733487,-0.5513264115157818,-0.7447538731966651,0.21868490603438842,1.058015883677024
2025-04-15,-0.38966888482761775,0.04141757621020562,-0.35689085833070533,0.10643572400977544,0.23057625810601068
2025-04-16,-0.18735346019482021,0.44123121531906073,1.8654400000048958,2.010379015707552,-0.15164042507806752
2025-04-17,-0.030722303192777117,0.018875291142145555,0.11611983965358615,-0.1427633528767614,-0.38281579520439385
2025-04-18,0.18242666633014215,-0.017210045427255006,-1.4173061420865287,-1.1568267785960256,1.3930220521082635
2025-04-21,-0.7584711783239491,-0.549329135556536,0.19125381956533083,1.3370165291645841,-0.5106245261091404
2025-04-22,0.9318931683143549,0.32928511077777883,1.1022438787458413,1.628360533497391,0.12275167381358455
2025-04-23,-0.5637723635383503,0.2849122069915708,0.012979510936511555,0.09161247777226875,0.11075630745747275
2025-04-24,-0.6036651191192948,1.108767098138509,-1.059306722389849,-0.6438009183378628,-0.349963200544947
2025-04-25,-1.8460325191464253,-0.7290618560542519,-1.25724568823175,-0.8562014396926044,0.5187659455455654
2025-04-28,-0.06962017385232454,-0.7931155862952667,1.9338712542767333,1.7360566065830392,-0.31500788562513937
2025-04-29,-0.4450719342678388,-0.38890227478001427,1.8118546692004094,0.7772422149098822,-0.19760118715608813
2025-04-30,-0.7393914951884264,-0.204858579210688,-0.6677779484263299,-0.8181418417574297,0.08873505163271948
2025-05-01,-2.241349365474295,-0.26112266129953676,-0.43128861962276877,-0.8235053121192983,-0.476060139757532
2025-05-02,-0.6718618153167393,-0.17711834106922977,-0.8147737167324648,-0.7212706693077522,-0.5852968844192724
2025-05-05,3.625916403503567,0.613627209426634,1.92164569038158,2.6554154502933573,-0.4576034824507976
2025-05-06,2.1327074996752424,0.4880382196708596,0.4930911584123522,0.6358130079061339,0.711643819142035
2025-05-07,0.5980427906783926,-1.3355728018371018,-3.448112380549569,-3.171739034454888,1.3778447616833
2025-05-08,-0.012664883955134312,0.11598415203893403,0.38541927522464364,-0.32012306853893113,-0.8156819521140605
2025-05-09,-0.13962106113319991,0.324861670393612,-1.9220488269215368,-1.887095583178797,-0.7545101920329612
2025-05-12,1.335200819019212,-0.46914322362233213,-0.8377357530529959,-1.3836091357258327,0.5401507872150553
2025-05-13,-1.7205503597874587,-0.13992875903507165,0.5412052933958809,0.10936767822457354,0.08952280577301062
2025-05-14,-0.2294851223188934,0.5042755404544677,-0.4705083332137117,-0.6743278619734338,0.40040312338951606
2025-05-15,-1.0153567581889649,0.1832664662779877,-0.15675208852846495,-0.12387699417200816,-0.5036874423404176
2025-05-16,1.23074351063088,-0.6691379488561293,0.4472395810490694,0.4849036254452544,0.1854794728219274
2025-05-19,0.30062645222457685,-0.7786094038321302,1.0354185864827241,1.138581312451502,0.3385826470756607
2025-05-20,-0.6819506596690563,-1.1023130302247777,-0.7543968344860933,-0.935316844934259,0.9823527047091446
2025-05-21,0.970967921835033,0.9647134368975887,0.33611580542794034,0.17716723931176537,-0.4389404134963142
2025-05-22,-0.018097384716631856,-0.6115182047932323,-0.7315378758161829,-0.7938803113448156,0.013192345783105928
2025-05-23,0.008378362146367228,0.11548867281528656,-1.281286927177515,-0.9453041611056616,0.0943286898012473
2025-05-26,4.009300407726437,-0.13445800394161211,0.6749890040917214,2.1616739410817454,-0.29049392241299293
2025-05-27,-0.09420884770156253,-0.5964153766192372,1.332162383774404,0.8530226678921808,-0.24288518610886964
2025-05-28,-0.7362841583491189,-0.15553825963750476,-1.8521415995604011,-1.0829011411625593,0.30382610097810087
2025-05-29,-2.3335227864178854,0.9476806025530421,-0.6321457241352019,-0.3717016934660966,-0.5106871368873015
2025-05-30,0.5810765553522254,-1.2328673087896465,0.33798778569433524,0.2589837686278479,0.1918536956041274
2025-06-02,-0.11345262845772555,-0.8614445174525684,-0.07987491667146857,-0.49824905201170794,0.17768509612104688
2025-06-03,0.13470400246584355,0.5005538323144691,-0.3970499331663423,0.01500538134174479,-0.2921320257785718
2025-06-04,-0.5018692779311446,-0.7420576521369141,-1.60256256649966,-1.3345176507108252,0.4991979021811596
2025-06-05,2.152624397390343,-0.546846548514107,-1.2515266448450633,-0.9651505643286291,0.5084385797140376
2025-06-06,0.007158136564651879,0.4277762463958005,0.19111104438455762,0.19697020860044262,-0.10673047249022599
2025-06-09,-1.3568597938397025,0.10635071018477292,0.012804531628503802,0.21909801141789892,-0.14353282130333483
2025-06-10,-0.1324071658495614,0.35155042486775534,-0.06872222392507364,-0.01028919346464622,0.050008367017913384
2025-06-11,0.3203259166277722,-0.1258454025087382,0.8950527379816619,1.2378655771733507,-0.28634963557169113
2025-06-12,1.6034024968600529,-0.7694226411795774,-1.2294816171048364,-1.2452504915416993,0.09454060199529056
2025-06-13,-0.20876245379487934,-0.9744453092033559,0.7231528577623946,1.4853774234743868,-0.46454144262715424
2025-06-16,0.9699481297258334,0.15850270492808602,-0.4833106172577264,-0.456253673378591,-0.7399820284962669
2025-06-17,-0.48746275901350467,-0.3826143187486415,1.1478724790157275,1.8193268165508494,0.4292913672890968
2025-06-18,-0.2944590915491725,-0.3432076065794516,-0.048403253620591835,0.4419518101693218,0.42863673587029005
2025-06-19,1.08711116589706,0.1074090012842451,2.368658409152443,2.7036886861589196,-0.18390241444458613
2025-06-20,0.43521400994105364,-0.12519597894489506,-1.4863220899049794,-1.6789052509210718,0.17737037304014086
2025-06-23,-1.2105896991950085,-0.08330589015000055,-1.9922752403984052,-2.2621196851370176,0.08845798679719057
2025-06-24,0.09128725162143937,-0.20903726599564762,-0.16183108695179185,-0.5745174991345409,0.024071741140545107
2025-06-25,0.0697515413612321,-0.6143376880460157,0.16425798183062554,0.33317234228740694,0.11642287485754041
2025-06-26,1.993019164805603,0.0230012746831335,-0.005535034091603744,-0.16691678277579633,0.23722024718495932
2025-06-27,0.9316144828405913,-0.4287056883686898,-0.7883640042834303,-1.158439386704804,0.5748905828233976
2025-06-30,-2.11506142985595,-0.33272184658487636,0.6013382721295986,0.7248301246671199,-0.6705972342963712
2025-07-01,0.7693647384049483,0.2699267885611903,1.9287579213304806,1.9698187737947235,-0.20894185546601426
2025-07-02,-0.016399700475179538,1.1009378492427873,0.3770949980966288,-0.005238507427786393,-0.46062645355822174
2025-07-03,-0.9779793511310518,0.28890983351278504,0.45596851590392645,0.36723782256315635,-0.2990022891893495
2025-07-04,-1.2469476603945888,0.01843903987602956,-0.4610188904011734,0.4696752575299712,0.0031817733804267124
2025-07-07,-0.5098344620891812,-0.6241664246990012,0.7589604743711562,0.6250574144253859,0.27284120164147124
2025-07-08,0.42357506206224527,0.4521551848437625,0.9122180554235646,0.9002943804127271,-0.19508329598279403
2025-07-09,0.20023732774120595,0.16604085496639392,0.4106765604153739,0.778296011946215,-0.07421689820206596
2025-07-10,-1.151520814416938,-0.15470240267178767,0.800273700585191,-0.18393554800534795,1.1959453483590718
2025-07-11,0.7469107205830323,0.6919019471528814,-0.6485337361664284,-0.5754113879565476,0.12233845429362178
2025-07-14,-0.2700946680662654,0.16223913057088732,-1.2502237291118103,-1.6925426958951144,0.27260430101914845
2025-07-15,-0.13104119594260583,-0.5833174707274412,0.5080160221153182,0.3377857729213371,0.21396804086446422
2025-07-16,0.23185126545264015,-0.0502595646925517,0.6892277718578955,0.34624740616505123,0.54045141903087
2025-07-17,-0.3261133396500008,0.021904473703535817,-1.4049310495051976,-2.1362016220425692,0.0405292847535619
2025-07-18,-0.7243468747502068,-0.8664560414776904,0.6295614630445766,0.3574720744104427,-0.5126051575239752
2025-07-21,0.016430852199168042,0.10572176567924871,-0.09426811402583381,-0.8352996322239493,0.3577216474582368
2025-07-22,-0.10218949329928693,0.18071191570709716,-1.6048739380506056,-1.719106684287869,0.6503296239732019
2025-07-23,0.17020507716044012,-2.1047840852166436e-05,0.6594932596624833,1.1215163060728144,-0.26268746468363696
2025-07-24,0.6204606345784499,-0.12429846400142999,2.8136440375270633,2.300519707596727,0.008008504350033122
2025-07-25,0.5177651240492028,0.28887815298620056,0.6242698841098603,0.8275669265405847,0.5892943504135022
2025-07-28,1.037829788839048,-0.028549739899960663,1.3021478422635346,0.43588174657863676,-0.20474123019682547
2025-07-29,-0.9652613167370842,0.5069343128145584,0.8061473309253228,1.072487147684758,0.9847120718403461
2025-07-30,-0.056102651560712584,-0.1037457599226257,0.6019124500451629,1.0873962501405137,-0.13076363058851914
2025-07-31,-0.7463477646173621,0.0019177170918133935,2.000180160419028,2.5483832430031828,1.0057335642575458
2025-08-01,0.03382993308212938,0.2810148559136394,-0.008657375856523548,-0.15608077493849742,0.056517453016970594
2025-08-04,0.5299751588373619,-0.611942734195774,1.437179407405615,1.3858923437299446,0.5347592163944512
2025-08-05,0.9287968763655452,-0.703634471550637,-0.7760839170985907,-1.057416105128274,-1.1436290458641907
2025-08-06,-0.5353661366888476,-1.099037864266836,-1.1025226816566307,-0.8843068538707286,-0.1701343627495601
2025-08-07,2.1559297143863496,0.8881756645000947,0.7694502467053779,0.3405620593200898,-1.3604120383757812
2025-08-08,-0.2923465983458449,-0.31860120787865154,-0.4941377190522318,-0.9272138874640364,0.3728567686898746
2025-08-11,-0.2121715235403283,0.3866274321382605,-0.2811152062858945,-0.7984314186750333,1.0733265507793286
2025-08-12,0.19845527592923998,0.051246036905437845,-0.518774009777197,-0.7145822939747183,-0.22126659561146672
2025-08-13,1.0374659349656938,-0.2900859963627184,0.09238465842122134,0.3976536609181459,0.36804028440618003
2025-08-14,-0.020799193318255287,-0.030594524262598212,-1.9542299922846125,-1.8017917876639922,0.17838932689685383
2025-08-15,0.430998605001429,-0.528335578770479,-0.11587564113114536,0.3984058690221089,-1.1276032849303588
2025-08-18,0.9511480596557469,-0.47021708057080663,0.3259548876801583,0.14222803857329272,-0.1651947995268112
2025-08-19,-0.4794239310799828,-0.6686627945625768,-0.4898912100597368,-0.26854180468703137,0.03804500318094148
2025-08-20,0.3142998706517955,0.12001301977761901,0.40547203164141277,0.5596916547993096,0.06252568742798141
2025-08-21,0.09485135869369027,1.3646861198882279,0.5520724208119099,0.5489998047291779,-0.28886385258040853
2025-08-22,-0.15895326141240287,-0.24331939851451873,0.08097648594789125,-0.08330198089007884,0.09249353990238858
2025-08-25,-0.9158024421061447,0.036508664669753804,0.586988923190642,0.44599053628659435,1.7828927341217833
2025-08-26,0.41268120498033933,0.08124716000921263,-0.6287706613188339,-0.35846078254746966,0.9320549960991542
2025-08-27,0.6281756204349512,0.011006080847140377,-1.3545297140061465,-1.1793690566691966,0.36196007819225146
2025-08-28,-0.4208768204573038,-0.39844665198243917,-0.2617115515889883,-0.3893584392004499,1.4865463341276437
2025-08-29,1.0242434856154967,-0.07302894792776503,-0.5001606631121321,-0.8257141246538889,-0.5411246935319057
2025-09-01,-0.8716844345236423,0.012475734712340834,-0.46482466153326235,-0.569389323807898,0.7955783359015296
2025-09-02,-0.4468508394048895,-0.01764605615995576,0.10951748089421624,-0.11476703757330417,0.07608317647349526
2025-09-03,0.5937656387602724,-0.6529423069869443,-0.11541742324722404,-0.35097766287272425,0.6844182141704811
2025-09-04,0.12868260223447944,-0.16174720862381906,-0.5861724300571299,-0.2981789856682269,-0.27317794749497043
2025-09-05,-1.7994035397620818,-0.8730919352742722,0.07460835922720704,-0.022349123417396363,-0.8055676214939743
2025-09-08,0.47712975275738306,0.15557224723315669,-0.5487452058657568,-0.3787738843537369,0.750299393111935
2025-09-09,0.8345726803923768,0.1902238913503299,-0.2953601998106375,-0.10746866143738655,-1.1316967613078674
2025-09-10,-0.13445427064883478,0.18803342859195415,-0.1763377623317908,-0.14145019205946746,0.7510170773492956
2025-09-11,-0.00021889744565100353,0.018096046833104208,1.0899980273834322,0.5349451328017639,-0.005890345091433979
2025-09-12,1.117720127887642,-0.06536166143486553,-0.039751615138384135,-0.2563896451410533,0.5560916787598266
2025-09-15,-1.3826891615273693,-0.2992413902316609,-0.7874205216179891,-0.6495095320294678,0.6381582149538872
2025-09-16,-0.35553677737206685,-0.1857683695719189,-0.10879904363825757,-0.21037449685375248,0.6036970293519974
2025-09-17,0.059664322230820736,0.39185294818020255,0.17950274558089063,0.031095459564110427,-0.026375223135987773
2025-09-18,-2.526339854197471,-0.16499514410674446,-0.5577540430965515,-0.7995781946518151,0.7494135188320997
2025-09-19,-0.2898054232930882,0.289350445002618,0.5627789112437676,0.3383710097855033,0.08977876588689986
2025-09-22,-0.35655780393701764,0.2445025539014965,0.1097610879294317,0.11736195149697541,-0.2411136237275746
2025-09-23,-0.5624592642831859,0.5660703046593765,0.1035791202242663,-0.11486266884364658,0.04961294076565959
2025-09-24,0.8786055125681511,-0.10653811072770385,0.49251508586468057,0.32202221471092907,0.19224672891045527
2025-09-25,0.6132610469195126,-0.3548017182053159,0.4796771632917476,0.5165092410048869,0.359999578584016
2025-09-26,-0.04576222843666659,-0.16995712036453797,0.11034302231445947,0.440049878170066,0.11632459033557269
2025-09-29,0.4445921175068856,0.027236131243726484,0.05525634933128513,0.01186058373925827,0.3259548879220791
2025-09-30,0.33680730053439906,-0.12802867181456815,-0.6751664428653101,-0.3152898473281877,0.02391412543174779
2025-10-01,-0.12399912358456783,0.3609389102902601,-0.6904627592264401,-0.39718524162777324,0.2672900524654705
2025-10-02,0.1401500433468764,-0.19364845622666688,-0.5358381659376884,-0.19830054374292638,-0.5704898979847564
2025-10-03,-0.17478331337122863,0.13088523653517461,0.057393704987035554,0.48057669167316647,0.9884452187618189
2025-10-06,0.2025680043133227,-0.1967679626145147,-1.1584243905512102,-1.110599950248774,-0.47490885061912125
2025-10-07,-0.4186850542714919,0.25023439431708433,0.754395411776125,0.6747902969666604,-0.150966068745866
2025-10-08,-1.457164334998751,-0.3552092739318001,0.4182011001313157,0.3891348373961633,-0.11433783327745274
2025-10-09,0.07568967687944915,0.638104086491914,-0.014839795886814666,0.29470973671171946,-0.12725373493431166
2025-10-10,1.1631691598816853,-0.3757645630970491,0.09757902305059772,6.649998203133729e-05,-0.05492912720828845
2025-10-13,0.9426690850040688,0.18047719057229364,0.882549193399266,0.6276555728032884,0.15858092167733717
2025-10-14,0.013059253855873044,-0.01461452519104469,-0.12455145366330858,-0.354210090045135,-0.4484113537497923
2025-10-15,-0.34997091103933753,0.704908733419321,0.17118563433437115,0.36061791624649703,-0.35707617082707765
2025-10-16,-1.2164375760842168,0.2266759127398323,2.733108523117536,2.725839864553026,-0.9684842355245277
2025-10-17,0.4848638488370855,0.1289263765782111,0.2624392177899074,0.4238966011236789,-0.3630698224952756
2025-10-20,-1.5029627005864254,0.07253166195820178,-0.35364783195388555,-0.5117009986013852,-0.7026667421335097
2025-10-21,-0.7828909710505357,-0.7445627503731146,0.4899015944164821,-0.1607627360928876,1.4562387510977408
2025-10-22,0.8127959360918804,0.1014608608533184,0.529826167633251,0.3320731790138639,0.7547403465724943
2025-10-23,-1.0707932851736737,-0.15688585076324107,-1.2854430202835605,-1.054095515095896,0.5149326214840467
2025-10-24,0.18864761168355493,0.08327093166898743,0.4418745936268048,0.5945991318458449,0.15322599717105365
2025-10-27,0.1312678412125497,0.08735640676665532,-1.8373688184613404,-1.424364851619147,0.09411095765752316
2025-10-28,0.6797261980397992,-0.7612639566208554,-0.642385279170547,-1.1555021036963724,-0.41268999642233994
2025-10-29,-1.0130851582535896,-0.38585040232923057,0.15359656471348013,-0.05455945713957898,0.4930518593493504
2025-10-30,0.8012599835202394,0.465481036821121,0.9238039638309807,1.1691873051038777,-0.07088414058417018
2025-10-31,-0.2000631770570653,-0.34517740878499714,0.030039903419183812,-0.19268023922300645,0.2950096906724187
2025-11-03,0.6967463869165469,0.7913863023785571,0.8126023256089892,1.7660857181761123,0.2408717440886763
2025-11-04,-1.5229172174517531,0.24655461961803066,-0.6877195425888005,-0.8114908149157306,0.9264209013818272
2025-11-05,-1.0429242984086213,-0.9730523944128422,-0.8631183895335964,-1.10494352998696,0.18997461081366634
2025-11-06,1.5729909909726119,0.5154698118981959,-1.5786982108053922,-1.2800767758099465,-0.04244065894950511
2025-11-07,-0.0677672762776748,-0.010961078120666995,0.1240106451982958,-0.07255257827789029,0.05556698884310188
2025-11-10,1.5703632370651468,-0.4017605805065801,-1.2137050381454872,-1.2202398233217857,0.8270240075290644
2025-11-11,-2.8660484105372506,-0.33669616378135003,1.5997721762656467,1.517779489910064,-0.13476782721937272
2025-11-12,-2.3767277103555404,0.10930570806647939,-0.073592534654849,-0.2892149051555418,-0.01247992042379554
2025-11-13,0.19827846636149865,-0.454772249216609,0.1383401661216004,0.5395825838958149,0.11360161462477152
2025-11-14,-1.187796901497495,-0.12693872186891014,0.6893492100609188,0.16437858438621142,-0.27149630961154536
2025-11-17,-0.9974737952142778,0.10425087831089322,-0.6263410702918024,-0.8304575117278282,-0.7431302819334665
2025-11-18,-2.0360680494214565,0.19178447101234652,1.698087754052309,1.9647147910440428,0.5782132487950462
2025-11-19,-1.8259880558367785,-0.4185954152168219,-0.13034507627896774,-0.03465816326867187,0.7958695760429481
2025-11-20,-0.9767857206497081,-0.3456782544705825,-0.3297903864281881,0.32224938101196776,0.49749405796483365
2025-11-21,-1.13540924412387,-0.5066002505483428,0.24833158256893265,0.2222937067910327,0.4809128055791237
2025-11-24,-0.4586563511693823,-0.39074185354564134,0.09631841783392586,1.1001844443531112,-0.24408015969261274
2025-11-25,-0.11230567491287434,-0.31921946116645733,-1.2865501771677168,-1.0067713583764666,-0.1689995152497312
2025-11-26,-0.43427479778844297,0.4489303399099431,0.1229487854949427,0.3541031364714188,-0.16359295363551815
2025-11-27,-0.21869767345241561,-0.5166557133858601,-0.31125447017298813,0.025393167244641846,0.3402320209502527
2025-11-28,0.6347349824632079,-0.6901686687363614,0.7125816780684316,0.8323627127686896,0.7556751323130033
2025-12-01,-0.16616956820904422,0.3251613742301285,-0.6599909927345919,-0.9181292120901264,0.06293327885920996
2025-12-02,2.4867857369193582,-0.2452078025973848,0.5158706127503645,0.5972802219412734,0.17061018925433688
2025-12-03,0.12033638525040205,-0.1338702742591328,-0.2092194109778952,-0.57269317941643,0.043692886671768245
2025-12-04,1.065893365421902,0.06325702027850214,0.9922949315597418,1.2190381511194794,-0.10296359483992298
2025-12-05,-0.6503209316967958,-0.23085101996034368,-1.271453522031325,-1.3938669678590396,0.09199269516604548
2025-12-08,2.379308616899087,0.34847057856881547,-0.540491395020045,-1.2010018159638693,0.05350183531039022
2025-12-09,0.8766893954944919,-0.06196098059700714,0.4386336873036582,0.40099961842388415,-0.2931876938037476
2025-12-10,-2.0505621246118477,0.6841302536919392,-0.846358720891389,-0.5678016137016751,0.14395992377227032
2025-12-11,-0.14037999288660785,-0.11355329229587124,0.1567244779245982,0.3152094583237433,-0.39974325581715847
2025-12-12,1.6147696894203698,0.18574895252050802,1.5041687435215112,1.5484794541962155,-0.5856903994612994
2025-12-15,0.5388450537123548,-0.2397637345201921,0.1223393118259471,0.31188844612565153,0.011928489721516873
2025-12-16,0.4293108878826381,0.3598298482940851,0.13132354498741025,-0.8213540125112894,-0.6921612942931474
2025-12-17,-0.3626474806258581,-0.41549143502968033,-1.1960237570644618,-1.377544564188747,0.43958119790856603
2025-12-18,-0.7237318365187021,-0.3002695499540791,0.2416024308270331,0.9571911769433915,-0.3012082431827897
2025-12-19,1.8116597595185995,-0.1800729956620863,0.2011227411570889,0.4361492667102186,0.3493505420027283
2025-12-22,-0.6158662166425171,0.4719092781013116,1.2740765846371551,1.3879094496929216,0.5246512687960255
2025-12-23,-0.3662155984378511,-0.7822862293466595,-0.20342141800464356,-0.10797974384892506,0.24605416311396083
2025-12-24,0.3100253062007552,0.25506619855362306,0.3575180087189645,-0.1652813517298472,0.07164599713827417
2025-12-25,0.500690531966792,0.9694324957326967,0.05139740848860037,0.290720550991417,-0.5849374420022327
2025-12-26,-0.16216011326051674,0.49731842626538897,0.919306079836396,1.3969012139178065,-0.30665490955378566
2025-12-29,2.661968748429359,-0.21716088336252123,2.0569656708121573,2.6029269972743463,-0.8949357646529743
2025-12-30,-0.37992406471008544,0.4292216938243865,1.6063804238532038,1.1855887813749513,-0.07826966876369568
2025-12-31,-2.375678703254305,-0.155367441895512,-1.0206038846153178,-1.1414926793698656,-1.2461383009457845
2026-01-01,1.998049870570435,-0.5701054297385685,0.4530022531606185,0.7757689199132348,0.1298208905096389
2026-01-02,0.24262282284554207,0.15308449636309793,-1.3700459922737815,-1.982723616059861,0.008480194436711625
2026-01-05,0.09297413234088894,-0.2611981147969929,-0.6966935484624631,-0.7859558235903074,-0.2548237739541414
2026-01-06,-0.08793529211703902,0.7998926585028556,-0.40391566835420273,-0.3353096551795645,0.11493794700796736
2026-01-07,0.551557363972442,-0.310311745929344,1.545112351134697,0.9381794949254627,-0.8467417018959955
2026-01-08,0.10587824612221465,0.30574385529285114,1.6639576910975136,2.1249769180543114,0.21894884757747043
2026-01-09,0.5629218760939214,0.8893095562911659,-0.46078386979283864,0.4281586684918939,-0.26327256884185257
2026-01-12,-0.35728293514148896,-0.4003983765285381,-0.3568982403906642,-1.1040915371921478,0.2531658158334486
2026-01-13,-0.21410543956555608,-0.4826858605096739,0.4285660615676823,0.3598212969508704,0.26568144715124536
2026-01-14,-0.26109840823824626,0.1459636218078213,0.075649110436625,-0.16968521334656791,-0.055496972829686575
2026-01-15,-0.05050656340456309,-0.6561344313245207,-0.48686216748205646,-0.2470357876879138,-0.16764863056977905
2026-01-16,-0.25198901107969984,0.4294328200811564,-0.9889470407289057,-1.5094804184009984,0.1828534768668953
2026-01-19,1.8572537179995035,0.18711088017600033,-0.0701684122473931,0.7261737199160874,0.06732825250849735
2026-01-20,2.699997511040888,-0.175091122727588,-0.7389387035807445,-0.8619844268658445,0.10858199306800696
2026-01-21,-1.02885821952122,1.492537099290158,0.6034552851554722,0.8508673813917608,0.039749332382501466
2026-01-22,-0.5848258563672605,0.5140781002291107,-1.179552853903904,-1.7072693142534283,0.14739615018192884
2026-01-23,1.4987608248146076,-0.14749930303319753,0.41763389437892484,0.46842256899757967,-0.5298857419414225
2026-01-26,-2.624098326915863,0.4483369985227198,-0.2787587999903586,0.16322546105411248,0.4567614136300868
2026-01-27,0.02491341167414622,-0.04480180490275046,-0.65456327147869,-1.1161972135596299,0.2463965138123614
2026-01-28,0.14464794488222713,-0.3770899799865566,-0.32250262551021014,-1.0429343479787165,0.19532886804170083
2026-01-29,1.4037520776639107,0.48660794566930343,0.13955529349687762,0.26513989598329596,0.27213377403617833
2026-01-30,2.2993508571914423,1.4108592349302902,0.5943824105686588,1.8820266755260804,0.05757558688346475
2026-02-02,-1.191546056081355,-0.3659018326551793,-0.26753826136538433,0.34545559478165594,0.13766392936049837
2026-02-03,-1.387195094864579,-0.7441017609964586,0.8087412103040224,1.5544684213303104,0.22198893994366967
2026-02-04,-1.7950054101720598,-0.5719990792002244,0.7001743255517812,1.1148863360653614,-0.003952123364577231
2026-02-05,2.727549519208603,1.3978377982986372,0.4023172009883602,0.5130129220791219,0.03744272567599885
2026-02-06,-0.40081761497287854,-1.051092347837315,-1.4044610305261032,-2.711029930277805,-0.19097561895197102
2026-02-09,-2.011144720271293,1.1862910943275369,-0.4199365641203746,0.18518956758245775,0.10288335982291416
2026-02-10,-3.4502125531194148,1.1975709268367678,1.7009337163926042,1.5859326853992743,0.03412509097002284
2026-02-11,-1.3522764989663518,-0.13284347438924202,-0.019729013945612016,-0.17417110685760795,0.6507624400907084
2026-02-12,-0.750152353203541,0.3980097706021187,-0.11057439169288868,-0.24811080687962048,0.2927882073715776
2026-02-13,-0.9713350051839266,1.0610800079818647,-0.864281778745409,-0.6661716285096092,-0.002506940669775544
2026-02-16,0.3384843449705913,-0.505994701632367,-0.35908841155695237,-0.4102452252704005,0.2353589729878961
2026-02-17,0.2925470031574806,0.22486414047954686,1.2618283662922747,1.4897220493220251,0.3448322932817965
2026-02-18,1.2592111044888432,-0.0618503891277695,1.5716702438230876,2.3782529131147574,0.013284974177157736
2026-02-19,1.1115259982014931,-0.4261796500848157,-0.013479673410078222,0.3536916668474932,-0.49680715826874927
2026-02-20,1.2421715776981723,0.10407796783484352,3.000608462056264,3.2218924265828073,0.458246266888781
2026-02-23,-1.9169919233925605,0.9166233093509003,0.009004463899576553,0.11031222657566839,0.19140964443429942
2026-02-24,-0.4649905620236462,-0.43373636220940354,0.2489579759525026,0.2223469536819327,-0.10747709676304876
2026-02-25,0.4920776142146076,-0.30202379030042986,-2.0326507042245128,-3.430718858037966,-1.692231534051784
2026-02-26,1.551478612429687,0.7929354811966753,-0.2528938441388993,-0.29129332765001414,0.29638610969191537
2026-02-27,-1.3800658028036283,-0.37340176001475145,1.0063096320670986,1.6341763358990002,0.4681120643538063
2026-03-02,-0.3599780163284779,0.43319039218638467,-0.49531386401425626,-0.5460826244615835,-0.2033852384454971
2026-03-03,0.35679377988959493,0.13896928448184978,-0.46315380061752837,-0.7867575954479589,0.5091374214492556
2026-03-04,-2.2106356089099295,-0.1644167491050784,0.700581593909451,0.003936496721614857,-0.1299620347010989
2026-03-05,0.7281309314128842,-0.8092263405318844,-0.3660974071600562,0.1787641917895927,-0.12911507609441567
2026-03-06,-3.93942548663264,0.43779044044537474,-1.2005095293102224,-0.8483274473468819,0.656219432371752
2026-03-09,-0.09430891761788485,-0.3757203050125079,-0.10831781715079525,-0.4139208245630823,0.18115081644527042
2026-03-10,-2.6633891502845715,0.32815199043154747,0.15116796667477872,-0.8194930992667981,-0.6828048214858385
2026-03-11,-0.3069997446739553,0.09506338178831124,0.7772192137665984,1.004499212215218,-0.7883860639775851
2026-03-12,-0.35847570463668826,0.47312959583729314,0.19335187375136123,0.3861006312560225,-0.24105061668960767
2026-03-13,1.5919913127557974,0.4024312245865693,-0.1206762580689018,-0.3478440746481799,-0.04344292728623579
2026-03-16,-0.9780902866393727,-0.5616588920423977,-1.999006971956218,-2.9592973517267236,-0.6233736711805901
2026-03-17,-1.0209915732920136,1.232194197768117,0.7179948890726968,0.8318918482590417,0.7219163983721363
2026-03-18,0.006033517552703637,1.1622883766672607,1.8558924358641031,2.338009876198025,0.29359074952081304
2026-03-19,-0.9180899453272434,-0.4559670289010908,0.7997198411294697,1.6238609535711899,-0.08010821565541656
2026-03-20,-0.41396810548372404,1.1405578430674512,-0.8570649435030622,-0.9790231690819019,-0.25958895688891204
2026-03-23,-1.1528150214325144,-0.52956987933207,-1.052458868253397,-0.40747026394565794,-0.9287723064188113
2026-03-24,0.14584670591215396,-0.18812732176435754,-0.6960144048683817,-0.7743832990782238,0.38749417057030816
2026-03-25,-0.09829915723358938,0.2399998177557289,-0.30530833000234,-0.4140302160221584,0.09362269375746304
2026-03-26,-0.28545018244888404,-0.2480019491399188,0.5091575251709561,-0.10872484899655734,-0.6801932458677165
2026-03-27,0.11205721927710514,0.3085352867589267,0.6226312808072031,0.42038388779229513,0.27911605590122757
2026-03-30,-1.0634673208186,-0.19906440976659667,0.4710116334498654,0.2521653951883207,-0.28019758480747087
2026-03-31,-2.9314840816270844,-0.3472404532325691,0.7221505778039142,0.6670450585406228,0.45629704753625644
2026-04-01,-0.8780848522525685,-2.219765024608554,-1.5926681763147073,-1.1187717560937736,0.662516157968519
2026-04-02,-0.47720896509976257,-1.6489080791924502,-1.815970414637116,-1.237562361576462,0.014526419234061397
2026-04-03,-2.2197639861080973,-0.8277557350168904,-0.40945094756958716,-1.010328577343104,1.9157393902155015
2026-04-06,-0.19409749057584977,0.45315851223486003,0.652612460400646,0.9447438200708183,1.0143011235548411
2026-04-07,0.06747035523305075,-0.2065370381896123,-0.11812721539725989,-0.18969515746445179,0.510049844704126
2026-04-08,-3.5050119310101717,0.5978676170541201,0.12291811987991805,-0.333403421769137,-0.2114426627330934
2026-04-09,-0.8147571545837856,-0.4393652269157508,-1.022882989871287,-0.6895328351122864,0.9041451643559892
2026-04-10,-1.267861906682489,0.6428603051922834,-0.08340500927405785,-0.11254126393966946,-0.39106303006543885
2026-04-13,-0.7901446106640467,-0.33332352656371533,0.10445527298339065,-0.353213027427263,-0.0628438463909362
2026-04-14,-0.667714166307372,0.3849377318451062,0.3330409071717407,0.39515880916127466,0.606516689382374
2026-04-15,-0.09062562820954834,-0.5880935037017004,-0.14185618938702332,-0.6562642555784319,0.7727923007332985
2026-04-16,1.1164493151849124,0.24520871963402605,-0.08363998508322873,-0.2949238724594341,0.4559772770286197
2026-04-17,0.35858924304908946,-0.3342426539982571,1.9574606947434545,1.719455470471642,-0.2584451158449272
2026-04-20,-2.1508435259481185,-0.3839009521543105,-0.06283325086875571,-0.2208723344707053,0.45696756939650357
2026-04-21,0.31356142949747295,0.794754256449338,0.30591163065380605,0.5928963672010119,-0.39463618123608313
2026-04-22,1.3023241314085696,-0.3354053423128283,-0.14843548192257827,-0.20509742829675534,-0.2749630171149855
2026-04-23,0.6582274603668429,0.08426184020118817,0.5708482905986778,0.3912090369302021,-0.4069671519336103
2026-04-24,1.1138700061319764,0.4424013669793912,0.28110838856739184,0.470417888321496,0.3051772017602449
2026-04-27,0.18639099564029665,0.16097476911363476,-0.8315327038323469,-0.628313944271967,0.5900781301320742
2026-04-28,-0.3922712016821136,0.00295395232826151,-0.5197707520829389,-0.4448187827095661,0.03899944258736521
2026-04-29,-0.8192957748278709,0.27321077306493996,-0.5616997500538156,0.15258240615636226,0.0903109436642701
2026-04-30,-0.9613304632535741,-0.4795264145775172,0.49861302270403485,0.3408014498064085,0.5208844359029757
2026-05-01,0.7248254562118209,-0.1596203115396214,0.42569193277894457,0.602491034470838,-0.15924313212371408
2026-05-04,3.7677883180969154,-1.0735913824593526,-0.7554034813288896,-0.7826044160559446,-1.4152864963340883
2026-05-05,1.6419428579661757,0.5389798616916002,-0.16345176710745096,-0.2713938622708069,0.2207338873159982
2026-05-06,-1.3839582296456892,1.0891187493912253,-0.07034613585293437,-0.09693150350146187,-0.621284077104542
2026-05-07,-2.8314291036637202,-0.05539740677821661,-1.0655642696391436,-1.079384141883191,0.6017858521093064
2026-05-08,-0.8100533652891865,0.0885875944763369,0.1142601115461181,0.05058190371308816,-0.17300939749311844
2026-05-11,-1.1130313881577976,0.31536168482543986,-0.1223306762389219,-0.23299275828484,0.38425731519558076
2026-05-12,-0.2729962430289378,0.8974524624123276,0.13357305550495618,-0.13399540756806994,-0.48580799899627447
2026-05-13,-0.627482515696053,0.1460690614370609,-0.422929264764949,-0.033839332143062374,0.3462012350642284
2026-05-14,1.6186594510378272,-0.4740266150798657,-0.17866663345010597,0.15966329778792232,-0.05419788550664416
2026-05-15,3.924741257714242,-0.05435970435126168,0.3585820134837796,0.9265597448444126,0.6816957520353567
2026-05-18,-2.686927474720592,-0.4938858401455355,0.29464594996950805,-0.13980552804908397,-0.19647981627649244
2026-05-19,0.6413388639167473,0.8601024347716142,0.7097393953048707,0.7690610731762859,-0.6869379296050039
2026-05-20,1.0840321502542607,-0.29942340686137475,-1.0175597604436548,-1.2297589547268497,0.1550129095108597
2026-05-21,0.20846735214910062,-0.9719600978955016,-0.31595458534734383,-0.31246450524347463,-0.07762548611242366
2026-05-22,2.550358873264969,0.18478428319533086,-0.4692859266079982,-1.051844162387872,-0.3105579366541814
2026-05-25,-1.5952482061351698,0.5388605304481883,1.2401043458236953,0.655738113946893,-0.41990350908096524
2026-05-26,2.4024151189651812,0.7551398778654778,-1.6853043927239315,-2.0237021112003,0.7427843997440148
2026-05-27,0.8213240042026915,0.2652448034679662,-2.60563300011416,-2.7981955261818094,-0.20781247459393457
2026-05-28,0.17117878286012614,0.06989353726579524,-0.2726325575553528,-0.6704604380732027,0.019690120635067757
2026-05-29,0.06457186913456782,0.30119874242323935,0.748076643829125,0.7913886405909403,-0.5162468558565566
2026-06-01,-0.6497219604992671,-1.0858648202599672,0.23137192390320888,0.2933979583847875,-0.18553373109931295
2026-06-02,-1.3372486857433301,0.8050861097193621,0.6720478613604447,0.5768138152286915,0.2296879069187927
2026-06-03,1.1590244687283762,-0.5021345679802501,1.8524895990759782,1.563372552018167,-0.7695512168134
2026-06-04,-0.333036819951868,1.4443138079786229,-0.7237106302769523,-0.6531867895636625,-0.617205769282295
2026-06-05,0.952009081791291,0.9261850470244863,-0.25186469916271986,-0.1874185871037717,-0.847473333776717
2026-06-08,-0.6328408776454079,0.2654935332046832,-0.14937974283629005,-0.07564370621832303,-0.02393146444967191
2026-06-09,-0.8687638595380149,-0.2035583571235019,0.002381426584488464,-0.034705976825300695,-0.7322345152646149
2026-06-10,0.9042475113472447,0.1882422461403115,-0.4101787639887517,-0.6130815509780149,-0.8646932474198518
2026-06-11,-1.987104415309884,0.03385103799253707,0.36050732261109525,0.15862531083965,1.0193142668654889
2026-06-12,-1.7858522694390648,-0.6854328265989093,-1.452500803470361,-0.4522905041117858,0.29264082031841765
2026-06-15,-0.5322623143528687,0.03329705449174011,0.4655738177217669,0.2932751419177487,-0.4670397875503892
2026-06-16,-1.7051708341171106,0.700197454503973,0.037078820477883884,0.01960933538868151,0.3913696317541959
2026-06-17,-1.2596745213622287,-0.9038887277036824,-0.8463857009804356,-0.5559357527681844,0.6705044887973276
2026-06-18,-1.5260078365449916,-0.5062367420946352,-0.4824645225729648,-0.4844567762059043,0.20755839658393796
2026-06-19,1.397982201983027,0.9056007084541264,2.415767434519623,1.3080712716363905,0.13320875942913207
2026-06-22,0.8309137896241071,-0.24256563108642243,0.8808322719382262,0.7005046755959615,-0.9143643711484556
2026-06-23,1.2952025183663987,0.7300501581042397,-0.10077405705962841,-0.10136687892307755,0.06112234373222082
2026-06-24,-2.086148507800342,0.9338970738881305,0.8663380182264714,0.5236623556352463,-0.8951132043494702
2026-06-25,-0.7208371411633897,-1.1480837247440376,0.5283562055340691,0.026794089554411413,0.18460240234465103
2026-06-26,0.1990734777285722,0.2171697410654994,0.7038490035665392,0.6651621872138067,-0.3287563722337134
2026-06-29,-1.0420658009815773,0.16839488833839078,-1.6901674011867083,-0.6737311430991954,1.0674081475634118
2026-06-30,-0.43998845817694315,-0.9914870370590674,-1.137394598142886,-0.7899828574732581,0.575959865358376
