date,year,month,month_name,variable,value,source_page,source_url,datatable_index
2005-01-01,2005,1,Jan,Merchandise Exports (f.o.b) (Millions of US Dollars),175.86,merchandise_trade_flows,https://www.bog.gov.gh/economic-data/merchandise-trade-flows/,0
2005-02-01,2005,2,Feb,Merchandise Exports (f.o.b) (Millions of US Dollars),196.09,merchandise_trade_flows,https://www.bog.gov.gh/economic-data/merchandise-trade-flows/,0
2005-03-01,2005,3,Mar,Merchandise Exports (f.o.b) (Millions of US Dollars),274.81,merchandise_trade_flows,https://www.bog.gov.gh/economic-data/merchandise-trade-flows/,0
2005-04-01,2005,4,Apr,Merchandise Exports (f.o.b) (Millions of US Dollars),206.11,merchandise_trade_flows,https://www.bog.gov.gh/economic-data/merchandise-trade-flows/,0
2005-05-01,2005,5,May,Merchandise Exports (f.o.b) (Millions of US Dollars),215.04,merchandise_trade_flows,https://www.bog.gov.gh/economic-data/merchandise-trade-flows/,0
2005-06-01,2005,6,Jun,Merchandise Exports (f.o.b) (Millions of US Dollars),237.97,merchandise_trade_flows,https://www.bog.gov.gh/economic-data/merchandise-trade-flows/,0
2005-07-01,2005,7,Jul,Merchandise Exports (f.o.b) (Millions of US Dollars),216.9,merchandise_trade_flows,https://www.bog.gov.gh/economic-data/merchandise-trade-flows/,0
2005-08-01,2005,8,Aug,Merchandise Exports (f.o.b) (Millions of US Dollars),258.11,merchandise_trade_flows,https://www.bog.gov.gh/economic-data/merchandise-trade-flows/,0
2005-09-01,2005,9,Sep,Merchandise Exports (f.o.b) (Millions of US Dollars),242.23,merchandise_trade_flows,https://www.bog.gov.gh/economic-data/merchandise-trade-flows/,0
2005-10-01,2005,10,Oct,Merchandise Exports (f.o.b) (Millions of US Dollars),162.66,merchandise_trade_flows,https://www.bog.gov.gh/economic-data/merchandise-trade-flows/,0
2005-11-01,2005,11,Nov,Merchandise Exports (f.o.b) (Millions of US Dollars),207.8,merchandise_trade_flows,https://www.bog.gov.gh/economic-data/merchandise-trade-flows/,0
2005-12-01,2005,12,Dec,Merchandise Exports (f.o.b) (Millions of US Dollars),293.51,merchandise_trade_flows,https://www.bog.gov.gh/economic-data/merchandise-trade-flows/,0
2006-01-01,2006,1,Jan,Merchandise Exports (f.o.b) (Millions of US Dollars),320.2,merchandise_trade_flows,https://www.bog.gov.gh/economic-data/merchandise-trade-flows/,0
2006-02-01,2006,2,Feb,Merchandise Exports (f.o.b) (Millions of US Dollars),277.84,merchandise_trade_flows,https://www.bog.gov.gh/economic-data/merchandise-trade-flows/,0
2006-03-01,2006,3,Mar,Merchandise Exports (f.o.b) (Millions of US Dollars),338.52,merchandise_trade_flows,https://www.bog.gov.gh/economic-data/merchandise-trade-flows/,0
2006-04-01,2006,4,Apr,Merchandise Exports (f.o.b) (Millions of US Dollars),282.28,merchandise_trade_flows,https://www.bog.gov.gh/economic-data/merchandise-trade-flows/,0
2006-05-01,2006,5,May,Merchandise Exports (f.o.b) (Millions of US Dollars),331.57,merchandise_trade_flows,https://www.bog.gov.gh/economic-data/merchandise-trade-flows/,0
2006-06-01,2006,6,Jun,Merchandise Exports (f.o.b) (Millions of US Dollars),280.99,merchandise_trade_flows,https://www.bog.gov.gh/economic-data/merchandise-trade-flows/,0
2006-07-01,2006,7,Jul,Merchandise Exports (f.o.b) (Millions of US Dollars),363.63,merchandise_trade_flows,https://www.bog.gov.gh/economic-data/merchandise-trade-flows/,0
2006-08-01,2006,8,Aug,Merchandise Exports (f.o.b) (Millions of US Dollars),362.31,merchandise_trade_flows,https://www.bog.gov.gh/economic-data/merchandise-trade-flows/,0
2006-09-01,2006,9,Sep,Merchandise Exports (f.o.b) (Millions of US Dollars),260.6,merchandise_trade_flows,https://www.bog.gov.gh/economic-data/merchandise-trade-flows/,0
2006-10-01,2006,10,Oct,Merchandise Exports (f.o.b) (Millions of US Dollars),186.34,merchandise_trade_flows,https://www.bog.gov.gh/economic-data/merchandise-trade-flows/,0
2006-11-01,2006,11,Nov,Merchandise Exports (f.o.b) (Millions of US Dollars),406.33,merchandise_trade_flows,https://www.bog.gov.gh/economic-data/merchandise-trade-flows/,0
2006-12-01,2006,12,Dec,Merchandise Exports (f.o.b) (Millions of US Dollars),324.47,merchandise_trade_flows,https://www.bog.gov.gh/economic-data/merchandise-trade-flows/,0
2007-01-01,2007,1,Jan,Merchandise Exports (f.o.b) (Millions of US Dollars),358.45,merchandise_trade_flows,https://www.bog.gov.gh/economic-data/merchandise-trade-flows/,0
2007-02-01,2007,2,Feb,Merchandise Exports (f.o.b) (Millions of US Dollars),331.83,merchandise_trade_flows,https://www.bog.gov.gh/economic-data/merchandise-trade-flows/,0
2007-03-01,2007,3,Mar,Merchandise Exports (f.o.b) (Millions of US Dollars),351.2,merchandise_trade_flows,https://www.bog.gov.gh/economic-data/merchandise-trade-flows/,0
2007-04-01,2007,4,Apr,Merchandise Exports (f.o.b) (Millions of US Dollars),339.8,merchandise_trade_flows,https://www.bog.gov.gh/economic-data/merchandise-trade-flows/,0
2007-05-01,2007,5,May,Merchandise Exports (f.o.b) (Millions of US Dollars),383.52,merchandise_trade_flows,https://www.bog.gov.gh/economic-data/merchandise-trade-flows/,0
2007-06-01,2007,6,Jun,Merchandise Exports (f.o.b) (Millions of US Dollars),378.02,merchandise_trade_flows,https://www.bog.gov.gh/economic-data/merchandise-trade-flows/,0
2007-07-01,2007,7,Jul,Merchandise Exports (f.o.b) (Millions of US Dollars),325.07,merchandise_trade_flows,https://www.bog.gov.gh/economic-data/merchandise-trade-flows/,0
2007-08-01,2007,8,Aug,Merchandise Exports (f.o.b) (Millions of US Dollars),334.9,merchandise_trade_flows,https://www.bog.gov.gh/economic-data/merchandise-trade-flows/,0
2007-09-01,2007,9,Sep,Merchandise Exports (f.o.b) (Millions of US Dollars),321.11,merchandise_trade_flows,https://www.bog.gov.gh/economic-data/merchandise-trade-flows/,0
2007-10-01,2007,10,Oct,Merchandise Exports (f.o.b) (Millions of US Dollars),305.39,merchandise_trade_flows,https://www.bog.gov.gh/economic-data/merchandise-trade-flows/,0
2007-11-01,2007,11,Nov,Merchandise Exports (f.o.b) (Millions of US Dollars),425.09,merchandise_trade_flows,https://www.bog.gov.gh/economic-data/merchandise-trade-flows/,0
2007-12-01,2007,12,Dec,Merchandise Exports (f.o.b) (Millions of US Dollars),368.61,merchandise_trade_flows,https://www.bog.gov.gh/economic-data/merchandise-trade-flows/,0
2008-01-01,2008,1,Jan,Merchandise Exports (f.o.b) (Millions of US Dollars),406.08,merchandise_trade_flows,https://www.bog.gov.gh/economic-data/merchandise-trade-flows/,0
2008-02-01,2008,2,Feb,Merchandise Exports (f.o.b) (Millions of US Dollars),444.06,merchandise_trade_flows,https://www.bog.gov.gh/economic-data/merchandise-trade-flows/,0
2008-03-01,2008,3,Mar,Merchandise Exports (f.o.b) (Millions of US Dollars),464.73,merchandise_trade_flows,https://www.bog.gov.gh/economic-data/merchandise-trade-flows/,0
2008-04-01,2008,4,Apr,Merchandise Exports (f.o.b) (Millions of US Dollars),521.94,merchandise_trade_flows,https://www.bog.gov.gh/economic-data/merchandise-trade-flows/,0
2008-05-01,2008,5,May,Merchandise Exports (f.o.b) (Millions of US Dollars),526.06,merchandise_trade_flows,https://www.bog.gov.gh/economic-data/merchandise-trade-flows/,0
2008-06-01,2008,6,Jun,Merchandise Exports (f.o.b) (Millions of US Dollars),482.93,merchandise_trade_flows,https://www.bog.gov.gh/economic-data/merchandise-trade-flows/,0
2008-07-01,2008,7,Jul,Merchandise Exports (f.o.b) (Millions of US Dollars),485.16,merchandise_trade_flows,https://www.bog.gov.gh/economic-data/merchandise-trade-flows/,0
2008-08-01,2008,8,Aug,Merchandise Exports (f.o.b) (Millions of US Dollars),403.52,merchandise_trade_flows,https://www.bog.gov.gh/economic-data/merchandise-trade-flows/,0
2008-09-01,2008,9,Sep,Merchandise Exports (f.o.b) (Millions of US Dollars),340.16,merchandise_trade_flows,https://www.bog.gov.gh/economic-data/merchandise-trade-flows/,0
2008-10-01,2008,10,Oct,Merchandise Exports (f.o.b) (Millions of US Dollars),374.12,merchandise_trade_flows,https://www.bog.gov.gh/economic-data/merchandise-trade-flows/,0
2008-11-01,2008,11,Nov,Merchandise Exports (f.o.b) (Millions of US Dollars),408.91,merchandise_trade_flows,https://www.bog.gov.gh/economic-data/merchandise-trade-flows/,0
2008-12-01,2008,12,Dec,Merchandise Exports (f.o.b) (Millions of US Dollars),412.04,merchandise_trade_flows,https://www.bog.gov.gh/economic-data/merchandise-trade-flows/,0
2009-01-01,2009,1,Jan,Merchandise Exports (f.o.b) (Millions of US Dollars),571.44,merchandise_trade_flows,https://www.bog.gov.gh/economic-data/merchandise-trade-flows/,0
2009-02-01,2009,2,Feb,Merchandise Exports (f.o.b) (Millions of US Dollars),456.93,merchandise_trade_flows,https://www.bog.gov.gh/economic-data/merchandise-trade-flows/,0
2009-03-01,2009,3,Mar,Merchandise Exports (f.o.b) (Millions of US Dollars),421.83,merchandise_trade_flows,https://www.bog.gov.gh/economic-data/merchandise-trade-flows/,0
2009-04-01,2009,4,Apr,Merchandise Exports (f.o.b) (Millions of US Dollars),578.77,merchandise_trade_flows,https://www.bog.gov.gh/economic-data/merchandise-trade-flows/,0
2009-05-01,2009,5,May,Merchandise Exports (f.o.b) (Millions of US Dollars),489.14,merchandise_trade_flows,https://www.bog.gov.gh/economic-data/merchandise-trade-flows/,0
2009-06-01,2009,6,Jun,Merchandise Exports (f.o.b) (Millions of US Dollars),510.92,merchandise_trade_flows,https://www.bog.gov.gh/economic-data/merchandise-trade-flows/,0
2009-07-01,2009,7,Jul,Merchandise Exports (f.o.b) (Millions of US Dollars),380.25,merchandise_trade_flows,https://www.bog.gov.gh/economic-data/merchandise-trade-flows/,0
2009-08-01,2009,8,Aug,Merchandise Exports (f.o.b) (Millions of US Dollars),381.26,merchandise_trade_flows,https://www.bog.gov.gh/economic-data/merchandise-trade-flows/,0
2009-09-01,2009,9,Sep,Merchandise Exports (f.o.b) (Millions of US Dollars),383.62,merchandise_trade_flows,https://www.bog.gov.gh/economic-data/merchandise-trade-flows/,0
2009-10-01,2009,10,Oct,Merchandise Exports (f.o.b) (Millions of US Dollars),456.02,merchandise_trade_flows,https://www.bog.gov.gh/economic-data/merchandise-trade-flows/,0
2009-11-01,2009,11,Nov,Merchandise Exports (f.o.b) (Millions of US Dollars),523.44,merchandise_trade_flows,https://www.bog.gov.gh/economic-data/merchandise-trade-flows/,0
2009-12-01,2009,12,Dec,Merchandise Exports (f.o.b) (Millions of US Dollars),686.08,merchandise_trade_flows,https://www.bog.gov.gh/economic-data/merchandise-trade-flows/,0
2010-01-01,2010,1,Jan,Merchandise Exports (f.o.b) (Millions of US Dollars),623.73,merchandise_trade_flows,https://www.bog.gov.gh/economic-data/merchandise-trade-flows/,0
2010-02-01,2010,2,Feb,Merchandise Exports (f.o.b) (Millions of US Dollars),599.17,merchandise_trade_flows,https://www.bog.gov.gh/economic-data/merchandise-trade-flows/,0
2010-03-01,2010,3,Mar,Merchandise Exports (f.o.b) (Millions of US Dollars),642.22,merchandise_trade_flows,https://www.bog.gov.gh/economic-data/merchandise-trade-flows/,0
2010-04-01,2010,4,Apr,Merchandise Exports (f.o.b) (Millions of US Dollars),635.56,merchandise_trade_flows,https://www.bog.gov.gh/economic-data/merchandise-trade-flows/,0
2010-05-01,2010,5,May,Merchandise Exports (f.o.b) (Millions of US Dollars),680.95,merchandise_trade_flows,https://www.bog.gov.gh/economic-data/merchandise-trade-flows/,0
2010-06-01,2010,6,Jun,Merchandise Exports (f.o.b) (Millions of US Dollars),753.63,merchandise_trade_flows,https://www.bog.gov.gh/economic-data/merchandise-trade-flows/,0
2010-07-01,2010,7,Jul,Merchandise Exports (f.o.b) (Millions of US Dollars),642.56,merchandise_trade_flows,https://www.bog.gov.gh/economic-data/merchandise-trade-flows/,0
2010-08-01,2010,8,Aug,Merchandise Exports (f.o.b) (Millions of US Dollars),601.25,merchandise_trade_flows,https://www.bog.gov.gh/economic-data/merchandise-trade-flows/,0
2010-09-01,2010,9,Sep,Merchandise Exports (f.o.b) (Millions of US Dollars),683.35,merchandise_trade_flows,https://www.bog.gov.gh/economic-data/merchandise-trade-flows/,0
2010-10-01,2010,10,Oct,Merchandise Exports (f.o.b) (Millions of US Dollars),513.57,merchandise_trade_flows,https://www.bog.gov.gh/economic-data/merchandise-trade-flows/,0
2010-11-01,2010,11,Nov,Merchandise Exports (f.o.b) (Millions of US Dollars),790.04,merchandise_trade_flows,https://www.bog.gov.gh/economic-data/merchandise-trade-flows/,0
2010-12-01,2010,12,Dec,Merchandise Exports (f.o.b) (Millions of US Dollars),811.26,merchandise_trade_flows,https://www.bog.gov.gh/economic-data/merchandise-trade-flows/,0
2011-01-01,2011,1,Jan,Merchandise Exports (f.o.b) (Millions of US Dollars),944.12,merchandise_trade_flows,https://www.bog.gov.gh/economic-data/merchandise-trade-flows/,0
2011-02-01,2011,2,Feb,Merchandise Exports (f.o.b) (Millions of US Dollars),888.55,merchandise_trade_flows,https://www.bog.gov.gh/economic-data/merchandise-trade-flows/,0
2011-03-01,2011,3,Mar,Merchandise Exports (f.o.b) (Millions of US Dollars),1271.63,merchandise_trade_flows,https://www.bog.gov.gh/economic-data/merchandise-trade-flows/,0
2011-04-01,2011,4,Apr,Merchandise Exports (f.o.b) (Millions of US Dollars),1084.48,merchandise_trade_flows,https://www.bog.gov.gh/economic-data/merchandise-trade-flows/,0
2011-05-01,2011,5,May,Merchandise Exports (f.o.b) (Millions of US Dollars),1097.7,merchandise_trade_flows,https://www.bog.gov.gh/economic-data/merchandise-trade-flows/,0
2011-06-01,2011,6,Jun,Merchandise Exports (f.o.b) (Millions of US Dollars),1170.93,merchandise_trade_flows,https://www.bog.gov.gh/economic-data/merchandise-trade-flows/,0
2011-07-01,2011,7,Jul,Merchandise Exports (f.o.b) (Millions of US Dollars),1015.15,merchandise_trade_flows,https://www.bog.gov.gh/economic-data/merchandise-trade-flows/,0
2011-08-01,2011,8,Aug,Merchandise Exports (f.o.b) (Millions of US Dollars),1204.0,merchandise_trade_flows,https://www.bog.gov.gh/economic-data/merchandise-trade-flows/,0
2011-09-01,2011,9,Sep,Merchandise Exports (f.o.b) (Millions of US Dollars),1120.15,merchandise_trade_flows,https://www.bog.gov.gh/economic-data/merchandise-trade-flows/,0
2011-10-01,2011,10,Oct,Merchandise Exports (f.o.b) (Millions of US Dollars),1193.03,merchandise_trade_flows,https://www.bog.gov.gh/economic-data/merchandise-trade-flows/,0
2011-11-01,2011,11,Nov,Merchandise Exports (f.o.b) (Millions of US Dollars),900.09,merchandise_trade_flows,https://www.bog.gov.gh/economic-data/merchandise-trade-flows/,0
2011-12-01,2011,12,Dec,Merchandise Exports (f.o.b) (Millions of US Dollars),882.9,merchandise_trade_flows,https://www.bog.gov.gh/economic-data/merchandise-trade-flows/,0
2012-01-01,2012,1,Jan,Merchandise Exports (f.o.b) (Millions of US Dollars),1319.47,merchandise_trade_flows,https://www.bog.gov.gh/economic-data/merchandise-trade-flows/,0
2012-02-01,2012,2,Feb,Merchandise Exports (f.o.b) (Millions of US Dollars),1359.28,merchandise_trade_flows,https://www.bog.gov.gh/economic-data/merchandise-trade-flows/,0
2012-03-01,2012,3,Mar,Merchandise Exports (f.o.b) (Millions of US Dollars),1439.35,merchandise_trade_flows,https://www.bog.gov.gh/economic-data/merchandise-trade-flows/,0
2012-04-01,2012,4,Apr,Merchandise Exports (f.o.b) (Millions of US Dollars),1178.57,merchandise_trade_flows,https://www.bog.gov.gh/economic-data/merchandise-trade-flows/,0
2012-05-01,2012,5,May,Merchandise Exports (f.o.b) (Millions of US Dollars),1213.37,merchandise_trade_flows,https://www.bog.gov.gh/economic-data/merchandise-trade-flows/,0
2012-06-01,2012,6,Jun,Merchandise Exports (f.o.b) (Millions of US Dollars),1022.9,merchandise_trade_flows,https://www.bog.gov.gh/economic-data/merchandise-trade-flows/,0
2012-07-01,2012,7,Jul,Merchandise Exports (f.o.b) (Millions of US Dollars),828.74,merchandise_trade_flows,https://www.bog.gov.gh/economic-data/merchandise-trade-flows/,0
2012-08-01,2012,8,Aug,Merchandise Exports (f.o.b) (Millions of US Dollars),1009.04,merchandise_trade_flows,https://www.bog.gov.gh/economic-data/merchandise-trade-flows/,0
2012-09-01,2012,9,Sep,Merchandise Exports (f.o.b) (Millions of US Dollars),864.83,merchandise_trade_flows,https://www.bog.gov.gh/economic-data/merchandise-trade-flows/,0
2012-10-01,2012,10,Oct,Merchandise Exports (f.o.b) (Millions of US Dollars),1104.77,merchandise_trade_flows,https://www.bog.gov.gh/economic-data/merchandise-trade-flows/,0
2012-11-01,2012,11,Nov,Merchandise Exports (f.o.b) (Millions of US Dollars),1076.95,merchandise_trade_flows,https://www.bog.gov.gh/economic-data/merchandise-trade-flows/,0
2012-12-01,2012,12,Dec,Merchandise Exports (f.o.b) (Millions of US Dollars),1135.07,merchandise_trade_flows,https://www.bog.gov.gh/economic-data/merchandise-trade-flows/,0
2013-01-01,2013,1,Jan,Merchandise Exports (f.o.b) (Millions of US Dollars),1405.64,merchandise_trade_flows,https://www.bog.gov.gh/economic-data/merchandise-trade-flows/,0
2013-02-01,2013,2,Feb,Merchandise Exports (f.o.b) (Millions of US Dollars),1163.32,merchandise_trade_flows,https://www.bog.gov.gh/economic-data/merchandise-trade-flows/,0
2013-03-01,2013,3,Mar,Merchandise Exports (f.o.b) (Millions of US Dollars),1350.2,merchandise_trade_flows,https://www.bog.gov.gh/economic-data/merchandise-trade-flows/,0
2013-04-01,2013,4,Apr,Merchandise Exports (f.o.b) (Millions of US Dollars),1163.33,merchandise_trade_flows,https://www.bog.gov.gh/economic-data/merchandise-trade-flows/,0
2013-05-01,2013,5,May,Merchandise Exports (f.o.b) (Millions of US Dollars),1261.78,merchandise_trade_flows,https://www.bog.gov.gh/economic-data/merchandise-trade-flows/,0
2013-06-01,2013,6,Jun,Merchandise Exports (f.o.b) (Millions of US Dollars),1079.28,merchandise_trade_flows,https://www.bog.gov.gh/economic-data/merchandise-trade-flows/,0
2013-07-01,2013,7,Jul,Merchandise Exports (f.o.b) (Millions of US Dollars),1058.59,merchandise_trade_flows,https://www.bog.gov.gh/economic-data/merchandise-trade-flows/,0
2013-08-01,2013,8,Aug,Merchandise Exports (f.o.b) (Millions of US Dollars),950.77,merchandise_trade_flows,https://www.bog.gov.gh/economic-data/merchandise-trade-flows/,0
2013-09-01,2013,9,Sep,Merchandise Exports (f.o.b) (Millions of US Dollars),922.29,merchandise_trade_flows,https://www.bog.gov.gh/economic-data/merchandise-trade-flows/,0
2013-10-01,2013,10,Oct,Merchandise Exports (f.o.b) (Millions of US Dollars),973.91,merchandise_trade_flows,https://www.bog.gov.gh/economic-data/merchandise-trade-flows/,0
2013-11-01,2013,11,Nov,Merchandise Exports (f.o.b) (Millions of US Dollars),1199.49,merchandise_trade_flows,https://www.bog.gov.gh/economic-data/merchandise-trade-flows/,0
2013-12-01,2013,12,Dec,Merchandise Exports (f.o.b) (Millions of US Dollars),1223.32,merchandise_trade_flows,https://www.bog.gov.gh/economic-data/merchandise-trade-flows/,0
2014-01-01,2014,1,Jan,Merchandise Exports (f.o.b) (Millions of US Dollars),1114.61,merchandise_trade_flows,https://www.bog.gov.gh/economic-data/merchandise-trade-flows/,0
2014-02-01,2014,2,Feb,Merchandise Exports (f.o.b) (Millions of US Dollars),1186.48,merchandise_trade_flows,https://www.bog.gov.gh/economic-data/merchandise-trade-flows/,0
2014-03-01,2014,3,Mar,Merchandise Exports (f.o.b) (Millions of US Dollars),1282.35,merchandise_trade_flows,https://www.bog.gov.gh/economic-data/merchandise-trade-flows/,0
2014-04-01,2014,4,Apr,Merchandise Exports (f.o.b) (Millions of US Dollars),1138.46,merchandise_trade_flows,https://www.bog.gov.gh/economic-data/merchandise-trade-flows/,0
2014-05-01,2014,5,May,Merchandise Exports (f.o.b) (Millions of US Dollars),1141.46,merchandise_trade_flows,https://www.bog.gov.gh/economic-data/merchandise-trade-flows/,0
2014-06-01,2014,6,Jun,Merchandise Exports (f.o.b) (Millions of US Dollars),1224.58,merchandise_trade_flows,https://www.bog.gov.gh/economic-data/merchandise-trade-flows/,0
2014-07-01,2014,7,Jul,Merchandise Exports (f.o.b) (Millions of US Dollars),1005.92,merchandise_trade_flows,https://www.bog.gov.gh/economic-data/merchandise-trade-flows/,0
2014-08-01,2014,8,Aug,Merchandise Exports (f.o.b) (Millions of US Dollars),956.83,merchandise_trade_flows,https://www.bog.gov.gh/economic-data/merchandise-trade-flows/,0
2014-09-01,2014,9,Sep,Merchandise Exports (f.o.b) (Millions of US Dollars),1011.45,merchandise_trade_flows,https://www.bog.gov.gh/economic-data/merchandise-trade-flows/,0
2014-10-01,2014,10,Oct,Merchandise Exports (f.o.b) (Millions of US Dollars),987.48,merchandise_trade_flows,https://www.bog.gov.gh/economic-data/merchandise-trade-flows/,0
2014-11-01,2014,11,Nov,Merchandise Exports (f.o.b) (Millions of US Dollars),1079.8,merchandise_trade_flows,https://www.bog.gov.gh/economic-data/merchandise-trade-flows/,0
2014-12-01,2014,12,Dec,Merchandise Exports (f.o.b) (Millions of US Dollars),1087.35,merchandise_trade_flows,https://www.bog.gov.gh/economic-data/merchandise-trade-flows/,0
2015-01-01,2015,1,Jan,Merchandise Exports (f.o.b) (Millions of US Dollars),1044.72,merchandise_trade_flows,https://www.bog.gov.gh/economic-data/merchandise-trade-flows/,0
2015-02-01,2015,2,Feb,Merchandise Exports (f.o.b) (Millions of US Dollars),971.8,merchandise_trade_flows,https://www.bog.gov.gh/economic-data/merchandise-trade-flows/,0
2015-03-01,2015,3,Mar,Merchandise Exports (f.o.b) (Millions of US Dollars),865.96,merchandise_trade_flows,https://www.bog.gov.gh/economic-data/merchandise-trade-flows/,0
2015-04-01,2015,4,Apr,Merchandise Exports (f.o.b) (Millions of US Dollars),1010.16,merchandise_trade_flows,https://www.bog.gov.gh/economic-data/merchandise-trade-flows/,0
2015-05-01,2015,5,May,Merchandise Exports (f.o.b) (Millions of US Dollars),830.65,merchandise_trade_flows,https://www.bog.gov.gh/economic-data/merchandise-trade-flows/,0
2015-06-01,2015,6,Jun,Merchandise Exports (f.o.b) (Millions of US Dollars),873.77,merchandise_trade_flows,https://www.bog.gov.gh/economic-data/merchandise-trade-flows/,0
2015-07-01,2015,7,Jul,Merchandise Exports (f.o.b) (Millions of US Dollars),727.21,merchandise_trade_flows,https://www.bog.gov.gh/economic-data/merchandise-trade-flows/,0
2015-08-01,2015,8,Aug,Merchandise Exports (f.o.b) (Millions of US Dollars),777.8,merchandise_trade_flows,https://www.bog.gov.gh/economic-data/merchandise-trade-flows/,0
2015-09-01,2015,9,Sep,Merchandise Exports (f.o.b) (Millions of US Dollars),696.32,merchandise_trade_flows,https://www.bog.gov.gh/economic-data/merchandise-trade-flows/,0
2015-10-01,2015,10,Oct,Merchandise Exports (f.o.b) (Millions of US Dollars),731.88,merchandise_trade_flows,https://www.bog.gov.gh/economic-data/merchandise-trade-flows/,0
2015-11-01,2015,11,Nov,Merchandise Exports (f.o.b) (Millions of US Dollars),922.57,merchandise_trade_flows,https://www.bog.gov.gh/economic-data/merchandise-trade-flows/,0
2015-12-01,2015,12,Dec,Merchandise Exports (f.o.b) (Millions of US Dollars),868.48,merchandise_trade_flows,https://www.bog.gov.gh/economic-data/merchandise-trade-flows/,0
2016-01-01,2016,1,Jan,Merchandise Exports (f.o.b) (Millions of US Dollars),877.07,merchandise_trade_flows,https://www.bog.gov.gh/economic-data/merchandise-trade-flows/,0
2016-02-01,2016,2,Feb,Merchandise Exports (f.o.b) (Millions of US Dollars),881.79,merchandise_trade_flows,https://www.bog.gov.gh/economic-data/merchandise-trade-flows/,0
2016-03-01,2016,3,Mar,Merchandise Exports (f.o.b) (Millions of US Dollars),857.7,merchandise_trade_flows,https://www.bog.gov.gh/economic-data/merchandise-trade-flows/,0
2016-04-01,2016,4,Apr,Merchandise Exports (f.o.b) (Millions of US Dollars),748.95,merchandise_trade_flows,https://www.bog.gov.gh/economic-data/merchandise-trade-flows/,0
2016-05-01,2016,5,May,Merchandise Exports (f.o.b) (Millions of US Dollars),878.69,merchandise_trade_flows,https://www.bog.gov.gh/economic-data/merchandise-trade-flows/,0
2016-06-01,2016,6,Jun,Merchandise Exports (f.o.b) (Millions of US Dollars),894.96,merchandise_trade_flows,https://www.bog.gov.gh/economic-data/merchandise-trade-flows/,0
2016-07-01,2016,7,Jul,Merchandise Exports (f.o.b) (Millions of US Dollars),874.64,merchandise_trade_flows,https://www.bog.gov.gh/economic-data/merchandise-trade-flows/,0
2016-08-01,2016,8,Aug,Merchandise Exports (f.o.b) (Millions of US Dollars),995.82,merchandise_trade_flows,https://www.bog.gov.gh/economic-data/merchandise-trade-flows/,0
2016-09-01,2016,9,Sep,Merchandise Exports (f.o.b) (Millions of US Dollars),1001.19,merchandise_trade_flows,https://www.bog.gov.gh/economic-data/merchandise-trade-flows/,0
2016-10-01,2016,10,Oct,Merchandise Exports (f.o.b) (Millions of US Dollars),888.67,merchandise_trade_flows,https://www.bog.gov.gh/economic-data/merchandise-trade-flows/,0
2016-11-01,2016,11,Nov,Merchandise Exports (f.o.b) (Millions of US Dollars),1026.1,merchandise_trade_flows,https://www.bog.gov.gh/economic-data/merchandise-trade-flows/,0
2016-12-01,2016,12,Dec,Merchandise Exports (f.o.b) (Millions of US Dollars),1212.79,merchandise_trade_flows,https://www.bog.gov.gh/economic-data/merchandise-trade-flows/,0
2017-01-01,2017,1,Jan,Merchandise Exports (f.o.b) (Millions of US Dollars),1306.12,merchandise_trade_flows,https://www.bog.gov.gh/economic-data/merchandise-trade-flows/,0
2017-02-01,2017,2,Feb,Merchandise Exports (f.o.b) (Millions of US Dollars),1228.12,merchandise_trade_flows,https://www.bog.gov.gh/economic-data/merchandise-trade-flows/,0
2017-03-01,2017,3,Mar,Merchandise Exports (f.o.b) (Millions of US Dollars),1420.13,merchandise_trade_flows,https://www.bog.gov.gh/economic-data/merchandise-trade-flows/,0
2017-04-01,2017,4,Apr,Merchandise Exports (f.o.b) (Millions of US Dollars),1152.15,merchandise_trade_flows,https://www.bog.gov.gh/economic-data/merchandise-trade-flows/,0
2017-05-01,2017,5,May,Merchandise Exports (f.o.b) (Millions of US Dollars),1146.94,merchandise_trade_flows,https://www.bog.gov.gh/economic-data/merchandise-trade-flows/,0
2017-06-01,2017,6,Jun,Merchandise Exports (f.o.b) (Millions of US Dollars),944.77,merchandise_trade_flows,https://www.bog.gov.gh/economic-data/merchandise-trade-flows/,0
2017-07-01,2017,7,Jul,Merchandise Exports (f.o.b) (Millions of US Dollars),896.32,merchandise_trade_flows,https://www.bog.gov.gh/economic-data/merchandise-trade-flows/,0
2017-08-01,2017,8,Aug,Merchandise Exports (f.o.b) (Millions of US Dollars),1029.61,merchandise_trade_flows,https://www.bog.gov.gh/economic-data/merchandise-trade-flows/,0
2017-09-01,2017,9,Sep,Merchandise Exports (f.o.b) (Millions of US Dollars),963.32,merchandise_trade_flows,https://www.bog.gov.gh/economic-data/merchandise-trade-flows/,0
2017-10-01,2017,10,Oct,Merchandise Exports (f.o.b) (Millions of US Dollars),1051.08,merchandise_trade_flows,https://www.bog.gov.gh/economic-data/merchandise-trade-flows/,0
2017-11-01,2017,11,Nov,Merchandise Exports (f.o.b) (Millions of US Dollars),1341.33,merchandise_trade_flows,https://www.bog.gov.gh/economic-data/merchandise-trade-flows/,0
2017-12-01,2017,12,Dec,Merchandise Exports (f.o.b) (Millions of US Dollars),1355.12,merchandise_trade_flows,https://www.bog.gov.gh/economic-data/merchandise-trade-flows/,0
2018-01-01,2018,1,Jan,Merchandise Exports (f.o.b) (Millions of US Dollars),1433.93,merchandise_trade_flows,https://www.bog.gov.gh/economic-data/merchandise-trade-flows/,0
2018-02-01,2018,2,Feb,Merchandise Exports (f.o.b) (Millions of US Dollars),1291.72,merchandise_trade_flows,https://www.bog.gov.gh/economic-data/merchandise-trade-flows/,0
2018-03-01,2018,3,Mar,Merchandise Exports (f.o.b) (Millions of US Dollars),1334.93,merchandise_trade_flows,https://www.bog.gov.gh/economic-data/merchandise-trade-flows/,0
2018-04-01,2018,4,Apr,Merchandise Exports (f.o.b) (Millions of US Dollars),1382.67,merchandise_trade_flows,https://www.bog.gov.gh/economic-data/merchandise-trade-flows/,0
2018-05-01,2018,5,May,Merchandise Exports (f.o.b) (Millions of US Dollars),1404.6,merchandise_trade_flows,https://www.bog.gov.gh/economic-data/merchandise-trade-flows/,0
2018-06-01,2018,6,Jun,Merchandise Exports (f.o.b) (Millions of US Dollars),1009.69,merchandise_trade_flows,https://www.bog.gov.gh/economic-data/merchandise-trade-flows/,0
2018-07-01,2018,7,Jul,Merchandise Exports (f.o.b) (Millions of US Dollars),1080.85,merchandise_trade_flows,https://www.bog.gov.gh/economic-data/merchandise-trade-flows/,0
2018-08-01,2018,8,Aug,Merchandise Exports (f.o.b) (Millions of US Dollars),1207.67,merchandise_trade_flows,https://www.bog.gov.gh/economic-data/merchandise-trade-flows/,0
2018-09-01,2018,9,Sep,Merchandise Exports (f.o.b) (Millions of US Dollars),1178.11,merchandise_trade_flows,https://www.bog.gov.gh/economic-data/merchandise-trade-flows/,0
2018-10-01,2018,10,Oct,Merchandise Exports (f.o.b) (Millions of US Dollars),1214.39,merchandise_trade_flows,https://www.bog.gov.gh/economic-data/merchandise-trade-flows/,0
2018-11-01,2018,11,Nov,Merchandise Exports (f.o.b) (Millions of US Dollars),1306.5,merchandise_trade_flows,https://www.bog.gov.gh/economic-data/merchandise-trade-flows/,0
2018-12-01,2018,12,Dec,Merchandise Exports (f.o.b) (Millions of US Dollars),1097.65,merchandise_trade_flows,https://www.bog.gov.gh/economic-data/merchandise-trade-flows/,0
2019-01-01,2019,1,Jan,Merchandise Exports (f.o.b) (Millions of US Dollars),1342.32,merchandise_trade_flows,https://www.bog.gov.gh/economic-data/merchandise-trade-flows/,0
2019-02-01,2019,2,Feb,Merchandise Exports (f.o.b) (Millions of US Dollars),1323.19,merchandise_trade_flows,https://www.bog.gov.gh/economic-data/merchandise-trade-flows/,0
2019-03-01,2019,3,Mar,Merchandise Exports (f.o.b) (Millions of US Dollars),1352.01,merchandise_trade_flows,https://www.bog.gov.gh/economic-data/merchandise-trade-flows/,0
2019-04-01,2019,4,Apr,Merchandise Exports (f.o.b) (Millions of US Dollars),1327.51,merchandise_trade_flows,https://www.bog.gov.gh/economic-data/merchandise-trade-flows/,0
2019-05-01,2019,5,May,Merchandise Exports (f.o.b) (Millions of US Dollars),1409.47,merchandise_trade_flows,https://www.bog.gov.gh/economic-data/merchandise-trade-flows/,0
2019-06-01,2019,6,Jun,Merchandise Exports (f.o.b) (Millions of US Dollars),1292.96,merchandise_trade_flows,https://www.bog.gov.gh/economic-data/merchandise-trade-flows/,0
2019-07-01,2019,7,Jul,Merchandise Exports (f.o.b) (Millions of US Dollars),1313.77,merchandise_trade_flows,https://www.bog.gov.gh/economic-data/merchandise-trade-flows/,0
2019-08-01,2019,8,Aug,Merchandise Exports (f.o.b) (Millions of US Dollars),1209.33,merchandise_trade_flows,https://www.bog.gov.gh/economic-data/merchandise-trade-flows/,0
2019-09-01,2019,9,Sep,Merchandise Exports (f.o.b) (Millions of US Dollars),1142.5,merchandise_trade_flows,https://www.bog.gov.gh/economic-data/merchandise-trade-flows/,0
2019-10-01,2019,10,Oct,Merchandise Exports (f.o.b) (Millions of US Dollars),1268.32,merchandise_trade_flows,https://www.bog.gov.gh/economic-data/merchandise-trade-flows/,0
2019-11-01,2019,11,Nov,Merchandise Exports (f.o.b) (Millions of US Dollars),1281.8,merchandise_trade_flows,https://www.bog.gov.gh/economic-data/merchandise-trade-flows/,0
2019-12-01,2019,12,Dec,Merchandise Exports (f.o.b) (Millions of US Dollars),1404.35,merchandise_trade_flows,https://www.bog.gov.gh/economic-data/merchandise-trade-flows/,0
2020-01-01,2020,1,Jan,Merchandise Exports (f.o.b) (Millions of US Dollars),1437.07,merchandise_trade_flows,https://www.bog.gov.gh/economic-data/merchandise-trade-flows/,0
2020-02-01,2020,2,Feb,Merchandise Exports (f.o.b) (Millions of US Dollars),1364.5,merchandise_trade_flows,https://www.bog.gov.gh/economic-data/merchandise-trade-flows/,0
2020-03-01,2020,3,Mar,Merchandise Exports (f.o.b) (Millions of US Dollars),1088.46,merchandise_trade_flows,https://www.bog.gov.gh/economic-data/merchandise-trade-flows/,0
2020-04-01,2020,4,Apr,Merchandise Exports (f.o.b) (Millions of US Dollars),1249.01,merchandise_trade_flows,https://www.bog.gov.gh/economic-data/merchandise-trade-flows/,0
2020-05-01,2020,5,May,Merchandise Exports (f.o.b) (Millions of US Dollars),1079.15,merchandise_trade_flows,https://www.bog.gov.gh/economic-data/merchandise-trade-flows/,0
2020-06-01,2020,6,Jun,Merchandise Exports (f.o.b) (Millions of US Dollars),1177.81,merchandise_trade_flows,https://www.bog.gov.gh/economic-data/merchandise-trade-flows/,0
2020-07-01,2020,7,Jul,Merchandise Exports (f.o.b) (Millions of US Dollars),1051.48,merchandise_trade_flows,https://www.bog.gov.gh/economic-data/merchandise-trade-flows/,0
2020-08-01,2020,8,Aug,Merchandise Exports (f.o.b) (Millions of US Dollars),1182.25,merchandise_trade_flows,https://www.bog.gov.gh/economic-data/merchandise-trade-flows/,0
2020-09-01,2020,9,Sep,Merchandise Exports (f.o.b) (Millions of US Dollars),1168.99,merchandise_trade_flows,https://www.bog.gov.gh/economic-data/merchandise-trade-flows/,0
2020-10-01,2020,10,Oct,Merchandise Exports (f.o.b) (Millions of US Dollars),1218.87,merchandise_trade_flows,https://www.bog.gov.gh/economic-data/merchandise-trade-flows/,0
2020-11-01,2020,11,Nov,Merchandise Exports (f.o.b) (Millions of US Dollars),1155.78,merchandise_trade_flows,https://www.bog.gov.gh/economic-data/merchandise-trade-flows/,0
2020-12-01,2020,12,Dec,Merchandise Exports (f.o.b) (Millions of US Dollars),1298.16,merchandise_trade_flows,https://www.bog.gov.gh/economic-data/merchandise-trade-flows/,0
2021-01-01,2021,1,Jan,Merchandise Exports (f.o.b) (Millions of US Dollars),1355.33,merchandise_trade_flows,https://www.bog.gov.gh/economic-data/merchandise-trade-flows/,0
2021-02-01,2021,2,Feb,Merchandise Exports (f.o.b) (Millions of US Dollars),1239.22,merchandise_trade_flows,https://www.bog.gov.gh/economic-data/merchandise-trade-flows/,0
2021-03-01,2021,3,Mar,Merchandise Exports (f.o.b) (Millions of US Dollars),1367.09,merchandise_trade_flows,https://www.bog.gov.gh/economic-data/merchandise-trade-flows/,0
2021-04-01,2021,4,Apr,Merchandise Exports (f.o.b) (Millions of US Dollars),1248.25,merchandise_trade_flows,https://www.bog.gov.gh/economic-data/merchandise-trade-flows/,0
2021-05-01,2021,5,May,Merchandise Exports (f.o.b) (Millions of US Dollars),1241.3,merchandise_trade_flows,https://www.bog.gov.gh/economic-data/merchandise-trade-flows/,0
2021-06-01,2021,6,Jun,Merchandise Exports (f.o.b) (Millions of US Dollars),1198.05,merchandise_trade_flows,https://www.bog.gov.gh/economic-data/merchandise-trade-flows/,0
2021-07-01,2021,7,Jul,Merchandise Exports (f.o.b) (Millions of US Dollars),1215.45,merchandise_trade_flows,https://www.bog.gov.gh/economic-data/merchandise-trade-flows/,0
2021-08-01,2021,8,Aug,Merchandise Exports (f.o.b) (Millions of US Dollars),1030.36,merchandise_trade_flows,https://www.bog.gov.gh/economic-data/merchandise-trade-flows/,0
2021-09-01,2021,9,Sep,Merchandise Exports (f.o.b) (Millions of US Dollars),1143.98,merchandise_trade_flows,https://www.bog.gov.gh/economic-data/merchandise-trade-flows/,0
2021-10-01,2021,10,Oct,Merchandise Exports (f.o.b) (Millions of US Dollars),1126.65,merchandise_trade_flows,https://www.bog.gov.gh/economic-data/merchandise-trade-flows/,0
2021-11-01,2021,11,Nov,Merchandise Exports (f.o.b) (Millions of US Dollars),1299.3,merchandise_trade_flows,https://www.bog.gov.gh/economic-data/merchandise-trade-flows/,0
2021-12-01,2021,12,Dec,Merchandise Exports (f.o.b) (Millions of US Dollars),1262.48,merchandise_trade_flows,https://www.bog.gov.gh/economic-data/merchandise-trade-flows/,0
2022-01-01,2022,1,Jan,Merchandise Exports (f.o.b) (Millions of US Dollars),1218.52,merchandise_trade_flows,https://www.bog.gov.gh/economic-data/merchandise-trade-flows/,0
2022-02-01,2022,2,Feb,Merchandise Exports (f.o.b) (Millions of US Dollars),1270.3,merchandise_trade_flows,https://www.bog.gov.gh/economic-data/merchandise-trade-flows/,0
2022-03-01,2022,3,Mar,Merchandise Exports (f.o.b) (Millions of US Dollars),1928.93,merchandise_trade_flows,https://www.bog.gov.gh/economic-data/merchandise-trade-flows/,0
2022-04-01,2022,4,Apr,Merchandise Exports (f.o.b) (Millions of US Dollars),1439.84,merchandise_trade_flows,https://www.bog.gov.gh/economic-data/merchandise-trade-flows/,0
2022-05-01,2022,5,May,Merchandise Exports (f.o.b) (Millions of US Dollars),1444.3,merchandise_trade_flows,https://www.bog.gov.gh/economic-data/merchandise-trade-flows/,0
2022-06-01,2022,6,Jun,Merchandise Exports (f.o.b) (Millions of US Dollars),1575.17,merchandise_trade_flows,https://www.bog.gov.gh/economic-data/merchandise-trade-flows/,0
2022-07-01,2022,7,Jul,Merchandise Exports (f.o.b) (Millions of US Dollars),1463.22,merchandise_trade_flows,https://www.bog.gov.gh/economic-data/merchandise-trade-flows/,0
2022-08-01,2022,8,Aug,Merchandise Exports (f.o.b) (Millions of US Dollars),1480.54,merchandise_trade_flows,https://www.bog.gov.gh/economic-data/merchandise-trade-flows/,0
2022-09-01,2022,9,Sep,Merchandise Exports (f.o.b) (Millions of US Dollars),1259.12,merchandise_trade_flows,https://www.bog.gov.gh/economic-data/merchandise-trade-flows/,0
2022-10-01,2022,10,Oct,Merchandise Exports (f.o.b) (Millions of US Dollars),1287.93,merchandise_trade_flows,https://www.bog.gov.gh/economic-data/merchandise-trade-flows/,0
2022-11-01,2022,11,Nov,Merchandise Exports (f.o.b) (Millions of US Dollars),1481.12,merchandise_trade_flows,https://www.bog.gov.gh/economic-data/merchandise-trade-flows/,0
2022-12-01,2022,12,Dec,Merchandise Exports (f.o.b) (Millions of US Dollars),1557.8,merchandise_trade_flows,https://www.bog.gov.gh/economic-data/merchandise-trade-flows/,0
2023-01-01,2023,1,Jan,Merchandise Exports (f.o.b) (Millions of US Dollars),1520.53,merchandise_trade_flows,https://www.bog.gov.gh/economic-data/merchandise-trade-flows/,0
2023-02-01,2023,2,Feb,Merchandise Exports (f.o.b) (Millions of US Dollars),1320.98,merchandise_trade_flows,https://www.bog.gov.gh/economic-data/merchandise-trade-flows/,0
2023-03-01,2023,3,Mar,Merchandise Exports (f.o.b) (Millions of US Dollars),1524.76,merchandise_trade_flows,https://www.bog.gov.gh/economic-data/merchandise-trade-flows/,0
2023-04-01,2023,4,Apr,Merchandise Exports (f.o.b) (Millions of US Dollars),1282.65,merchandise_trade_flows,https://www.bog.gov.gh/economic-data/merchandise-trade-flows/,0
2023-05-01,2023,5,May,Merchandise Exports (f.o.b) (Millions of US Dollars),0.0,merchandise_trade_flows,https://www.bog.gov.gh/economic-data/merchandise-trade-flows/,0
2023-06-01,2023,6,Jun,Merchandise Exports (f.o.b) (Millions of US Dollars),0.0,merchandise_trade_flows,https://www.bog.gov.gh/economic-data/merchandise-trade-flows/,0
2023-07-01,2023,7,Jul,Merchandise Exports (f.o.b) (Millions of US Dollars),0.0,merchandise_trade_flows,https://www.bog.gov.gh/economic-data/merchandise-trade-flows/,0
2023-08-01,2023,8,Aug,Merchandise Exports (f.o.b) (Millions of US Dollars),0.0,merchandise_trade_flows,https://www.bog.gov.gh/economic-data/merchandise-trade-flows/,0
2023-09-01,2023,9,Sep,Merchandise Exports (f.o.b) (Millions of US Dollars),0.0,merchandise_trade_flows,https://www.bog.gov.gh/economic-data/merchandise-trade-flows/,0
2023-10-01,2023,10,Oct,Merchandise Exports (f.o.b) (Millions of US Dollars),0.0,merchandise_trade_flows,https://www.bog.gov.gh/economic-data/merchandise-trade-flows/,0
2023-11-01,2023,11,Nov,Merchandise Exports (f.o.b) (Millions of US Dollars),0.0,merchandise_trade_flows,https://www.bog.gov.gh/economic-data/merchandise-trade-flows/,0
2023-12-01,2023,12,Dec,Merchandise Exports (f.o.b) (Millions of US Dollars),0.0,merchandise_trade_flows,https://www.bog.gov.gh/economic-data/merchandise-trade-flows/,0
2005-01-01,2005,1,Jan,Merchandise Exports Less Imports_Trade Balance (Millions of US Dollars),-161.41,merchandise_trade_flows,https://www.bog.gov.gh/economic-data/merchandise-trade-flows/,0
2005-02-01,2005,2,Feb,Merchandise Exports Less Imports_Trade Balance (Millions of US Dollars),-215.15,merchandise_trade_flows,https://www.bog.gov.gh/economic-data/merchandise-trade-flows/,0
2005-03-01,2005,3,Mar,Merchandise Exports Less Imports_Trade Balance (Millions of US Dollars),-134.66,merchandise_trade_flows,https://www.bog.gov.gh/economic-data/merchandise-trade-flows/,0
2005-04-01,2005,4,Apr,Merchandise Exports Less Imports_Trade Balance (Millions of US Dollars),-179.29,merchandise_trade_flows,https://www.bog.gov.gh/economic-data/merchandise-trade-flows/,0
2005-05-01,2005,5,May,Merchandise Exports Less Imports_Trade Balance (Millions of US Dollars),-206.67,merchandise_trade_flows,https://www.bog.gov.gh/economic-data/merchandise-trade-flows/,0
2005-06-01,2005,6,Jun,Merchandise Exports Less Imports_Trade Balance (Millions of US Dollars),-212.35,merchandise_trade_flows,https://www.bog.gov.gh/economic-data/merchandise-trade-flows/,0
2005-07-01,2005,7,Jul,Merchandise Exports Less Imports_Trade Balance (Millions of US Dollars),-225.32,merchandise_trade_flows,https://www.bog.gov.gh/economic-data/merchandise-trade-flows/,0
2005-08-01,2005,8,Aug,Merchandise Exports Less Imports_Trade Balance (Millions of US Dollars),-307.16,merchandise_trade_flows,https://www.bog.gov.gh/economic-data/merchandise-trade-flows/,0
2005-09-01,2005,9,Sep,Merchandise Exports Less Imports_Trade Balance (Millions of US Dollars),-224.54,merchandise_trade_flows,https://www.bog.gov.gh/economic-data/merchandise-trade-flows/,0
2005-10-01,2005,10,Oct,Merchandise Exports Less Imports_Trade Balance (Millions of US Dollars),-280.74,merchandise_trade_flows,https://www.bog.gov.gh/economic-data/merchandise-trade-flows/,0
2005-11-01,2005,11,Nov,Merchandise Exports Less Imports_Trade Balance (Millions of US Dollars),-241.61,merchandise_trade_flows,https://www.bog.gov.gh/economic-data/merchandise-trade-flows/,0
2005-12-01,2005,12,Dec,Merchandise Exports Less Imports_Trade Balance (Millions of US Dollars),-203.82,merchandise_trade_flows,https://www.bog.gov.gh/economic-data/merchandise-trade-flows/,0
2006-01-01,2006,1,Jan,Merchandise Exports Less Imports_Trade Balance (Millions of US Dollars),-155.95,merchandise_trade_flows,https://www.bog.gov.gh/economic-data/merchandise-trade-flows/,0
2006-02-01,2006,2,Feb,Merchandise Exports Less Imports_Trade Balance (Millions of US Dollars),-272.74,merchandise_trade_flows,https://www.bog.gov.gh/economic-data/merchandise-trade-flows/,0
2006-03-01,2006,3,Mar,Merchandise Exports Less Imports_Trade Balance (Millions of US Dollars),-158.68,merchandise_trade_flows,https://www.bog.gov.gh/economic-data/merchandise-trade-flows/,0
2006-04-01,2006,4,Apr,Merchandise Exports Less Imports_Trade Balance (Millions of US Dollars),-138.41,merchandise_trade_flows,https://www.bog.gov.gh/economic-data/merchandise-trade-flows/,0
2006-05-01,2006,5,May,Merchandise Exports Less Imports_Trade Balance (Millions of US Dollars),-196.41,merchandise_trade_flows,https://www.bog.gov.gh/economic-data/merchandise-trade-flows/,0
2006-06-01,2006,6,Jun,Merchandise Exports Less Imports_Trade Balance (Millions of US Dollars),-292.44,merchandise_trade_flows,https://www.bog.gov.gh/economic-data/merchandise-trade-flows/,0
2006-07-01,2006,7,Jul,Merchandise Exports Less Imports_Trade Balance (Millions of US Dollars),-188.28,merchandise_trade_flows,https://www.bog.gov.gh/economic-data/merchandise-trade-flows/,0
2006-08-01,2006,8,Aug,Merchandise Exports Less Imports_Trade Balance (Millions of US Dollars),-317.56,merchandise_trade_flows,https://www.bog.gov.gh/economic-data/merchandise-trade-flows/,0
2006-09-01,2006,9,Sep,Merchandise Exports Less Imports_Trade Balance (Millions of US Dollars),-224.24,merchandise_trade_flows,https://www.bog.gov.gh/economic-data/merchandise-trade-flows/,0
2006-10-01,2006,10,Oct,Merchandise Exports Less Imports_Trade Balance (Millions of US Dollars),-303.9,merchandise_trade_flows,https://www.bog.gov.gh/economic-data/merchandise-trade-flows/,0
2006-11-01,2006,11,Nov,Merchandise Exports Less Imports_Trade Balance (Millions of US Dollars),-234.21,merchandise_trade_flows,https://www.bog.gov.gh/economic-data/merchandise-trade-flows/,0
2006-12-01,2006,12,Dec,Merchandise Exports Less Imports_Trade Balance (Millions of US Dollars),-305.69,merchandise_trade_flows,https://www.bog.gov.gh/economic-data/merchandise-trade-flows/,0
2007-01-01,2007,1,Jan,Merchandise Exports Less Imports_Trade Balance (Millions of US Dollars),-243.66,merchandise_trade_flows,https://www.bog.gov.gh/economic-data/merchandise-trade-flows/,0
2007-02-01,2007,2,Feb,Merchandise Exports Less Imports_Trade Balance (Millions of US Dollars),-194.57,merchandise_trade_flows,https://www.bog.gov.gh/economic-data/merchandise-trade-flows/,0
2007-03-01,2007,3,Mar,Merchandise Exports Less Imports_Trade Balance (Millions of US Dollars),-191.85,merchandise_trade_flows,https://www.bog.gov.gh/economic-data/merchandise-trade-flows/,0
2007-04-01,2007,4,Apr,Merchandise Exports Less Imports_Trade Balance (Millions of US Dollars),-385.25,merchandise_trade_flows,https://www.bog.gov.gh/economic-data/merchandise-trade-flows/,0
2007-05-01,2007,5,May,Merchandise Exports Less Imports_Trade Balance (Millions of US Dollars),-328.8,merchandise_trade_flows,https://www.bog.gov.gh/economic-data/merchandise-trade-flows/,0
2007-06-01,2007,6,Jun,Merchandise Exports Less Imports_Trade Balance (Millions of US Dollars),-105.03,merchandise_trade_flows,https://www.bog.gov.gh/economic-data/merchandise-trade-flows/,0
2007-07-01,2007,7,Jul,Merchandise Exports Less Imports_Trade Balance (Millions of US Dollars),-413.85,merchandise_trade_flows,https://www.bog.gov.gh/economic-data/merchandise-trade-flows/,0
2007-08-01,2007,8,Aug,Merchandise Exports Less Imports_Trade Balance (Millions of US Dollars),-456.48,merchandise_trade_flows,https://www.bog.gov.gh/economic-data/merchandise-trade-flows/,0
2007-09-01,2007,9,Sep,Merchandise Exports Less Imports_Trade Balance (Millions of US Dollars),-412.02,merchandise_trade_flows,https://www.bog.gov.gh/economic-data/merchandise-trade-flows/,0
2007-10-01,2007,10,Oct,Merchandise Exports Less Imports_Trade Balance (Millions of US Dollars),-575.06,merchandise_trade_flows,https://www.bog.gov.gh/economic-data/merchandise-trade-flows/,0
2007-11-01,2007,11,Nov,Merchandise Exports Less Imports_Trade Balance (Millions of US Dollars),-316.22,merchandise_trade_flows,https://www.bog.gov.gh/economic-data/merchandise-trade-flows/,0
2007-12-01,2007,12,Dec,Merchandise Exports Less Imports_Trade Balance (Millions of US Dollars),-227.8,merchandise_trade_flows,https://www.bog.gov.gh/economic-data/merchandise-trade-flows/,0
2008-01-01,2008,1,Jan,Merchandise Exports Less Imports_Trade Balance (Millions of US Dollars),-417.88,merchandise_trade_flows,https://www.bog.gov.gh/economic-data/merchandise-trade-flows/,0
2008-02-01,2008,2,Feb,Merchandise Exports Less Imports_Trade Balance (Millions of US Dollars),-386.65,merchandise_trade_flows,https://www.bog.gov.gh/economic-data/merchandise-trade-flows/,0
2008-03-01,2008,3,Mar,Merchandise Exports Less Imports_Trade Balance (Millions of US Dollars),-288.0,merchandise_trade_flows,https://www.bog.gov.gh/economic-data/merchandise-trade-flows/,0
2008-04-01,2008,4,Apr,Merchandise Exports Less Imports_Trade Balance (Millions of US Dollars),-340.07,merchandise_trade_flows,https://www.bog.gov.gh/economic-data/merchandise-trade-flows/,0
2008-05-01,2008,5,May,Merchandise Exports Less Imports_Trade Balance (Millions of US Dollars),-238.0,merchandise_trade_flows,https://www.bog.gov.gh/economic-data/merchandise-trade-flows/,0
2008-06-01,2008,6,Jun,Merchandise Exports Less Imports_Trade Balance (Millions of US Dollars),-287.12,merchandise_trade_flows,https://www.bog.gov.gh/economic-data/merchandise-trade-flows/,0
2008-07-01,2008,7,Jul,Merchandise Exports Less Imports_Trade Balance (Millions of US Dollars),-490.33,merchandise_trade_flows,https://www.bog.gov.gh/economic-data/merchandise-trade-flows/,0
2008-08-01,2008,8,Aug,Merchandise Exports Less Imports_Trade Balance (Millions of US Dollars),-516.62,merchandise_trade_flows,https://www.bog.gov.gh/economic-data/merchandise-trade-flows/,0
2008-09-01,2008,9,Sep,Merchandise Exports Less Imports_Trade Balance (Millions of US Dollars),-439.9,merchandise_trade_flows,https://www.bog.gov.gh/economic-data/merchandise-trade-flows/,0
2008-10-01,2008,10,Oct,Merchandise Exports Less Imports_Trade Balance (Millions of US Dollars),-409.74,merchandise_trade_flows,https://www.bog.gov.gh/economic-data/merchandise-trade-flows/,0
2008-11-01,2008,11,Nov,Merchandise Exports Less Imports_Trade Balance (Millions of US Dollars),-404.04,merchandise_trade_flows,https://www.bog.gov.gh/economic-data/merchandise-trade-flows/,0
2008-12-01,2008,12,Dec,Merchandise Exports Less Imports_Trade Balance (Millions of US Dollars),-246.29,merchandise_trade_flows,https://www.bog.gov.gh/economic-data/merchandise-trade-flows/,0
2009-01-01,2009,1,Jan,Merchandise Exports Less Imports_Trade Balance (Millions of US Dollars),-198.16,merchandise_trade_flows,https://www.bog.gov.gh/economic-data/merchandise-trade-flows/,0
2009-02-01,2009,2,Feb,Merchandise Exports Less Imports_Trade Balance (Millions of US Dollars),-190.49,merchandise_trade_flows,https://www.bog.gov.gh/economic-data/merchandise-trade-flows/,0
2009-03-01,2009,3,Mar,Merchandise Exports Less Imports_Trade Balance (Millions of US Dollars),-273.44,merchandise_trade_flows,https://www.bog.gov.gh/economic-data/merchandise-trade-flows/,0
2009-04-01,2009,4,Apr,Merchandise Exports Less Imports_Trade Balance (Millions of US Dollars),-40.17,merchandise_trade_flows,https://www.bog.gov.gh/economic-data/merchandise-trade-flows/,0
2009-05-01,2009,5,May,Merchandise Exports Less Imports_Trade Balance (Millions of US Dollars),-157.53,merchandise_trade_flows,https://www.bog.gov.gh/economic-data/merchandise-trade-flows/,0
2009-06-01,2009,6,Jun,Merchandise Exports Less Imports_Trade Balance (Millions of US Dollars),-127.42,merchandise_trade_flows,https://www.bog.gov.gh/economic-data/merchandise-trade-flows/,0
2009-07-01,2009,7,Jul,Merchandise Exports Less Imports_Trade Balance (Millions of US Dollars),-284.73,merchandise_trade_flows,https://www.bog.gov.gh/economic-data/merchandise-trade-flows/,0
2009-08-01,2009,8,Aug,Merchandise Exports Less Imports_Trade Balance (Millions of US Dollars),-226.87,merchandise_trade_flows,https://www.bog.gov.gh/economic-data/merchandise-trade-flows/,0
2009-09-01,2009,9,Sep,Merchandise Exports Less Imports_Trade Balance (Millions of US Dollars),-262.62,merchandise_trade_flows,https://www.bog.gov.gh/economic-data/merchandise-trade-flows/,0
2009-10-01,2009,10,Oct,Merchandise Exports Less Imports_Trade Balance (Millions of US Dollars),-297.96,merchandise_trade_flows,https://www.bog.gov.gh/economic-data/merchandise-trade-flows/,0
2009-11-01,2009,11,Nov,Merchandise Exports Less Imports_Trade Balance (Millions of US Dollars),-136.31,merchandise_trade_flows,https://www.bog.gov.gh/economic-data/merchandise-trade-flows/,0
2009-12-01,2009,12,Dec,Merchandise Exports Less Imports_Trade Balance (Millions of US Dollars),-10.85,merchandise_trade_flows,https://www.bog.gov.gh/economic-data/merchandise-trade-flows/,0
2010-01-01,2010,1,Jan,Merchandise Exports Less Imports_Trade Balance (Millions of US Dollars),-166.47,merchandise_trade_flows,https://www.bog.gov.gh/economic-data/merchandise-trade-flows/,0
2010-02-01,2010,2,Feb,Merchandise Exports Less Imports_Trade Balance (Millions of US Dollars),-154.69,merchandise_trade_flows,https://www.bog.gov.gh/economic-data/merchandise-trade-flows/,0
2010-03-01,2010,3,Mar,Merchandise Exports Less Imports_Trade Balance (Millions of US Dollars),-290.46,merchandise_trade_flows,https://www.bog.gov.gh/economic-data/merchandise-trade-flows/,0
2010-04-01,2010,4,Apr,Merchandise Exports Less Imports_Trade Balance (Millions of US Dollars),-237.0,merchandise_trade_flows,https://www.bog.gov.gh/economic-data/merchandise-trade-flows/,0
2010-05-01,2010,5,May,Merchandise Exports Less Imports_Trade Balance (Millions of US Dollars),-218.56,merchandise_trade_flows,https://www.bog.gov.gh/economic-data/merchandise-trade-flows/,0
2010-06-01,2010,6,Jun,Merchandise Exports Less Imports_Trade Balance (Millions of US Dollars),-161.65,merchandise_trade_flows,https://www.bog.gov.gh/economic-data/merchandise-trade-flows/,0
2010-07-01,2010,7,Jul,Merchandise Exports Less Imports_Trade Balance (Millions of US Dollars),-98.35,merchandise_trade_flows,https://www.bog.gov.gh/economic-data/merchandise-trade-flows/,0
2010-08-01,2010,8,Aug,Merchandise Exports Less Imports_Trade Balance (Millions of US Dollars),-415.02,merchandise_trade_flows,https://www.bog.gov.gh/economic-data/merchandise-trade-flows/,0
2010-09-01,2010,9,Sep,Merchandise Exports Less Imports_Trade Balance (Millions of US Dollars),-233.3,merchandise_trade_flows,https://www.bog.gov.gh/economic-data/merchandise-trade-flows/,0
2010-10-01,2010,10,Oct,Merchandise Exports Less Imports_Trade Balance (Millions of US Dollars),-467.35,merchandise_trade_flows,https://www.bog.gov.gh/economic-data/merchandise-trade-flows/,0
2010-11-01,2010,11,Nov,Merchandise Exports Less Imports_Trade Balance (Millions of US Dollars),-149.34,merchandise_trade_flows,https://www.bog.gov.gh/economic-data/merchandise-trade-flows/,0
2010-12-01,2010,12,Dec,Merchandise Exports Less Imports_Trade Balance (Millions of US Dollars),-200.31,merchandise_trade_flows,https://www.bog.gov.gh/economic-data/merchandise-trade-flows/,0
2011-01-01,2011,1,Jan,Merchandise Exports Less Imports_Trade Balance (Millions of US Dollars),-186.92,merchandise_trade_flows,https://www.bog.gov.gh/economic-data/merchandise-trade-flows/,0
2011-02-01,2011,2,Feb,Merchandise Exports Less Imports_Trade Balance (Millions of US Dollars),-70.93,merchandise_trade_flows,https://www.bog.gov.gh/economic-data/merchandise-trade-flows/,0
2011-03-01,2011,3,Mar,Merchandise Exports Less Imports_Trade Balance (Millions of US Dollars),18.94,merchandise_trade_flows,https://www.bog.gov.gh/economic-data/merchandise-trade-flows/,0
2011-04-01,2011,4,Apr,Merchandise Exports Less Imports_Trade Balance (Millions of US Dollars),-136.15,merchandise_trade_flows,https://www.bog.gov.gh/economic-data/merchandise-trade-flows/,0
2011-05-01,2011,5,May,Merchandise Exports Less Imports_Trade Balance (Millions of US Dollars),-215.03,merchandise_trade_flows,https://www.bog.gov.gh/economic-data/merchandise-trade-flows/,0
2011-06-01,2011,6,Jun,Merchandise Exports Less Imports_Trade Balance (Millions of US Dollars),-300.86,merchandise_trade_flows,https://www.bog.gov.gh/economic-data/merchandise-trade-flows/,0
2011-07-01,2011,7,Jul,Merchandise Exports Less Imports_Trade Balance (Millions of US Dollars),-301.71,merchandise_trade_flows,https://www.bog.gov.gh/economic-data/merchandise-trade-flows/,0
2011-08-01,2011,8,Aug,Merchandise Exports Less Imports_Trade Balance (Millions of US Dollars),-68.55,merchandise_trade_flows,https://www.bog.gov.gh/economic-data/merchandise-trade-flows/,0
2011-09-01,2011,9,Sep,Merchandise Exports Less Imports_Trade Balance (Millions of US Dollars),-390.28,merchandise_trade_flows,https://www.bog.gov.gh/economic-data/merchandise-trade-flows/,0
2011-10-01,2011,10,Oct,Merchandise Exports Less Imports_Trade Balance (Millions of US Dollars),-215.56,merchandise_trade_flows,https://www.bog.gov.gh/economic-data/merchandise-trade-flows/,0
2011-11-01,2011,11,Nov,Merchandise Exports Less Imports_Trade Balance (Millions of US Dollars),-707.0,merchandise_trade_flows,https://www.bog.gov.gh/economic-data/merchandise-trade-flows/,0
2011-12-01,2011,12,Dec,Merchandise Exports Less Imports_Trade Balance (Millions of US Dollars),-490.96,merchandise_trade_flows,https://www.bog.gov.gh/economic-data/merchandise-trade-flows/,0
2012-01-01,2012,1,Jan,Merchandise Exports Less Imports_Trade Balance (Millions of US Dollars),51.4,merchandise_trade_flows,https://www.bog.gov.gh/economic-data/merchandise-trade-flows/,0
2012-02-01,2012,2,Feb,Merchandise Exports Less Imports_Trade Balance (Millions of US Dollars),8.3,merchandise_trade_flows,https://www.bog.gov.gh/economic-data/merchandise-trade-flows/,0
2012-03-01,2012,3,Mar,Merchandise Exports Less Imports_Trade Balance (Millions of US Dollars),-59.66,merchandise_trade_flows,https://www.bog.gov.gh/economic-data/merchandise-trade-flows/,0
2012-04-01,2012,4,Apr,Merchandise Exports Less Imports_Trade Balance (Millions of US Dollars),-367.39,merchandise_trade_flows,https://www.bog.gov.gh/economic-data/merchandise-trade-flows/,0
2012-05-01,2012,5,May,Merchandise Exports Less Imports_Trade Balance (Millions of US Dollars),-486.17,merchandise_trade_flows,https://www.bog.gov.gh/economic-data/merchandise-trade-flows/,0
2012-06-01,2012,6,Jun,Merchandise Exports Less Imports_Trade Balance (Millions of US Dollars),-478.77,merchandise_trade_flows,https://www.bog.gov.gh/economic-data/merchandise-trade-flows/,0
2012-07-01,2012,7,Jul,Merchandise Exports Less Imports_Trade Balance (Millions of US Dollars),-695.06,merchandise_trade_flows,https://www.bog.gov.gh/economic-data/merchandise-trade-flows/,0
2012-08-01,2012,8,Aug,Merchandise Exports Less Imports_Trade Balance (Millions of US Dollars),-522.53,merchandise_trade_flows,https://www.bog.gov.gh/economic-data/merchandise-trade-flows/,0
2012-09-01,2012,9,Sep,Merchandise Exports Less Imports_Trade Balance (Millions of US Dollars),-420.47,merchandise_trade_flows,https://www.bog.gov.gh/economic-data/merchandise-trade-flows/,0
2012-10-01,2012,10,Oct,Merchandise Exports Less Imports_Trade Balance (Millions of US Dollars),-460.01,merchandise_trade_flows,https://www.bog.gov.gh/economic-data/merchandise-trade-flows/,0
2012-11-01,2012,11,Nov,Merchandise Exports Less Imports_Trade Balance (Millions of US Dollars),-384.92,merchandise_trade_flows,https://www.bog.gov.gh/economic-data/merchandise-trade-flows/,0
2012-12-01,2012,12,Dec,Merchandise Exports Less Imports_Trade Balance (Millions of US Dollars),-384.83,merchandise_trade_flows,https://www.bog.gov.gh/economic-data/merchandise-trade-flows/,0
2013-01-01,2013,1,Jan,Merchandise Exports Less Imports_Trade Balance (Millions of US Dollars),-32.37,merchandise_trade_flows,https://www.bog.gov.gh/economic-data/merchandise-trade-flows/,0
2013-02-01,2013,2,Feb,Merchandise Exports Less Imports_Trade Balance (Millions of US Dollars),-200.27,merchandise_trade_flows,https://www.bog.gov.gh/economic-data/merchandise-trade-flows/,0
2013-03-01,2013,3,Mar,Merchandise Exports Less Imports_Trade Balance (Millions of US Dollars),-86.83,merchandise_trade_flows,https://www.bog.gov.gh/economic-data/merchandise-trade-flows/,0
2013-04-01,2013,4,Apr,Merchandise Exports Less Imports_Trade Balance (Millions of US Dollars),-428.85,merchandise_trade_flows,https://www.bog.gov.gh/economic-data/merchandise-trade-flows/,0
2013-05-01,2013,5,May,Merchandise Exports Less Imports_Trade Balance (Millions of US Dollars),-243.2,merchandise_trade_flows,https://www.bog.gov.gh/economic-data/merchandise-trade-flows/,0
2013-06-01,2013,6,Jun,Merchandise Exports Less Imports_Trade Balance (Millions of US Dollars),-338.6,merchandise_trade_flows,https://www.bog.gov.gh/economic-data/merchandise-trade-flows/,0
2013-07-01,2013,7,Jul,Merchandise Exports Less Imports_Trade Balance (Millions of US Dollars),-344.34,merchandise_trade_flows,https://www.bog.gov.gh/economic-data/merchandise-trade-flows/,0
2013-08-01,2013,8,Aug,Merchandise Exports Less Imports_Trade Balance (Millions of US Dollars),-556.27,merchandise_trade_flows,https://www.bog.gov.gh/economic-data/merchandise-trade-flows/,0
2013-09-01,2013,9,Sep,Merchandise Exports Less Imports_Trade Balance (Millions of US Dollars),-485.69,merchandise_trade_flows,https://www.bog.gov.gh/economic-data/merchandise-trade-flows/,0
2013-10-01,2013,10,Oct,Merchandise Exports Less Imports_Trade Balance (Millions of US Dollars),-733.06,merchandise_trade_flows,https://www.bog.gov.gh/economic-data/merchandise-trade-flows/,0
2013-11-01,2013,11,Nov,Merchandise Exports Less Imports_Trade Balance (Millions of US Dollars),-254.26,merchandise_trade_flows,https://www.bog.gov.gh/economic-data/merchandise-trade-flows/,0
2013-12-01,2013,12,Dec,Merchandise Exports Less Imports_Trade Balance (Millions of US Dollars),-144.69,merchandise_trade_flows,https://www.bog.gov.gh/economic-data/merchandise-trade-flows/,0
2014-01-01,2014,1,Jan,Merchandise Exports Less Imports_Trade Balance (Millions of US Dollars),-231.9,merchandise_trade_flows,https://www.bog.gov.gh/economic-data/merchandise-trade-flows/,0
2014-02-01,2014,2,Feb,Merchandise Exports Less Imports_Trade Balance (Millions of US Dollars),-126.43,merchandise_trade_flows,https://www.bog.gov.gh/economic-data/merchandise-trade-flows/,0
2014-03-01,2014,3,Mar,Merchandise Exports Less Imports_Trade Balance (Millions of US Dollars),143.12,merchandise_trade_flows,https://www.bog.gov.gh/economic-data/merchandise-trade-flows/,0
2014-04-01,2014,4,Apr,Merchandise Exports Less Imports_Trade Balance (Millions of US Dollars),-95.52,merchandise_trade_flows,https://www.bog.gov.gh/economic-data/merchandise-trade-flows/,0
2014-05-01,2014,5,May,Merchandise Exports Less Imports_Trade Balance (Millions of US Dollars),-0.97,merchandise_trade_flows,https://www.bog.gov.gh/economic-data/merchandise-trade-flows/,0
2014-06-01,2014,6,Jun,Merchandise Exports Less Imports_Trade Balance (Millions of US Dollars),59.63,merchandise_trade_flows,https://www.bog.gov.gh/economic-data/merchandise-trade-flows/,0
2014-07-01,2014,7,Jul,Merchandise Exports Less Imports_Trade Balance (Millions of US Dollars),-88.09,merchandise_trade_flows,https://www.bog.gov.gh/economic-data/merchandise-trade-flows/,0
2014-08-01,2014,8,Aug,Merchandise Exports Less Imports_Trade Balance (Millions of US Dollars),-203.64,merchandise_trade_flows,https://www.bog.gov.gh/economic-data/merchandise-trade-flows/,0
2014-09-01,2014,9,Sep,Merchandise Exports Less Imports_Trade Balance (Millions of US Dollars),-167.73,merchandise_trade_flows,https://www.bog.gov.gh/economic-data/merchandise-trade-flows/,0
2014-10-01,2014,10,Oct,Merchandise Exports Less Imports_Trade Balance (Millions of US Dollars),-410.51,merchandise_trade_flows,https://www.bog.gov.gh/economic-data/merchandise-trade-flows/,0
2014-11-01,2014,11,Nov,Merchandise Exports Less Imports_Trade Balance (Millions of US Dollars),-108.86,merchandise_trade_flows,https://www.bog.gov.gh/economic-data/merchandise-trade-flows/,0
2014-12-01,2014,12,Dec,Merchandise Exports Less Imports_Trade Balance (Millions of US Dollars),-152.53,merchandise_trade_flows,https://www.bog.gov.gh/economic-data/merchandise-trade-flows/,0
2015-01-01,2015,1,Jan,Merchandise Exports Less Imports_Trade Balance (Millions of US Dollars),-125.7,merchandise_trade_flows,https://www.bog.gov.gh/economic-data/merchandise-trade-flows/,0
2015-02-01,2015,2,Feb,Merchandise Exports Less Imports_Trade Balance (Millions of US Dollars),-39.95,merchandise_trade_flows,https://www.bog.gov.gh/economic-data/merchandise-trade-flows/,0
2015-03-01,2015,3,Mar,Merchandise Exports Less Imports_Trade Balance (Millions of US Dollars),-218.96,merchandise_trade_flows,https://www.bog.gov.gh/economic-data/merchandise-trade-flows/,0
2015-04-01,2015,4,Apr,Merchandise Exports Less Imports_Trade Balance (Millions of US Dollars),-158.08,merchandise_trade_flows,https://www.bog.gov.gh/economic-data/merchandise-trade-flows/,0
2015-05-01,2015,5,May,Merchandise Exports Less Imports_Trade Balance (Millions of US Dollars),-232.19,merchandise_trade_flows,https://www.bog.gov.gh/economic-data/merchandise-trade-flows/,0
2015-06-01,2015,6,Jun,Merchandise Exports Less Imports_Trade Balance (Millions of US Dollars),-166.92,merchandise_trade_flows,https://www.bog.gov.gh/economic-data/merchandise-trade-flows/,0
2015-07-01,2015,7,Jul,Merchandise Exports Less Imports_Trade Balance (Millions of US Dollars),-431.58,merchandise_trade_flows,https://www.bog.gov.gh/economic-data/merchandise-trade-flows/,0
2015-08-01,2015,8,Aug,Merchandise Exports Less Imports_Trade Balance (Millions of US Dollars),-404.82,merchandise_trade_flows,https://www.bog.gov.gh/economic-data/merchandise-trade-flows/,0
2015-09-01,2015,9,Sep,Merchandise Exports Less Imports_Trade Balance (Millions of US Dollars),-389.55,merchandise_trade_flows,https://www.bog.gov.gh/economic-data/merchandise-trade-flows/,0
2015-10-01,2015,10,Oct,Merchandise Exports Less Imports_Trade Balance (Millions of US Dollars),-665.0,merchandise_trade_flows,https://www.bog.gov.gh/economic-data/merchandise-trade-flows/,0
2015-11-01,2015,11,Nov,Merchandise Exports Less Imports_Trade Balance (Millions of US Dollars),-122.22,merchandise_trade_flows,https://www.bog.gov.gh/economic-data/merchandise-trade-flows/,0
2015-12-01,2015,12,Dec,Merchandise Exports Less Imports_Trade Balance (Millions of US Dollars),-188.85,merchandise_trade_flows,https://www.bog.gov.gh/economic-data/merchandise-trade-flows/,0
2016-01-01,2016,1,Jan,Merchandise Exports Less Imports_Trade Balance (Millions of US Dollars),-247.86,merchandise_trade_flows,https://www.bog.gov.gh/economic-data/merchandise-trade-flows/,0
2016-02-01,2016,2,Feb,Merchandise Exports Less Imports_Trade Balance (Millions of US Dollars),-149.42,merchandise_trade_flows,https://www.bog.gov.gh/economic-data/merchandise-trade-flows/,0
2016-03-01,2016,3,Mar,Merchandise Exports Less Imports_Trade Balance (Millions of US Dollars),-278.74,merchandise_trade_flows,https://www.bog.gov.gh/economic-data/merchandise-trade-flows/,0
2016-04-01,2016,4,Apr,Merchandise Exports Less Imports_Trade Balance (Millions of US Dollars),-259.65,merchandise_trade_flows,https://www.bog.gov.gh/economic-data/merchandise-trade-flows/,0
2016-05-01,2016,5,May,Merchandise Exports Less Imports_Trade Balance (Millions of US Dollars),-299.72,merchandise_trade_flows,https://www.bog.gov.gh/economic-data/merchandise-trade-flows/,0
2016-06-01,2016,6,Jun,Merchandise Exports Less Imports_Trade Balance (Millions of US Dollars),-164.81,merchandise_trade_flows,https://www.bog.gov.gh/economic-data/merchandise-trade-flows/,0
2016-07-01,2016,7,Jul,Merchandise Exports Less Imports_Trade Balance (Millions of US Dollars),-278.29,merchandise_trade_flows,https://www.bog.gov.gh/economic-data/merchandise-trade-flows/,0
2016-08-01,2016,8,Aug,Merchandise Exports Less Imports_Trade Balance (Millions of US Dollars),-165.1,merchandise_trade_flows,https://www.bog.gov.gh/economic-data/merchandise-trade-flows/,0
2016-09-01,2016,9,Sep,Merchandise Exports Less Imports_Trade Balance (Millions of US Dollars),26.88,merchandise_trade_flows,https://www.bog.gov.gh/economic-data/merchandise-trade-flows/,0
2016-10-01,2016,10,Oct,Merchandise Exports Less Imports_Trade Balance (Millions of US Dollars),-191.48,merchandise_trade_flows,https://www.bog.gov.gh/economic-data/merchandise-trade-flows/,0
2016-11-01,2016,11,Nov,Merchandise Exports Less Imports_Trade Balance (Millions of US Dollars),4.37,merchandise_trade_flows,https://www.bog.gov.gh/economic-data/merchandise-trade-flows/,0
2016-12-01,2016,12,Dec,Merchandise Exports Less Imports_Trade Balance (Millions of US Dollars),222.05,merchandise_trade_flows,https://www.bog.gov.gh/economic-data/merchandise-trade-flows/,0
2017-01-01,2017,1,Jan,Merchandise Exports Less Imports_Trade Balance (Millions of US Dollars),246.42,merchandise_trade_flows,https://www.bog.gov.gh/economic-data/merchandise-trade-flows/,0
2017-02-01,2017,2,Feb,Merchandise Exports Less Imports_Trade Balance (Millions of US Dollars),252.36,merchandise_trade_flows,https://www.bog.gov.gh/economic-data/merchandise-trade-flows/,0
2017-03-01,2017,3,Mar,Merchandise Exports Less Imports_Trade Balance (Millions of US Dollars),413.84,merchandise_trade_flows,https://www.bog.gov.gh/economic-data/merchandise-trade-flows/,0
2017-04-01,2017,4,Apr,Merchandise Exports Less Imports_Trade Balance (Millions of US Dollars),251.34,merchandise_trade_flows,https://www.bog.gov.gh/economic-data/merchandise-trade-flows/,0
2017-05-01,2017,5,May,Merchandise Exports Less Imports_Trade Balance (Millions of US Dollars),107.13,merchandise_trade_flows,https://www.bog.gov.gh/economic-data/merchandise-trade-flows/,0
2017-06-01,2017,6,Jun,Merchandise Exports Less Imports_Trade Balance (Millions of US Dollars),-142.34,merchandise_trade_flows,https://www.bog.gov.gh/economic-data/merchandise-trade-flows/,0
2017-07-01,2017,7,Jul,Merchandise Exports Less Imports_Trade Balance (Millions of US Dollars),-84.8,merchandise_trade_flows,https://www.bog.gov.gh/economic-data/merchandise-trade-flows/,0
2017-08-01,2017,8,Aug,Merchandise Exports Less Imports_Trade Balance (Millions of US Dollars),-178.24,merchandise_trade_flows,https://www.bog.gov.gh/economic-data/merchandise-trade-flows/,0
2017-09-01,2017,9,Sep,Merchandise Exports Less Imports_Trade Balance (Millions of US Dollars),-87.88,merchandise_trade_flows,https://www.bog.gov.gh/economic-data/merchandise-trade-flows/,0
2017-10-01,2017,10,Oct,Merchandise Exports Less Imports_Trade Balance (Millions of US Dollars),-47.01,merchandise_trade_flows,https://www.bog.gov.gh/economic-data/merchandise-trade-flows/,0
2017-11-01,2017,11,Nov,Merchandise Exports Less Imports_Trade Balance (Millions of US Dollars),231.74,merchandise_trade_flows,https://www.bog.gov.gh/economic-data/merchandise-trade-flows/,0
2017-12-01,2017,12,Dec,Merchandise Exports Less Imports_Trade Balance (Millions of US Dollars),225.11,merchandise_trade_flows,https://www.bog.gov.gh/economic-data/merchandise-trade-flows/,0
2018-01-01,2018,1,Jan,Merchandise Exports Less Imports_Trade Balance (Millions of US Dollars),253.45,merchandise_trade_flows,https://www.bog.gov.gh/economic-data/merchandise-trade-flows/,0
2018-02-01,2018,2,Feb,Merchandise Exports Less Imports_Trade Balance (Millions of US Dollars),259.87,merchandise_trade_flows,https://www.bog.gov.gh/economic-data/merchandise-trade-flows/,0
2018-03-01,2018,3,Mar,Merchandise Exports Less Imports_Trade Balance (Millions of US Dollars),212.79,merchandise_trade_flows,https://www.bog.gov.gh/economic-data/merchandise-trade-flows/,0
2018-04-01,2018,4,Apr,Merchandise Exports Less Imports_Trade Balance (Millions of US Dollars),301.78,merchandise_trade_flows,https://www.bog.gov.gh/economic-data/merchandise-trade-flows/,0
2018-05-01,2018,5,May,Merchandise Exports Less Imports_Trade Balance (Millions of US Dollars),239.7,merchandise_trade_flows,https://www.bog.gov.gh/economic-data/merchandise-trade-flows/,0
2018-06-01,2018,6,Jun,Merchandise Exports Less Imports_Trade Balance (Millions of US Dollars),-10.13,merchandise_trade_flows,https://www.bog.gov.gh/economic-data/merchandise-trade-flows/,0
2018-07-01,2018,7,Jul,Merchandise Exports Less Imports_Trade Balance (Millions of US Dollars),-3.78,merchandise_trade_flows,https://www.bog.gov.gh/economic-data/merchandise-trade-flows/,0
2018-08-01,2018,8,Aug,Merchandise Exports Less Imports_Trade Balance (Millions of US Dollars),141.45,merchandise_trade_flows,https://www.bog.gov.gh/economic-data/merchandise-trade-flows/,0
2018-09-01,2018,9,Sep,Merchandise Exports Less Imports_Trade Balance (Millions of US Dollars),162.18,merchandise_trade_flows,https://www.bog.gov.gh/economic-data/merchandise-trade-flows/,0
2018-10-01,2018,10,Oct,Merchandise Exports Less Imports_Trade Balance (Millions of US Dollars),52.74,merchandise_trade_flows,https://www.bog.gov.gh/economic-data/merchandise-trade-flows/,0
2018-11-01,2018,11,Nov,Merchandise Exports Less Imports_Trade Balance (Millions of US Dollars),200.39,merchandise_trade_flows,https://www.bog.gov.gh/economic-data/merchandise-trade-flows/,0
2018-12-01,2018,12,Dec,Merchandise Exports Less Imports_Trade Balance (Millions of US Dollars),-1.8,merchandise_trade_flows,https://www.bog.gov.gh/economic-data/merchandise-trade-flows/,0
2019-01-01,2019,1,Jan,Merchandise Exports Less Imports_Trade Balance (Millions of US Dollars),85.48,merchandise_trade_flows,https://www.bog.gov.gh/economic-data/merchandise-trade-flows/,0
2019-02-01,2019,2,Feb,Merchandise Exports Less Imports_Trade Balance (Millions of US Dollars),292.75,merchandise_trade_flows,https://www.bog.gov.gh/economic-data/merchandise-trade-flows/,0
2019-03-01,2019,3,Mar,Merchandise Exports Less Imports_Trade Balance (Millions of US Dollars),264.17,merchandise_trade_flows,https://www.bog.gov.gh/economic-data/merchandise-trade-flows/,0
2019-04-01,2019,4,Apr,Merchandise Exports Less Imports_Trade Balance (Millions of US Dollars),393.31,merchandise_trade_flows,https://www.bog.gov.gh/economic-data/merchandise-trade-flows/,0
2019-05-01,2019,5,May,Merchandise Exports Less Imports_Trade Balance (Millions of US Dollars),142.54,merchandise_trade_flows,https://www.bog.gov.gh/economic-data/merchandise-trade-flows/,0
2019-06-01,2019,6,Jun,Merchandise Exports Less Imports_Trade Balance (Millions of US Dollars),176.59,merchandise_trade_flows,https://www.bog.gov.gh/economic-data/merchandise-trade-flows/,0
2019-07-01,2019,7,Jul,Merchandise Exports Less Imports_Trade Balance (Millions of US Dollars),-9.19,merchandise_trade_flows,https://www.bog.gov.gh/economic-data/merchandise-trade-flows/,0
2019-08-01,2019,8,Aug,Merchandise Exports Less Imports_Trade Balance (Millions of US Dollars),75.31,merchandise_trade_flows,https://www.bog.gov.gh/economic-data/merchandise-trade-flows/,0
2019-09-01,2019,9,Sep,Merchandise Exports Less Imports_Trade Balance (Millions of US Dollars),108.99,merchandise_trade_flows,https://www.bog.gov.gh/economic-data/merchandise-trade-flows/,0
2019-10-01,2019,10,Oct,Merchandise Exports Less Imports_Trade Balance (Millions of US Dollars),-38.33,merchandise_trade_flows,https://www.bog.gov.gh/economic-data/merchandise-trade-flows/,0
2019-11-01,2019,11,Nov,Merchandise Exports Less Imports_Trade Balance (Millions of US Dollars),342.36,merchandise_trade_flows,https://www.bog.gov.gh/economic-data/merchandise-trade-flows/,0
2019-12-01,2019,12,Dec,Merchandise Exports Less Imports_Trade Balance (Millions of US Dollars),422.85,merchandise_trade_flows,https://www.bog.gov.gh/economic-data/merchandise-trade-flows/,0
2020-01-01,2020,1,Jan,Merchandise Exports Less Imports_Trade Balance (Millions of US Dollars),308.9,merchandise_trade_flows,https://www.bog.gov.gh/economic-data/merchandise-trade-flows/,0
2020-02-01,2020,2,Feb,Merchandise Exports Less Imports_Trade Balance (Millions of US Dollars),482.13,merchandise_trade_flows,https://www.bog.gov.gh/economic-data/merchandise-trade-flows/,0
2020-03-01,2020,3,Mar,Merchandise Exports Less Imports_Trade Balance (Millions of US Dollars),58.03,merchandise_trade_flows,https://www.bog.gov.gh/economic-data/merchandise-trade-flows/,0
2020-04-01,2020,4,Apr,Merchandise Exports Less Imports_Trade Balance (Millions of US Dollars),157.24,merchandise_trade_flows,https://www.bog.gov.gh/economic-data/merchandise-trade-flows/,0
2020-05-01,2020,5,May,Merchandise Exports Less Imports_Trade Balance (Millions of US Dollars),68.38,merchandise_trade_flows,https://www.bog.gov.gh/economic-data/merchandise-trade-flows/,0
2020-06-01,2020,6,Jun,Merchandise Exports Less Imports_Trade Balance (Millions of US Dollars),-69.21,merchandise_trade_flows,https://www.bog.gov.gh/economic-data/merchandise-trade-flows/,0
2020-07-01,2020,7,Jul,Merchandise Exports Less Imports_Trade Balance (Millions of US Dollars),118.58,merchandise_trade_flows,https://www.bog.gov.gh/economic-data/merchandise-trade-flows/,0
2020-08-01,2020,8,Aug,Merchandise Exports Less Imports_Trade Balance (Millions of US Dollars),234.04,merchandise_trade_flows,https://www.bog.gov.gh/economic-data/merchandise-trade-flows/,0
2020-09-01,2020,9,Sep,Merchandise Exports Less Imports_Trade Balance (Millions of US Dollars),198.34,merchandise_trade_flows,https://www.bog.gov.gh/economic-data/merchandise-trade-flows/,0
2020-10-01,2020,10,Oct,Merchandise Exports Less Imports_Trade Balance (Millions of US Dollars),129.83,merchandise_trade_flows,https://www.bog.gov.gh/economic-data/merchandise-trade-flows/,0
2020-11-01,2020,11,Nov,Merchandise Exports Less Imports_Trade Balance (Millions of US Dollars),-35.55,merchandise_trade_flows,https://www.bog.gov.gh/economic-data/merchandise-trade-flows/,0
2020-12-01,2020,12,Dec,Merchandise Exports Less Imports_Trade Balance (Millions of US Dollars),392.27,merchandise_trade_flows,https://www.bog.gov.gh/economic-data/merchandise-trade-flows/,0
2021-01-01,2021,1,Jan,Merchandise Exports Less Imports_Trade Balance (Millions of US Dollars),219.89,merchandise_trade_flows,https://www.bog.gov.gh/economic-data/merchandise-trade-flows/,0
2021-02-01,2021,2,Feb,Merchandise Exports Less Imports_Trade Balance (Millions of US Dollars),212.81,merchandise_trade_flows,https://www.bog.gov.gh/economic-data/merchandise-trade-flows/,0
2021-03-01,2021,3,Mar,Merchandise Exports Less Imports_Trade Balance (Millions of US Dollars),199.71,merchandise_trade_flows,https://www.bog.gov.gh/economic-data/merchandise-trade-flows/,0
2021-04-01,2021,4,Apr,Merchandise Exports Less Imports_Trade Balance (Millions of US Dollars),145.6,merchandise_trade_flows,https://www.bog.gov.gh/economic-data/merchandise-trade-flows/,0
2021-05-01,2021,5,May,Merchandise Exports Less Imports_Trade Balance (Millions of US Dollars),20.86,merchandise_trade_flows,https://www.bog.gov.gh/economic-data/merchandise-trade-flows/,0
2021-06-01,2021,6,Jun,Merchandise Exports Less Imports_Trade Balance (Millions of US Dollars),88.0,merchandise_trade_flows,https://www.bog.gov.gh/economic-data/merchandise-trade-flows/,0
2021-07-01,2021,7,Jul,Merchandise Exports Less Imports_Trade Balance (Millions of US Dollars),35.98,merchandise_trade_flows,https://www.bog.gov.gh/economic-data/merchandise-trade-flows/,0
2021-08-01,2021,8,Aug,Merchandise Exports Less Imports_Trade Balance (Millions of US Dollars),-30.48,merchandise_trade_flows,https://www.bog.gov.gh/economic-data/merchandise-trade-flows/,0
2021-09-01,2021,9,Sep,Merchandise Exports Less Imports_Trade Balance (Millions of US Dollars),87.71,merchandise_trade_flows,https://www.bog.gov.gh/economic-data/merchandise-trade-flows/,0
2021-10-01,2021,10,Oct,Merchandise Exports Less Imports_Trade Balance (Millions of US Dollars),41.25,merchandise_trade_flows,https://www.bog.gov.gh/economic-data/merchandise-trade-flows/,0
2021-11-01,2021,11,Nov,Merchandise Exports Less Imports_Trade Balance (Millions of US Dollars),7.9,merchandise_trade_flows,https://www.bog.gov.gh/economic-data/merchandise-trade-flows/,0
2021-12-01,2021,12,Dec,Merchandise Exports Less Imports_Trade Balance (Millions of US Dollars),69.73,merchandise_trade_flows,https://www.bog.gov.gh/economic-data/merchandise-trade-flows/,0
2022-01-01,2022,1,Jan,Merchandise Exports Less Imports_Trade Balance (Millions of US Dollars),83.36,merchandise_trade_flows,https://www.bog.gov.gh/economic-data/merchandise-trade-flows/,0
2022-02-01,2022,2,Feb,Merchandise Exports Less Imports_Trade Balance (Millions of US Dollars),122.49,merchandise_trade_flows,https://www.bog.gov.gh/economic-data/merchandise-trade-flows/,0
2022-03-01,2022,3,Mar,Merchandise Exports Less Imports_Trade Balance (Millions of US Dollars),666.99,merchandise_trade_flows,https://www.bog.gov.gh/economic-data/merchandise-trade-flows/,0
2022-04-01,2022,4,Apr,Merchandise Exports Less Imports_Trade Balance (Millions of US Dollars),280.31,merchandise_trade_flows,https://www.bog.gov.gh/economic-data/merchandise-trade-flows/,0
2022-05-01,2022,5,May,Merchandise Exports Less Imports_Trade Balance (Millions of US Dollars),115.93,merchandise_trade_flows,https://www.bog.gov.gh/economic-data/merchandise-trade-flows/,0
2022-06-01,2022,6,Jun,Merchandise Exports Less Imports_Trade Balance (Millions of US Dollars),205.26,merchandise_trade_flows,https://www.bog.gov.gh/economic-data/merchandise-trade-flows/,0
2022-07-01,2022,7,Jul,Merchandise Exports Less Imports_Trade Balance (Millions of US Dollars),-67.06,merchandise_trade_flows,https://www.bog.gov.gh/economic-data/merchandise-trade-flows/,0
2022-08-01,2022,8,Aug,Merchandise Exports Less Imports_Trade Balance (Millions of US Dollars),149.3,merchandise_trade_flows,https://www.bog.gov.gh/economic-data/merchandise-trade-flows/,0
2022-09-01,2022,9,Sep,Merchandise Exports Less Imports_Trade Balance (Millions of US Dollars),40.56,merchandise_trade_flows,https://www.bog.gov.gh/economic-data/merchandise-trade-flows/,0
2022-10-01,2022,10,Oct,Merchandise Exports Less Imports_Trade Balance (Millions of US Dollars),261.58,merchandise_trade_flows,https://www.bog.gov.gh/economic-data/merchandise-trade-flows/,0
2022-11-01,2022,11,Nov,Merchandise Exports Less Imports_Trade Balance (Millions of US Dollars),444.36,merchandise_trade_flows,https://www.bog.gov.gh/economic-data/merchandise-trade-flows/,0
2022-12-01,2022,12,Dec,Merchandise Exports Less Imports_Trade Balance (Millions of US Dollars),450.75,merchandise_trade_flows,https://www.bog.gov.gh/economic-data/merchandise-trade-flows/,0
2023-01-01,2023,1,Jan,Merchandise Exports Less Imports_Trade Balance (Millions of US Dollars),513.99,merchandise_trade_flows,https://www.bog.gov.gh/economic-data/merchandise-trade-flows/,0
2023-02-01,2023,2,Feb,Merchandise Exports Less Imports_Trade Balance (Millions of US Dollars),377.65,merchandise_trade_flows,https://www.bog.gov.gh/economic-data/merchandise-trade-flows/,0
2023-03-01,2023,3,Mar,Merchandise Exports Less Imports_Trade Balance (Millions of US Dollars),483.67,merchandise_trade_flows,https://www.bog.gov.gh/economic-data/merchandise-trade-flows/,0
2023-04-01,2023,4,Apr,Merchandise Exports Less Imports_Trade Balance (Millions of US Dollars),225.08,merchandise_trade_flows,https://www.bog.gov.gh/economic-data/merchandise-trade-flows/,0
2023-05-01,2023,5,May,Merchandise Exports Less Imports_Trade Balance (Millions of US Dollars),0.0,merchandise_trade_flows,https://www.bog.gov.gh/economic-data/merchandise-trade-flows/,0
2023-06-01,2023,6,Jun,Merchandise Exports Less Imports_Trade Balance (Millions of US Dollars),0.0,merchandise_trade_flows,https://www.bog.gov.gh/economic-data/merchandise-trade-flows/,0
2023-07-01,2023,7,Jul,Merchandise Exports Less Imports_Trade Balance (Millions of US Dollars),0.0,merchandise_trade_flows,https://www.bog.gov.gh/economic-data/merchandise-trade-flows/,0
2023-08-01,2023,8,Aug,Merchandise Exports Less Imports_Trade Balance (Millions of US Dollars),0.0,merchandise_trade_flows,https://www.bog.gov.gh/economic-data/merchandise-trade-flows/,0
2023-09-01,2023,9,Sep,Merchandise Exports Less Imports_Trade Balance (Millions of US Dollars),0.0,merchandise_trade_flows,https://www.bog.gov.gh/economic-data/merchandise-trade-flows/,0
2023-10-01,2023,10,Oct,Merchandise Exports Less Imports_Trade Balance (Millions of US Dollars),0.0,merchandise_trade_flows,https://www.bog.gov.gh/economic-data/merchandise-trade-flows/,0
2023-11-01,2023,11,Nov,Merchandise Exports Less Imports_Trade Balance (Millions of US Dollars),0.0,merchandise_trade_flows,https://www.bog.gov.gh/economic-data/merchandise-trade-flows/,0
2023-12-01,2023,12,Dec,Merchandise Exports Less Imports_Trade Balance (Millions of US Dollars),0.0,merchandise_trade_flows,https://www.bog.gov.gh/economic-data/merchandise-trade-flows/,0
2005-01-01,2005,1,Jan,Merchandise Exports_Cocoa Beans (Millions of US Dollars),70.74,merchandise_trade_flows,https://www.bog.gov.gh/economic-data/merchandise-trade-flows/,0
2005-02-01,2005,2,Feb,Merchandise Exports_Cocoa Beans (Millions of US Dollars),119.15,merchandise_trade_flows,https://www.bog.gov.gh/economic-data/merchandise-trade-flows/,0
2005-03-01,2005,3,Mar,Merchandise Exports_Cocoa Beans (Millions of US Dollars),97.2,merchandise_trade_flows,https://www.bog.gov.gh/economic-data/merchandise-trade-flows/,0
2005-04-01,2005,4,Apr,Merchandise Exports_Cocoa Beans (Millions of US Dollars),64.32,merchandise_trade_flows,https://www.bog.gov.gh/economic-data/merchandise-trade-flows/,0
2005-05-01,2005,5,May,Merchandise Exports_Cocoa Beans (Millions of US Dollars),94.43,merchandise_trade_flows,https://www.bog.gov.gh/economic-data/merchandise-trade-flows/,0
2005-06-01,2005,6,Jun,Merchandise Exports_Cocoa Beans (Millions of US Dollars),74.86,merchandise_trade_flows,https://www.bog.gov.gh/economic-data/merchandise-trade-flows/,0
2005-07-01,2005,7,Jul,Merchandise Exports_Cocoa Beans (Millions of US Dollars),61.9,merchandise_trade_flows,https://www.bog.gov.gh/economic-data/merchandise-trade-flows/,0
2005-08-01,2005,8,Aug,Merchandise Exports_Cocoa Beans (Millions of US Dollars),62.6,merchandise_trade_flows,https://www.bog.gov.gh/economic-data/merchandise-trade-flows/,0
2005-09-01,2005,9,Sep,Merchandise Exports_Cocoa Beans (Millions of US Dollars),15.12,merchandise_trade_flows,https://www.bog.gov.gh/economic-data/merchandise-trade-flows/,0
2005-10-01,2005,10,Oct,Merchandise Exports_Cocoa Beans (Millions of US Dollars),17.24,merchandise_trade_flows,https://www.bog.gov.gh/economic-data/merchandise-trade-flows/,0
2005-11-01,2005,11,Nov,Merchandise Exports_Cocoa Beans (Millions of US Dollars),37.65,merchandise_trade_flows,https://www.bog.gov.gh/economic-data/merchandise-trade-flows/,0
2005-12-01,2005,12,Dec,Merchandise Exports_Cocoa Beans (Millions of US Dollars),103.24,merchandise_trade_flows,https://www.bog.gov.gh/economic-data/merchandise-trade-flows/,0
2006-01-01,2006,1,Jan,Merchandise Exports_Cocoa Beans (Millions of US Dollars),104.14,merchandise_trade_flows,https://www.bog.gov.gh/economic-data/merchandise-trade-flows/,0
2006-02-01,2006,2,Feb,Merchandise Exports_Cocoa Beans (Millions of US Dollars),90.02,merchandise_trade_flows,https://www.bog.gov.gh/economic-data/merchandise-trade-flows/,0
2006-03-01,2006,3,Mar,Merchandise Exports_Cocoa Beans (Millions of US Dollars),123.88,merchandise_trade_flows,https://www.bog.gov.gh/economic-data/merchandise-trade-flows/,0
2006-04-01,2006,4,Apr,Merchandise Exports_Cocoa Beans (Millions of US Dollars),74.81,merchandise_trade_flows,https://www.bog.gov.gh/economic-data/merchandise-trade-flows/,0
2006-05-01,2006,5,May,Merchandise Exports_Cocoa Beans (Millions of US Dollars),91.34,merchandise_trade_flows,https://www.bog.gov.gh/economic-data/merchandise-trade-flows/,0
2006-06-01,2006,6,Jun,Merchandise Exports_Cocoa Beans (Millions of US Dollars),84.96,merchandise_trade_flows,https://www.bog.gov.gh/economic-data/merchandise-trade-flows/,0
2006-07-01,2006,7,Jul,Merchandise Exports_Cocoa Beans (Millions of US Dollars),128.33,merchandise_trade_flows,https://www.bog.gov.gh/economic-data/merchandise-trade-flows/,0
2006-08-01,2006,8,Aug,Merchandise Exports_Cocoa Beans (Millions of US Dollars),120.21,merchandise_trade_flows,https://www.bog.gov.gh/economic-data/merchandise-trade-flows/,0
2006-09-01,2006,9,Sep,Merchandise Exports_Cocoa Beans (Millions of US Dollars),28.03,merchandise_trade_flows,https://www.bog.gov.gh/economic-data/merchandise-trade-flows/,0
2006-10-01,2006,10,Oct,Merchandise Exports_Cocoa Beans (Millions of US Dollars),18.59,merchandise_trade_flows,https://www.bog.gov.gh/economic-data/merchandise-trade-flows/,0
2006-11-01,2006,11,Nov,Merchandise Exports_Cocoa Beans (Millions of US Dollars),102.36,merchandise_trade_flows,https://www.bog.gov.gh/economic-data/merchandise-trade-flows/,0
2006-12-01,2006,12,Dec,Merchandise Exports_Cocoa Beans (Millions of US Dollars),74.38,merchandise_trade_flows,https://www.bog.gov.gh/economic-data/merchandise-trade-flows/,0
2007-01-01,2007,1,Jan,Merchandise Exports_Cocoa Beans (Millions of US Dollars),107.32,merchandise_trade_flows,https://www.bog.gov.gh/economic-data/merchandise-trade-flows/,0
2007-02-01,2007,2,Feb,Merchandise Exports_Cocoa Beans (Millions of US Dollars),110.38,merchandise_trade_flows,https://www.bog.gov.gh/economic-data/merchandise-trade-flows/,0
2007-03-01,2007,3,Mar,Merchandise Exports_Cocoa Beans (Millions of US Dollars),119.83,merchandise_trade_flows,https://www.bog.gov.gh/economic-data/merchandise-trade-flows/,0
2007-04-01,2007,4,Apr,Merchandise Exports_Cocoa Beans (Millions of US Dollars),104.93,merchandise_trade_flows,https://www.bog.gov.gh/economic-data/merchandise-trade-flows/,0
2007-05-01,2007,5,May,Merchandise Exports_Cocoa Beans (Millions of US Dollars),125.81,merchandise_trade_flows,https://www.bog.gov.gh/economic-data/merchandise-trade-flows/,0
2007-06-01,2007,6,Jun,Merchandise Exports_Cocoa Beans (Millions of US Dollars),99.01,merchandise_trade_flows,https://www.bog.gov.gh/economic-data/merchandise-trade-flows/,0
2007-07-01,2007,7,Jul,Merchandise Exports_Cocoa Beans (Millions of US Dollars),55.25,merchandise_trade_flows,https://www.bog.gov.gh/economic-data/merchandise-trade-flows/,0
2007-08-01,2007,8,Aug,Merchandise Exports_Cocoa Beans (Millions of US Dollars),62.71,merchandise_trade_flows,https://www.bog.gov.gh/economic-data/merchandise-trade-flows/,0
2007-09-01,2007,9,Sep,Merchandise Exports_Cocoa Beans (Millions of US Dollars),9.42,merchandise_trade_flows,https://www.bog.gov.gh/economic-data/merchandise-trade-flows/,0
2007-10-01,2007,10,Oct,Merchandise Exports_Cocoa Beans (Millions of US Dollars),7.6,merchandise_trade_flows,https://www.bog.gov.gh/economic-data/merchandise-trade-flows/,0
2007-11-01,2007,11,Nov,Merchandise Exports_Cocoa Beans (Millions of US Dollars),63.93,merchandise_trade_flows,https://www.bog.gov.gh/economic-data/merchandise-trade-flows/,0
2007-12-01,2007,12,Dec,Merchandise Exports_Cocoa Beans (Millions of US Dollars),109.48,merchandise_trade_flows,https://www.bog.gov.gh/economic-data/merchandise-trade-flows/,0
2008-01-01,2008,1,Jan,Merchandise Exports_Cocoa Beans (Millions of US Dollars),100.4,merchandise_trade_flows,https://www.bog.gov.gh/economic-data/merchandise-trade-flows/,0
2008-02-01,2008,2,Feb,Merchandise Exports_Cocoa Beans (Millions of US Dollars),118.6,merchandise_trade_flows,https://www.bog.gov.gh/economic-data/merchandise-trade-flows/,0
2008-03-01,2008,3,Mar,Merchandise Exports_Cocoa Beans (Millions of US Dollars),151.58,merchandise_trade_flows,https://www.bog.gov.gh/economic-data/merchandise-trade-flows/,0
2008-04-01,2008,4,Apr,Merchandise Exports_Cocoa Beans (Millions of US Dollars),152.88,merchandise_trade_flows,https://www.bog.gov.gh/economic-data/merchandise-trade-flows/,0
2008-05-01,2008,5,May,Merchandise Exports_Cocoa Beans (Millions of US Dollars),187.67,merchandise_trade_flows,https://www.bog.gov.gh/economic-data/merchandise-trade-flows/,0
2008-06-01,2008,6,Jun,Merchandise Exports_Cocoa Beans (Millions of US Dollars),112.31,merchandise_trade_flows,https://www.bog.gov.gh/economic-data/merchandise-trade-flows/,0
2008-07-01,2008,7,Jul,Merchandise Exports_Cocoa Beans (Millions of US Dollars),62.43,merchandise_trade_flows,https://www.bog.gov.gh/economic-data/merchandise-trade-flows/,0
2008-08-01,2008,8,Aug,Merchandise Exports_Cocoa Beans (Millions of US Dollars),67.16,merchandise_trade_flows,https://www.bog.gov.gh/economic-data/merchandise-trade-flows/,0
2008-09-01,2008,9,Sep,Merchandise Exports_Cocoa Beans (Millions of US Dollars),23.87,merchandise_trade_flows,https://www.bog.gov.gh/economic-data/merchandise-trade-flows/,0
2008-10-01,2008,10,Oct,Merchandise Exports_Cocoa Beans (Millions of US Dollars),13.17,merchandise_trade_flows,https://www.bog.gov.gh/economic-data/merchandise-trade-flows/,0
2008-11-01,2008,11,Nov,Merchandise Exports_Cocoa Beans (Millions of US Dollars),82.68,merchandise_trade_flows,https://www.bog.gov.gh/economic-data/merchandise-trade-flows/,0
2008-12-01,2008,12,Dec,Merchandise Exports_Cocoa Beans (Millions of US Dollars),152.34,merchandise_trade_flows,https://www.bog.gov.gh/economic-data/merchandise-trade-flows/,0
2009-01-01,2009,1,Jan,Merchandise Exports_Cocoa Beans (Millions of US Dollars),179.06,merchandise_trade_flows,https://www.bog.gov.gh/economic-data/merchandise-trade-flows/,0
2009-02-01,2009,2,Feb,Merchandise Exports_Cocoa Beans (Millions of US Dollars),122.96,merchandise_trade_flows,https://www.bog.gov.gh/economic-data/merchandise-trade-flows/,0
2009-03-01,2009,3,Mar,Merchandise Exports_Cocoa Beans (Millions of US Dollars),161.3,merchandise_trade_flows,https://www.bog.gov.gh/economic-data/merchandise-trade-flows/,0
2009-04-01,2009,4,Apr,Merchandise Exports_Cocoa Beans (Millions of US Dollars),185.75,merchandise_trade_flows,https://www.bog.gov.gh/economic-data/merchandise-trade-flows/,0
2009-05-01,2009,5,May,Merchandise Exports_Cocoa Beans (Millions of US Dollars),141.67,merchandise_trade_flows,https://www.bog.gov.gh/economic-data/merchandise-trade-flows/,0
2009-06-01,2009,6,Jun,Merchandise Exports_Cocoa Beans (Millions of US Dollars),120.23,merchandise_trade_flows,https://www.bog.gov.gh/economic-data/merchandise-trade-flows/,0
2009-07-01,2009,7,Jul,Merchandise Exports_Cocoa Beans (Millions of US Dollars),52.49,merchandise_trade_flows,https://www.bog.gov.gh/economic-data/merchandise-trade-flows/,0
2009-08-01,2009,8,Aug,Merchandise Exports_Cocoa Beans (Millions of US Dollars),46.6,merchandise_trade_flows,https://www.bog.gov.gh/economic-data/merchandise-trade-flows/,0
2009-09-01,2009,9,Sep,Merchandise Exports_Cocoa Beans (Millions of US Dollars),38.44,merchandise_trade_flows,https://www.bog.gov.gh/economic-data/merchandise-trade-flows/,0
2009-10-01,2009,10,Oct,Merchandise Exports_Cocoa Beans (Millions of US Dollars),40.96,merchandise_trade_flows,https://www.bog.gov.gh/economic-data/merchandise-trade-flows/,0
2009-11-01,2009,11,Nov,Merchandise Exports_Cocoa Beans (Millions of US Dollars),147.69,merchandise_trade_flows,https://www.bog.gov.gh/economic-data/merchandise-trade-flows/,0
2009-12-01,2009,12,Dec,Merchandise Exports_Cocoa Beans (Millions of US Dollars),185.22,merchandise_trade_flows,https://www.bog.gov.gh/economic-data/merchandise-trade-flows/,0
2010-01-01,2010,1,Jan,Merchandise Exports_Cocoa Beans (Millions of US Dollars),201.74,merchandise_trade_flows,https://www.bog.gov.gh/economic-data/merchandise-trade-flows/,0
2010-02-01,2010,2,Feb,Merchandise Exports_Cocoa Beans (Millions of US Dollars),178.33,merchandise_trade_flows,https://www.bog.gov.gh/economic-data/merchandise-trade-flows/,0
2010-03-01,2010,3,Mar,Merchandise Exports_Cocoa Beans (Millions of US Dollars),122.22,merchandise_trade_flows,https://www.bog.gov.gh/economic-data/merchandise-trade-flows/,0
2010-04-01,2010,4,Apr,Merchandise Exports_Cocoa Beans (Millions of US Dollars),147.91,merchandise_trade_flows,https://www.bog.gov.gh/economic-data/merchandise-trade-flows/,0
2010-05-01,2010,5,May,Merchandise Exports_Cocoa Beans (Millions of US Dollars),146.04,merchandise_trade_flows,https://www.bog.gov.gh/economic-data/merchandise-trade-flows/,0
2010-06-01,2010,6,Jun,Merchandise Exports_Cocoa Beans (Millions of US Dollars),147.69,merchandise_trade_flows,https://www.bog.gov.gh/economic-data/merchandise-trade-flows/,0
2010-07-01,2010,7,Jul,Merchandise Exports_Cocoa Beans (Millions of US Dollars),105.29,merchandise_trade_flows,https://www.bog.gov.gh/economic-data/merchandise-trade-flows/,0
2010-08-01,2010,8,Aug,Merchandise Exports_Cocoa Beans (Millions of US Dollars),52.38,merchandise_trade_flows,https://www.bog.gov.gh/economic-data/merchandise-trade-flows/,0
2010-09-01,2010,9,Sep,Merchandise Exports_Cocoa Beans (Millions of US Dollars),80.57,merchandise_trade_flows,https://www.bog.gov.gh/economic-data/merchandise-trade-flows/,0
2010-10-01,2010,10,Oct,Merchandise Exports_Cocoa Beans (Millions of US Dollars),9.13,merchandise_trade_flows,https://www.bog.gov.gh/economic-data/merchandise-trade-flows/,0
2010-11-01,2010,11,Nov,Merchandise Exports_Cocoa Beans (Millions of US Dollars),163.42,merchandise_trade_flows,https://www.bog.gov.gh/economic-data/merchandise-trade-flows/,0
2010-12-01,2010,12,Dec,Merchandise Exports_Cocoa Beans (Millions of US Dollars),244.21,merchandise_trade_flows,https://www.bog.gov.gh/economic-data/merchandise-trade-flows/,0
2011-01-01,2011,1,Jan,Merchandise Exports_Cocoa Beans (Millions of US Dollars),241.01,merchandise_trade_flows,https://www.bog.gov.gh/economic-data/merchandise-trade-flows/,0
2011-02-01,2011,2,Feb,Merchandise Exports_Cocoa Beans (Millions of US Dollars),236.46,merchandise_trade_flows,https://www.bog.gov.gh/economic-data/merchandise-trade-flows/,0
2011-03-01,2011,3,Mar,Merchandise Exports_Cocoa Beans (Millions of US Dollars),273.03,merchandise_trade_flows,https://www.bog.gov.gh/economic-data/merchandise-trade-flows/,0
2011-04-01,2011,4,Apr,Merchandise Exports_Cocoa Beans (Millions of US Dollars),190.32,merchandise_trade_flows,https://www.bog.gov.gh/economic-data/merchandise-trade-flows/,0
2011-05-01,2011,5,May,Merchandise Exports_Cocoa Beans (Millions of US Dollars),157.66,merchandise_trade_flows,https://www.bog.gov.gh/economic-data/merchandise-trade-flows/,0
2011-06-01,2011,6,Jun,Merchandise Exports_Cocoa Beans (Millions of US Dollars),172.15,merchandise_trade_flows,https://www.bog.gov.gh/economic-data/merchandise-trade-flows/,0
2011-07-01,2011,7,Jul,Merchandise Exports_Cocoa Beans (Millions of US Dollars),138.1,merchandise_trade_flows,https://www.bog.gov.gh/economic-data/merchandise-trade-flows/,0
2011-08-01,2011,8,Aug,Merchandise Exports_Cocoa Beans (Millions of US Dollars),170.44,merchandise_trade_flows,https://www.bog.gov.gh/economic-data/merchandise-trade-flows/,0
2011-09-01,2011,9,Sep,Merchandise Exports_Cocoa Beans (Millions of US Dollars),111.94,merchandise_trade_flows,https://www.bog.gov.gh/economic-data/merchandise-trade-flows/,0
2011-10-01,2011,10,Oct,Merchandise Exports_Cocoa Beans (Millions of US Dollars),57.4,merchandise_trade_flows,https://www.bog.gov.gh/economic-data/merchandise-trade-flows/,0
2011-11-01,2011,11,Nov,Merchandise Exports_Cocoa Beans (Millions of US Dollars),54.19,merchandise_trade_flows,https://www.bog.gov.gh/economic-data/merchandise-trade-flows/,0
2011-12-01,2011,12,Dec,Merchandise Exports_Cocoa Beans (Millions of US Dollars),131.69,merchandise_trade_flows,https://www.bog.gov.gh/economic-data/merchandise-trade-flows/,0
2012-01-01,2012,1,Jan,Merchandise Exports_Cocoa Beans (Millions of US Dollars),302.84,merchandise_trade_flows,https://www.bog.gov.gh/economic-data/merchandise-trade-flows/,0
2012-02-01,2012,2,Feb,Merchandise Exports_Cocoa Beans (Millions of US Dollars),361.62,merchandise_trade_flows,https://www.bog.gov.gh/economic-data/merchandise-trade-flows/,0
2012-03-01,2012,3,Mar,Merchandise Exports_Cocoa Beans (Millions of US Dollars),327.63,merchandise_trade_flows,https://www.bog.gov.gh/economic-data/merchandise-trade-flows/,0
2012-04-01,2012,4,Apr,Merchandise Exports_Cocoa Beans (Millions of US Dollars),262.09,merchandise_trade_flows,https://www.bog.gov.gh/economic-data/merchandise-trade-flows/,0
2012-05-01,2012,5,May,Merchandise Exports_Cocoa Beans (Millions of US Dollars),213.36,merchandise_trade_flows,https://www.bog.gov.gh/economic-data/merchandise-trade-flows/,0
2012-06-01,2012,6,Jun,Merchandise Exports_Cocoa Beans (Millions of US Dollars),158.37,merchandise_trade_flows,https://www.bog.gov.gh/economic-data/merchandise-trade-flows/,0
2012-07-01,2012,7,Jul,Merchandise Exports_Cocoa Beans (Millions of US Dollars),121.42,merchandise_trade_flows,https://www.bog.gov.gh/economic-data/merchandise-trade-flows/,0
2012-08-01,2012,8,Aug,Merchandise Exports_Cocoa Beans (Millions of US Dollars),83.49,merchandise_trade_flows,https://www.bog.gov.gh/economic-data/merchandise-trade-flows/,0
2012-09-01,2012,9,Sep,Merchandise Exports_Cocoa Beans (Millions of US Dollars),36.24,merchandise_trade_flows,https://www.bog.gov.gh/economic-data/merchandise-trade-flows/,0
2012-10-01,2012,10,Oct,Merchandise Exports_Cocoa Beans (Millions of US Dollars),53.01,merchandise_trade_flows,https://www.bog.gov.gh/economic-data/merchandise-trade-flows/,0
2012-11-01,2012,11,Nov,Merchandise Exports_Cocoa Beans (Millions of US Dollars),119.69,merchandise_trade_flows,https://www.bog.gov.gh/economic-data/merchandise-trade-flows/,0
2012-12-01,2012,12,Dec,Merchandise Exports_Cocoa Beans (Millions of US Dollars),152.93,merchandise_trade_flows,https://www.bog.gov.gh/economic-data/merchandise-trade-flows/,0
2013-01-01,2013,1,Jan,Merchandise Exports_Cocoa Beans (Millions of US Dollars),221.85,merchandise_trade_flows,https://www.bog.gov.gh/economic-data/merchandise-trade-flows/,0
2013-02-01,2013,2,Feb,Merchandise Exports_Cocoa Beans (Millions of US Dollars),183.99,merchandise_trade_flows,https://www.bog.gov.gh/economic-data/merchandise-trade-flows/,0
2013-03-01,2013,3,Mar,Merchandise Exports_Cocoa Beans (Millions of US Dollars),215.1,merchandise_trade_flows,https://www.bog.gov.gh/economic-data/merchandise-trade-flows/,0
2013-04-01,2013,4,Apr,Merchandise Exports_Cocoa Beans (Millions of US Dollars),192.33,merchandise_trade_flows,https://www.bog.gov.gh/economic-data/merchandise-trade-flows/,0
2013-05-01,2013,5,May,Merchandise Exports_Cocoa Beans (Millions of US Dollars),192.77,merchandise_trade_flows,https://www.bog.gov.gh/economic-data/merchandise-trade-flows/,0
2013-06-01,2013,6,Jun,Merchandise Exports_Cocoa Beans (Millions of US Dollars),110.88,merchandise_trade_flows,https://www.bog.gov.gh/economic-data/merchandise-trade-flows/,0
2013-07-01,2013,7,Jul,Merchandise Exports_Cocoa Beans (Millions of US Dollars),64.09,merchandise_trade_flows,https://www.bog.gov.gh/economic-data/merchandise-trade-flows/,0
2013-08-01,2013,8,Aug,Merchandise Exports_Cocoa Beans (Millions of US Dollars),40.83,merchandise_trade_flows,https://www.bog.gov.gh/economic-data/merchandise-trade-flows/,0
2013-09-01,2013,9,Sep,Merchandise Exports_Cocoa Beans (Millions of US Dollars),20.28,merchandise_trade_flows,https://www.bog.gov.gh/economic-data/merchandise-trade-flows/,0
2013-10-01,2013,10,Oct,Merchandise Exports_Cocoa Beans (Millions of US Dollars),32.32,merchandise_trade_flows,https://www.bog.gov.gh/economic-data/merchandise-trade-flows/,0
2013-11-01,2013,11,Nov,Merchandise Exports_Cocoa Beans (Millions of US Dollars),88.11,merchandise_trade_flows,https://www.bog.gov.gh/economic-data/merchandise-trade-flows/,0
2013-12-01,2013,12,Dec,Merchandise Exports_Cocoa Beans (Millions of US Dollars),249.5,merchandise_trade_flows,https://www.bog.gov.gh/economic-data/merchandise-trade-flows/,0
2014-01-01,2014,1,Jan,Merchandise Exports_Cocoa Beans (Millions of US Dollars),194.65,merchandise_trade_flows,https://www.bog.gov.gh/economic-data/merchandise-trade-flows/,0
2014-02-01,2014,2,Feb,Merchandise Exports_Cocoa Beans (Millions of US Dollars),237.98,merchandise_trade_flows,https://www.bog.gov.gh/economic-data/merchandise-trade-flows/,0
2014-03-01,2014,3,Mar,Merchandise Exports_Cocoa Beans (Millions of US Dollars),271.11,merchandise_trade_flows,https://www.bog.gov.gh/economic-data/merchandise-trade-flows/,0
2014-04-01,2014,4,Apr,Merchandise Exports_Cocoa Beans (Millions of US Dollars),162.53,merchandise_trade_flows,https://www.bog.gov.gh/economic-data/merchandise-trade-flows/,0
2014-05-01,2014,5,May,Merchandise Exports_Cocoa Beans (Millions of US Dollars),191.1,merchandise_trade_flows,https://www.bog.gov.gh/economic-data/merchandise-trade-flows/,0
2014-06-01,2014,6,Jun,Merchandise Exports_Cocoa Beans (Millions of US Dollars),152.33,merchandise_trade_flows,https://www.bog.gov.gh/economic-data/merchandise-trade-flows/,0
2014-07-01,2014,7,Jul,Merchandise Exports_Cocoa Beans (Millions of US Dollars),85.86,merchandise_trade_flows,https://www.bog.gov.gh/economic-data/merchandise-trade-flows/,0
2014-08-01,2014,8,Aug,Merchandise Exports_Cocoa Beans (Millions of US Dollars),48.16,merchandise_trade_flows,https://www.bog.gov.gh/economic-data/merchandise-trade-flows/,0
2014-09-01,2014,9,Sep,Merchandise Exports_Cocoa Beans (Millions of US Dollars),44.83,merchandise_trade_flows,https://www.bog.gov.gh/economic-data/merchandise-trade-flows/,0
2014-10-01,2014,10,Oct,Merchandise Exports_Cocoa Beans (Millions of US Dollars),25.35,merchandise_trade_flows,https://www.bog.gov.gh/economic-data/merchandise-trade-flows/,0
2014-11-01,2014,11,Nov,Merchandise Exports_Cocoa Beans (Millions of US Dollars),136.57,merchandise_trade_flows,https://www.bog.gov.gh/economic-data/merchandise-trade-flows/,0
2014-12-01,2014,12,Dec,Merchandise Exports_Cocoa Beans (Millions of US Dollars),298.37,merchandise_trade_flows,https://www.bog.gov.gh/economic-data/merchandise-trade-flows/,0
2015-01-01,2015,1,Jan,Merchandise Exports_Cocoa Beans (Millions of US Dollars),301.83,merchandise_trade_flows,https://www.bog.gov.gh/economic-data/merchandise-trade-flows/,0
2015-02-01,2015,2,Feb,Merchandise Exports_Cocoa Beans (Millions of US Dollars),257.85,merchandise_trade_flows,https://www.bog.gov.gh/economic-data/merchandise-trade-flows/,0
2015-03-01,2015,3,Mar,Merchandise Exports_Cocoa Beans (Millions of US Dollars),238.19,merchandise_trade_flows,https://www.bog.gov.gh/economic-data/merchandise-trade-flows/,0
2015-04-01,2015,4,Apr,Merchandise Exports_Cocoa Beans (Millions of US Dollars),179.08,merchandise_trade_flows,https://www.bog.gov.gh/economic-data/merchandise-trade-flows/,0
2015-05-01,2015,5,May,Merchandise Exports_Cocoa Beans (Millions of US Dollars),109.65,merchandise_trade_flows,https://www.bog.gov.gh/economic-data/merchandise-trade-flows/,0
2015-06-01,2015,6,Jun,Merchandise Exports_Cocoa Beans (Millions of US Dollars),74.89,merchandise_trade_flows,https://www.bog.gov.gh/economic-data/merchandise-trade-flows/,0
2015-07-01,2015,7,Jul,Merchandise Exports_Cocoa Beans (Millions of US Dollars),93.25,merchandise_trade_flows,https://www.bog.gov.gh/economic-data/merchandise-trade-flows/,0
2015-08-01,2015,8,Aug,Merchandise Exports_Cocoa Beans (Millions of US Dollars),49.75,merchandise_trade_flows,https://www.bog.gov.gh/economic-data/merchandise-trade-flows/,0
2015-09-01,2015,9,Sep,Merchandise Exports_Cocoa Beans (Millions of US Dollars),49.65,merchandise_trade_flows,https://www.bog.gov.gh/economic-data/merchandise-trade-flows/,0
2015-10-01,2015,10,Oct,Merchandise Exports_Cocoa Beans (Millions of US Dollars),55.26,merchandise_trade_flows,https://www.bog.gov.gh/economic-data/merchandise-trade-flows/,0
2015-11-01,2015,11,Nov,Merchandise Exports_Cocoa Beans (Millions of US Dollars),291.39,merchandise_trade_flows,https://www.bog.gov.gh/economic-data/merchandise-trade-flows/,0
2015-12-01,2015,12,Dec,Merchandise Exports_Cocoa Beans (Millions of US Dollars),270.14,merchandise_trade_flows,https://www.bog.gov.gh/economic-data/merchandise-trade-flows/,0
2016-01-01,2016,1,Jan,Merchandise Exports_Cocoa Beans (Millions of US Dollars),325.04,merchandise_trade_flows,https://www.bog.gov.gh/economic-data/merchandise-trade-flows/,0
2016-02-01,2016,2,Feb,Merchandise Exports_Cocoa Beans (Millions of US Dollars),248.95,merchandise_trade_flows,https://www.bog.gov.gh/economic-data/merchandise-trade-flows/,0
2016-03-01,2016,3,Mar,Merchandise Exports_Cocoa Beans (Millions of US Dollars),228.98,merchandise_trade_flows,https://www.bog.gov.gh/economic-data/merchandise-trade-flows/,0
2016-04-01,2016,4,Apr,Merchandise Exports_Cocoa Beans (Millions of US Dollars),161.39,merchandise_trade_flows,https://www.bog.gov.gh/economic-data/merchandise-trade-flows/,0
2016-05-01,2016,5,May,Merchandise Exports_Cocoa Beans (Millions of US Dollars),148.6,merchandise_trade_flows,https://www.bog.gov.gh/economic-data/merchandise-trade-flows/,0
2016-06-01,2016,6,Jun,Merchandise Exports_Cocoa Beans (Millions of US Dollars),87.55,merchandise_trade_flows,https://www.bog.gov.gh/economic-data/merchandise-trade-flows/,0
2016-07-01,2016,7,Jul,Merchandise Exports_Cocoa Beans (Millions of US Dollars),78.51,merchandise_trade_flows,https://www.bog.gov.gh/economic-data/merchandise-trade-flows/,0
2016-08-01,2016,8,Aug,Merchandise Exports_Cocoa Beans (Millions of US Dollars),21.93,merchandise_trade_flows,https://www.bog.gov.gh/economic-data/merchandise-trade-flows/,0
2016-09-01,2016,9,Sep,Merchandise Exports_Cocoa Beans (Millions of US Dollars),0.72,merchandise_trade_flows,https://www.bog.gov.gh/economic-data/merchandise-trade-flows/,0
2016-10-01,2016,10,Oct,Merchandise Exports_Cocoa Beans (Millions of US Dollars),16.5,merchandise_trade_flows,https://www.bog.gov.gh/economic-data/merchandise-trade-flows/,0
2016-11-01,2016,11,Nov,Merchandise Exports_Cocoa Beans (Millions of US Dollars),272.75,merchandise_trade_flows,https://www.bog.gov.gh/economic-data/merchandise-trade-flows/,0
2016-12-01,2016,12,Dec,Merchandise Exports_Cocoa Beans (Millions of US Dollars),332.38,merchandise_trade_flows,https://www.bog.gov.gh/economic-data/merchandise-trade-flows/,0
2017-01-01,2017,1,Jan,Merchandise Exports_Cocoa Beans (Millions of US Dollars),319.35,merchandise_trade_flows,https://www.bog.gov.gh/economic-data/merchandise-trade-flows/,0
2017-02-01,2017,2,Feb,Merchandise Exports_Cocoa Beans (Millions of US Dollars),218.42,merchandise_trade_flows,https://www.bog.gov.gh/economic-data/merchandise-trade-flows/,0
2017-03-01,2017,3,Mar,Merchandise Exports_Cocoa Beans (Millions of US Dollars),276.74,merchandise_trade_flows,https://www.bog.gov.gh/economic-data/merchandise-trade-flows/,0
2017-04-01,2017,4,Apr,Merchandise Exports_Cocoa Beans (Millions of US Dollars),276.85,merchandise_trade_flows,https://www.bog.gov.gh/economic-data/merchandise-trade-flows/,0
2017-05-01,2017,5,May,Merchandise Exports_Cocoa Beans (Millions of US Dollars),214.06,merchandise_trade_flows,https://www.bog.gov.gh/economic-data/merchandise-trade-flows/,0
2017-06-01,2017,6,Jun,Merchandise Exports_Cocoa Beans (Millions of US Dollars),113.41,merchandise_trade_flows,https://www.bog.gov.gh/economic-data/merchandise-trade-flows/,0
2017-07-01,2017,7,Jul,Merchandise Exports_Cocoa Beans (Millions of US Dollars),36.76,merchandise_trade_flows,https://www.bog.gov.gh/economic-data/merchandise-trade-flows/,0
2017-08-01,2017,8,Aug,Merchandise Exports_Cocoa Beans (Millions of US Dollars),14.77,merchandise_trade_flows,https://www.bog.gov.gh/economic-data/merchandise-trade-flows/,0
2017-09-01,2017,9,Sep,Merchandise Exports_Cocoa Beans (Millions of US Dollars),8.64,merchandise_trade_flows,https://www.bog.gov.gh/economic-data/merchandise-trade-flows/,0
2017-10-01,2017,10,Oct,Merchandise Exports_Cocoa Beans (Millions of US Dollars),15.45,merchandise_trade_flows,https://www.bog.gov.gh/economic-data/merchandise-trade-flows/,0
2017-11-01,2017,11,Nov,Merchandise Exports_Cocoa Beans (Millions of US Dollars),151.83,merchandise_trade_flows,https://www.bog.gov.gh/economic-data/merchandise-trade-flows/,0
2017-12-01,2017,12,Dec,Merchandise Exports_Cocoa Beans (Millions of US Dollars),257.2,merchandise_trade_flows,https://www.bog.gov.gh/economic-data/merchandise-trade-flows/,0
2018-01-01,2018,1,Jan,Merchandise Exports_Cocoa Beans (Millions of US Dollars),232.69,merchandise_trade_flows,https://www.bog.gov.gh/economic-data/merchandise-trade-flows/,0
2018-02-01,2018,2,Feb,Merchandise Exports_Cocoa Beans (Millions of US Dollars),254.93,merchandise_trade_flows,https://www.bog.gov.gh/economic-data/merchandise-trade-flows/,0
2018-03-01,2018,3,Mar,Merchandise Exports_Cocoa Beans (Millions of US Dollars),178.73,merchandise_trade_flows,https://www.bog.gov.gh/economic-data/merchandise-trade-flows/,0
2018-04-01,2018,4,Apr,Merchandise Exports_Cocoa Beans (Millions of US Dollars),137.87,merchandise_trade_flows,https://www.bog.gov.gh/economic-data/merchandise-trade-flows/,0
2018-05-01,2018,5,May,Merchandise Exports_Cocoa Beans (Millions of US Dollars),81.43,merchandise_trade_flows,https://www.bog.gov.gh/economic-data/merchandise-trade-flows/,0
2018-06-01,2018,6,Jun,Merchandise Exports_Cocoa Beans (Millions of US Dollars),60.83,merchandise_trade_flows,https://www.bog.gov.gh/economic-data/merchandise-trade-flows/,0
2018-07-01,2018,7,Jul,Merchandise Exports_Cocoa Beans (Millions of US Dollars),30.02,merchandise_trade_flows,https://www.bog.gov.gh/economic-data/merchandise-trade-flows/,0
2018-08-01,2018,8,Aug,Merchandise Exports_Cocoa Beans (Millions of US Dollars),16.2,merchandise_trade_flows,https://www.bog.gov.gh/economic-data/merchandise-trade-flows/,0
2018-09-01,2018,9,Sep,Merchandise Exports_Cocoa Beans (Millions of US Dollars),12.92,merchandise_trade_flows,https://www.bog.gov.gh/economic-data/merchandise-trade-flows/,0
2018-10-01,2018,10,Oct,Merchandise Exports_Cocoa Beans (Millions of US Dollars),18.61,merchandise_trade_flows,https://www.bog.gov.gh/economic-data/merchandise-trade-flows/,0
2018-11-01,2018,11,Nov,Merchandise Exports_Cocoa Beans (Millions of US Dollars),168.36,merchandise_trade_flows,https://www.bog.gov.gh/economic-data/merchandise-trade-flows/,0
2018-12-01,2018,12,Dec,Merchandise Exports_Cocoa Beans (Millions of US Dollars),213.86,merchandise_trade_flows,https://www.bog.gov.gh/economic-data/merchandise-trade-flows/,0
2019-01-01,2019,1,Jan,Merchandise Exports_Cocoa Beans (Millions of US Dollars),215.52,merchandise_trade_flows,https://www.bog.gov.gh/economic-data/merchandise-trade-flows/,0
2019-02-01,2019,2,Feb,Merchandise Exports_Cocoa Beans (Millions of US Dollars),211.46,merchandise_trade_flows,https://www.bog.gov.gh/economic-data/merchandise-trade-flows/,0
2019-03-01,2019,3,Mar,Merchandise Exports_Cocoa Beans (Millions of US Dollars),200.96,merchandise_trade_flows,https://www.bog.gov.gh/economic-data/merchandise-trade-flows/,0
2019-04-01,2019,4,Apr,Merchandise Exports_Cocoa Beans (Millions of US Dollars),135.89,merchandise_trade_flows,https://www.bog.gov.gh/economic-data/merchandise-trade-flows/,0
2019-05-01,2019,5,May,Merchandise Exports_Cocoa Beans (Millions of US Dollars),92.65,merchandise_trade_flows,https://www.bog.gov.gh/economic-data/merchandise-trade-flows/,0
2019-06-01,2019,6,Jun,Merchandise Exports_Cocoa Beans (Millions of US Dollars),77.73,merchandise_trade_flows,https://www.bog.gov.gh/economic-data/merchandise-trade-flows/,0
2019-07-01,2019,7,Jul,Merchandise Exports_Cocoa Beans (Millions of US Dollars),14.93,merchandise_trade_flows,https://www.bog.gov.gh/economic-data/merchandise-trade-flows/,0
2019-08-01,2019,8,Aug,Merchandise Exports_Cocoa Beans (Millions of US Dollars),1.7,merchandise_trade_flows,https://www.bog.gov.gh/economic-data/merchandise-trade-flows/,0
2019-09-01,2019,9,Sep,Merchandise Exports_Cocoa Beans (Millions of US Dollars),8.1,merchandise_trade_flows,https://www.bog.gov.gh/economic-data/merchandise-trade-flows/,0
2019-10-01,2019,10,Oct,Merchandise Exports_Cocoa Beans (Millions of US Dollars),20.94,merchandise_trade_flows,https://www.bog.gov.gh/economic-data/merchandise-trade-flows/,0
2019-11-01,2019,11,Nov,Merchandise Exports_Cocoa Beans (Millions of US Dollars),177.56,merchandise_trade_flows,https://www.bog.gov.gh/economic-data/merchandise-trade-flows/,0
2019-12-01,2019,12,Dec,Merchandise Exports_Cocoa Beans (Millions of US Dollars),293.93,merchandise_trade_flows,https://www.bog.gov.gh/economic-data/merchandise-trade-flows/,0
2020-01-01,2020,1,Jan,Merchandise Exports_Cocoa Beans (Millions of US Dollars),322.38,merchandise_trade_flows,https://www.bog.gov.gh/economic-data/merchandise-trade-flows/,0
2020-02-01,2020,2,Feb,Merchandise Exports_Cocoa Beans (Millions of US Dollars),236.96,merchandise_trade_flows,https://www.bog.gov.gh/economic-data/merchandise-trade-flows/,0
2020-03-01,2020,3,Mar,Merchandise Exports_Cocoa Beans (Millions of US Dollars),180.42,merchandise_trade_flows,https://www.bog.gov.gh/economic-data/merchandise-trade-flows/,0
2020-04-01,2020,4,Apr,Merchandise Exports_Cocoa Beans (Millions of US Dollars),119.78,merchandise_trade_flows,https://www.bog.gov.gh/economic-data/merchandise-trade-flows/,0
2020-05-01,2020,5,May,Merchandise Exports_Cocoa Beans (Millions of US Dollars),110.05,merchandise_trade_flows,https://www.bog.gov.gh/economic-data/merchandise-trade-flows/,0
2020-06-01,2020,6,Jun,Merchandise Exports_Cocoa Beans (Millions of US Dollars),66.44,merchandise_trade_flows,https://www.bog.gov.gh/economic-data/merchandise-trade-flows/,0
2020-07-01,2020,7,Jul,Merchandise Exports_Cocoa Beans (Millions of US Dollars),22.1,merchandise_trade_flows,https://www.bog.gov.gh/economic-data/merchandise-trade-flows/,0
2020-08-01,2020,8,Aug,Merchandise Exports_Cocoa Beans (Millions of US Dollars),10.36,merchandise_trade_flows,https://www.bog.gov.gh/economic-data/merchandise-trade-flows/,0
2020-09-01,2020,9,Sep,Merchandise Exports_Cocoa Beans (Millions of US Dollars),2.47,merchandise_trade_flows,https://www.bog.gov.gh/economic-data/merchandise-trade-flows/,0
2020-10-01,2020,10,Oct,Merchandise Exports_Cocoa Beans (Millions of US Dollars),21.46,merchandise_trade_flows,https://www.bog.gov.gh/economic-data/merchandise-trade-flows/,0
2020-11-01,2020,11,Nov,Merchandise Exports_Cocoa Beans (Millions of US Dollars),160.86,merchandise_trade_flows,https://www.bog.gov.gh/economic-data/merchandise-trade-flows/,0
2020-12-01,2020,12,Dec,Merchandise Exports_Cocoa Beans (Millions of US Dollars),226.93,merchandise_trade_flows,https://www.bog.gov.gh/economic-data/merchandise-trade-flows/,0
2021-01-01,2021,1,Jan,Merchandise Exports_Cocoa Beans (Millions of US Dollars),285.55,merchandise_trade_flows,https://www.bog.gov.gh/economic-data/merchandise-trade-flows/,0
2021-02-01,2021,2,Feb,Merchandise Exports_Cocoa Beans (Millions of US Dollars),246.64,merchandise_trade_flows,https://www.bog.gov.gh/economic-data/merchandise-trade-flows/,0
2021-03-01,2021,3,Mar,Merchandise Exports_Cocoa Beans (Millions of US Dollars),236.51,merchandise_trade_flows,https://www.bog.gov.gh/economic-data/merchandise-trade-flows/,0
2021-04-01,2021,4,Apr,Merchandise Exports_Cocoa Beans (Millions of US Dollars),186.46,merchandise_trade_flows,https://www.bog.gov.gh/economic-data/merchandise-trade-flows/,0
2021-05-01,2021,5,May,Merchandise Exports_Cocoa Beans (Millions of US Dollars),200.73,merchandise_trade_flows,https://www.bog.gov.gh/economic-data/merchandise-trade-flows/,0
2021-06-01,2021,6,Jun,Merchandise Exports_Cocoa Beans (Millions of US Dollars),113.86,merchandise_trade_flows,https://www.bog.gov.gh/economic-data/merchandise-trade-flows/,0
2021-07-01,2021,7,Jul,Merchandise Exports_Cocoa Beans (Millions of US Dollars),91.33,merchandise_trade_flows,https://www.bog.gov.gh/economic-data/merchandise-trade-flows/,0
2021-08-01,2021,8,Aug,Merchandise Exports_Cocoa Beans (Millions of US Dollars),56.68,merchandise_trade_flows,https://www.bog.gov.gh/economic-data/merchandise-trade-flows/,0
2021-09-01,2021,9,Sep,Merchandise Exports_Cocoa Beans (Millions of US Dollars),48.99,merchandise_trade_flows,https://www.bog.gov.gh/economic-data/merchandise-trade-flows/,0
2021-10-01,2021,10,Oct,Merchandise Exports_Cocoa Beans (Millions of US Dollars),59.24,merchandise_trade_flows,https://www.bog.gov.gh/economic-data/merchandise-trade-flows/,0
2021-11-01,2021,11,Nov,Merchandise Exports_Cocoa Beans (Millions of US Dollars),81.51,merchandise_trade_flows,https://www.bog.gov.gh/economic-data/merchandise-trade-flows/,0
2021-12-01,2021,12,Dec,Merchandise Exports_Cocoa Beans (Millions of US Dollars),160.36,merchandise_trade_flows,https://www.bog.gov.gh/economic-data/merchandise-trade-flows/,0
2022-01-01,2022,1,Jan,Merchandise Exports_Cocoa Beans (Millions of US Dollars),170.97,merchandise_trade_flows,https://www.bog.gov.gh/economic-data/merchandise-trade-flows/,0
2022-02-01,2022,2,Feb,Merchandise Exports_Cocoa Beans (Millions of US Dollars),164.72,merchandise_trade_flows,https://www.bog.gov.gh/economic-data/merchandise-trade-flows/,0
2022-03-01,2022,3,Mar,Merchandise Exports_Cocoa Beans (Millions of US Dollars),313.93,merchandise_trade_flows,https://www.bog.gov.gh/economic-data/merchandise-trade-flows/,0
2022-04-01,2022,4,Apr,Merchandise Exports_Cocoa Beans (Millions of US Dollars),80.08,merchandise_trade_flows,https://www.bog.gov.gh/economic-data/merchandise-trade-flows/,0
2022-05-01,2022,5,May,Merchandise Exports_Cocoa Beans (Millions of US Dollars),113.19,merchandise_trade_flows,https://www.bog.gov.gh/economic-data/merchandise-trade-flows/,0
2022-06-01,2022,6,Jun,Merchandise Exports_Cocoa Beans (Millions of US Dollars),79.93,merchandise_trade_flows,https://www.bog.gov.gh/economic-data/merchandise-trade-flows/,0
2022-07-01,2022,7,Jul,Merchandise Exports_Cocoa Beans (Millions of US Dollars),23.28,merchandise_trade_flows,https://www.bog.gov.gh/economic-data/merchandise-trade-flows/,0
2022-08-01,2022,8,Aug,Merchandise Exports_Cocoa Beans (Millions of US Dollars),13.23,merchandise_trade_flows,https://www.bog.gov.gh/economic-data/merchandise-trade-flows/,0
2022-09-01,2022,9,Sep,Merchandise Exports_Cocoa Beans (Millions of US Dollars),8.09,merchandise_trade_flows,https://www.bog.gov.gh/economic-data/merchandise-trade-flows/,0
2022-10-01,2022,10,Oct,Merchandise Exports_Cocoa Beans (Millions of US Dollars),27.68,merchandise_trade_flows,https://www.bog.gov.gh/economic-data/merchandise-trade-flows/,0
2022-11-01,2022,11,Nov,Merchandise Exports_Cocoa Beans (Millions of US Dollars),86.98,merchandise_trade_flows,https://www.bog.gov.gh/economic-data/merchandise-trade-flows/,0
2022-12-01,2022,12,Dec,Merchandise Exports_Cocoa Beans (Millions of US Dollars),160.36,merchandise_trade_flows,https://www.bog.gov.gh/economic-data/merchandise-trade-flows/,0
2023-01-01,2023,1,Jan,Merchandise Exports_Cocoa Beans (Millions of US Dollars),331.39,merchandise_trade_flows,https://www.bog.gov.gh/economic-data/merchandise-trade-flows/,0
2023-02-01,2023,2,Feb,Merchandise Exports_Cocoa Beans (Millions of US Dollars),224.13,merchandise_trade_flows,https://www.bog.gov.gh/economic-data/merchandise-trade-flows/,0
2023-03-01,2023,3,Mar,Merchandise Exports_Cocoa Beans (Millions of US Dollars),218.86,merchandise_trade_flows,https://www.bog.gov.gh/economic-data/merchandise-trade-flows/,0
2023-04-01,2023,4,Apr,Merchandise Exports_Cocoa Beans (Millions of US Dollars),176.46,merchandise_trade_flows,https://www.bog.gov.gh/economic-data/merchandise-trade-flows/,0
2023-05-01,2023,5,May,Merchandise Exports_Cocoa Beans (Millions of US Dollars),0.0,merchandise_trade_flows,https://www.bog.gov.gh/economic-data/merchandise-trade-flows/,0
2023-06-01,2023,6,Jun,Merchandise Exports_Cocoa Beans (Millions of US Dollars),0.0,merchandise_trade_flows,https://www.bog.gov.gh/economic-data/merchandise-trade-flows/,0
2023-07-01,2023,7,Jul,Merchandise Exports_Cocoa Beans (Millions of US Dollars),0.0,merchandise_trade_flows,https://www.bog.gov.gh/economic-data/merchandise-trade-flows/,0
2023-08-01,2023,8,Aug,Merchandise Exports_Cocoa Beans (Millions of US Dollars),0.0,merchandise_trade_flows,https://www.bog.gov.gh/economic-data/merchandise-trade-flows/,0
2023-09-01,2023,9,Sep,Merchandise Exports_Cocoa Beans (Millions of US Dollars),0.0,merchandise_trade_flows,https://www.bog.gov.gh/economic-data/merchandise-trade-flows/,0
2023-10-01,2023,10,Oct,Merchandise Exports_Cocoa Beans (Millions of US Dollars),0.0,merchandise_trade_flows,https://www.bog.gov.gh/economic-data/merchandise-trade-flows/,0
2023-11-01,2023,11,Nov,Merchandise Exports_Cocoa Beans (Millions of US Dollars),0.0,merchandise_trade_flows,https://www.bog.gov.gh/economic-data/merchandise-trade-flows/,0
2023-12-01,2023,12,Dec,Merchandise Exports_Cocoa Beans (Millions of US Dollars),0.0,merchandise_trade_flows,https://www.bog.gov.gh/economic-data/merchandise-trade-flows/,0
2020-01-01,2020,1,Jan,Merchandise Exports_Cocoa Products (Millions of US Dollars),84.59,merchandise_trade_flows,https://www.bog.gov.gh/economic-data/merchandise-trade-flows/,0
2020-02-01,2020,2,Feb,Merchandise Exports_Cocoa Products (Millions of US Dollars),72.4,merchandise_trade_flows,https://www.bog.gov.gh/economic-data/merchandise-trade-flows/,0
2020-03-01,2020,3,Mar,Merchandise Exports_Cocoa Products (Millions of US Dollars),79.46,merchandise_trade_flows,https://www.bog.gov.gh/economic-data/merchandise-trade-flows/,0
2020-04-01,2020,4,Apr,Merchandise Exports_Cocoa Products (Millions of US Dollars),105.14,merchandise_trade_flows,https://www.bog.gov.gh/economic-data/merchandise-trade-flows/,0
2020-05-01,2020,5,May,Merchandise Exports_Cocoa Products (Millions of US Dollars),67.04,merchandise_trade_flows,https://www.bog.gov.gh/economic-data/merchandise-trade-flows/,0
2020-06-01,2020,6,Jun,Merchandise Exports_Cocoa Products (Millions of US Dollars),97.89,merchandise_trade_flows,https://www.bog.gov.gh/economic-data/merchandise-trade-flows/,0
2020-07-01,2020,7,Jul,Merchandise Exports_Cocoa Products (Millions of US Dollars),78.09,merchandise_trade_flows,https://www.bog.gov.gh/economic-data/merchandise-trade-flows/,0
2020-08-01,2020,8,Aug,Merchandise Exports_Cocoa Products (Millions of US Dollars),67.62,merchandise_trade_flows,https://www.bog.gov.gh/economic-data/merchandise-trade-flows/,0
2020-09-01,2020,9,Sep,Merchandise Exports_Cocoa Products (Millions of US Dollars),30.05,merchandise_trade_flows,https://www.bog.gov.gh/economic-data/merchandise-trade-flows/,0
2020-10-01,2020,10,Oct,Merchandise Exports_Cocoa Products (Millions of US Dollars),40.34,merchandise_trade_flows,https://www.bog.gov.gh/economic-data/merchandise-trade-flows/,0
2020-11-01,2020,11,Nov,Merchandise Exports_Cocoa Products (Millions of US Dollars),63.93,merchandise_trade_flows,https://www.bog.gov.gh/economic-data/merchandise-trade-flows/,0
2020-12-01,2020,12,Dec,Merchandise Exports_Cocoa Products (Millions of US Dollars),61.41,merchandise_trade_flows,https://www.bog.gov.gh/economic-data/merchandise-trade-flows/,0
2021-01-01,2021,1,Jan,Merchandise Exports_Cocoa Products (Millions of US Dollars),84.5,merchandise_trade_flows,https://www.bog.gov.gh/economic-data/merchandise-trade-flows/,0
2021-02-01,2021,2,Feb,Merchandise Exports_Cocoa Products (Millions of US Dollars),84.71,merchandise_trade_flows,https://www.bog.gov.gh/economic-data/merchandise-trade-flows/,0
2021-03-01,2021,3,Mar,Merchandise Exports_Cocoa Products (Millions of US Dollars),83.81,merchandise_trade_flows,https://www.bog.gov.gh/economic-data/merchandise-trade-flows/,0
2021-04-01,2021,4,Apr,Merchandise Exports_Cocoa Products (Millions of US Dollars),85.39,merchandise_trade_flows,https://www.bog.gov.gh/economic-data/merchandise-trade-flows/,0
2021-05-01,2021,5,May,Merchandise Exports_Cocoa Products (Millions of US Dollars),78.28,merchandise_trade_flows,https://www.bog.gov.gh/economic-data/merchandise-trade-flows/,0
2021-06-01,2021,6,Jun,Merchandise Exports_Cocoa Products (Millions of US Dollars),100.87,merchandise_trade_flows,https://www.bog.gov.gh/economic-data/merchandise-trade-flows/,0
2021-07-01,2021,7,Jul,Merchandise Exports_Cocoa Products (Millions of US Dollars),110.4,merchandise_trade_flows,https://www.bog.gov.gh/economic-data/merchandise-trade-flows/,0
2021-08-01,2021,8,Aug,Merchandise Exports_Cocoa Products (Millions of US Dollars),96.15,merchandise_trade_flows,https://www.bog.gov.gh/economic-data/merchandise-trade-flows/,0
2021-09-01,2021,9,Sep,Merchandise Exports_Cocoa Products (Millions of US Dollars),107.63,merchandise_trade_flows,https://www.bog.gov.gh/economic-data/merchandise-trade-flows/,0
2021-10-01,2021,10,Oct,Merchandise Exports_Cocoa Products (Millions of US Dollars),83.56,merchandise_trade_flows,https://www.bog.gov.gh/economic-data/merchandise-trade-flows/,0
2021-11-01,2021,11,Nov,Merchandise Exports_Cocoa Products (Millions of US Dollars),80.47,merchandise_trade_flows,https://www.bog.gov.gh/economic-data/merchandise-trade-flows/,0
2021-12-01,2021,12,Dec,Merchandise Exports_Cocoa Products (Millions of US Dollars),74.93,merchandise_trade_flows,https://www.bog.gov.gh/economic-data/merchandise-trade-flows/,0
2022-01-01,2022,1,Jan,Merchandise Exports_Cocoa Products (Millions of US Dollars),77.64,merchandise_trade_flows,https://www.bog.gov.gh/economic-data/merchandise-trade-flows/,0
2022-02-01,2022,2,Feb,Merchandise Exports_Cocoa Products (Millions of US Dollars),80.0,merchandise_trade_flows,https://www.bog.gov.gh/economic-data/merchandise-trade-flows/,0
2022-03-01,2022,3,Mar,Merchandise Exports_Cocoa Products (Millions of US Dollars),87.71,merchandise_trade_flows,https://www.bog.gov.gh/economic-data/merchandise-trade-flows/,0
2022-04-01,2022,4,Apr,Merchandise Exports_Cocoa Products (Millions of US Dollars),71.37,merchandise_trade_flows,https://www.bog.gov.gh/economic-data/merchandise-trade-flows/,0
2022-05-01,2022,5,May,Merchandise Exports_Cocoa Products (Millions of US Dollars),88.64,merchandise_trade_flows,https://www.bog.gov.gh/economic-data/merchandise-trade-flows/,0
2022-06-01,2022,6,Jun,Merchandise Exports_Cocoa Products (Millions of US Dollars),103.98,merchandise_trade_flows,https://www.bog.gov.gh/economic-data/merchandise-trade-flows/,0
2022-07-01,2022,7,Jul,Merchandise Exports_Cocoa Products (Millions of US Dollars),83.9,merchandise_trade_flows,https://www.bog.gov.gh/economic-data/merchandise-trade-flows/,0
2022-08-01,2022,8,Aug,Merchandise Exports_Cocoa Products (Millions of US Dollars),83.21,merchandise_trade_flows,https://www.bog.gov.gh/economic-data/merchandise-trade-flows/,0
2022-09-01,2022,9,Sep,Merchandise Exports_Cocoa Products (Millions of US Dollars),65.93,merchandise_trade_flows,https://www.bog.gov.gh/economic-data/merchandise-trade-flows/,0
2022-10-01,2022,10,Oct,Merchandise Exports_Cocoa Products (Millions of US Dollars),64.57,merchandise_trade_flows,https://www.bog.gov.gh/economic-data/merchandise-trade-flows/,0
2022-11-01,2022,11,Nov,Merchandise Exports_Cocoa Products (Millions of US Dollars),79.92,merchandise_trade_flows,https://www.bog.gov.gh/economic-data/merchandise-trade-flows/,0
2022-12-01,2022,12,Dec,Merchandise Exports_Cocoa Products (Millions of US Dollars),100.04,merchandise_trade_flows,https://www.bog.gov.gh/economic-data/merchandise-trade-flows/,0
2023-01-01,2023,1,Jan,Merchandise Exports_Cocoa Products (Millions of US Dollars),81.49,merchandise_trade_flows,https://www.bog.gov.gh/economic-data/merchandise-trade-flows/,0
2023-02-01,2023,2,Feb,Merchandise Exports_Cocoa Products (Millions of US Dollars),77.11,merchandise_trade_flows,https://www.bog.gov.gh/economic-data/merchandise-trade-flows/,0
2023-03-01,2023,3,Mar,Merchandise Exports_Cocoa Products (Millions of US Dollars),90.75,merchandise_trade_flows,https://www.bog.gov.gh/economic-data/merchandise-trade-flows/,0
2023-04-01,2023,4,Apr,Merchandise Exports_Cocoa Products (Millions of US Dollars),51.42,merchandise_trade_flows,https://www.bog.gov.gh/economic-data/merchandise-trade-flows/,0
2023-05-01,2023,5,May,Merchandise Exports_Cocoa Products (Millions of US Dollars),0.0,merchandise_trade_flows,https://www.bog.gov.gh/economic-data/merchandise-trade-flows/,0
2023-06-01,2023,6,Jun,Merchandise Exports_Cocoa Products (Millions of US Dollars),0.0,merchandise_trade_flows,https://www.bog.gov.gh/economic-data/merchandise-trade-flows/,0
2023-07-01,2023,7,Jul,Merchandise Exports_Cocoa Products (Millions of US Dollars),0.0,merchandise_trade_flows,https://www.bog.gov.gh/economic-data/merchandise-trade-flows/,0
2023-08-01,2023,8,Aug,Merchandise Exports_Cocoa Products (Millions of US Dollars),0.0,merchandise_trade_flows,https://www.bog.gov.gh/economic-data/merchandise-trade-flows/,0
2023-09-01,2023,9,Sep,Merchandise Exports_Cocoa Products (Millions of US Dollars),0.0,merchandise_trade_flows,https://www.bog.gov.gh/economic-data/merchandise-trade-flows/,0
2023-10-01,2023,10,Oct,Merchandise Exports_Cocoa Products (Millions of US Dollars),0.0,merchandise_trade_flows,https://www.bog.gov.gh/economic-data/merchandise-trade-flows/,0
2023-11-01,2023,11,Nov,Merchandise Exports_Cocoa Products (Millions of US Dollars),0.0,merchandise_trade_flows,https://www.bog.gov.gh/economic-data/merchandise-trade-flows/,0
2023-12-01,2023,12,Dec,Merchandise Exports_Cocoa Products (Millions of US Dollars),0.0,merchandise_trade_flows,https://www.bog.gov.gh/economic-data/merchandise-trade-flows/,0
2011-01-01,2011,1,Jan,Merchandise Exports_Crude Oil (Millions of US Dollars),153.44,merchandise_trade_flows,https://www.bog.gov.gh/economic-data/merchandise-trade-flows/,0
2011-02-01,2011,2,Feb,Merchandise Exports_Crude Oil (Millions of US Dollars),101.52,merchandise_trade_flows,https://www.bog.gov.gh/economic-data/merchandise-trade-flows/,0
2011-03-01,2011,3,Mar,Merchandise Exports_Crude Oil (Millions of US Dollars),227.33,merchandise_trade_flows,https://www.bog.gov.gh/economic-data/merchandise-trade-flows/,0
2011-04-01,2011,4,Apr,Merchandise Exports_Crude Oil (Millions of US Dollars),247.83,merchandise_trade_flows,https://www.bog.gov.gh/economic-data/merchandise-trade-flows/,0
2011-05-01,2011,5,May,Merchandise Exports_Crude Oil (Millions of US Dollars),230.74,merchandise_trade_flows,https://www.bog.gov.gh/economic-data/merchandise-trade-flows/,0
2011-06-01,2011,6,Jun,Merchandise Exports_Crude Oil (Millions of US Dollars),226.12,merchandise_trade_flows,https://www.bog.gov.gh/economic-data/merchandise-trade-flows/,0
2011-07-01,2011,7,Jul,Merchandise Exports_Crude Oil (Millions of US Dollars),232.78,merchandise_trade_flows,https://www.bog.gov.gh/economic-data/merchandise-trade-flows/,0
2011-08-01,2011,8,Aug,Merchandise Exports_Crude Oil (Millions of US Dollars),332.67,merchandise_trade_flows,https://www.bog.gov.gh/economic-data/merchandise-trade-flows/,0
2011-09-01,2011,9,Sep,Merchandise Exports_Crude Oil (Millions of US Dollars),220.22,merchandise_trade_flows,https://www.bog.gov.gh/economic-data/merchandise-trade-flows/,0
2011-10-01,2011,10,Oct,Merchandise Exports_Crude Oil (Millions of US Dollars),327.02,merchandise_trade_flows,https://www.bog.gov.gh/economic-data/merchandise-trade-flows/,0
2011-11-01,2011,11,Nov,Merchandise Exports_Crude Oil (Millions of US Dollars),257.67,merchandise_trade_flows,https://www.bog.gov.gh/economic-data/merchandise-trade-flows/,0
2011-12-01,2011,12,Dec,Merchandise Exports_Crude Oil (Millions of US Dollars),223.32,merchandise_trade_flows,https://www.bog.gov.gh/economic-data/merchandise-trade-flows/,0
2012-01-01,2012,1,Jan,Merchandise Exports_Crude Oil (Millions of US Dollars),217.9,merchandise_trade_flows,https://www.bog.gov.gh/economic-data/merchandise-trade-flows/,0
2012-02-01,2012,2,Feb,Merchandise Exports_Crude Oil (Millions of US Dollars),234.21,merchandise_trade_flows,https://www.bog.gov.gh/economic-data/merchandise-trade-flows/,0
2012-03-01,2012,3,Mar,Merchandise Exports_Crude Oil (Millions of US Dollars),248.02,merchandise_trade_flows,https://www.bog.gov.gh/economic-data/merchandise-trade-flows/,0
2012-04-01,2012,4,Apr,Merchandise Exports_Crude Oil (Millions of US Dollars),248.42,merchandise_trade_flows,https://www.bog.gov.gh/economic-data/merchandise-trade-flows/,0
2012-05-01,2012,5,May,Merchandise Exports_Crude Oil (Millions of US Dollars),232.9,merchandise_trade_flows,https://www.bog.gov.gh/economic-data/merchandise-trade-flows/,0
2012-06-01,2012,6,Jun,Merchandise Exports_Crude Oil (Millions of US Dollars),176.35,merchandise_trade_flows,https://www.bog.gov.gh/economic-data/merchandise-trade-flows/,0
2012-07-01,2012,7,Jul,Merchandise Exports_Crude Oil (Millions of US Dollars),199.87,merchandise_trade_flows,https://www.bog.gov.gh/economic-data/merchandise-trade-flows/,0
2012-08-01,2012,8,Aug,Merchandise Exports_Crude Oil (Millions of US Dollars),319.0,merchandise_trade_flows,https://www.bog.gov.gh/economic-data/merchandise-trade-flows/,0
2012-09-01,2012,9,Sep,Merchandise Exports_Crude Oil (Millions of US Dollars),221.85,merchandise_trade_flows,https://www.bog.gov.gh/economic-data/merchandise-trade-flows/,0
2012-10-01,2012,10,Oct,Merchandise Exports_Crude Oil (Millions of US Dollars),344.18,merchandise_trade_flows,https://www.bog.gov.gh/economic-data/merchandise-trade-flows/,0
2012-11-01,2012,11,Nov,Merchandise Exports_Crude Oil (Millions of US Dollars),211.93,merchandise_trade_flows,https://www.bog.gov.gh/economic-data/merchandise-trade-flows/,0
2012-12-01,2012,12,Dec,Merchandise Exports_Crude Oil (Millions of US Dollars),321.44,merchandise_trade_flows,https://www.bog.gov.gh/economic-data/merchandise-trade-flows/,0
2013-01-01,2013,1,Jan,Merchandise Exports_Crude Oil (Millions of US Dollars),336.22,merchandise_trade_flows,https://www.bog.gov.gh/economic-data/merchandise-trade-flows/,0
2013-02-01,2013,2,Feb,Merchandise Exports_Crude Oil (Millions of US Dollars),340.67,merchandise_trade_flows,https://www.bog.gov.gh/economic-data/merchandise-trade-flows/,0
2013-03-01,2013,3,Mar,Merchandise Exports_Crude Oil (Millions of US Dollars),432.04,merchandise_trade_flows,https://www.bog.gov.gh/economic-data/merchandise-trade-flows/,0
2013-04-01,2013,4,Apr,Merchandise Exports_Crude Oil (Millions of US Dollars),290.95,merchandise_trade_flows,https://www.bog.gov.gh/economic-data/merchandise-trade-flows/,0
2013-05-01,2013,5,May,Merchandise Exports_Crude Oil (Millions of US Dollars),300.88,merchandise_trade_flows,https://www.bog.gov.gh/economic-data/merchandise-trade-flows/,0
2013-06-01,2013,6,Jun,Merchandise Exports_Crude Oil (Millions of US Dollars),304.7,merchandise_trade_flows,https://www.bog.gov.gh/economic-data/merchandise-trade-flows/,0
2013-07-01,2013,7,Jul,Merchandise Exports_Crude Oil (Millions of US Dollars),312.05,merchandise_trade_flows,https://www.bog.gov.gh/economic-data/merchandise-trade-flows/,0
2013-08-01,2013,8,Aug,Merchandise Exports_Crude Oil (Millions of US Dollars),333.07,merchandise_trade_flows,https://www.bog.gov.gh/economic-data/merchandise-trade-flows/,0
2013-09-01,2013,9,Sep,Merchandise Exports_Crude Oil (Millions of US Dollars),326.9,merchandise_trade_flows,https://www.bog.gov.gh/economic-data/merchandise-trade-flows/,0
2013-10-01,2013,10,Oct,Merchandise Exports_Crude Oil (Millions of US Dollars),208.54,merchandise_trade_flows,https://www.bog.gov.gh/economic-data/merchandise-trade-flows/,0
2013-11-01,2013,11,Nov,Merchandise Exports_Crude Oil (Millions of US Dollars),394.46,merchandise_trade_flows,https://www.bog.gov.gh/economic-data/merchandise-trade-flows/,0
2013-12-01,2013,12,Dec,Merchandise Exports_Crude Oil (Millions of US Dollars),304.84,merchandise_trade_flows,https://www.bog.gov.gh/economic-data/merchandise-trade-flows/,0
2014-01-01,2014,1,Jan,Merchandise Exports_Crude Oil (Millions of US Dollars),315.46,merchandise_trade_flows,https://www.bog.gov.gh/economic-data/merchandise-trade-flows/,0
2014-02-01,2014,2,Feb,Merchandise Exports_Crude Oil (Millions of US Dollars),327.34,merchandise_trade_flows,https://www.bog.gov.gh/economic-data/merchandise-trade-flows/,0
2014-03-01,2014,3,Mar,Merchandise Exports_Crude Oil (Millions of US Dollars),310.92,merchandise_trade_flows,https://www.bog.gov.gh/economic-data/merchandise-trade-flows/,0
2014-04-01,2014,4,Apr,Merchandise Exports_Crude Oil (Millions of US Dollars),315.26,merchandise_trade_flows,https://www.bog.gov.gh/economic-data/merchandise-trade-flows/,0
2014-05-01,2014,5,May,Merchandise Exports_Crude Oil (Millions of US Dollars),320.69,merchandise_trade_flows,https://www.bog.gov.gh/economic-data/merchandise-trade-flows/,0
2014-06-01,2014,6,Jun,Merchandise Exports_Crude Oil (Millions of US Dollars),433.95,merchandise_trade_flows,https://www.bog.gov.gh/economic-data/merchandise-trade-flows/,0
2014-07-01,2014,7,Jul,Merchandise Exports_Crude Oil (Millions of US Dollars),307.56,merchandise_trade_flows,https://www.bog.gov.gh/economic-data/merchandise-trade-flows/,0
2014-08-01,2014,8,Aug,Merchandise Exports_Crude Oil (Millions of US Dollars),305.56,merchandise_trade_flows,https://www.bog.gov.gh/economic-data/merchandise-trade-flows/,0
2014-09-01,2014,9,Sep,Merchandise Exports_Crude Oil (Millions of US Dollars),288.97,merchandise_trade_flows,https://www.bog.gov.gh/economic-data/merchandise-trade-flows/,0
2014-10-01,2014,10,Oct,Merchandise Exports_Crude Oil (Millions of US Dollars),322.45,merchandise_trade_flows,https://www.bog.gov.gh/economic-data/merchandise-trade-flows/,0
2014-11-01,2014,11,Nov,Merchandise Exports_Crude Oil (Millions of US Dollars),309.1,merchandise_trade_flows,https://www.bog.gov.gh/economic-data/merchandise-trade-flows/,0
2014-12-01,2014,12,Dec,Merchandise Exports_Crude Oil (Millions of US Dollars),167.69,merchandise_trade_flows,https://www.bog.gov.gh/economic-data/merchandise-trade-flows/,0
2015-01-01,2015,1,Jan,Merchandise Exports_Crude Oil (Millions of US Dollars),145.98,merchandise_trade_flows,https://www.bog.gov.gh/economic-data/merchandise-trade-flows/,0
2015-02-01,2015,2,Feb,Merchandise Exports_Crude Oil (Millions of US Dollars),150.45,merchandise_trade_flows,https://www.bog.gov.gh/economic-data/merchandise-trade-flows/,0
2015-03-01,2015,3,Mar,Merchandise Exports_Crude Oil (Millions of US Dollars),148.7,merchandise_trade_flows,https://www.bog.gov.gh/economic-data/merchandise-trade-flows/,0
2015-04-01,2015,4,Apr,Merchandise Exports_Crude Oil (Millions of US Dollars),242.18,merchandise_trade_flows,https://www.bog.gov.gh/economic-data/merchandise-trade-flows/,0
2015-05-01,2015,5,May,Merchandise Exports_Crude Oil (Millions of US Dollars),181.07,merchandise_trade_flows,https://www.bog.gov.gh/economic-data/merchandise-trade-flows/,0
2015-06-01,2015,6,Jun,Merchandise Exports_Crude Oil (Millions of US Dollars),227.87,merchandise_trade_flows,https://www.bog.gov.gh/economic-data/merchandise-trade-flows/,0
2015-07-01,2015,7,Jul,Merchandise Exports_Crude Oil (Millions of US Dollars),102.12,merchandise_trade_flows,https://www.bog.gov.gh/economic-data/merchandise-trade-flows/,0
2015-08-01,2015,8,Aug,Merchandise Exports_Crude Oil (Millions of US Dollars),181.69,merchandise_trade_flows,https://www.bog.gov.gh/economic-data/merchandise-trade-flows/,0
2015-09-01,2015,9,Sep,Merchandise Exports_Crude Oil (Millions of US Dollars),134.23,merchandise_trade_flows,https://www.bog.gov.gh/economic-data/merchandise-trade-flows/,0
2015-10-01,2015,10,Oct,Merchandise Exports_Crude Oil (Millions of US Dollars),138.49,merchandise_trade_flows,https://www.bog.gov.gh/economic-data/merchandise-trade-flows/,0
2015-11-01,2015,11,Nov,Merchandise Exports_Crude Oil (Millions of US Dollars),171.27,merchandise_trade_flows,https://www.bog.gov.gh/economic-data/merchandise-trade-flows/,0
2015-12-01,2015,12,Dec,Merchandise Exports_Crude Oil (Millions of US Dollars),107.23,merchandise_trade_flows,https://www.bog.gov.gh/economic-data/merchandise-trade-flows/,0
2016-01-01,2016,1,Jan,Merchandise Exports_Crude Oil (Millions of US Dollars),92.07,merchandise_trade_flows,https://www.bog.gov.gh/economic-data/merchandise-trade-flows/,0
2016-02-01,2016,2,Feb,Merchandise Exports_Crude Oil (Millions of US Dollars),120.24,merchandise_trade_flows,https://www.bog.gov.gh/economic-data/merchandise-trade-flows/,0
2016-03-01,2016,3,Mar,Merchandise Exports_Crude Oil (Millions of US Dollars),0.0,merchandise_trade_flows,https://www.bog.gov.gh/economic-data/merchandise-trade-flows/,0
2016-04-01,2016,4,Apr,Merchandise Exports_Crude Oil (Millions of US Dollars),0.0,merchandise_trade_flows,https://www.bog.gov.gh/economic-data/merchandise-trade-flows/,0
2016-05-01,2016,5,May,Merchandise Exports_Crude Oil (Millions of US Dollars),48.1,merchandise_trade_flows,https://www.bog.gov.gh/economic-data/merchandise-trade-flows/,0
2016-06-01,2016,6,Jun,Merchandise Exports_Crude Oil (Millions of US Dollars),147.85,merchandise_trade_flows,https://www.bog.gov.gh/economic-data/merchandise-trade-flows/,0
2016-07-01,2016,7,Jul,Merchandise Exports_Crude Oil (Millions of US Dollars),89.91,merchandise_trade_flows,https://www.bog.gov.gh/economic-data/merchandise-trade-flows/,0
2016-08-01,2016,8,Aug,Merchandise Exports_Crude Oil (Millions of US Dollars),184.84,merchandise_trade_flows,https://www.bog.gov.gh/economic-data/merchandise-trade-flows/,0
2016-09-01,2016,9,Sep,Merchandise Exports_Crude Oil (Millions of US Dollars),89.82,merchandise_trade_flows,https://www.bog.gov.gh/economic-data/merchandise-trade-flows/,0
2016-10-01,2016,10,Oct,Merchandise Exports_Crude Oil (Millions of US Dollars),222.95,merchandise_trade_flows,https://www.bog.gov.gh/economic-data/merchandise-trade-flows/,0
2016-11-01,2016,11,Nov,Merchandise Exports_Crude Oil (Millions of US Dollars),140.68,merchandise_trade_flows,https://www.bog.gov.gh/economic-data/merchandise-trade-flows/,0
2016-12-01,2016,12,Dec,Merchandise Exports_Crude Oil (Millions of US Dollars),208.75,merchandise_trade_flows,https://www.bog.gov.gh/economic-data/merchandise-trade-flows/,0
2017-01-01,2017,1,Jan,Merchandise Exports_Crude Oil (Millions of US Dollars),161.16,merchandise_trade_flows,https://www.bog.gov.gh/economic-data/merchandise-trade-flows/,0
2017-02-01,2017,2,Feb,Merchandise Exports_Crude Oil (Millions of US Dollars),217.67,merchandise_trade_flows,https://www.bog.gov.gh/economic-data/merchandise-trade-flows/,0
2017-03-01,2017,3,Mar,Merchandise Exports_Crude Oil (Millions of US Dollars),253.7,merchandise_trade_flows,https://www.bog.gov.gh/economic-data/merchandise-trade-flows/,0
2017-04-01,2017,4,Apr,Merchandise Exports_Crude Oil (Millions of US Dollars),212.77,merchandise_trade_flows,https://www.bog.gov.gh/economic-data/merchandise-trade-flows/,0
2017-05-01,2017,5,May,Merchandise Exports_Crude Oil (Millions of US Dollars),188.05,merchandise_trade_flows,https://www.bog.gov.gh/economic-data/merchandise-trade-flows/,0
2017-06-01,2017,6,Jun,Merchandise Exports_Crude Oil (Millions of US Dollars),209.19,merchandise_trade_flows,https://www.bog.gov.gh/economic-data/merchandise-trade-flows/,0
2017-07-01,2017,7,Jul,Merchandise Exports_Crude Oil (Millions of US Dollars),184.97,merchandise_trade_flows,https://www.bog.gov.gh/economic-data/merchandise-trade-flows/,0
2017-08-01,2017,8,Aug,Merchandise Exports_Crude Oil (Millions of US Dollars),304.14,merchandise_trade_flows,https://www.bog.gov.gh/economic-data/merchandise-trade-flows/,0
2017-09-01,2017,9,Sep,Merchandise Exports_Crude Oil (Millions of US Dollars),271.33,merchandise_trade_flows,https://www.bog.gov.gh/economic-data/merchandise-trade-flows/,0
2017-10-01,2017,10,Oct,Merchandise Exports_Crude Oil (Millions of US Dollars),311.23,merchandise_trade_flows,https://www.bog.gov.gh/economic-data/merchandise-trade-flows/,0
2017-11-01,2017,11,Nov,Merchandise Exports_Crude Oil (Millions of US Dollars),421.37,merchandise_trade_flows,https://www.bog.gov.gh/economic-data/merchandise-trade-flows/,0
2017-12-01,2017,12,Dec,Merchandise Exports_Crude Oil (Millions of US Dollars),379.54,merchandise_trade_flows,https://www.bog.gov.gh/economic-data/merchandise-trade-flows/,0
2018-01-01,2018,1,Jan,Merchandise Exports_Crude Oil (Millions of US Dollars),400.05,merchandise_trade_flows,https://www.bog.gov.gh/economic-data/merchandise-trade-flows/,0
2018-02-01,2018,2,Feb,Merchandise Exports_Crude Oil (Millions of US Dollars),264.84,merchandise_trade_flows,https://www.bog.gov.gh/economic-data/merchandise-trade-flows/,0
2018-03-01,2018,3,Mar,Merchandise Exports_Crude Oil (Millions of US Dollars),387.87,merchandise_trade_flows,https://www.bog.gov.gh/economic-data/merchandise-trade-flows/,0
2018-04-01,2018,4,Apr,Merchandise Exports_Crude Oil (Millions of US Dollars),409.76,merchandise_trade_flows,https://www.bog.gov.gh/economic-data/merchandise-trade-flows/,0
2018-05-01,2018,5,May,Merchandise Exports_Crude Oil (Millions of US Dollars),448.45,merchandise_trade_flows,https://www.bog.gov.gh/economic-data/merchandise-trade-flows/,0
2018-06-01,2018,6,Jun,Merchandise Exports_Crude Oil (Millions of US Dollars),220.77,merchandise_trade_flows,https://www.bog.gov.gh/economic-data/merchandise-trade-flows/,0
2018-07-01,2018,7,Jul,Merchandise Exports_Crude Oil (Millions of US Dollars),358.17,merchandise_trade_flows,https://www.bog.gov.gh/economic-data/merchandise-trade-flows/,0
2018-08-01,2018,8,Aug,Merchandise Exports_Crude Oil (Millions of US Dollars),427.99,merchandise_trade_flows,https://www.bog.gov.gh/economic-data/merchandise-trade-flows/,0
2018-09-01,2018,9,Sep,Merchandise Exports_Crude Oil (Millions of US Dollars),460.51,merchandise_trade_flows,https://www.bog.gov.gh/economic-data/merchandise-trade-flows/,0
2018-10-01,2018,10,Oct,Merchandise Exports_Crude Oil (Millions of US Dollars),466.57,merchandise_trade_flows,https://www.bog.gov.gh/economic-data/merchandise-trade-flows/,0
2018-11-01,2018,11,Nov,Merchandise Exports_Crude Oil (Millions of US Dollars),390.91,merchandise_trade_flows,https://www.bog.gov.gh/economic-data/merchandise-trade-flows/,0
2018-12-01,2018,12,Dec,Merchandise Exports_Crude Oil (Millions of US Dollars),337.51,merchandise_trade_flows,https://www.bog.gov.gh/economic-data/merchandise-trade-flows/,0
2019-01-01,2019,1,Jan,Merchandise Exports_Crude Oil (Millions of US Dollars),348.27,merchandise_trade_flows,https://www.bog.gov.gh/economic-data/merchandise-trade-flows/,0
2019-02-01,2019,2,Feb,Merchandise Exports_Crude Oil (Millions of US Dollars),381.7,merchandise_trade_flows,https://www.bog.gov.gh/economic-data/merchandise-trade-flows/,0
2019-03-01,2019,3,Mar,Merchandise Exports_Crude Oil (Millions of US Dollars),324.13,merchandise_trade_flows,https://www.bog.gov.gh/economic-data/merchandise-trade-flows/,0
2019-04-01,2019,4,Apr,Merchandise Exports_Crude Oil (Millions of US Dollars),348.64,merchandise_trade_flows,https://www.bog.gov.gh/economic-data/merchandise-trade-flows/,0
2019-05-01,2019,5,May,Merchandise Exports_Crude Oil (Millions of US Dollars),470.09,merchandise_trade_flows,https://www.bog.gov.gh/economic-data/merchandise-trade-flows/,0
2019-06-01,2019,6,Jun,Merchandise Exports_Crude Oil (Millions of US Dollars),416.91,merchandise_trade_flows,https://www.bog.gov.gh/economic-data/merchandise-trade-flows/,0
2019-07-01,2019,7,Jul,Merchandise Exports_Crude Oil (Millions of US Dollars),443.5,merchandise_trade_flows,https://www.bog.gov.gh/economic-data/merchandise-trade-flows/,0
2019-08-01,2019,8,Aug,Merchandise Exports_Crude Oil (Millions of US Dollars),339.86,merchandise_trade_flows,https://www.bog.gov.gh/economic-data/merchandise-trade-flows/,0
2019-09-01,2019,9,Sep,Merchandise Exports_Crude Oil (Millions of US Dollars),352.36,merchandise_trade_flows,https://www.bog.gov.gh/economic-data/merchandise-trade-flows/,0
2019-10-01,2019,10,Oct,Merchandise Exports_Crude Oil (Millions of US Dollars),404.21,merchandise_trade_flows,https://www.bog.gov.gh/economic-data/merchandise-trade-flows/,0
2019-11-01,2019,11,Nov,Merchandise Exports_Crude Oil (Millions of US Dollars),361.29,merchandise_trade_flows,https://www.bog.gov.gh/economic-data/merchandise-trade-flows/,0
2019-12-01,2019,12,Dec,Merchandise Exports_Crude Oil (Millions of US Dollars),302.11,merchandise_trade_flows,https://www.bog.gov.gh/economic-data/merchandise-trade-flows/,0
2020-01-01,2020,1,Jan,Merchandise Exports_Crude Oil (Millions of US Dollars),315.11,merchandise_trade_flows,https://www.bog.gov.gh/economic-data/merchandise-trade-flows/,0
2020-02-01,2020,2,Feb,Merchandise Exports_Crude Oil (Millions of US Dollars),366.7,merchandise_trade_flows,https://www.bog.gov.gh/economic-data/merchandise-trade-flows/,0
2020-03-01,2020,3,Mar,Merchandise Exports_Crude Oil (Millions of US Dollars),108.15,merchandise_trade_flows,https://www.bog.gov.gh/economic-data/merchandise-trade-flows/,0
2020-04-01,2020,4,Apr,Merchandise Exports_Crude Oil (Millions of US Dollars),226.56,merchandise_trade_flows,https://www.bog.gov.gh/economic-data/merchandise-trade-flows/,0
2020-05-01,2020,5,May,Merchandise Exports_Crude Oil (Millions of US Dollars),162.94,merchandise_trade_flows,https://www.bog.gov.gh/economic-data/merchandise-trade-flows/,0
2020-06-01,2020,6,Jun,Merchandise Exports_Crude Oil (Millions of US Dollars),241.82,merchandise_trade_flows,https://www.bog.gov.gh/economic-data/merchandise-trade-flows/,0
2020-07-01,2020,7,Jul,Merchandise Exports_Crude Oil (Millions of US Dollars),208.38,merchandise_trade_flows,https://www.bog.gov.gh/economic-data/merchandise-trade-flows/,0
2020-08-01,2020,8,Aug,Merchandise Exports_Crude Oil (Millions of US Dollars),298.94,merchandise_trade_flows,https://www.bog.gov.gh/economic-data/merchandise-trade-flows/,0
2020-09-01,2020,9,Sep,Merchandise Exports_Crude Oil (Millions of US Dollars),277.27,merchandise_trade_flows,https://www.bog.gov.gh/economic-data/merchandise-trade-flows/,0
2020-10-01,2020,10,Oct,Merchandise Exports_Crude Oil (Millions of US Dollars),201.72,merchandise_trade_flows,https://www.bog.gov.gh/economic-data/merchandise-trade-flows/,0
2020-11-01,2020,11,Nov,Merchandise Exports_Crude Oil (Millions of US Dollars),211.8,merchandise_trade_flows,https://www.bog.gov.gh/economic-data/merchandise-trade-flows/,0
2020-12-01,2020,12,Dec,Merchandise Exports_Crude Oil (Millions of US Dollars),291.23,merchandise_trade_flows,https://www.bog.gov.gh/economic-data/merchandise-trade-flows/,0
2021-01-01,2021,1,Jan,Merchandise Exports_Crude Oil (Millions of US Dollars),268.01,merchandise_trade_flows,https://www.bog.gov.gh/economic-data/merchandise-trade-flows/,0
2021-02-01,2021,2,Feb,Merchandise Exports_Crude Oil (Millions of US Dollars),242.2,merchandise_trade_flows,https://www.bog.gov.gh/economic-data/merchandise-trade-flows/,0
2021-03-01,2021,3,Mar,Merchandise Exports_Crude Oil (Millions of US Dollars),326.0,merchandise_trade_flows,https://www.bog.gov.gh/economic-data/merchandise-trade-flows/,0
2021-04-01,2021,4,Apr,Merchandise Exports_Crude Oil (Millions of US Dollars),313.33,merchandise_trade_flows,https://www.bog.gov.gh/economic-data/merchandise-trade-flows/,0
2021-05-01,2021,5,May,Merchandise Exports_Crude Oil (Millions of US Dollars),328.52,merchandise_trade_flows,https://www.bog.gov.gh/economic-data/merchandise-trade-flows/,0
2021-06-01,2021,6,Jun,Merchandise Exports_Crude Oil (Millions of US Dollars),279.02,merchandise_trade_flows,https://www.bog.gov.gh/economic-data/merchandise-trade-flows/,0
2021-07-01,2021,7,Jul,Merchandise Exports_Crude Oil (Millions of US Dollars),417.23,merchandise_trade_flows,https://www.bog.gov.gh/economic-data/merchandise-trade-flows/,0
2021-08-01,2021,8,Aug,Merchandise Exports_Crude Oil (Millions of US Dollars),261.37,merchandise_trade_flows,https://www.bog.gov.gh/economic-data/merchandise-trade-flows/,0
2021-09-01,2021,9,Sep,Merchandise Exports_Crude Oil (Millions of US Dollars),354.54,merchandise_trade_flows,https://www.bog.gov.gh/economic-data/merchandise-trade-flows/,0
2021-10-01,2021,10,Oct,Merchandise Exports_Crude Oil (Millions of US Dollars),318.52,merchandise_trade_flows,https://www.bog.gov.gh/economic-data/merchandise-trade-flows/,0
2021-11-01,2021,11,Nov,Merchandise Exports_Crude Oil (Millions of US Dollars),478.61,merchandise_trade_flows,https://www.bog.gov.gh/economic-data/merchandise-trade-flows/,0
2021-12-01,2021,12,Dec,Merchandise Exports_Crude Oil (Millions of US Dollars),360.38,merchandise_trade_flows,https://www.bog.gov.gh/economic-data/merchandise-trade-flows/,0
2022-01-01,2022,1,Jan,Merchandise Exports_Crude Oil (Millions of US Dollars),328.87,merchandise_trade_flows,https://www.bog.gov.gh/economic-data/merchandise-trade-flows/,0
2022-02-01,2022,2,Feb,Merchandise Exports_Crude Oil (Millions of US Dollars),359.9,merchandise_trade_flows,https://www.bog.gov.gh/economic-data/merchandise-trade-flows/,0
2022-03-01,2022,3,Mar,Merchandise Exports_Crude Oil (Millions of US Dollars),651.66,merchandise_trade_flows,https://www.bog.gov.gh/economic-data/merchandise-trade-flows/,0
2022-04-01,2022,4,Apr,Merchandise Exports_Crude Oil (Millions of US Dollars),510.33,merchandise_trade_flows,https://www.bog.gov.gh/economic-data/merchandise-trade-flows/,0
2022-05-01,2022,5,May,Merchandise Exports_Crude Oil (Millions of US Dollars),431.98,merchandise_trade_flows,https://www.bog.gov.gh/economic-data/merchandise-trade-flows/,0
2022-06-01,2022,6,Jun,Merchandise Exports_Crude Oil (Millions of US Dollars),550.74,merchandise_trade_flows,https://www.bog.gov.gh/economic-data/merchandise-trade-flows/,0
2022-07-01,2022,7,Jul,Merchandise Exports_Crude Oil (Millions of US Dollars),520.2,merchandise_trade_flows,https://www.bog.gov.gh/economic-data/merchandise-trade-flows/,0
2022-08-01,2022,8,Aug,Merchandise Exports_Crude Oil (Millions of US Dollars),474.09,merchandise_trade_flows,https://www.bog.gov.gh/economic-data/merchandise-trade-flows/,0
2022-09-01,2022,9,Sep,Merchandise Exports_Crude Oil (Millions of US Dollars),342.59,merchandise_trade_flows,https://www.bog.gov.gh/economic-data/merchandise-trade-flows/,0
2022-10-01,2022,10,Oct,Merchandise Exports_Crude Oil (Millions of US Dollars),443.73,merchandise_trade_flows,https://www.bog.gov.gh/economic-data/merchandise-trade-flows/,0
2022-11-01,2022,11,Nov,Merchandise Exports_Crude Oil (Millions of US Dollars),422.08,merchandise_trade_flows,https://www.bog.gov.gh/economic-data/merchandise-trade-flows/,0
2022-12-01,2022,12,Dec,Merchandise Exports_Crude Oil (Millions of US Dollars),392.45,merchandise_trade_flows,https://www.bog.gov.gh/economic-data/merchandise-trade-flows/,0
2023-01-01,2023,1,Jan,Merchandise Exports_Crude Oil (Millions of US Dollars),322.78,merchandise_trade_flows,https://www.bog.gov.gh/economic-data/merchandise-trade-flows/,0
2023-02-01,2023,2,Feb,Merchandise Exports_Crude Oil (Millions of US Dollars),228.55,merchandise_trade_flows,https://www.bog.gov.gh/economic-data/merchandise-trade-flows/,0
2023-03-01,2023,3,Mar,Merchandise Exports_Crude Oil (Millions of US Dollars),301.19,merchandise_trade_flows,https://www.bog.gov.gh/economic-data/merchandise-trade-flows/,0
2023-04-01,2023,4,Apr,Merchandise Exports_Crude Oil (Millions of US Dollars),318.13,merchandise_trade_flows,https://www.bog.gov.gh/economic-data/merchandise-trade-flows/,0
2023-05-01,2023,5,May,Merchandise Exports_Crude Oil (Millions of US Dollars),0.0,merchandise_trade_flows,https://www.bog.gov.gh/economic-data/merchandise-trade-flows/,0
2023-06-01,2023,6,Jun,Merchandise Exports_Crude Oil (Millions of US Dollars),0.0,merchandise_trade_flows,https://www.bog.gov.gh/economic-data/merchandise-trade-flows/,0
2023-07-01,2023,7,Jul,Merchandise Exports_Crude Oil (Millions of US Dollars),0.0,merchandise_trade_flows,https://www.bog.gov.gh/economic-data/merchandise-trade-flows/,0
2023-08-01,2023,8,Aug,Merchandise Exports_Crude Oil (Millions of US Dollars),0.0,merchandise_trade_flows,https://www.bog.gov.gh/economic-data/merchandise-trade-flows/,0
2023-09-01,2023,9,Sep,Merchandise Exports_Crude Oil (Millions of US Dollars),0.0,merchandise_trade_flows,https://www.bog.gov.gh/economic-data/merchandise-trade-flows/,0
2023-10-01,2023,10,Oct,Merchandise Exports_Crude Oil (Millions of US Dollars),0.0,merchandise_trade_flows,https://www.bog.gov.gh/economic-data/merchandise-trade-flows/,0
2023-11-01,2023,11,Nov,Merchandise Exports_Crude Oil (Millions of US Dollars),0.0,merchandise_trade_flows,https://www.bog.gov.gh/economic-data/merchandise-trade-flows/,0
2023-12-01,2023,12,Dec,Merchandise Exports_Crude Oil (Millions of US Dollars),0.0,merchandise_trade_flows,https://www.bog.gov.gh/economic-data/merchandise-trade-flows/,0
2005-01-01,2005,1,Jan,Merchandise Exports_Gold (Millions of US Dollars),70.5,merchandise_trade_flows,https://www.bog.gov.gh/economic-data/merchandise-trade-flows/,0
2005-02-01,2005,2,Feb,Merchandise Exports_Gold (Millions of US Dollars),63.85,merchandise_trade_flows,https://www.bog.gov.gh/economic-data/merchandise-trade-flows/,0
2005-03-01,2005,3,Mar,Merchandise Exports_Gold (Millions of US Dollars),88.54,merchandise_trade_flows,https://www.bog.gov.gh/economic-data/merchandise-trade-flows/,0
2005-04-01,2005,4,Apr,Merchandise Exports_Gold (Millions of US Dollars),74.41,merchandise_trade_flows,https://www.bog.gov.gh/economic-data/merchandise-trade-flows/,0
2005-05-01,2005,5,May,Merchandise Exports_Gold (Millions of US Dollars),72.46,merchandise_trade_flows,https://www.bog.gov.gh/economic-data/merchandise-trade-flows/,0
2005-06-01,2005,6,Jun,Merchandise Exports_Gold (Millions of US Dollars),84.37,merchandise_trade_flows,https://www.bog.gov.gh/economic-data/merchandise-trade-flows/,0
2005-07-01,2005,7,Jul,Merchandise Exports_Gold (Millions of US Dollars),62.84,merchandise_trade_flows,https://www.bog.gov.gh/economic-data/merchandise-trade-flows/,0
2005-08-01,2005,8,Aug,Merchandise Exports_Gold (Millions of US Dollars),87.46,merchandise_trade_flows,https://www.bog.gov.gh/economic-data/merchandise-trade-flows/,0
2005-09-01,2005,9,Sep,Merchandise Exports_Gold (Millions of US Dollars),75.25,merchandise_trade_flows,https://www.bog.gov.gh/economic-data/merchandise-trade-flows/,0
2005-10-01,2005,10,Oct,Merchandise Exports_Gold (Millions of US Dollars),78.68,merchandise_trade_flows,https://www.bog.gov.gh/economic-data/merchandise-trade-flows/,0
2005-11-01,2005,11,Nov,Merchandise Exports_Gold (Millions of US Dollars),78.68,merchandise_trade_flows,https://www.bog.gov.gh/economic-data/merchandise-trade-flows/,0
2005-12-01,2005,12,Dec,Merchandise Exports_Gold (Millions of US Dollars),94.34,merchandise_trade_flows,https://www.bog.gov.gh/economic-data/merchandise-trade-flows/,0
2006-01-01,2006,1,Jan,Merchandise Exports_Gold (Millions of US Dollars),100.89,merchandise_trade_flows,https://www.bog.gov.gh/economic-data/merchandise-trade-flows/,0
2006-02-01,2006,2,Feb,Merchandise Exports_Gold (Millions of US Dollars),85.65,merchandise_trade_flows,https://www.bog.gov.gh/economic-data/merchandise-trade-flows/,0
2006-03-01,2006,3,Mar,Merchandise Exports_Gold (Millions of US Dollars),107.37,merchandise_trade_flows,https://www.bog.gov.gh/economic-data/merchandise-trade-flows/,0
2006-04-01,2006,4,Apr,Merchandise Exports_Gold (Millions of US Dollars),100.04,merchandise_trade_flows,https://www.bog.gov.gh/economic-data/merchandise-trade-flows/,0
2006-05-01,2006,5,May,Merchandise Exports_Gold (Millions of US Dollars),121.87,merchandise_trade_flows,https://www.bog.gov.gh/economic-data/merchandise-trade-flows/,0
2006-06-01,2006,6,Jun,Merchandise Exports_Gold (Millions of US Dollars),98.57,merchandise_trade_flows,https://www.bog.gov.gh/economic-data/merchandise-trade-flows/,0
2006-07-01,2006,7,Jul,Merchandise Exports_Gold (Millions of US Dollars),106.05,merchandise_trade_flows,https://www.bog.gov.gh/economic-data/merchandise-trade-flows/,0
2006-08-01,2006,8,Aug,Merchandise Exports_Gold (Millions of US Dollars),125.04,merchandise_trade_flows,https://www.bog.gov.gh/economic-data/merchandise-trade-flows/,0
2006-09-01,2006,9,Sep,Merchandise Exports_Gold (Millions of US Dollars),98.33,merchandise_trade_flows,https://www.bog.gov.gh/economic-data/merchandise-trade-flows/,0
2006-10-01,2006,10,Oct,Merchandise Exports_Gold (Millions of US Dollars),100.33,merchandise_trade_flows,https://www.bog.gov.gh/economic-data/merchandise-trade-flows/,0
2006-11-01,2006,11,Nov,Merchandise Exports_Gold (Millions of US Dollars),122.98,merchandise_trade_flows,https://www.bog.gov.gh/economic-data/merchandise-trade-flows/,0
2006-12-01,2006,12,Dec,Merchandise Exports_Gold (Millions of US Dollars),110.13,merchandise_trade_flows,https://www.bog.gov.gh/economic-data/merchandise-trade-flows/,0
2007-01-01,2007,1,Jan,Merchandise Exports_Gold (Millions of US Dollars),157.39,merchandise_trade_flows,https://www.bog.gov.gh/economic-data/merchandise-trade-flows/,0
2007-02-01,2007,2,Feb,Merchandise Exports_Gold (Millions of US Dollars),106.32,merchandise_trade_flows,https://www.bog.gov.gh/economic-data/merchandise-trade-flows/,0
2007-03-01,2007,3,Mar,Merchandise Exports_Gold (Millions of US Dollars),131.28,merchandise_trade_flows,https://www.bog.gov.gh/economic-data/merchandise-trade-flows/,0
2007-04-01,2007,4,Apr,Merchandise Exports_Gold (Millions of US Dollars),142.37,merchandise_trade_flows,https://www.bog.gov.gh/economic-data/merchandise-trade-flows/,0
2007-05-01,2007,5,May,Merchandise Exports_Gold (Millions of US Dollars),137.07,merchandise_trade_flows,https://www.bog.gov.gh/economic-data/merchandise-trade-flows/,0
2007-06-01,2007,6,Jun,Merchandise Exports_Gold (Millions of US Dollars),146.55,merchandise_trade_flows,https://www.bog.gov.gh/economic-data/merchandise-trade-flows/,0
2007-07-01,2007,7,Jul,Merchandise Exports_Gold (Millions of US Dollars),136.71,merchandise_trade_flows,https://www.bog.gov.gh/economic-data/merchandise-trade-flows/,0
2007-08-01,2007,8,Aug,Merchandise Exports_Gold (Millions of US Dollars),148.84,merchandise_trade_flows,https://www.bog.gov.gh/economic-data/merchandise-trade-flows/,0
2007-09-01,2007,9,Sep,Merchandise Exports_Gold (Millions of US Dollars),140.84,merchandise_trade_flows,https://www.bog.gov.gh/economic-data/merchandise-trade-flows/,0
2007-10-01,2007,10,Oct,Merchandise Exports_Gold (Millions of US Dollars),176.59,merchandise_trade_flows,https://www.bog.gov.gh/economic-data/merchandise-trade-flows/,0
2007-11-01,2007,11,Nov,Merchandise Exports_Gold (Millions of US Dollars),153.41,merchandise_trade_flows,https://www.bog.gov.gh/economic-data/merchandise-trade-flows/,0
2007-12-01,2007,12,Dec,Merchandise Exports_Gold (Millions of US Dollars),156.43,merchandise_trade_flows,https://www.bog.gov.gh/economic-data/merchandise-trade-flows/,0
2008-01-01,2008,1,Jan,Merchandise Exports_Gold (Millions of US Dollars),206.44,merchandise_trade_flows,https://www.bog.gov.gh/economic-data/merchandise-trade-flows/,0
2008-02-01,2008,2,Feb,Merchandise Exports_Gold (Millions of US Dollars),197.94,merchandise_trade_flows,https://www.bog.gov.gh/economic-data/merchandise-trade-flows/,0
2008-03-01,2008,3,Mar,Merchandise Exports_Gold (Millions of US Dollars),204.54,merchandise_trade_flows,https://www.bog.gov.gh/economic-data/merchandise-trade-flows/,0
2008-04-01,2008,4,Apr,Merchandise Exports_Gold (Millions of US Dollars),201.1,merchandise_trade_flows,https://www.bog.gov.gh/economic-data/merchandise-trade-flows/,0
2008-05-01,2008,5,May,Merchandise Exports_Gold (Millions of US Dollars),196.38,merchandise_trade_flows,https://www.bog.gov.gh/economic-data/merchandise-trade-flows/,0
2008-06-01,2008,6,Jun,Merchandise Exports_Gold (Millions of US Dollars),192.75,merchandise_trade_flows,https://www.bog.gov.gh/economic-data/merchandise-trade-flows/,0
2008-07-01,2008,7,Jul,Merchandise Exports_Gold (Millions of US Dollars),222.86,merchandise_trade_flows,https://www.bog.gov.gh/economic-data/merchandise-trade-flows/,0
2008-08-01,2008,8,Aug,Merchandise Exports_Gold (Millions of US Dollars),179.36,merchandise_trade_flows,https://www.bog.gov.gh/economic-data/merchandise-trade-flows/,0
2008-09-01,2008,9,Sep,Merchandise Exports_Gold (Millions of US Dollars),149.64,merchandise_trade_flows,https://www.bog.gov.gh/economic-data/merchandise-trade-flows/,0
2008-10-01,2008,10,Oct,Merchandise Exports_Gold (Millions of US Dollars),202.47,merchandise_trade_flows,https://www.bog.gov.gh/economic-data/merchandise-trade-flows/,0
2008-11-01,2008,11,Nov,Merchandise Exports_Gold (Millions of US Dollars),168.19,merchandise_trade_flows,https://www.bog.gov.gh/economic-data/merchandise-trade-flows/,0
2008-12-01,2008,12,Dec,Merchandise Exports_Gold (Millions of US Dollars),124.58,merchandise_trade_flows,https://www.bog.gov.gh/economic-data/merchandise-trade-flows/,0
2009-01-01,2009,1,Jan,Merchandise Exports_Gold (Millions of US Dollars),249.97,merchandise_trade_flows,https://www.bog.gov.gh/economic-data/merchandise-trade-flows/,0
2009-02-01,2009,2,Feb,Merchandise Exports_Gold (Millions of US Dollars),202.93,merchandise_trade_flows,https://www.bog.gov.gh/economic-data/merchandise-trade-flows/,0
2009-03-01,2009,3,Mar,Merchandise Exports_Gold (Millions of US Dollars),129.05,merchandise_trade_flows,https://www.bog.gov.gh/economic-data/merchandise-trade-flows/,0
2009-04-01,2009,4,Apr,Merchandise Exports_Gold (Millions of US Dollars),221.59,merchandise_trade_flows,https://www.bog.gov.gh/economic-data/merchandise-trade-flows/,0
2009-05-01,2009,5,May,Merchandise Exports_Gold (Millions of US Dollars),213.81,merchandise_trade_flows,https://www.bog.gov.gh/economic-data/merchandise-trade-flows/,0
2009-06-01,2009,6,Jun,Merchandise Exports_Gold (Millions of US Dollars),246.09,merchandise_trade_flows,https://www.bog.gov.gh/economic-data/merchandise-trade-flows/,0
2009-07-01,2009,7,Jul,Merchandise Exports_Gold (Millions of US Dollars),176.46,merchandise_trade_flows,https://www.bog.gov.gh/economic-data/merchandise-trade-flows/,0
2009-08-01,2009,8,Aug,Merchandise Exports_Gold (Millions of US Dollars),190.5,merchandise_trade_flows,https://www.bog.gov.gh/economic-data/merchandise-trade-flows/,0
2009-09-01,2009,9,Sep,Merchandise Exports_Gold (Millions of US Dollars),190.45,merchandise_trade_flows,https://www.bog.gov.gh/economic-data/merchandise-trade-flows/,0
2009-10-01,2009,10,Oct,Merchandise Exports_Gold (Millions of US Dollars),246.02,merchandise_trade_flows,https://www.bog.gov.gh/economic-data/merchandise-trade-flows/,0
2009-11-01,2009,11,Nov,Merchandise Exports_Gold (Millions of US Dollars),199.44,merchandise_trade_flows,https://www.bog.gov.gh/economic-data/merchandise-trade-flows/,0
2009-12-01,2009,12,Dec,Merchandise Exports_Gold (Millions of US Dollars),285.06,merchandise_trade_flows,https://www.bog.gov.gh/economic-data/merchandise-trade-flows/,0
2010-01-01,2010,1,Jan,Merchandise Exports_Gold (Millions of US Dollars),263.05,merchandise_trade_flows,https://www.bog.gov.gh/economic-data/merchandise-trade-flows/,0
2010-02-01,2010,2,Feb,Merchandise Exports_Gold (Millions of US Dollars),235.81,merchandise_trade_flows,https://www.bog.gov.gh/economic-data/merchandise-trade-flows/,0
2010-03-01,2010,3,Mar,Merchandise Exports_Gold (Millions of US Dollars),288.14,merchandise_trade_flows,https://www.bog.gov.gh/economic-data/merchandise-trade-flows/,0
2010-04-01,2010,4,Apr,Merchandise Exports_Gold (Millions of US Dollars),288.5,merchandise_trade_flows,https://www.bog.gov.gh/economic-data/merchandise-trade-flows/,0
2010-05-01,2010,5,May,Merchandise Exports_Gold (Millions of US Dollars),307.62,merchandise_trade_flows,https://www.bog.gov.gh/economic-data/merchandise-trade-flows/,0
2010-06-01,2010,6,Jun,Merchandise Exports_Gold (Millions of US Dollars),361.72,merchandise_trade_flows,https://www.bog.gov.gh/economic-data/merchandise-trade-flows/,0
2010-07-01,2010,7,Jul,Merchandise Exports_Gold (Millions of US Dollars),314.26,merchandise_trade_flows,https://www.bog.gov.gh/economic-data/merchandise-trade-flows/,0
2010-08-01,2010,8,Aug,Merchandise Exports_Gold (Millions of US Dollars),317.35,merchandise_trade_flows,https://www.bog.gov.gh/economic-data/merchandise-trade-flows/,0
2010-09-01,2010,9,Sep,Merchandise Exports_Gold (Millions of US Dollars),386.69,merchandise_trade_flows,https://www.bog.gov.gh/economic-data/merchandise-trade-flows/,0
2010-10-01,2010,10,Oct,Merchandise Exports_Gold (Millions of US Dollars),306.04,merchandise_trade_flows,https://www.bog.gov.gh/economic-data/merchandise-trade-flows/,0
2010-11-01,2010,11,Nov,Merchandise Exports_Gold (Millions of US Dollars),371.12,merchandise_trade_flows,https://www.bog.gov.gh/economic-data/merchandise-trade-flows/,0
2010-12-01,2010,12,Dec,Merchandise Exports_Gold (Millions of US Dollars),363.21,merchandise_trade_flows,https://www.bog.gov.gh/economic-data/merchandise-trade-flows/,0
2011-01-01,2011,1,Jan,Merchandise Exports_Gold (Millions of US Dollars),378.02,merchandise_trade_flows,https://www.bog.gov.gh/economic-data/merchandise-trade-flows/,0
2011-02-01,2011,2,Feb,Merchandise Exports_Gold (Millions of US Dollars),313.19,merchandise_trade_flows,https://www.bog.gov.gh/economic-data/merchandise-trade-flows/,0
2011-03-01,2011,3,Mar,Merchandise Exports_Gold (Millions of US Dollars),460.26,merchandise_trade_flows,https://www.bog.gov.gh/economic-data/merchandise-trade-flows/,0
2011-04-01,2011,4,Apr,Merchandise Exports_Gold (Millions of US Dollars),388.88,merchandise_trade_flows,https://www.bog.gov.gh/economic-data/merchandise-trade-flows/,0
2011-05-01,2011,5,May,Merchandise Exports_Gold (Millions of US Dollars),413.07,merchandise_trade_flows,https://www.bog.gov.gh/economic-data/merchandise-trade-flows/,0
2011-06-01,2011,6,Jun,Merchandise Exports_Gold (Millions of US Dollars),455.39,merchandise_trade_flows,https://www.bog.gov.gh/economic-data/merchandise-trade-flows/,0
2011-07-01,2011,7,Jul,Merchandise Exports_Gold (Millions of US Dollars),355.88,merchandise_trade_flows,https://www.bog.gov.gh/economic-data/merchandise-trade-flows/,0
2011-08-01,2011,8,Aug,Merchandise Exports_Gold (Millions of US Dollars),462.39,merchandise_trade_flows,https://www.bog.gov.gh/economic-data/merchandise-trade-flows/,0
2011-09-01,2011,9,Sep,Merchandise Exports_Gold (Millions of US Dollars),492.5,merchandise_trade_flows,https://www.bog.gov.gh/economic-data/merchandise-trade-flows/,0
2011-10-01,2011,10,Oct,Merchandise Exports_Gold (Millions of US Dollars),462.98,merchandise_trade_flows,https://www.bog.gov.gh/economic-data/merchandise-trade-flows/,0
2011-11-01,2011,11,Nov,Merchandise Exports_Gold (Millions of US Dollars),384.88,merchandise_trade_flows,https://www.bog.gov.gh/economic-data/merchandise-trade-flows/,0
2011-12-01,2011,12,Dec,Merchandise Exports_Gold (Millions of US Dollars),345.41,merchandise_trade_flows,https://www.bog.gov.gh/economic-data/merchandise-trade-flows/,0
2012-01-01,2012,1,Jan,Merchandise Exports_Gold (Millions of US Dollars),647.76,merchandise_trade_flows,https://www.bog.gov.gh/economic-data/merchandise-trade-flows/,0
2012-02-01,2012,2,Feb,Merchandise Exports_Gold (Millions of US Dollars),542.64,merchandise_trade_flows,https://www.bog.gov.gh/economic-data/merchandise-trade-flows/,0
2012-03-01,2012,3,Mar,Merchandise Exports_Gold (Millions of US Dollars),575.71,merchandise_trade_flows,https://www.bog.gov.gh/economic-data/merchandise-trade-flows/,0
2012-04-01,2012,4,Apr,Merchandise Exports_Gold (Millions of US Dollars),447.18,merchandise_trade_flows,https://www.bog.gov.gh/economic-data/merchandise-trade-flows/,0
2012-05-01,2012,5,May,Merchandise Exports_Gold (Millions of US Dollars),562.86,merchandise_trade_flows,https://www.bog.gov.gh/economic-data/merchandise-trade-flows/,0
2012-06-01,2012,6,Jun,Merchandise Exports_Gold (Millions of US Dollars),405.3,merchandise_trade_flows,https://www.bog.gov.gh/economic-data/merchandise-trade-flows/,0
2012-07-01,2012,7,Jul,Merchandise Exports_Gold (Millions of US Dollars),312.35,merchandise_trade_flows,https://www.bog.gov.gh/economic-data/merchandise-trade-flows/,0
2012-08-01,2012,8,Aug,Merchandise Exports_Gold (Millions of US Dollars),412.22,merchandise_trade_flows,https://www.bog.gov.gh/economic-data/merchandise-trade-flows/,0
2012-09-01,2012,9,Sep,Merchandise Exports_Gold (Millions of US Dollars),376.28,merchandise_trade_flows,https://www.bog.gov.gh/economic-data/merchandise-trade-flows/,0
2012-10-01,2012,10,Oct,Merchandise Exports_Gold (Millions of US Dollars),434.94,merchandise_trade_flows,https://www.bog.gov.gh/economic-data/merchandise-trade-flows/,0
2012-11-01,2012,11,Nov,Merchandise Exports_Gold (Millions of US Dollars),505.03,merchandise_trade_flows,https://www.bog.gov.gh/economic-data/merchandise-trade-flows/,0
2012-12-01,2012,12,Dec,Merchandise Exports_Gold (Millions of US Dollars),421.0,merchandise_trade_flows,https://www.bog.gov.gh/economic-data/merchandise-trade-flows/,0
2013-01-01,2013,1,Jan,Merchandise Exports_Gold (Millions of US Dollars),575.52,merchandise_trade_flows,https://www.bog.gov.gh/economic-data/merchandise-trade-flows/,0
2013-02-01,2013,2,Feb,Merchandise Exports_Gold (Millions of US Dollars),422.92,merchandise_trade_flows,https://www.bog.gov.gh/economic-data/merchandise-trade-flows/,0
2013-03-01,2013,3,Mar,Merchandise Exports_Gold (Millions of US Dollars),463.62,merchandise_trade_flows,https://www.bog.gov.gh/economic-data/merchandise-trade-flows/,0
2013-04-01,2013,4,Apr,Merchandise Exports_Gold (Millions of US Dollars),364.09,merchandise_trade_flows,https://www.bog.gov.gh/economic-data/merchandise-trade-flows/,0
2013-05-01,2013,5,May,Merchandise Exports_Gold (Millions of US Dollars),505.86,merchandise_trade_flows,https://www.bog.gov.gh/economic-data/merchandise-trade-flows/,0
2013-06-01,2013,6,Jun,Merchandise Exports_Gold (Millions of US Dollars),365.88,merchandise_trade_flows,https://www.bog.gov.gh/economic-data/merchandise-trade-flows/,0
2013-07-01,2013,7,Jul,Merchandise Exports_Gold (Millions of US Dollars),417.03,merchandise_trade_flows,https://www.bog.gov.gh/economic-data/merchandise-trade-flows/,0
2013-08-01,2013,8,Aug,Merchandise Exports_Gold (Millions of US Dollars),299.8,merchandise_trade_flows,https://www.bog.gov.gh/economic-data/merchandise-trade-flows/,0
2013-09-01,2013,9,Sep,Merchandise Exports_Gold (Millions of US Dollars),294.15,merchandise_trade_flows,https://www.bog.gov.gh/economic-data/merchandise-trade-flows/,0
2013-10-01,2013,10,Oct,Merchandise Exports_Gold (Millions of US Dollars),435.51,merchandise_trade_flows,https://www.bog.gov.gh/economic-data/merchandise-trade-flows/,0
2013-11-01,2013,11,Nov,Merchandise Exports_Gold (Millions of US Dollars),437.46,merchandise_trade_flows,https://www.bog.gov.gh/economic-data/merchandise-trade-flows/,0
2013-12-01,2013,12,Dec,Merchandise Exports_Gold (Millions of US Dollars),383.87,merchandise_trade_flows,https://www.bog.gov.gh/economic-data/merchandise-trade-flows/,0
2014-01-01,2014,1,Jan,Merchandise Exports_Gold (Millions of US Dollars),368.83,merchandise_trade_flows,https://www.bog.gov.gh/economic-data/merchandise-trade-flows/,0
2014-02-01,2014,2,Feb,Merchandise Exports_Gold (Millions of US Dollars),361.72,merchandise_trade_flows,https://www.bog.gov.gh/economic-data/merchandise-trade-flows/,0
2014-03-01,2014,3,Mar,Merchandise Exports_Gold (Millions of US Dollars),432.32,merchandise_trade_flows,https://www.bog.gov.gh/economic-data/merchandise-trade-flows/,0
2014-04-01,2014,4,Apr,Merchandise Exports_Gold (Millions of US Dollars),373.24,merchandise_trade_flows,https://www.bog.gov.gh/economic-data/merchandise-trade-flows/,0
2014-05-01,2014,5,May,Merchandise Exports_Gold (Millions of US Dollars),345.79,merchandise_trade_flows,https://www.bog.gov.gh/economic-data/merchandise-trade-flows/,0
2014-06-01,2014,6,Jun,Merchandise Exports_Gold (Millions of US Dollars),346.23,merchandise_trade_flows,https://www.bog.gov.gh/economic-data/merchandise-trade-flows/,0
2014-07-01,2014,7,Jul,Merchandise Exports_Gold (Millions of US Dollars),372.24,merchandise_trade_flows,https://www.bog.gov.gh/economic-data/merchandise-trade-flows/,0
2014-08-01,2014,8,Aug,Merchandise Exports_Gold (Millions of US Dollars),370.77,merchandise_trade_flows,https://www.bog.gov.gh/economic-data/merchandise-trade-flows/,0
2014-09-01,2014,9,Sep,Merchandise Exports_Gold (Millions of US Dollars),398.17,merchandise_trade_flows,https://www.bog.gov.gh/economic-data/merchandise-trade-flows/,0
2014-10-01,2014,10,Oct,Merchandise Exports_Gold (Millions of US Dollars),359.44,merchandise_trade_flows,https://www.bog.gov.gh/economic-data/merchandise-trade-flows/,0
2014-11-01,2014,11,Nov,Merchandise Exports_Gold (Millions of US Dollars),312.98,merchandise_trade_flows,https://www.bog.gov.gh/economic-data/merchandise-trade-flows/,0
2014-12-01,2014,12,Dec,Merchandise Exports_Gold (Millions of US Dollars),346.33,merchandise_trade_flows,https://www.bog.gov.gh/economic-data/merchandise-trade-flows/,0
2015-01-01,2015,1,Jan,Merchandise Exports_Gold (Millions of US Dollars),347.16,merchandise_trade_flows,https://www.bog.gov.gh/economic-data/merchandise-trade-flows/,0
2015-02-01,2015,2,Feb,Merchandise Exports_Gold (Millions of US Dollars),283.51,merchandise_trade_flows,https://www.bog.gov.gh/economic-data/merchandise-trade-flows/,0
2015-03-01,2015,3,Mar,Merchandise Exports_Gold (Millions of US Dollars),187.06,merchandise_trade_flows,https://www.bog.gov.gh/economic-data/merchandise-trade-flows/,0
2015-04-01,2015,4,Apr,Merchandise Exports_Gold (Millions of US Dollars),306.82,merchandise_trade_flows,https://www.bog.gov.gh/economic-data/merchandise-trade-flows/,0
2015-05-01,2015,5,May,Merchandise Exports_Gold (Millions of US Dollars),236.25,merchandise_trade_flows,https://www.bog.gov.gh/economic-data/merchandise-trade-flows/,0
2015-06-01,2015,6,Jun,Merchandise Exports_Gold (Millions of US Dollars),292.66,merchandise_trade_flows,https://www.bog.gov.gh/economic-data/merchandise-trade-flows/,0
2015-07-01,2015,7,Jul,Merchandise Exports_Gold (Millions of US Dollars),269.99,merchandise_trade_flows,https://www.bog.gov.gh/economic-data/merchandise-trade-flows/,0
2015-08-01,2015,8,Aug,Merchandise Exports_Gold (Millions of US Dollars),263.4,merchandise_trade_flows,https://www.bog.gov.gh/economic-data/merchandise-trade-flows/,0
2015-09-01,2015,9,Sep,Merchandise Exports_Gold (Millions of US Dollars),295.23,merchandise_trade_flows,https://www.bog.gov.gh/economic-data/merchandise-trade-flows/,0
2015-10-01,2015,10,Oct,Merchandise Exports_Gold (Millions of US Dollars),267.81,merchandise_trade_flows,https://www.bog.gov.gh/economic-data/merchandise-trade-flows/,0
2015-11-01,2015,11,Nov,Merchandise Exports_Gold (Millions of US Dollars),238.0,merchandise_trade_flows,https://www.bog.gov.gh/economic-data/merchandise-trade-flows/,0
2015-12-01,2015,12,Dec,Merchandise Exports_Gold (Millions of US Dollars),224.71,merchandise_trade_flows,https://www.bog.gov.gh/economic-data/merchandise-trade-flows/,0
2016-01-01,2016,1,Jan,Merchandise Exports_Gold (Millions of US Dollars),262.19,merchandise_trade_flows,https://www.bog.gov.gh/economic-data/merchandise-trade-flows/,0
2016-02-01,2016,2,Feb,Merchandise Exports_Gold (Millions of US Dollars),269.79,merchandise_trade_flows,https://www.bog.gov.gh/economic-data/merchandise-trade-flows/,0
2016-03-01,2016,3,Mar,Merchandise Exports_Gold (Millions of US Dollars),390.02,merchandise_trade_flows,https://www.bog.gov.gh/economic-data/merchandise-trade-flows/,0
2016-04-01,2016,4,Apr,Merchandise Exports_Gold (Millions of US Dollars),335.4,merchandise_trade_flows,https://www.bog.gov.gh/economic-data/merchandise-trade-flows/,0
2016-05-01,2016,5,May,Merchandise Exports_Gold (Millions of US Dollars),388.78,merchandise_trade_flows,https://www.bog.gov.gh/economic-data/merchandise-trade-flows/,0
2016-06-01,2016,6,Jun,Merchandise Exports_Gold (Millions of US Dollars),410.9,merchandise_trade_flows,https://www.bog.gov.gh/economic-data/merchandise-trade-flows/,0
2016-07-01,2016,7,Jul,Merchandise Exports_Gold (Millions of US Dollars),470.36,merchandise_trade_flows,https://www.bog.gov.gh/economic-data/merchandise-trade-flows/,0
2016-08-01,2016,8,Aug,Merchandise Exports_Gold (Millions of US Dollars),519.34,merchandise_trade_flows,https://www.bog.gov.gh/economic-data/merchandise-trade-flows/,0
2016-09-01,2016,9,Sep,Merchandise Exports_Gold (Millions of US Dollars),667.15,merchandise_trade_flows,https://www.bog.gov.gh/economic-data/merchandise-trade-flows/,0
2016-10-01,2016,10,Oct,Merchandise Exports_Gold (Millions of US Dollars),386.01,merchandise_trade_flows,https://www.bog.gov.gh/economic-data/merchandise-trade-flows/,0
2016-11-01,2016,11,Nov,Merchandise Exports_Gold (Millions of US Dollars),371.82,merchandise_trade_flows,https://www.bog.gov.gh/economic-data/merchandise-trade-flows/,0
2016-12-01,2016,12,Dec,Merchandise Exports_Gold (Millions of US Dollars),447.7,merchandise_trade_flows,https://www.bog.gov.gh/economic-data/merchandise-trade-flows/,0
2017-01-01,2017,1,Jan,Merchandise Exports_Gold (Millions of US Dollars),608.57,merchandise_trade_flows,https://www.bog.gov.gh/economic-data/merchandise-trade-flows/,0
2017-02-01,2017,2,Feb,Merchandise Exports_Gold (Millions of US Dollars),563.57,merchandise_trade_flows,https://www.bog.gov.gh/economic-data/merchandise-trade-flows/,0
2017-03-01,2017,3,Mar,Merchandise Exports_Gold (Millions of US Dollars),589.47,merchandise_trade_flows,https://www.bog.gov.gh/economic-data/merchandise-trade-flows/,0
2017-04-01,2017,4,Apr,Merchandise Exports_Gold (Millions of US Dollars),437.5,merchandise_trade_flows,https://www.bog.gov.gh/economic-data/merchandise-trade-flows/,0
2017-05-01,2017,5,May,Merchandise Exports_Gold (Millions of US Dollars),468.89,merchandise_trade_flows,https://www.bog.gov.gh/economic-data/merchandise-trade-flows/,0
2017-06-01,2017,6,Jun,Merchandise Exports_Gold (Millions of US Dollars),357.43,merchandise_trade_flows,https://www.bog.gov.gh/economic-data/merchandise-trade-flows/,0
2017-07-01,2017,7,Jul,Merchandise Exports_Gold (Millions of US Dollars),432.63,merchandise_trade_flows,https://www.bog.gov.gh/economic-data/merchandise-trade-flows/,0
2017-08-01,2017,8,Aug,Merchandise Exports_Gold (Millions of US Dollars),446.49,merchandise_trade_flows,https://www.bog.gov.gh/economic-data/merchandise-trade-flows/,0
2017-09-01,2017,9,Sep,Merchandise Exports_Gold (Millions of US Dollars),468.6,merchandise_trade_flows,https://www.bog.gov.gh/economic-data/merchandise-trade-flows/,0
2017-10-01,2017,10,Oct,Merchandise Exports_Gold (Millions of US Dollars),464.04,merchandise_trade_flows,https://www.bog.gov.gh/economic-data/merchandise-trade-flows/,0
2017-11-01,2017,11,Nov,Merchandise Exports_Gold (Millions of US Dollars),480.85,merchandise_trade_flows,https://www.bog.gov.gh/economic-data/merchandise-trade-flows/,0
2017-12-01,2017,12,Dec,Merchandise Exports_Gold (Millions of US Dollars),468.11,merchandise_trade_flows,https://www.bog.gov.gh/economic-data/merchandise-trade-flows/,0
2018-01-01,2018,1,Jan,Merchandise Exports_Gold (Millions of US Dollars),501.78,merchandise_trade_flows,https://www.bog.gov.gh/economic-data/merchandise-trade-flows/,0
2018-02-01,2018,2,Feb,Merchandise Exports_Gold (Millions of US Dollars),480.75,merchandise_trade_flows,https://www.bog.gov.gh/economic-data/merchandise-trade-flows/,0
2018-03-01,2018,3,Mar,Merchandise Exports_Gold (Millions of US Dollars),448.46,merchandise_trade_flows,https://www.bog.gov.gh/economic-data/merchandise-trade-flows/,0
2018-04-01,2018,4,Apr,Merchandise Exports_Gold (Millions of US Dollars),488.0,merchandise_trade_flows,https://www.bog.gov.gh/economic-data/merchandise-trade-flows/,0
2018-05-01,2018,5,May,Merchandise Exports_Gold (Millions of US Dollars),526.28,merchandise_trade_flows,https://www.bog.gov.gh/economic-data/merchandise-trade-flows/,0
2018-06-01,2018,6,Jun,Merchandise Exports_Gold (Millions of US Dollars),467.97,merchandise_trade_flows,https://www.bog.gov.gh/economic-data/merchandise-trade-flows/,0
2018-07-01,2018,7,Jul,Merchandise Exports_Gold (Millions of US Dollars),446.34,merchandise_trade_flows,https://www.bog.gov.gh/economic-data/merchandise-trade-flows/,0
2018-08-01,2018,8,Aug,Merchandise Exports_Gold (Millions of US Dollars),505.34,merchandise_trade_flows,https://www.bog.gov.gh/economic-data/merchandise-trade-flows/,0
2018-09-01,2018,9,Sep,Merchandise Exports_Gold (Millions of US Dollars),416.12,merchandise_trade_flows,https://www.bog.gov.gh/economic-data/merchandise-trade-flows/,0
2018-10-01,2018,10,Oct,Merchandise Exports_Gold (Millions of US Dollars),427.05,merchandise_trade_flows,https://www.bog.gov.gh/economic-data/merchandise-trade-flows/,0
2018-11-01,2018,11,Nov,Merchandise Exports_Gold (Millions of US Dollars),457.21,merchandise_trade_flows,https://www.bog.gov.gh/economic-data/merchandise-trade-flows/,0
2018-12-01,2018,12,Dec,Merchandise Exports_Gold (Millions of US Dollars),270.42,merchandise_trade_flows,https://www.bog.gov.gh/economic-data/merchandise-trade-flows/,0
2019-01-01,2019,1,Jan,Merchandise Exports_Gold (Millions of US Dollars),457.32,merchandise_trade_flows,https://www.bog.gov.gh/economic-data/merchandise-trade-flows/,0
2019-02-01,2019,2,Feb,Merchandise Exports_Gold (Millions of US Dollars),475.18,merchandise_trade_flows,https://www.bog.gov.gh/economic-data/merchandise-trade-flows/,0
2019-03-01,2019,3,Mar,Merchandise Exports_Gold (Millions of US Dollars),503.4,merchandise_trade_flows,https://www.bog.gov.gh/economic-data/merchandise-trade-flows/,0
2019-04-01,2019,4,Apr,Merchandise Exports_Gold (Millions of US Dollars),518.57,merchandise_trade_flows,https://www.bog.gov.gh/economic-data/merchandise-trade-flows/,0
2019-05-01,2019,5,May,Merchandise Exports_Gold (Millions of US Dollars),504.68,merchandise_trade_flows,https://www.bog.gov.gh/economic-data/merchandise-trade-flows/,0
2019-06-01,2019,6,Jun,Merchandise Exports_Gold (Millions of US Dollars),517.93,merchandise_trade_flows,https://www.bog.gov.gh/economic-data/merchandise-trade-flows/,0
2019-07-01,2019,7,Jul,Merchandise Exports_Gold (Millions of US Dollars),509.79,merchandise_trade_flows,https://www.bog.gov.gh/economic-data/merchandise-trade-flows/,0
2019-08-01,2019,8,Aug,Merchandise Exports_Gold (Millions of US Dollars),619.54,merchandise_trade_flows,https://www.bog.gov.gh/economic-data/merchandise-trade-flows/,0
2019-09-01,2019,9,Sep,Merchandise Exports_Gold (Millions of US Dollars),527.38,merchandise_trade_flows,https://www.bog.gov.gh/economic-data/merchandise-trade-flows/,0
2019-10-01,2019,10,Oct,Merchandise Exports_Gold (Millions of US Dollars),567.85,merchandise_trade_flows,https://www.bog.gov.gh/economic-data/merchandise-trade-flows/,0
2019-11-01,2019,11,Nov,Merchandise Exports_Gold (Millions of US Dollars),474.35,merchandise_trade_flows,https://www.bog.gov.gh/economic-data/merchandise-trade-flows/,0
2019-12-01,2019,12,Dec,Merchandise Exports_Gold (Millions of US Dollars),553.71,merchandise_trade_flows,https://www.bog.gov.gh/economic-data/merchandise-trade-flows/,0
2020-01-01,2020,1,Jan,Merchandise Exports_Gold (Millions of US Dollars),515.74,merchandise_trade_flows,https://www.bog.gov.gh/economic-data/merchandise-trade-flows/,0
2020-02-01,2020,2,Feb,Merchandise Exports_Gold (Millions of US Dollars),470.17,merchandise_trade_flows,https://www.bog.gov.gh/economic-data/merchandise-trade-flows/,0
2020-03-01,2020,3,Mar,Merchandise Exports_Gold (Millions of US Dollars),487.99,merchandise_trade_flows,https://www.bog.gov.gh/economic-data/merchandise-trade-flows/,0
2020-04-01,2020,4,Apr,Merchandise Exports_Gold (Millions of US Dollars),587.91,merchandise_trade_flows,https://www.bog.gov.gh/economic-data/merchandise-trade-flows/,0
2020-05-01,2020,5,May,Merchandise Exports_Gold (Millions of US Dollars),568.87,merchandise_trade_flows,https://www.bog.gov.gh/economic-data/merchandise-trade-flows/,0
2020-06-01,2020,6,Jun,Merchandise Exports_Gold (Millions of US Dollars),552.01,merchandise_trade_flows,https://www.bog.gov.gh/economic-data/merchandise-trade-flows/,0
2020-07-01,2020,7,Jul,Merchandise Exports_Gold (Millions of US Dollars),524.29,merchandise_trade_flows,https://www.bog.gov.gh/economic-data/merchandise-trade-flows/,0
2020-08-01,2020,8,Aug,Merchandise Exports_Gold (Millions of US Dollars),625.51,merchandise_trade_flows,https://www.bog.gov.gh/economic-data/merchandise-trade-flows/,0
2020-09-01,2020,9,Sep,Merchandise Exports_Gold (Millions of US Dollars),672.38,merchandise_trade_flows,https://www.bog.gov.gh/economic-data/merchandise-trade-flows/,0
2020-10-01,2020,10,Oct,Merchandise Exports_Gold (Millions of US Dollars),724.68,merchandise_trade_flows,https://www.bog.gov.gh/economic-data/merchandise-trade-flows/,0
2020-11-01,2020,11,Nov,Merchandise Exports_Gold (Millions of US Dollars),530.7,merchandise_trade_flows,https://www.bog.gov.gh/economic-data/merchandise-trade-flows/,0
2020-12-01,2020,12,Dec,Merchandise Exports_Gold (Millions of US Dollars),538.84,merchandise_trade_flows,https://www.bog.gov.gh/economic-data/merchandise-trade-flows/,0
2021-01-01,2021,1,Jan,Merchandise Exports_Gold (Millions of US Dollars),507.62,merchandise_trade_flows,https://www.bog.gov.gh/economic-data/merchandise-trade-flows/,0
2021-02-01,2021,2,Feb,Merchandise Exports_Gold (Millions of US Dollars),423.57,merchandise_trade_flows,https://www.bog.gov.gh/economic-data/merchandise-trade-flows/,0
2021-03-01,2021,3,Mar,Merchandise Exports_Gold (Millions of US Dollars),446.73,merchandise_trade_flows,https://www.bog.gov.gh/economic-data/merchandise-trade-flows/,0
2021-04-01,2021,4,Apr,Merchandise Exports_Gold (Millions of US Dollars),430.28,merchandise_trade_flows,https://www.bog.gov.gh/economic-data/merchandise-trade-flows/,0
2021-05-01,2021,5,May,Merchandise Exports_Gold (Millions of US Dollars),407.1,merchandise_trade_flows,https://www.bog.gov.gh/economic-data/merchandise-trade-flows/,0
2021-06-01,2021,6,Jun,Merchandise Exports_Gold (Millions of US Dollars),451.38,merchandise_trade_flows,https://www.bog.gov.gh/economic-data/merchandise-trade-flows/,0
2021-07-01,2021,7,Jul,Merchandise Exports_Gold (Millions of US Dollars),384.49,merchandise_trade_flows,https://www.bog.gov.gh/economic-data/merchandise-trade-flows/,0
2021-08-01,2021,8,Aug,Merchandise Exports_Gold (Millions of US Dollars),376.13,merchandise_trade_flows,https://www.bog.gov.gh/economic-data/merchandise-trade-flows/,0
2021-09-01,2021,9,Sep,Merchandise Exports_Gold (Millions of US Dollars),407.32,merchandise_trade_flows,https://www.bog.gov.gh/economic-data/merchandise-trade-flows/,0
2021-10-01,2021,10,Oct,Merchandise Exports_Gold (Millions of US Dollars),381.19,merchandise_trade_flows,https://www.bog.gov.gh/economic-data/merchandise-trade-flows/,0
2021-11-01,2021,11,Nov,Merchandise Exports_Gold (Millions of US Dollars),433.3,merchandise_trade_flows,https://www.bog.gov.gh/economic-data/merchandise-trade-flows/,0
2021-12-01,2021,12,Dec,Merchandise Exports_Gold (Millions of US Dollars),434.05,merchandise_trade_flows,https://www.bog.gov.gh/economic-data/merchandise-trade-flows/,0
2022-01-01,2022,1,Jan,Merchandise Exports_Gold (Millions of US Dollars),392.87,merchandise_trade_flows,https://www.bog.gov.gh/economic-data/merchandise-trade-flows/,0
2022-02-01,2022,2,Feb,Merchandise Exports_Gold (Millions of US Dollars),431.68,merchandise_trade_flows,https://www.bog.gov.gh/economic-data/merchandise-trade-flows/,0
2022-03-01,2022,3,Mar,Merchandise Exports_Gold (Millions of US Dollars),549.07,merchandise_trade_flows,https://www.bog.gov.gh/economic-data/merchandise-trade-flows/,0
2022-04-01,2022,4,Apr,Merchandise Exports_Gold (Millions of US Dollars),500.66,merchandise_trade_flows,https://www.bog.gov.gh/economic-data/merchandise-trade-flows/,0
2022-05-01,2022,5,May,Merchandise Exports_Gold (Millions of US Dollars),563.28,merchandise_trade_flows,https://www.bog.gov.gh/economic-data/merchandise-trade-flows/,0
2022-06-01,2022,6,Jun,Merchandise Exports_Gold (Millions of US Dollars),587.82,merchandise_trade_flows,https://www.bog.gov.gh/economic-data/merchandise-trade-flows/,0
2022-07-01,2022,7,Jul,Merchandise Exports_Gold (Millions of US Dollars),550.11,merchandise_trade_flows,https://www.bog.gov.gh/economic-data/merchandise-trade-flows/,0
2022-08-01,2022,8,Aug,Merchandise Exports_Gold (Millions of US Dollars),651.24,merchandise_trade_flows,https://www.bog.gov.gh/economic-data/merchandise-trade-flows/,0
2022-09-01,2022,9,Sep,Merchandise Exports_Gold (Millions of US Dollars),575.04,merchandise_trade_flows,https://www.bog.gov.gh/economic-data/merchandise-trade-flows/,0
2022-10-01,2022,10,Oct,Merchandise Exports_Gold (Millions of US Dollars),530.31,merchandise_trade_flows,https://www.bog.gov.gh/economic-data/merchandise-trade-flows/,0
2022-11-01,2022,11,Nov,Merchandise Exports_Gold (Millions of US Dollars),627.34,merchandise_trade_flows,https://www.bog.gov.gh/economic-data/merchandise-trade-flows/,0
2022-12-01,2022,12,Dec,Merchandise Exports_Gold (Millions of US Dollars),649.0,merchandise_trade_flows,https://www.bog.gov.gh/economic-data/merchandise-trade-flows/,0
2023-01-01,2023,1,Jan,Merchandise Exports_Gold (Millions of US Dollars),558.28,merchandise_trade_flows,https://www.bog.gov.gh/economic-data/merchandise-trade-flows/,0
2023-02-01,2023,2,Feb,Merchandise Exports_Gold (Millions of US Dollars),523.98,merchandise_trade_flows,https://www.bog.gov.gh/economic-data/merchandise-trade-flows/,0
2023-03-01,2023,3,Mar,Merchandise Exports_Gold (Millions of US Dollars),624.65,merchandise_trade_flows,https://www.bog.gov.gh/economic-data/merchandise-trade-flows/,0
2023-04-01,2023,4,Apr,Merchandise Exports_Gold (Millions of US Dollars),465.96,merchandise_trade_flows,https://www.bog.gov.gh/economic-data/merchandise-trade-flows/,0
2023-05-01,2023,5,May,Merchandise Exports_Gold (Millions of US Dollars),0.0,merchandise_trade_flows,https://www.bog.gov.gh/economic-data/merchandise-trade-flows/,0
2023-06-01,2023,6,Jun,Merchandise Exports_Gold (Millions of US Dollars),0.0,merchandise_trade_flows,https://www.bog.gov.gh/economic-data/merchandise-trade-flows/,0
2023-07-01,2023,7,Jul,Merchandise Exports_Gold (Millions of US Dollars),0.0,merchandise_trade_flows,https://www.bog.gov.gh/economic-data/merchandise-trade-flows/,0
2023-08-01,2023,8,Aug,Merchandise Exports_Gold (Millions of US Dollars),0.0,merchandise_trade_flows,https://www.bog.gov.gh/economic-data/merchandise-trade-flows/,0
2023-09-01,2023,9,Sep,Merchandise Exports_Gold (Millions of US Dollars),0.0,merchandise_trade_flows,https://www.bog.gov.gh/economic-data/merchandise-trade-flows/,0
2023-10-01,2023,10,Oct,Merchandise Exports_Gold (Millions of US Dollars),0.0,merchandise_trade_flows,https://www.bog.gov.gh/economic-data/merchandise-trade-flows/,0
2023-11-01,2023,11,Nov,Merchandise Exports_Gold (Millions of US Dollars),0.0,merchandise_trade_flows,https://www.bog.gov.gh/economic-data/merchandise-trade-flows/,0
2023-12-01,2023,12,Dec,Merchandise Exports_Gold (Millions of US Dollars),0.0,merchandise_trade_flows,https://www.bog.gov.gh/economic-data/merchandise-trade-flows/,0
2005-01-01,2005,1,Jan,Merchandise Exports_Other Exports (Millions of US Dollars),20.93,merchandise_trade_flows,https://www.bog.gov.gh/economic-data/merchandise-trade-flows/,0
2005-02-01,2005,2,Feb,Merchandise Exports_Other Exports (Millions of US Dollars),-2.34,merchandise_trade_flows,https://www.bog.gov.gh/economic-data/merchandise-trade-flows/,0
2005-03-01,2005,3,Mar,Merchandise Exports_Other Exports (Millions of US Dollars),67.6,merchandise_trade_flows,https://www.bog.gov.gh/economic-data/merchandise-trade-flows/,0
2005-04-01,2005,4,Apr,Merchandise Exports_Other Exports (Millions of US Dollars),45.59,merchandise_trade_flows,https://www.bog.gov.gh/economic-data/merchandise-trade-flows/,0
2005-05-01,2005,5,May,Merchandise Exports_Other Exports (Millions of US Dollars),27.33,merchandise_trade_flows,https://www.bog.gov.gh/economic-data/merchandise-trade-flows/,0
2005-06-01,2005,6,Jun,Merchandise Exports_Other Exports (Millions of US Dollars),59.49,merchandise_trade_flows,https://www.bog.gov.gh/economic-data/merchandise-trade-flows/,0
2005-07-01,2005,7,Jul,Merchandise Exports_Other Exports (Millions of US Dollars),71.21,merchandise_trade_flows,https://www.bog.gov.gh/economic-data/merchandise-trade-flows/,0
2005-08-01,2005,8,Aug,Merchandise Exports_Other Exports (Millions of US Dollars),88.65,merchandise_trade_flows,https://www.bog.gov.gh/economic-data/merchandise-trade-flows/,0
2005-09-01,2005,9,Sep,Merchandise Exports_Other Exports (Millions of US Dollars),132.7,merchandise_trade_flows,https://www.bog.gov.gh/economic-data/merchandise-trade-flows/,0
2005-10-01,2005,10,Oct,Merchandise Exports_Other Exports (Millions of US Dollars),47.42,merchandise_trade_flows,https://www.bog.gov.gh/economic-data/merchandise-trade-flows/,0
2005-11-01,2005,11,Nov,Merchandise Exports_Other Exports (Millions of US Dollars),72.14,merchandise_trade_flows,https://www.bog.gov.gh/economic-data/merchandise-trade-flows/,0
2005-12-01,2005,12,Dec,Merchandise Exports_Other Exports (Millions of US Dollars),79.24,merchandise_trade_flows,https://www.bog.gov.gh/economic-data/merchandise-trade-flows/,0
2006-01-01,2006,1,Jan,Merchandise Exports_Other Exports (Millions of US Dollars),102.13,merchandise_trade_flows,https://www.bog.gov.gh/economic-data/merchandise-trade-flows/,0
2006-02-01,2006,2,Feb,Merchandise Exports_Other Exports (Millions of US Dollars),84.92,merchandise_trade_flows,https://www.bog.gov.gh/economic-data/merchandise-trade-flows/,0
2006-03-01,2006,3,Mar,Merchandise Exports_Other Exports (Millions of US Dollars),88.49,merchandise_trade_flows,https://www.bog.gov.gh/economic-data/merchandise-trade-flows/,0
2006-04-01,2006,4,Apr,Merchandise Exports_Other Exports (Millions of US Dollars),91.04,merchandise_trade_flows,https://www.bog.gov.gh/economic-data/merchandise-trade-flows/,0
2006-05-01,2006,5,May,Merchandise Exports_Other Exports (Millions of US Dollars),100.28,merchandise_trade_flows,https://www.bog.gov.gh/economic-data/merchandise-trade-flows/,0
2006-06-01,2006,6,Jun,Merchandise Exports_Other Exports (Millions of US Dollars),79.36,merchandise_trade_flows,https://www.bog.gov.gh/economic-data/merchandise-trade-flows/,0
2006-07-01,2006,7,Jul,Merchandise Exports_Other Exports (Millions of US Dollars),114.11,merchandise_trade_flows,https://www.bog.gov.gh/economic-data/merchandise-trade-flows/,0
2006-08-01,2006,8,Aug,Merchandise Exports_Other Exports (Millions of US Dollars),98.37,merchandise_trade_flows,https://www.bog.gov.gh/economic-data/merchandise-trade-flows/,0
2006-09-01,2006,9,Sep,Merchandise Exports_Other Exports (Millions of US Dollars),118.17,merchandise_trade_flows,https://www.bog.gov.gh/economic-data/merchandise-trade-flows/,0
2006-10-01,2006,10,Oct,Merchandise Exports_Other Exports (Millions of US Dollars),48.55,merchandise_trade_flows,https://www.bog.gov.gh/economic-data/merchandise-trade-flows/,0
2006-11-01,2006,11,Nov,Merchandise Exports_Other Exports (Millions of US Dollars),163.95,merchandise_trade_flows,https://www.bog.gov.gh/economic-data/merchandise-trade-flows/,0
2006-12-01,2006,12,Dec,Merchandise Exports_Other Exports (Millions of US Dollars),127.93,merchandise_trade_flows,https://www.bog.gov.gh/economic-data/merchandise-trade-flows/,0
2007-01-01,2007,1,Jan,Merchandise Exports_Other Exports (Millions of US Dollars),74.42,merchandise_trade_flows,https://www.bog.gov.gh/economic-data/merchandise-trade-flows/,0
2007-02-01,2007,2,Feb,Merchandise Exports_Other Exports (Millions of US Dollars),96.01,merchandise_trade_flows,https://www.bog.gov.gh/economic-data/merchandise-trade-flows/,0
2007-03-01,2007,3,Mar,Merchandise Exports_Other Exports (Millions of US Dollars),77.92,merchandise_trade_flows,https://www.bog.gov.gh/economic-data/merchandise-trade-flows/,0
2007-04-01,2007,4,Apr,Merchandise Exports_Other Exports (Millions of US Dollars),75.33,merchandise_trade_flows,https://www.bog.gov.gh/economic-data/merchandise-trade-flows/,0
2007-05-01,2007,5,May,Merchandise Exports_Other Exports (Millions of US Dollars),100.0,merchandise_trade_flows,https://www.bog.gov.gh/economic-data/merchandise-trade-flows/,0
2007-06-01,2007,6,Jun,Merchandise Exports_Other Exports (Millions of US Dollars),109.76,merchandise_trade_flows,https://www.bog.gov.gh/economic-data/merchandise-trade-flows/,0
2007-07-01,2007,7,Jul,Merchandise Exports_Other Exports (Millions of US Dollars),110.49,merchandise_trade_flows,https://www.bog.gov.gh/economic-data/merchandise-trade-flows/,0
2007-08-01,2007,8,Aug,Merchandise Exports_Other Exports (Millions of US Dollars),100.32,merchandise_trade_flows,https://www.bog.gov.gh/economic-data/merchandise-trade-flows/,0
2007-09-01,2007,9,Sep,Merchandise Exports_Other Exports (Millions of US Dollars),153.33,merchandise_trade_flows,https://www.bog.gov.gh/economic-data/merchandise-trade-flows/,0
2007-10-01,2007,10,Oct,Merchandise Exports_Other Exports (Millions of US Dollars),97.04,merchandise_trade_flows,https://www.bog.gov.gh/economic-data/merchandise-trade-flows/,0
2007-11-01,2007,11,Nov,Merchandise Exports_Other Exports (Millions of US Dollars),187.17,merchandise_trade_flows,https://www.bog.gov.gh/economic-data/merchandise-trade-flows/,0
2007-12-01,2007,12,Dec,Merchandise Exports_Other Exports (Millions of US Dollars),82.75,merchandise_trade_flows,https://www.bog.gov.gh/economic-data/merchandise-trade-flows/,0
2008-01-01,2008,1,Jan,Merchandise Exports_Other Exports (Millions of US Dollars),77.12,merchandise_trade_flows,https://www.bog.gov.gh/economic-data/merchandise-trade-flows/,0
2008-02-01,2008,2,Feb,Merchandise Exports_Other Exports (Millions of US Dollars),106.29,merchandise_trade_flows,https://www.bog.gov.gh/economic-data/merchandise-trade-flows/,0
2008-03-01,2008,3,Mar,Merchandise Exports_Other Exports (Millions of US Dollars),82.46,merchandise_trade_flows,https://www.bog.gov.gh/economic-data/merchandise-trade-flows/,0
2008-04-01,2008,4,Apr,Merchandise Exports_Other Exports (Millions of US Dollars),143.13,merchandise_trade_flows,https://www.bog.gov.gh/economic-data/merchandise-trade-flows/,0
2008-05-01,2008,5,May,Merchandise Exports_Other Exports (Millions of US Dollars),113.17,merchandise_trade_flows,https://www.bog.gov.gh/economic-data/merchandise-trade-flows/,0
2008-06-01,2008,6,Jun,Merchandise Exports_Other Exports (Millions of US Dollars),151.81,merchandise_trade_flows,https://www.bog.gov.gh/economic-data/merchandise-trade-flows/,0
2008-07-01,2008,7,Jul,Merchandise Exports_Other Exports (Millions of US Dollars),175.52,merchandise_trade_flows,https://www.bog.gov.gh/economic-data/merchandise-trade-flows/,0
2008-08-01,2008,8,Aug,Merchandise Exports_Other Exports (Millions of US Dollars),126.94,merchandise_trade_flows,https://www.bog.gov.gh/economic-data/merchandise-trade-flows/,0
2008-09-01,2008,9,Sep,Merchandise Exports_Other Exports (Millions of US Dollars),135.52,merchandise_trade_flows,https://www.bog.gov.gh/economic-data/merchandise-trade-flows/,0
2008-10-01,2008,10,Oct,Merchandise Exports_Other Exports (Millions of US Dollars),122.04,merchandise_trade_flows,https://www.bog.gov.gh/economic-data/merchandise-trade-flows/,0
2008-11-01,2008,11,Nov,Merchandise Exports_Other Exports (Millions of US Dollars),129.88,merchandise_trade_flows,https://www.bog.gov.gh/economic-data/merchandise-trade-flows/,0
2008-12-01,2008,12,Dec,Merchandise Exports_Other Exports (Millions of US Dollars),117.68,merchandise_trade_flows,https://www.bog.gov.gh/economic-data/merchandise-trade-flows/,0
2009-01-01,2009,1,Jan,Merchandise Exports_Other Exports (Millions of US Dollars),131.07,merchandise_trade_flows,https://www.bog.gov.gh/economic-data/merchandise-trade-flows/,0
2009-02-01,2009,2,Feb,Merchandise Exports_Other Exports (Millions of US Dollars),116.05,merchandise_trade_flows,https://www.bog.gov.gh/economic-data/merchandise-trade-flows/,0
2009-03-01,2009,3,Mar,Merchandise Exports_Other Exports (Millions of US Dollars),118.61,merchandise_trade_flows,https://www.bog.gov.gh/economic-data/merchandise-trade-flows/,0
2009-04-01,2009,4,Apr,Merchandise Exports_Other Exports (Millions of US Dollars),160.09,merchandise_trade_flows,https://www.bog.gov.gh/economic-data/merchandise-trade-flows/,0
2009-05-01,2009,5,May,Merchandise Exports_Other Exports (Millions of US Dollars),118.76,merchandise_trade_flows,https://www.bog.gov.gh/economic-data/merchandise-trade-flows/,0
2009-06-01,2009,6,Jun,Merchandise Exports_Other Exports (Millions of US Dollars),131.73,merchandise_trade_flows,https://www.bog.gov.gh/economic-data/merchandise-trade-flows/,0
2009-07-01,2009,7,Jul,Merchandise Exports_Other Exports (Millions of US Dollars),136.29,merchandise_trade_flows,https://www.bog.gov.gh/economic-data/merchandise-trade-flows/,0
2009-08-01,2009,8,Aug,Merchandise Exports_Other Exports (Millions of US Dollars),125.92,merchandise_trade_flows,https://www.bog.gov.gh/economic-data/merchandise-trade-flows/,0
2009-09-01,2009,9,Sep,Merchandise Exports_Other Exports (Millions of US Dollars),137.7,merchandise_trade_flows,https://www.bog.gov.gh/economic-data/merchandise-trade-flows/,0
2009-10-01,2009,10,Oct,Merchandise Exports_Other Exports (Millions of US Dollars),153.55,merchandise_trade_flows,https://www.bog.gov.gh/economic-data/merchandise-trade-flows/,0
2009-11-01,2009,11,Nov,Merchandise Exports_Other Exports (Millions of US Dollars),161.22,merchandise_trade_flows,https://www.bog.gov.gh/economic-data/merchandise-trade-flows/,0
2009-12-01,2009,12,Dec,Merchandise Exports_Other Exports (Millions of US Dollars),200.81,merchandise_trade_flows,https://www.bog.gov.gh/economic-data/merchandise-trade-flows/,0
2010-01-01,2010,1,Jan,Merchandise Exports_Other Exports (Millions of US Dollars),147.12,merchandise_trade_flows,https://www.bog.gov.gh/economic-data/merchandise-trade-flows/,0
2010-02-01,2010,2,Feb,Merchandise Exports_Other Exports (Millions of US Dollars),170.98,merchandise_trade_flows,https://www.bog.gov.gh/economic-data/merchandise-trade-flows/,0
2010-03-01,2010,3,Mar,Merchandise Exports_Other Exports (Millions of US Dollars),214.05,merchandise_trade_flows,https://www.bog.gov.gh/economic-data/merchandise-trade-flows/,0
2010-04-01,2010,4,Apr,Merchandise Exports_Other Exports (Millions of US Dollars),182.28,merchandise_trade_flows,https://www.bog.gov.gh/economic-data/merchandise-trade-flows/,0
2010-05-01,2010,5,May,Merchandise Exports_Other Exports (Millions of US Dollars),213.14,merchandise_trade_flows,https://www.bog.gov.gh/economic-data/merchandise-trade-flows/,0
2010-06-01,2010,6,Jun,Merchandise Exports_Other Exports (Millions of US Dollars),228.68,merchandise_trade_flows,https://www.bog.gov.gh/economic-data/merchandise-trade-flows/,0
2010-07-01,2010,7,Jul,Merchandise Exports_Other Exports (Millions of US Dollars),208.03,merchandise_trade_flows,https://www.bog.gov.gh/economic-data/merchandise-trade-flows/,0
2010-08-01,2010,8,Aug,Merchandise Exports_Other Exports (Millions of US Dollars),215.93,merchandise_trade_flows,https://www.bog.gov.gh/economic-data/merchandise-trade-flows/,0
2010-09-01,2010,9,Sep,Merchandise Exports_Other Exports (Millions of US Dollars),200.81,merchandise_trade_flows,https://www.bog.gov.gh/economic-data/merchandise-trade-flows/,0
2010-10-01,2010,10,Oct,Merchandise Exports_Other Exports (Millions of US Dollars),182.96,merchandise_trade_flows,https://www.bog.gov.gh/economic-data/merchandise-trade-flows/,0
2010-11-01,2010,11,Nov,Merchandise Exports_Other Exports (Millions of US Dollars),236.59,merchandise_trade_flows,https://www.bog.gov.gh/economic-data/merchandise-trade-flows/,0
2010-12-01,2010,12,Dec,Merchandise Exports_Other Exports (Millions of US Dollars),184.82,merchandise_trade_flows,https://www.bog.gov.gh/economic-data/merchandise-trade-flows/,0
2011-01-01,2011,1,Jan,Merchandise Exports_Other Exports (Millions of US Dollars),161.05,merchandise_trade_flows,https://www.bog.gov.gh/economic-data/merchandise-trade-flows/,0
2011-02-01,2011,2,Feb,Merchandise Exports_Other Exports (Millions of US Dollars),222.17,merchandise_trade_flows,https://www.bog.gov.gh/economic-data/merchandise-trade-flows/,0
2011-03-01,2011,3,Mar,Merchandise Exports_Other Exports (Millions of US Dollars),295.84,merchandise_trade_flows,https://www.bog.gov.gh/economic-data/merchandise-trade-flows/,0
2011-04-01,2011,4,Apr,Merchandise Exports_Other Exports (Millions of US Dollars),243.21,merchandise_trade_flows,https://www.bog.gov.gh/economic-data/merchandise-trade-flows/,0
2011-05-01,2011,5,May,Merchandise Exports_Other Exports (Millions of US Dollars),282.17,merchandise_trade_flows,https://www.bog.gov.gh/economic-data/merchandise-trade-flows/,0
2011-06-01,2011,6,Jun,Merchandise Exports_Other Exports (Millions of US Dollars),302.21,merchandise_trade_flows,https://www.bog.gov.gh/economic-data/merchandise-trade-flows/,0
2011-07-01,2011,7,Jul,Merchandise Exports_Other Exports (Millions of US Dollars),274.63,merchandise_trade_flows,https://www.bog.gov.gh/economic-data/merchandise-trade-flows/,0
2011-08-01,2011,8,Aug,Merchandise Exports_Other Exports (Millions of US Dollars),222.0,merchandise_trade_flows,https://www.bog.gov.gh/economic-data/merchandise-trade-flows/,0
2011-09-01,2011,9,Sep,Merchandise Exports_Other Exports (Millions of US Dollars),281.16,merchandise_trade_flows,https://www.bog.gov.gh/economic-data/merchandise-trade-flows/,0
2011-10-01,2011,10,Oct,Merchandise Exports_Other Exports (Millions of US Dollars),335.06,merchandise_trade_flows,https://www.bog.gov.gh/economic-data/merchandise-trade-flows/,0
2011-11-01,2011,11,Nov,Merchandise Exports_Other Exports (Millions of US Dollars),190.28,merchandise_trade_flows,https://www.bog.gov.gh/economic-data/merchandise-trade-flows/,0
2011-12-01,2011,12,Dec,Merchandise Exports_Other Exports (Millions of US Dollars),168.61,merchandise_trade_flows,https://www.bog.gov.gh/economic-data/merchandise-trade-flows/,0
2012-01-01,2012,1,Jan,Merchandise Exports_Other Exports (Millions of US Dollars),142.71,merchandise_trade_flows,https://www.bog.gov.gh/economic-data/merchandise-trade-flows/,0
2012-02-01,2012,2,Feb,Merchandise Exports_Other Exports (Millions of US Dollars),210.42,merchandise_trade_flows,https://www.bog.gov.gh/economic-data/merchandise-trade-flows/,0
2012-03-01,2012,3,Mar,Merchandise Exports_Other Exports (Millions of US Dollars),277.46,merchandise_trade_flows,https://www.bog.gov.gh/economic-data/merchandise-trade-flows/,0
2012-04-01,2012,4,Apr,Merchandise Exports_Other Exports (Millions of US Dollars),211.42,merchandise_trade_flows,https://www.bog.gov.gh/economic-data/merchandise-trade-flows/,0
2012-05-01,2012,5,May,Merchandise Exports_Other Exports (Millions of US Dollars),193.31,merchandise_trade_flows,https://www.bog.gov.gh/economic-data/merchandise-trade-flows/,0
2012-06-01,2012,6,Jun,Merchandise Exports_Other Exports (Millions of US Dollars),272.33,merchandise_trade_flows,https://www.bog.gov.gh/economic-data/merchandise-trade-flows/,0
2012-07-01,2012,7,Jul,Merchandise Exports_Other Exports (Millions of US Dollars),185.05,merchandise_trade_flows,https://www.bog.gov.gh/economic-data/merchandise-trade-flows/,0
2012-08-01,2012,8,Aug,Merchandise Exports_Other Exports (Millions of US Dollars),183.36,merchandise_trade_flows,https://www.bog.gov.gh/economic-data/merchandise-trade-flows/,0
2012-09-01,2012,9,Sep,Merchandise Exports_Other Exports (Millions of US Dollars),220.75,merchandise_trade_flows,https://www.bog.gov.gh/economic-data/merchandise-trade-flows/,0
2012-10-01,2012,10,Oct,Merchandise Exports_Other Exports (Millions of US Dollars),260.13,merchandise_trade_flows,https://www.bog.gov.gh/economic-data/merchandise-trade-flows/,0
2012-11-01,2012,11,Nov,Merchandise Exports_Other Exports (Millions of US Dollars),225.78,merchandise_trade_flows,https://www.bog.gov.gh/economic-data/merchandise-trade-flows/,0
2012-12-01,2012,12,Dec,Merchandise Exports_Other Exports (Millions of US Dollars),226.58,merchandise_trade_flows,https://www.bog.gov.gh/economic-data/merchandise-trade-flows/,0
2013-01-01,2013,1,Jan,Merchandise Exports_Other Exports (Millions of US Dollars),259.79,merchandise_trade_flows,https://www.bog.gov.gh/economic-data/merchandise-trade-flows/,0
2013-02-01,2013,2,Feb,Merchandise Exports_Other Exports (Millions of US Dollars),203.0,merchandise_trade_flows,https://www.bog.gov.gh/economic-data/merchandise-trade-flows/,0
2013-03-01,2013,3,Mar,Merchandise Exports_Other Exports (Millions of US Dollars),225.08,merchandise_trade_flows,https://www.bog.gov.gh/economic-data/merchandise-trade-flows/,0
2013-04-01,2013,4,Apr,Merchandise Exports_Other Exports (Millions of US Dollars),301.19,merchandise_trade_flows,https://www.bog.gov.gh/economic-data/merchandise-trade-flows/,0
2013-05-01,2013,5,May,Merchandise Exports_Other Exports (Millions of US Dollars),249.14,merchandise_trade_flows,https://www.bog.gov.gh/economic-data/merchandise-trade-flows/,0
2013-06-01,2013,6,Jun,Merchandise Exports_Other Exports (Millions of US Dollars),283.19,merchandise_trade_flows,https://www.bog.gov.gh/economic-data/merchandise-trade-flows/,0
2013-07-01,2013,7,Jul,Merchandise Exports_Other Exports (Millions of US Dollars),251.48,merchandise_trade_flows,https://www.bog.gov.gh/economic-data/merchandise-trade-flows/,0
2013-08-01,2013,8,Aug,Merchandise Exports_Other Exports (Millions of US Dollars),263.34,merchandise_trade_flows,https://www.bog.gov.gh/economic-data/merchandise-trade-flows/,0
2013-09-01,2013,9,Sep,Merchandise Exports_Other Exports (Millions of US Dollars),266.56,merchandise_trade_flows,https://www.bog.gov.gh/economic-data/merchandise-trade-flows/,0
2013-10-01,2013,10,Oct,Merchandise Exports_Other Exports (Millions of US Dollars),283.64,merchandise_trade_flows,https://www.bog.gov.gh/economic-data/merchandise-trade-flows/,0
2013-11-01,2013,11,Nov,Merchandise Exports_Other Exports (Millions of US Dollars),265.6,merchandise_trade_flows,https://www.bog.gov.gh/economic-data/merchandise-trade-flows/,0
2013-12-01,2013,12,Dec,Merchandise Exports_Other Exports (Millions of US Dollars),271.05,merchandise_trade_flows,https://www.bog.gov.gh/economic-data/merchandise-trade-flows/,0
2014-01-01,2014,1,Jan,Merchandise Exports_Other Exports (Millions of US Dollars),226.09,merchandise_trade_flows,https://www.bog.gov.gh/economic-data/merchandise-trade-flows/,0
2014-02-01,2014,2,Feb,Merchandise Exports_Other Exports (Millions of US Dollars),249.68,merchandise_trade_flows,https://www.bog.gov.gh/economic-data/merchandise-trade-flows/,0
2014-03-01,2014,3,Mar,Merchandise Exports_Other Exports (Millions of US Dollars),256.5,merchandise_trade_flows,https://www.bog.gov.gh/economic-data/merchandise-trade-flows/,0
2014-04-01,2014,4,Apr,Merchandise Exports_Other Exports (Millions of US Dollars),271.83,merchandise_trade_flows,https://www.bog.gov.gh/economic-data/merchandise-trade-flows/,0
2014-05-01,2014,5,May,Merchandise Exports_Other Exports (Millions of US Dollars),266.11,merchandise_trade_flows,https://www.bog.gov.gh/economic-data/merchandise-trade-flows/,0
2014-06-01,2014,6,Jun,Merchandise Exports_Other Exports (Millions of US Dollars),275.23,merchandise_trade_flows,https://www.bog.gov.gh/economic-data/merchandise-trade-flows/,0
2014-07-01,2014,7,Jul,Merchandise Exports_Other Exports (Millions of US Dollars),223.52,merchandise_trade_flows,https://www.bog.gov.gh/economic-data/merchandise-trade-flows/,0
2014-08-01,2014,8,Aug,Merchandise Exports_Other Exports (Millions of US Dollars),215.97,merchandise_trade_flows,https://www.bog.gov.gh/economic-data/merchandise-trade-flows/,0
2014-09-01,2014,9,Sep,Merchandise Exports_Other Exports (Millions of US Dollars),261.11,merchandise_trade_flows,https://www.bog.gov.gh/economic-data/merchandise-trade-flows/,0
2014-10-01,2014,10,Oct,Merchandise Exports_Other Exports (Millions of US Dollars),263.65,merchandise_trade_flows,https://www.bog.gov.gh/economic-data/merchandise-trade-flows/,0
2014-11-01,2014,11,Nov,Merchandise Exports_Other Exports (Millions of US Dollars),304.53,merchandise_trade_flows,https://www.bog.gov.gh/economic-data/merchandise-trade-flows/,0
2014-12-01,2014,12,Dec,Merchandise Exports_Other Exports (Millions of US Dollars),255.67,merchandise_trade_flows,https://www.bog.gov.gh/economic-data/merchandise-trade-flows/,0
2015-01-01,2015,1,Jan,Merchandise Exports_Other Exports (Millions of US Dollars),233.84,merchandise_trade_flows,https://www.bog.gov.gh/economic-data/merchandise-trade-flows/,0
2015-02-01,2015,2,Feb,Merchandise Exports_Other Exports (Millions of US Dollars),264.68,merchandise_trade_flows,https://www.bog.gov.gh/economic-data/merchandise-trade-flows/,0
2015-03-01,2015,3,Mar,Merchandise Exports_Other Exports (Millions of US Dollars),274.25,merchandise_trade_flows,https://www.bog.gov.gh/economic-data/merchandise-trade-flows/,0
2015-04-01,2015,4,Apr,Merchandise Exports_Other Exports (Millions of US Dollars),264.33,merchandise_trade_flows,https://www.bog.gov.gh/economic-data/merchandise-trade-flows/,0
2015-05-01,2015,5,May,Merchandise Exports_Other Exports (Millions of US Dollars),288.36,merchandise_trade_flows,https://www.bog.gov.gh/economic-data/merchandise-trade-flows/,0
2015-06-01,2015,6,Jun,Merchandise Exports_Other Exports (Millions of US Dollars),260.91,merchandise_trade_flows,https://www.bog.gov.gh/economic-data/merchandise-trade-flows/,0
2015-07-01,2015,7,Jul,Merchandise Exports_Other Exports (Millions of US Dollars),242.74,merchandise_trade_flows,https://www.bog.gov.gh/economic-data/merchandise-trade-flows/,0
2015-08-01,2015,8,Aug,Merchandise Exports_Other Exports (Millions of US Dollars),266.01,merchandise_trade_flows,https://www.bog.gov.gh/economic-data/merchandise-trade-flows/,0
2015-09-01,2015,9,Sep,Merchandise Exports_Other Exports (Millions of US Dollars),201.41,merchandise_trade_flows,https://www.bog.gov.gh/economic-data/merchandise-trade-flows/,0
2015-10-01,2015,10,Oct,Merchandise Exports_Other Exports (Millions of US Dollars),251.41,merchandise_trade_flows,https://www.bog.gov.gh/economic-data/merchandise-trade-flows/,0
2015-11-01,2015,11,Nov,Merchandise Exports_Other Exports (Millions of US Dollars),205.93,merchandise_trade_flows,https://www.bog.gov.gh/economic-data/merchandise-trade-flows/,0
2015-12-01,2015,12,Dec,Merchandise Exports_Other Exports (Millions of US Dollars),243.75,merchandise_trade_flows,https://www.bog.gov.gh/economic-data/merchandise-trade-flows/,0
2016-01-01,2016,1,Jan,Merchandise Exports_Other Exports (Millions of US Dollars),180.24,merchandise_trade_flows,https://www.bog.gov.gh/economic-data/merchandise-trade-flows/,0
2016-02-01,2016,2,Feb,Merchandise Exports_Other Exports (Millions of US Dollars),223.62,merchandise_trade_flows,https://www.bog.gov.gh/economic-data/merchandise-trade-flows/,0
2016-03-01,2016,3,Mar,Merchandise Exports_Other Exports (Millions of US Dollars),219.63,merchandise_trade_flows,https://www.bog.gov.gh/economic-data/merchandise-trade-flows/,0
2016-04-01,2016,4,Apr,Merchandise Exports_Other Exports (Millions of US Dollars),221.43,merchandise_trade_flows,https://www.bog.gov.gh/economic-data/merchandise-trade-flows/,0
2016-05-01,2016,5,May,Merchandise Exports_Other Exports (Millions of US Dollars),272.01,merchandise_trade_flows,https://www.bog.gov.gh/economic-data/merchandise-trade-flows/,0
2016-06-01,2016,6,Jun,Merchandise Exports_Other Exports (Millions of US Dollars),226.98,merchandise_trade_flows,https://www.bog.gov.gh/economic-data/merchandise-trade-flows/,0
2016-07-01,2016,7,Jul,Merchandise Exports_Other Exports (Millions of US Dollars),212.72,merchandise_trade_flows,https://www.bog.gov.gh/economic-data/merchandise-trade-flows/,0
2016-08-01,2016,8,Aug,Merchandise Exports_Other Exports (Millions of US Dollars),245.88,merchandise_trade_flows,https://www.bog.gov.gh/economic-data/merchandise-trade-flows/,0
2016-09-01,2016,9,Sep,Merchandise Exports_Other Exports (Millions of US Dollars),220.3,merchandise_trade_flows,https://www.bog.gov.gh/economic-data/merchandise-trade-flows/,0
2016-10-01,2016,10,Oct,Merchandise Exports_Other Exports (Millions of US Dollars),242.87,merchandise_trade_flows,https://www.bog.gov.gh/economic-data/merchandise-trade-flows/,0
2016-11-01,2016,11,Nov,Merchandise Exports_Other Exports (Millions of US Dollars),225.94,merchandise_trade_flows,https://www.bog.gov.gh/economic-data/merchandise-trade-flows/,0
2016-12-01,2016,12,Dec,Merchandise Exports_Other Exports (Millions of US Dollars),203.02,merchandise_trade_flows,https://www.bog.gov.gh/economic-data/merchandise-trade-flows/,0
2017-01-01,2017,1,Jan,Merchandise Exports_Other Exports (Millions of US Dollars),198.22,merchandise_trade_flows,https://www.bog.gov.gh/economic-data/merchandise-trade-flows/,0
2017-02-01,2017,2,Feb,Merchandise Exports_Other Exports (Millions of US Dollars),215.93,merchandise_trade_flows,https://www.bog.gov.gh/economic-data/merchandise-trade-flows/,0
2017-03-01,2017,3,Mar,Merchandise Exports_Other Exports (Millions of US Dollars),289.49,merchandise_trade_flows,https://www.bog.gov.gh/economic-data/merchandise-trade-flows/,0
2017-04-01,2017,4,Apr,Merchandise Exports_Other Exports (Millions of US Dollars),214.68,merchandise_trade_flows,https://www.bog.gov.gh/economic-data/merchandise-trade-flows/,0
2017-05-01,2017,5,May,Merchandise Exports_Other Exports (Millions of US Dollars),261.21,merchandise_trade_flows,https://www.bog.gov.gh/economic-data/merchandise-trade-flows/,0
2017-06-01,2017,6,Jun,Merchandise Exports_Other Exports (Millions of US Dollars),242.07,merchandise_trade_flows,https://www.bog.gov.gh/economic-data/merchandise-trade-flows/,0
2017-07-01,2017,7,Jul,Merchandise Exports_Other Exports (Millions of US Dollars),228.62,merchandise_trade_flows,https://www.bog.gov.gh/economic-data/merchandise-trade-flows/,0
2017-08-01,2017,8,Aug,Merchandise Exports_Other Exports (Millions of US Dollars),246.7,merchandise_trade_flows,https://www.bog.gov.gh/economic-data/merchandise-trade-flows/,0
2017-09-01,2017,9,Sep,Merchandise Exports_Other Exports (Millions of US Dollars),197.17,merchandise_trade_flows,https://www.bog.gov.gh/economic-data/merchandise-trade-flows/,0
2017-10-01,2017,10,Oct,Merchandise Exports_Other Exports (Millions of US Dollars),236.7,merchandise_trade_flows,https://www.bog.gov.gh/economic-data/merchandise-trade-flows/,0
2017-11-01,2017,11,Nov,Merchandise Exports_Other Exports (Millions of US Dollars),260.27,merchandise_trade_flows,https://www.bog.gov.gh/economic-data/merchandise-trade-flows/,0
2017-12-01,2017,12,Dec,Merchandise Exports_Other Exports (Millions of US Dollars),224.22,merchandise_trade_flows,https://www.bog.gov.gh/economic-data/merchandise-trade-flows/,0
2018-01-01,2018,1,Jan,Merchandise Exports_Other Exports (Millions of US Dollars),275.81,merchandise_trade_flows,https://www.bog.gov.gh/economic-data/merchandise-trade-flows/,0
2018-02-01,2018,2,Feb,Merchandise Exports_Other Exports (Millions of US Dollars),271.97,merchandise_trade_flows,https://www.bog.gov.gh/economic-data/merchandise-trade-flows/,0
2018-03-01,2018,3,Mar,Merchandise Exports_Other Exports (Millions of US Dollars),299.43,merchandise_trade_flows,https://www.bog.gov.gh/economic-data/merchandise-trade-flows/,0
2018-04-01,2018,4,Apr,Merchandise Exports_Other Exports (Millions of US Dollars),324.57,merchandise_trade_flows,https://www.bog.gov.gh/economic-data/merchandise-trade-flows/,0
2018-05-01,2018,5,May,Merchandise Exports_Other Exports (Millions of US Dollars),328.87,merchandise_trade_flows,https://www.bog.gov.gh/economic-data/merchandise-trade-flows/,0
2018-06-01,2018,6,Jun,Merchandise Exports_Other Exports (Millions of US Dollars),240.62,merchandise_trade_flows,https://www.bog.gov.gh/economic-data/merchandise-trade-flows/,0
2018-07-01,2018,7,Jul,Merchandise Exports_Other Exports (Millions of US Dollars),231.71,merchandise_trade_flows,https://www.bog.gov.gh/economic-data/merchandise-trade-flows/,0
2018-08-01,2018,8,Aug,Merchandise Exports_Other Exports (Millions of US Dollars),239.09,merchandise_trade_flows,https://www.bog.gov.gh/economic-data/merchandise-trade-flows/,0
2018-09-01,2018,9,Sep,Merchandise Exports_Other Exports (Millions of US Dollars),274.75,merchandise_trade_flows,https://www.bog.gov.gh/economic-data/merchandise-trade-flows/,0
2018-10-01,2018,10,Oct,Merchandise Exports_Other Exports (Millions of US Dollars),285.94,merchandise_trade_flows,https://www.bog.gov.gh/economic-data/merchandise-trade-flows/,0
2018-11-01,2018,11,Nov,Merchandise Exports_Other Exports (Millions of US Dollars),273.49,merchandise_trade_flows,https://www.bog.gov.gh/economic-data/merchandise-trade-flows/,0
2018-12-01,2018,12,Dec,Merchandise Exports_Other Exports (Millions of US Dollars),259.41,merchandise_trade_flows,https://www.bog.gov.gh/economic-data/merchandise-trade-flows/,0
2019-01-01,2019,1,Jan,Merchandise Exports_Other Exports (Millions of US Dollars),307.31,merchandise_trade_flows,https://www.bog.gov.gh/economic-data/merchandise-trade-flows/,0
2019-02-01,2019,2,Feb,Merchandise Exports_Other Exports (Millions of US Dollars),236.79,merchandise_trade_flows,https://www.bog.gov.gh/economic-data/merchandise-trade-flows/,0
2019-03-01,2019,3,Mar,Merchandise Exports_Other Exports (Millions of US Dollars),308.01,merchandise_trade_flows,https://www.bog.gov.gh/economic-data/merchandise-trade-flows/,0
2019-04-01,2019,4,Apr,Merchandise Exports_Other Exports (Millions of US Dollars),312.26,merchandise_trade_flows,https://www.bog.gov.gh/economic-data/merchandise-trade-flows/,0
2019-05-01,2019,5,May,Merchandise Exports_Other Exports (Millions of US Dollars),327.0,merchandise_trade_flows,https://www.bog.gov.gh/economic-data/merchandise-trade-flows/,0
2019-06-01,2019,6,Jun,Merchandise Exports_Other Exports (Millions of US Dollars),267.5,merchandise_trade_flows,https://www.bog.gov.gh/economic-data/merchandise-trade-flows/,0
2019-07-01,2019,7,Jul,Merchandise Exports_Other Exports (Millions of US Dollars),331.53,merchandise_trade_flows,https://www.bog.gov.gh/economic-data/merchandise-trade-flows/,0
2019-08-01,2019,8,Aug,Merchandise Exports_Other Exports (Millions of US Dollars),230.15,merchandise_trade_flows,https://www.bog.gov.gh/economic-data/merchandise-trade-flows/,0
2019-09-01,2019,9,Sep,Merchandise Exports_Other Exports (Millions of US Dollars),243.56,merchandise_trade_flows,https://www.bog.gov.gh/economic-data/merchandise-trade-flows/,0
2019-10-01,2019,10,Oct,Merchandise Exports_Other Exports (Millions of US Dollars),260.04,merchandise_trade_flows,https://www.bog.gov.gh/economic-data/merchandise-trade-flows/,0
2019-11-01,2019,11,Nov,Merchandise Exports_Other Exports (Millions of US Dollars),256.62,merchandise_trade_flows,https://www.bog.gov.gh/economic-data/merchandise-trade-flows/,0
2019-12-01,2019,12,Dec,Merchandise Exports_Other Exports (Millions of US Dollars),243.63,merchandise_trade_flows,https://www.bog.gov.gh/economic-data/merchandise-trade-flows/,0
2020-01-01,2020,1,Jan,Merchandise Exports_Other Exports (Millions of US Dollars),189.08,merchandise_trade_flows,https://www.bog.gov.gh/economic-data/merchandise-trade-flows/,0
2020-02-01,2020,2,Feb,Merchandise Exports_Other Exports (Millions of US Dollars),208.86,merchandise_trade_flows,https://www.bog.gov.gh/economic-data/merchandise-trade-flows/,0
2020-03-01,2020,3,Mar,Merchandise Exports_Other Exports (Millions of US Dollars),222.52,merchandise_trade_flows,https://www.bog.gov.gh/economic-data/merchandise-trade-flows/,0
2020-04-01,2020,4,Apr,Merchandise Exports_Other Exports (Millions of US Dollars),203.55,merchandise_trade_flows,https://www.bog.gov.gh/economic-data/merchandise-trade-flows/,0
2020-05-01,2020,5,May,Merchandise Exports_Other Exports (Millions of US Dollars),163.83,merchandise_trade_flows,https://www.bog.gov.gh/economic-data/merchandise-trade-flows/,0
2020-06-01,2020,6,Jun,Merchandise Exports_Other Exports (Millions of US Dollars),211.96,merchandise_trade_flows,https://www.bog.gov.gh/economic-data/merchandise-trade-flows/,0
2020-07-01,2020,7,Jul,Merchandise Exports_Other Exports (Millions of US Dollars),205.84,merchandise_trade_flows,https://www.bog.gov.gh/economic-data/merchandise-trade-flows/,0
2020-08-01,2020,8,Aug,Merchandise Exports_Other Exports (Millions of US Dollars),166.68,merchandise_trade_flows,https://www.bog.gov.gh/economic-data/merchandise-trade-flows/,0
2020-09-01,2020,9,Sep,Merchandise Exports_Other Exports (Millions of US Dollars),169.97,merchandise_trade_flows,https://www.bog.gov.gh/economic-data/merchandise-trade-flows/,0
2020-10-01,2020,10,Oct,Merchandise Exports_Other Exports (Millions of US Dollars),217.94,merchandise_trade_flows,https://www.bog.gov.gh/economic-data/merchandise-trade-flows/,0
2020-11-01,2020,11,Nov,Merchandise Exports_Other Exports (Millions of US Dollars),175.62,merchandise_trade_flows,https://www.bog.gov.gh/economic-data/merchandise-trade-flows/,0
2020-12-01,2020,12,Dec,Merchandise Exports_Other Exports (Millions of US Dollars),163.8,merchandise_trade_flows,https://www.bog.gov.gh/economic-data/merchandise-trade-flows/,0
2021-01-01,2021,1,Jan,Merchandise Exports_Other Exports (Millions of US Dollars),197.11,merchandise_trade_flows,https://www.bog.gov.gh/economic-data/merchandise-trade-flows/,0
2021-02-01,2021,2,Feb,Merchandise Exports_Other Exports (Millions of US Dollars),227.12,merchandise_trade_flows,https://www.bog.gov.gh/economic-data/merchandise-trade-flows/,0
2021-03-01,2021,3,Mar,Merchandise Exports_Other Exports (Millions of US Dollars),257.63,merchandise_trade_flows,https://www.bog.gov.gh/economic-data/merchandise-trade-flows/,0
2021-04-01,2021,4,Apr,Merchandise Exports_Other Exports (Millions of US Dollars),217.5,merchandise_trade_flows,https://www.bog.gov.gh/economic-data/merchandise-trade-flows/,0
2021-05-01,2021,5,May,Merchandise Exports_Other Exports (Millions of US Dollars),213.15,merchandise_trade_flows,https://www.bog.gov.gh/economic-data/merchandise-trade-flows/,0
2021-06-01,2021,6,Jun,Merchandise Exports_Other Exports (Millions of US Dollars),240.57,merchandise_trade_flows,https://www.bog.gov.gh/economic-data/merchandise-trade-flows/,0
2021-07-01,2021,7,Jul,Merchandise Exports_Other Exports (Millions of US Dollars),198.64,merchandise_trade_flows,https://www.bog.gov.gh/economic-data/merchandise-trade-flows/,0
2021-08-01,2021,8,Aug,Merchandise Exports_Other Exports (Millions of US Dollars),227.33,merchandise_trade_flows,https://www.bog.gov.gh/economic-data/merchandise-trade-flows/,0
2021-09-01,2021,9,Sep,Merchandise Exports_Other Exports (Millions of US Dollars),212.98,merchandise_trade_flows,https://www.bog.gov.gh/economic-data/merchandise-trade-flows/,0
2021-10-01,2021,10,Oct,Merchandise Exports_Other Exports (Millions of US Dollars),272.28,merchandise_trade_flows,https://www.bog.gov.gh/economic-data/merchandise-trade-flows/,0
2021-11-01,2021,11,Nov,Merchandise Exports_Other Exports (Millions of US Dollars),212.3,merchandise_trade_flows,https://www.bog.gov.gh/economic-data/merchandise-trade-flows/,0
2021-12-01,2021,12,Dec,Merchandise Exports_Other Exports (Millions of US Dollars),219.5,merchandise_trade_flows,https://www.bog.gov.gh/economic-data/merchandise-trade-flows/,0
2022-01-01,2022,1,Jan,Merchandise Exports_Other Exports (Millions of US Dollars),236.8,merchandise_trade_flows,https://www.bog.gov.gh/economic-data/merchandise-trade-flows/,0
2022-02-01,2022,2,Feb,Merchandise Exports_Other Exports (Millions of US Dollars),223.55,merchandise_trade_flows,https://www.bog.gov.gh/economic-data/merchandise-trade-flows/,0
2022-03-01,2022,3,Mar,Merchandise Exports_Other Exports (Millions of US Dollars),314.69,merchandise_trade_flows,https://www.bog.gov.gh/economic-data/merchandise-trade-flows/,0
2022-04-01,2022,4,Apr,Merchandise Exports_Other Exports (Millions of US Dollars),263.18,merchandise_trade_flows,https://www.bog.gov.gh/economic-data/merchandise-trade-flows/,0
2022-05-01,2022,5,May,Merchandise Exports_Other Exports (Millions of US Dollars),233.23,merchandise_trade_flows,https://www.bog.gov.gh/economic-data/merchandise-trade-flows/,0
2022-06-01,2022,6,Jun,Merchandise Exports_Other Exports (Millions of US Dollars),239.74,merchandise_trade_flows,https://www.bog.gov.gh/economic-data/merchandise-trade-flows/,0
2022-07-01,2022,7,Jul,Merchandise Exports_Other Exports (Millions of US Dollars),269.26,merchandise_trade_flows,https://www.bog.gov.gh/economic-data/merchandise-trade-flows/,0
2022-08-01,2022,8,Aug,Merchandise Exports_Other Exports (Millions of US Dollars),242.48,merchandise_trade_flows,https://www.bog.gov.gh/economic-data/merchandise-trade-flows/,0
2022-09-01,2022,9,Sep,Merchandise Exports_Other Exports (Millions of US Dollars),254.29,merchandise_trade_flows,https://www.bog.gov.gh/economic-data/merchandise-trade-flows/,0
2022-10-01,2022,10,Oct,Merchandise Exports_Other Exports (Millions of US Dollars),209.56,merchandise_trade_flows,https://www.bog.gov.gh/economic-data/merchandise-trade-flows/,0
2022-11-01,2022,11,Nov,Merchandise Exports_Other Exports (Millions of US Dollars),252.68,merchandise_trade_flows,https://www.bog.gov.gh/economic-data/merchandise-trade-flows/,0
2022-12-01,2022,12,Dec,Merchandise Exports_Other Exports (Millions of US Dollars),245.49,merchandise_trade_flows,https://www.bog.gov.gh/economic-data/merchandise-trade-flows/,0
2023-01-01,2023,1,Jan,Merchandise Exports_Other Exports (Millions of US Dollars),215.02,merchandise_trade_flows,https://www.bog.gov.gh/economic-data/merchandise-trade-flows/,0
2023-02-01,2023,2,Feb,Merchandise Exports_Other Exports (Millions of US Dollars),256.76,merchandise_trade_flows,https://www.bog.gov.gh/economic-data/merchandise-trade-flows/,0
2023-03-01,2023,3,Mar,Merchandise Exports_Other Exports (Millions of US Dollars),279.24,merchandise_trade_flows,https://www.bog.gov.gh/economic-data/merchandise-trade-flows/,0
2023-04-01,2023,4,Apr,Merchandise Exports_Other Exports (Millions of US Dollars),259.46,merchandise_trade_flows,https://www.bog.gov.gh/economic-data/merchandise-trade-flows/,0
2023-05-01,2023,5,May,Merchandise Exports_Other Exports (Millions of US Dollars),0.0,merchandise_trade_flows,https://www.bog.gov.gh/economic-data/merchandise-trade-flows/,0
2023-06-01,2023,6,Jun,Merchandise Exports_Other Exports (Millions of US Dollars),0.0,merchandise_trade_flows,https://www.bog.gov.gh/economic-data/merchandise-trade-flows/,0
2023-07-01,2023,7,Jul,Merchandise Exports_Other Exports (Millions of US Dollars),0.0,merchandise_trade_flows,https://www.bog.gov.gh/economic-data/merchandise-trade-flows/,0
2023-08-01,2023,8,Aug,Merchandise Exports_Other Exports (Millions of US Dollars),0.0,merchandise_trade_flows,https://www.bog.gov.gh/economic-data/merchandise-trade-flows/,0
2023-09-01,2023,9,Sep,Merchandise Exports_Other Exports (Millions of US Dollars),0.0,merchandise_trade_flows,https://www.bog.gov.gh/economic-data/merchandise-trade-flows/,0
2023-10-01,2023,10,Oct,Merchandise Exports_Other Exports (Millions of US Dollars),0.0,merchandise_trade_flows,https://www.bog.gov.gh/economic-data/merchandise-trade-flows/,0
2023-11-01,2023,11,Nov,Merchandise Exports_Other Exports (Millions of US Dollars),0.0,merchandise_trade_flows,https://www.bog.gov.gh/economic-data/merchandise-trade-flows/,0
2023-12-01,2023,12,Dec,Merchandise Exports_Other Exports (Millions of US Dollars),0.0,merchandise_trade_flows,https://www.bog.gov.gh/economic-data/merchandise-trade-flows/,0
2005-01-01,2005,1,Jan,Merchandise Exports_Timber and Timber Products (Millions of US Dollars),13.7,merchandise_trade_flows,https://www.bog.gov.gh/economic-data/merchandise-trade-flows/,0
2005-02-01,2005,2,Feb,Merchandise Exports_Timber and Timber Products (Millions of US Dollars),15.42,merchandise_trade_flows,https://www.bog.gov.gh/economic-data/merchandise-trade-flows/,0
2005-03-01,2005,3,Mar,Merchandise Exports_Timber and Timber Products (Millions of US Dollars),21.47,merchandise_trade_flows,https://www.bog.gov.gh/economic-data/merchandise-trade-flows/,0
2005-04-01,2005,4,Apr,Merchandise Exports_Timber and Timber Products (Millions of US Dollars),21.79,merchandise_trade_flows,https://www.bog.gov.gh/economic-data/merchandise-trade-flows/,0
2005-05-01,2005,5,May,Merchandise Exports_Timber and Timber Products (Millions of US Dollars),20.82,merchandise_trade_flows,https://www.bog.gov.gh/economic-data/merchandise-trade-flows/,0
2005-06-01,2005,6,Jun,Merchandise Exports_Timber and Timber Products (Millions of US Dollars),19.26,merchandise_trade_flows,https://www.bog.gov.gh/economic-data/merchandise-trade-flows/,0
2005-07-01,2005,7,Jul,Merchandise Exports_Timber and Timber Products (Millions of US Dollars),20.94,merchandise_trade_flows,https://www.bog.gov.gh/economic-data/merchandise-trade-flows/,0
2005-08-01,2005,8,Aug,Merchandise Exports_Timber and Timber Products (Millions of US Dollars),19.4,merchandise_trade_flows,https://www.bog.gov.gh/economic-data/merchandise-trade-flows/,0
2005-09-01,2005,9,Sep,Merchandise Exports_Timber and Timber Products (Millions of US Dollars),19.15,merchandise_trade_flows,https://www.bog.gov.gh/economic-data/merchandise-trade-flows/,0
2005-10-01,2005,10,Oct,Merchandise Exports_Timber and Timber Products (Millions of US Dollars),19.32,merchandise_trade_flows,https://www.bog.gov.gh/economic-data/merchandise-trade-flows/,0
2005-11-01,2005,11,Nov,Merchandise Exports_Timber and Timber Products (Millions of US Dollars),19.32,merchandise_trade_flows,https://www.bog.gov.gh/economic-data/merchandise-trade-flows/,0
2005-12-01,2005,12,Dec,Merchandise Exports_Timber and Timber Products (Millions of US Dollars),16.7,merchandise_trade_flows,https://www.bog.gov.gh/economic-data/merchandise-trade-flows/,0
2006-01-01,2006,1,Jan,Merchandise Exports_Timber and Timber Products (Millions of US Dollars),13.04,merchandise_trade_flows,https://www.bog.gov.gh/economic-data/merchandise-trade-flows/,0
2006-02-01,2006,2,Feb,Merchandise Exports_Timber and Timber Products (Millions of US Dollars),17.25,merchandise_trade_flows,https://www.bog.gov.gh/economic-data/merchandise-trade-flows/,0
2006-03-01,2006,3,Mar,Merchandise Exports_Timber and Timber Products (Millions of US Dollars),18.78,merchandise_trade_flows,https://www.bog.gov.gh/economic-data/merchandise-trade-flows/,0
2006-04-01,2006,4,Apr,Merchandise Exports_Timber and Timber Products (Millions of US Dollars),16.39,merchandise_trade_flows,https://www.bog.gov.gh/economic-data/merchandise-trade-flows/,0
2006-05-01,2006,5,May,Merchandise Exports_Timber and Timber Products (Millions of US Dollars),18.08,merchandise_trade_flows,https://www.bog.gov.gh/economic-data/merchandise-trade-flows/,0
2006-06-01,2006,6,Jun,Merchandise Exports_Timber and Timber Products (Millions of US Dollars),18.1,merchandise_trade_flows,https://www.bog.gov.gh/economic-data/merchandise-trade-flows/,0
2006-07-01,2006,7,Jul,Merchandise Exports_Timber and Timber Products (Millions of US Dollars),15.14,merchandise_trade_flows,https://www.bog.gov.gh/economic-data/merchandise-trade-flows/,0
2006-08-01,2006,8,Aug,Merchandise Exports_Timber and Timber Products (Millions of US Dollars),18.69,merchandise_trade_flows,https://www.bog.gov.gh/economic-data/merchandise-trade-flows/,0
2006-09-01,2006,9,Sep,Merchandise Exports_Timber and Timber Products (Millions of US Dollars),16.07,merchandise_trade_flows,https://www.bog.gov.gh/economic-data/merchandise-trade-flows/,0
2006-10-01,2006,10,Oct,Merchandise Exports_Timber and Timber Products (Millions of US Dollars),18.87,merchandise_trade_flows,https://www.bog.gov.gh/economic-data/merchandise-trade-flows/,0
2006-11-01,2006,11,Nov,Merchandise Exports_Timber and Timber Products (Millions of US Dollars),17.04,merchandise_trade_flows,https://www.bog.gov.gh/economic-data/merchandise-trade-flows/,0
2006-12-01,2006,12,Dec,Merchandise Exports_Timber and Timber Products (Millions of US Dollars),12.03,merchandise_trade_flows,https://www.bog.gov.gh/economic-data/merchandise-trade-flows/,0
2007-01-01,2007,1,Jan,Merchandise Exports_Timber and Timber Products (Millions of US Dollars),19.32,merchandise_trade_flows,https://www.bog.gov.gh/economic-data/merchandise-trade-flows/,0
2007-02-01,2007,2,Feb,Merchandise Exports_Timber and Timber Products (Millions of US Dollars),19.12,merchandise_trade_flows,https://www.bog.gov.gh/economic-data/merchandise-trade-flows/,0
2007-03-01,2007,3,Mar,Merchandise Exports_Timber and Timber Products (Millions of US Dollars),22.17,merchandise_trade_flows,https://www.bog.gov.gh/economic-data/merchandise-trade-flows/,0
2007-04-01,2007,4,Apr,Merchandise Exports_Timber and Timber Products (Millions of US Dollars),17.17,merchandise_trade_flows,https://www.bog.gov.gh/economic-data/merchandise-trade-flows/,0
2007-05-01,2007,5,May,Merchandise Exports_Timber and Timber Products (Millions of US Dollars),20.64,merchandise_trade_flows,https://www.bog.gov.gh/economic-data/merchandise-trade-flows/,0
2007-06-01,2007,6,Jun,Merchandise Exports_Timber and Timber Products (Millions of US Dollars),22.7,merchandise_trade_flows,https://www.bog.gov.gh/economic-data/merchandise-trade-flows/,0
2007-07-01,2007,7,Jul,Merchandise Exports_Timber and Timber Products (Millions of US Dollars),22.62,merchandise_trade_flows,https://www.bog.gov.gh/economic-data/merchandise-trade-flows/,0
2007-08-01,2007,8,Aug,Merchandise Exports_Timber and Timber Products (Millions of US Dollars),23.03,merchandise_trade_flows,https://www.bog.gov.gh/economic-data/merchandise-trade-flows/,0
2007-09-01,2007,9,Sep,Merchandise Exports_Timber and Timber Products (Millions of US Dollars),17.52,merchandise_trade_flows,https://www.bog.gov.gh/economic-data/merchandise-trade-flows/,0
2007-10-01,2007,10,Oct,Merchandise Exports_Timber and Timber Products (Millions of US Dollars),24.16,merchandise_trade_flows,https://www.bog.gov.gh/economic-data/merchandise-trade-flows/,0
2007-11-01,2007,11,Nov,Merchandise Exports_Timber and Timber Products (Millions of US Dollars),20.58,merchandise_trade_flows,https://www.bog.gov.gh/economic-data/merchandise-trade-flows/,0
2007-12-01,2007,12,Dec,Merchandise Exports_Timber and Timber Products (Millions of US Dollars),19.95,merchandise_trade_flows,https://www.bog.gov.gh/economic-data/merchandise-trade-flows/,0
2008-01-01,2008,1,Jan,Merchandise Exports_Timber and Timber Products (Millions of US Dollars),22.12,merchandise_trade_flows,https://www.bog.gov.gh/economic-data/merchandise-trade-flows/,0
2008-02-01,2008,2,Feb,Merchandise Exports_Timber and Timber Products (Millions of US Dollars),21.23,merchandise_trade_flows,https://www.bog.gov.gh/economic-data/merchandise-trade-flows/,0
2008-03-01,2008,3,Mar,Merchandise Exports_Timber and Timber Products (Millions of US Dollars),26.15,merchandise_trade_flows,https://www.bog.gov.gh/economic-data/merchandise-trade-flows/,0
2008-04-01,2008,4,Apr,Merchandise Exports_Timber and Timber Products (Millions of US Dollars),24.82,merchandise_trade_flows,https://www.bog.gov.gh/economic-data/merchandise-trade-flows/,0
2008-05-01,2008,5,May,Merchandise Exports_Timber and Timber Products (Millions of US Dollars),28.84,merchandise_trade_flows,https://www.bog.gov.gh/economic-data/merchandise-trade-flows/,0
2008-06-01,2008,6,Jun,Merchandise Exports_Timber and Timber Products (Millions of US Dollars),26.06,merchandise_trade_flows,https://www.bog.gov.gh/economic-data/merchandise-trade-flows/,0
2008-07-01,2008,7,Jul,Merchandise Exports_Timber and Timber Products (Millions of US Dollars),24.35,merchandise_trade_flows,https://www.bog.gov.gh/economic-data/merchandise-trade-flows/,0
2008-08-01,2008,8,Aug,Merchandise Exports_Timber and Timber Products (Millions of US Dollars),30.05,merchandise_trade_flows,https://www.bog.gov.gh/economic-data/merchandise-trade-flows/,0
2008-09-01,2008,9,Sep,Merchandise Exports_Timber and Timber Products (Millions of US Dollars),31.13,merchandise_trade_flows,https://www.bog.gov.gh/economic-data/merchandise-trade-flows/,0
2008-10-01,2008,10,Oct,Merchandise Exports_Timber and Timber Products (Millions of US Dollars),36.44,merchandise_trade_flows,https://www.bog.gov.gh/economic-data/merchandise-trade-flows/,0
2008-11-01,2008,11,Nov,Merchandise Exports_Timber and Timber Products (Millions of US Dollars),28.17,merchandise_trade_flows,https://www.bog.gov.gh/economic-data/merchandise-trade-flows/,0
2008-12-01,2008,12,Dec,Merchandise Exports_Timber and Timber Products (Millions of US Dollars),17.44,merchandise_trade_flows,https://www.bog.gov.gh/economic-data/merchandise-trade-flows/,0
2009-01-01,2009,1,Jan,Merchandise Exports_Timber and Timber Products (Millions of US Dollars),11.34,merchandise_trade_flows,https://www.bog.gov.gh/economic-data/merchandise-trade-flows/,0
2009-02-01,2009,2,Feb,Merchandise Exports_Timber and Timber Products (Millions of US Dollars),14.99,merchandise_trade_flows,https://www.bog.gov.gh/economic-data/merchandise-trade-flows/,0
2009-03-01,2009,3,Mar,Merchandise Exports_Timber and Timber Products (Millions of US Dollars),12.87,merchandise_trade_flows,https://www.bog.gov.gh/economic-data/merchandise-trade-flows/,0
2009-04-01,2009,4,Apr,Merchandise Exports_Timber and Timber Products (Millions of US Dollars),11.34,merchandise_trade_flows,https://www.bog.gov.gh/economic-data/merchandise-trade-flows/,0
2009-05-01,2009,5,May,Merchandise Exports_Timber and Timber Products (Millions of US Dollars),14.9,merchandise_trade_flows,https://www.bog.gov.gh/economic-data/merchandise-trade-flows/,0
2009-06-01,2009,6,Jun,Merchandise Exports_Timber and Timber Products (Millions of US Dollars),12.87,merchandise_trade_flows,https://www.bog.gov.gh/economic-data/merchandise-trade-flows/,0
2009-07-01,2009,7,Jul,Merchandise Exports_Timber and Timber Products (Millions of US Dollars),15.01,merchandise_trade_flows,https://www.bog.gov.gh/economic-data/merchandise-trade-flows/,0
2009-08-01,2009,8,Aug,Merchandise Exports_Timber and Timber Products (Millions of US Dollars),18.24,merchandise_trade_flows,https://www.bog.gov.gh/economic-data/merchandise-trade-flows/,0
2009-09-01,2009,9,Sep,Merchandise Exports_Timber and Timber Products (Millions of US Dollars),17.03,merchandise_trade_flows,https://www.bog.gov.gh/economic-data/merchandise-trade-flows/,0
2009-10-01,2009,10,Oct,Merchandise Exports_Timber and Timber Products (Millions of US Dollars),15.49,merchandise_trade_flows,https://www.bog.gov.gh/economic-data/merchandise-trade-flows/,0
2009-11-01,2009,11,Nov,Merchandise Exports_Timber and Timber Products (Millions of US Dollars),15.09,merchandise_trade_flows,https://www.bog.gov.gh/economic-data/merchandise-trade-flows/,0
2009-12-01,2009,12,Dec,Merchandise Exports_Timber and Timber Products (Millions of US Dollars),14.99,merchandise_trade_flows,https://www.bog.gov.gh/economic-data/merchandise-trade-flows/,0
2010-01-01,2010,1,Jan,Merchandise Exports_Timber and Timber Products (Millions of US Dollars),11.82,merchandise_trade_flows,https://www.bog.gov.gh/economic-data/merchandise-trade-flows/,0
2010-02-01,2010,2,Feb,Merchandise Exports_Timber and Timber Products (Millions of US Dollars),14.05,merchandise_trade_flows,https://www.bog.gov.gh/economic-data/merchandise-trade-flows/,0
2010-03-01,2010,3,Mar,Merchandise Exports_Timber and Timber Products (Millions of US Dollars),17.81,merchandise_trade_flows,https://www.bog.gov.gh/economic-data/merchandise-trade-flows/,0
2010-04-01,2010,4,Apr,Merchandise Exports_Timber and Timber Products (Millions of US Dollars),16.87,merchandise_trade_flows,https://www.bog.gov.gh/economic-data/merchandise-trade-flows/,0
2010-05-01,2010,5,May,Merchandise Exports_Timber and Timber Products (Millions of US Dollars),14.15,merchandise_trade_flows,https://www.bog.gov.gh/economic-data/merchandise-trade-flows/,0
2010-06-01,2010,6,Jun,Merchandise Exports_Timber and Timber Products (Millions of US Dollars),15.54,merchandise_trade_flows,https://www.bog.gov.gh/economic-data/merchandise-trade-flows/,0
2010-07-01,2010,7,Jul,Merchandise Exports_Timber and Timber Products (Millions of US Dollars),14.98,merchandise_trade_flows,https://www.bog.gov.gh/economic-data/merchandise-trade-flows/,0
2010-08-01,2010,8,Aug,Merchandise Exports_Timber and Timber Products (Millions of US Dollars),15.59,merchandise_trade_flows,https://www.bog.gov.gh/economic-data/merchandise-trade-flows/,0
2010-09-01,2010,9,Sep,Merchandise Exports_Timber and Timber Products (Millions of US Dollars),15.28,merchandise_trade_flows,https://www.bog.gov.gh/economic-data/merchandise-trade-flows/,0
2010-10-01,2010,10,Oct,Merchandise Exports_Timber and Timber Products (Millions of US Dollars),15.44,merchandise_trade_flows,https://www.bog.gov.gh/economic-data/merchandise-trade-flows/,0
2010-11-01,2010,11,Nov,Merchandise Exports_Timber and Timber Products (Millions of US Dollars),18.91,merchandise_trade_flows,https://www.bog.gov.gh/economic-data/merchandise-trade-flows/,0
2010-12-01,2010,12,Dec,Merchandise Exports_Timber and Timber Products (Millions of US Dollars),19.02,merchandise_trade_flows,https://www.bog.gov.gh/economic-data/merchandise-trade-flows/,0
2011-01-01,2011,1,Jan,Merchandise Exports_Timber and Timber Products (Millions of US Dollars),10.6,merchandise_trade_flows,https://www.bog.gov.gh/economic-data/merchandise-trade-flows/,0
2011-02-01,2011,2,Feb,Merchandise Exports_Timber and Timber Products (Millions of US Dollars),15.21,merchandise_trade_flows,https://www.bog.gov.gh/economic-data/merchandise-trade-flows/,0
2011-03-01,2011,3,Mar,Merchandise Exports_Timber and Timber Products (Millions of US Dollars),15.17,merchandise_trade_flows,https://www.bog.gov.gh/economic-data/merchandise-trade-flows/,0
2011-04-01,2011,4,Apr,Merchandise Exports_Timber and Timber Products (Millions of US Dollars),14.25,merchandise_trade_flows,https://www.bog.gov.gh/economic-data/merchandise-trade-flows/,0
2011-05-01,2011,5,May,Merchandise Exports_Timber and Timber Products (Millions of US Dollars),14.06,merchandise_trade_flows,https://www.bog.gov.gh/economic-data/merchandise-trade-flows/,0
2011-06-01,2011,6,Jun,Merchandise Exports_Timber and Timber Products (Millions of US Dollars),15.06,merchandise_trade_flows,https://www.bog.gov.gh/economic-data/merchandise-trade-flows/,0
2011-07-01,2011,7,Jul,Merchandise Exports_Timber and Timber Products (Millions of US Dollars),13.76,merchandise_trade_flows,https://www.bog.gov.gh/economic-data/merchandise-trade-flows/,0
2011-08-01,2011,8,Aug,Merchandise Exports_Timber and Timber Products (Millions of US Dollars),16.5,merchandise_trade_flows,https://www.bog.gov.gh/economic-data/merchandise-trade-flows/,0
2011-09-01,2011,9,Sep,Merchandise Exports_Timber and Timber Products (Millions of US Dollars),14.33,merchandise_trade_flows,https://www.bog.gov.gh/economic-data/merchandise-trade-flows/,0
2011-10-01,2011,10,Oct,Merchandise Exports_Timber and Timber Products (Millions of US Dollars),10.57,merchandise_trade_flows,https://www.bog.gov.gh/economic-data/merchandise-trade-flows/,0
2011-11-01,2011,11,Nov,Merchandise Exports_Timber and Timber Products (Millions of US Dollars),13.07,merchandise_trade_flows,https://www.bog.gov.gh/economic-data/merchandise-trade-flows/,0
2011-12-01,2011,12,Dec,Merchandise Exports_Timber and Timber Products (Millions of US Dollars),13.87,merchandise_trade_flows,https://www.bog.gov.gh/economic-data/merchandise-trade-flows/,0
2012-01-01,2012,1,Jan,Merchandise Exports_Timber and Timber Products (Millions of US Dollars),8.26,merchandise_trade_flows,https://www.bog.gov.gh/economic-data/merchandise-trade-flows/,0
2012-02-01,2012,2,Feb,Merchandise Exports_Timber and Timber Products (Millions of US Dollars),10.39,merchandise_trade_flows,https://www.bog.gov.gh/economic-data/merchandise-trade-flows/,0
2012-03-01,2012,3,Mar,Merchandise Exports_Timber and Timber Products (Millions of US Dollars),10.53,merchandise_trade_flows,https://www.bog.gov.gh/economic-data/merchandise-trade-flows/,0
2012-04-01,2012,4,Apr,Merchandise Exports_Timber and Timber Products (Millions of US Dollars),9.46,merchandise_trade_flows,https://www.bog.gov.gh/economic-data/merchandise-trade-flows/,0
2012-05-01,2012,5,May,Merchandise Exports_Timber and Timber Products (Millions of US Dollars),10.94,merchandise_trade_flows,https://www.bog.gov.gh/economic-data/merchandise-trade-flows/,0
2012-06-01,2012,6,Jun,Merchandise Exports_Timber and Timber Products (Millions of US Dollars),10.55,merchandise_trade_flows,https://www.bog.gov.gh/economic-data/merchandise-trade-flows/,0
2012-07-01,2012,7,Jul,Merchandise Exports_Timber and Timber Products (Millions of US Dollars),10.06,merchandise_trade_flows,https://www.bog.gov.gh/economic-data/merchandise-trade-flows/,0
2012-08-01,2012,8,Aug,Merchandise Exports_Timber and Timber Products (Millions of US Dollars),10.97,merchandise_trade_flows,https://www.bog.gov.gh/economic-data/merchandise-trade-flows/,0
2012-09-01,2012,9,Sep,Merchandise Exports_Timber and Timber Products (Millions of US Dollars),9.71,merchandise_trade_flows,https://www.bog.gov.gh/economic-data/merchandise-trade-flows/,0
2012-10-01,2012,10,Oct,Merchandise Exports_Timber and Timber Products (Millions of US Dollars),12.51,merchandise_trade_flows,https://www.bog.gov.gh/economic-data/merchandise-trade-flows/,0
2012-11-01,2012,11,Nov,Merchandise Exports_Timber and Timber Products (Millions of US Dollars),14.52,merchandise_trade_flows,https://www.bog.gov.gh/economic-data/merchandise-trade-flows/,0
2012-12-01,2012,12,Dec,Merchandise Exports_Timber and Timber Products (Millions of US Dollars),13.12,merchandise_trade_flows,https://www.bog.gov.gh/economic-data/merchandise-trade-flows/,0
2013-01-01,2013,1,Jan,Merchandise Exports_Timber and Timber Products (Millions of US Dollars),12.26,merchandise_trade_flows,https://www.bog.gov.gh/economic-data/merchandise-trade-flows/,0
2013-02-01,2013,2,Feb,Merchandise Exports_Timber and Timber Products (Millions of US Dollars),12.74,merchandise_trade_flows,https://www.bog.gov.gh/economic-data/merchandise-trade-flows/,0
2013-03-01,2013,3,Mar,Merchandise Exports_Timber and Timber Products (Millions of US Dollars),14.36,merchandise_trade_flows,https://www.bog.gov.gh/economic-data/merchandise-trade-flows/,0
2013-04-01,2013,4,Apr,Merchandise Exports_Timber and Timber Products (Millions of US Dollars),14.77,merchandise_trade_flows,https://www.bog.gov.gh/economic-data/merchandise-trade-flows/,0
2013-05-01,2013,5,May,Merchandise Exports_Timber and Timber Products (Millions of US Dollars),13.13,merchandise_trade_flows,https://www.bog.gov.gh/economic-data/merchandise-trade-flows/,0
2013-06-01,2013,6,Jun,Merchandise Exports_Timber and Timber Products (Millions of US Dollars),14.63,merchandise_trade_flows,https://www.bog.gov.gh/economic-data/merchandise-trade-flows/,0
2013-07-01,2013,7,Jul,Merchandise Exports_Timber and Timber Products (Millions of US Dollars),13.94,merchandise_trade_flows,https://www.bog.gov.gh/economic-data/merchandise-trade-flows/,0
2013-08-01,2013,8,Aug,Merchandise Exports_Timber and Timber Products (Millions of US Dollars),13.73,merchandise_trade_flows,https://www.bog.gov.gh/economic-data/merchandise-trade-flows/,0
2013-09-01,2013,9,Sep,Merchandise Exports_Timber and Timber Products (Millions of US Dollars),14.4,merchandise_trade_flows,https://www.bog.gov.gh/economic-data/merchandise-trade-flows/,0
2013-10-01,2013,10,Oct,Merchandise Exports_Timber and Timber Products (Millions of US Dollars),13.91,merchandise_trade_flows,https://www.bog.gov.gh/economic-data/merchandise-trade-flows/,0
2013-11-01,2013,11,Nov,Merchandise Exports_Timber and Timber Products (Millions of US Dollars),13.85,merchandise_trade_flows,https://www.bog.gov.gh/economic-data/merchandise-trade-flows/,0
2013-12-01,2013,12,Dec,Merchandise Exports_Timber and Timber Products (Millions of US Dollars),14.05,merchandise_trade_flows,https://www.bog.gov.gh/economic-data/merchandise-trade-flows/,0
2014-01-01,2014,1,Jan,Merchandise Exports_Timber and Timber Products (Millions of US Dollars),9.58,merchandise_trade_flows,https://www.bog.gov.gh/economic-data/merchandise-trade-flows/,0
2014-02-01,2014,2,Feb,Merchandise Exports_Timber and Timber Products (Millions of US Dollars),9.77,merchandise_trade_flows,https://www.bog.gov.gh/economic-data/merchandise-trade-flows/,0
2014-03-01,2014,3,Mar,Merchandise Exports_Timber and Timber Products (Millions of US Dollars),11.5,merchandise_trade_flows,https://www.bog.gov.gh/economic-data/merchandise-trade-flows/,0
2014-04-01,2014,4,Apr,Merchandise Exports_Timber and Timber Products (Millions of US Dollars),15.6,merchandise_trade_flows,https://www.bog.gov.gh/economic-data/merchandise-trade-flows/,0
2014-05-01,2014,5,May,Merchandise Exports_Timber and Timber Products (Millions of US Dollars),17.77,merchandise_trade_flows,https://www.bog.gov.gh/economic-data/merchandise-trade-flows/,0
2014-06-01,2014,6,Jun,Merchandise Exports_Timber and Timber Products (Millions of US Dollars),16.84,merchandise_trade_flows,https://www.bog.gov.gh/economic-data/merchandise-trade-flows/,0
2014-07-01,2014,7,Jul,Merchandise Exports_Timber and Timber Products (Millions of US Dollars),16.74,merchandise_trade_flows,https://www.bog.gov.gh/economic-data/merchandise-trade-flows/,0
2014-08-01,2014,8,Aug,Merchandise Exports_Timber and Timber Products (Millions of US Dollars),16.37,merchandise_trade_flows,https://www.bog.gov.gh/economic-data/merchandise-trade-flows/,0
2014-09-01,2014,9,Sep,Merchandise Exports_Timber and Timber Products (Millions of US Dollars),18.37,merchandise_trade_flows,https://www.bog.gov.gh/economic-data/merchandise-trade-flows/,0
2014-10-01,2014,10,Oct,Merchandise Exports_Timber and Timber Products (Millions of US Dollars),16.59,merchandise_trade_flows,https://www.bog.gov.gh/economic-data/merchandise-trade-flows/,0
2014-11-01,2014,11,Nov,Merchandise Exports_Timber and Timber Products (Millions of US Dollars),16.62,merchandise_trade_flows,https://www.bog.gov.gh/economic-data/merchandise-trade-flows/,0
2014-12-01,2014,12,Dec,Merchandise Exports_Timber and Timber Products (Millions of US Dollars),19.29,merchandise_trade_flows,https://www.bog.gov.gh/economic-data/merchandise-trade-flows/,0
2015-01-01,2015,1,Jan,Merchandise Exports_Timber and Timber Products (Millions of US Dollars),15.92,merchandise_trade_flows,https://www.bog.gov.gh/economic-data/merchandise-trade-flows/,0
2015-02-01,2015,2,Feb,Merchandise Exports_Timber and Timber Products (Millions of US Dollars),15.31,merchandise_trade_flows,https://www.bog.gov.gh/economic-data/merchandise-trade-flows/,0
2015-03-01,2015,3,Mar,Merchandise Exports_Timber and Timber Products (Millions of US Dollars),17.76,merchandise_trade_flows,https://www.bog.gov.gh/economic-data/merchandise-trade-flows/,0
2015-04-01,2015,4,Apr,Merchandise Exports_Timber and Timber Products (Millions of US Dollars),17.76,merchandise_trade_flows,https://www.bog.gov.gh/economic-data/merchandise-trade-flows/,0
2015-05-01,2015,5,May,Merchandise Exports_Timber and Timber Products (Millions of US Dollars),15.32,merchandise_trade_flows,https://www.bog.gov.gh/economic-data/merchandise-trade-flows/,0
2015-06-01,2015,6,Jun,Merchandise Exports_Timber and Timber Products (Millions of US Dollars),17.46,merchandise_trade_flows,https://www.bog.gov.gh/economic-data/merchandise-trade-flows/,0
2015-07-01,2015,7,Jul,Merchandise Exports_Timber and Timber Products (Millions of US Dollars),19.1,merchandise_trade_flows,https://www.bog.gov.gh/economic-data/merchandise-trade-flows/,0
2015-08-01,2015,8,Aug,Merchandise Exports_Timber and Timber Products (Millions of US Dollars),16.95,merchandise_trade_flows,https://www.bog.gov.gh/economic-data/merchandise-trade-flows/,0
2015-09-01,2015,9,Sep,Merchandise Exports_Timber and Timber Products (Millions of US Dollars),15.79,merchandise_trade_flows,https://www.bog.gov.gh/economic-data/merchandise-trade-flows/,0
2015-10-01,2015,10,Oct,Merchandise Exports_Timber and Timber Products (Millions of US Dollars),18.91,merchandise_trade_flows,https://www.bog.gov.gh/economic-data/merchandise-trade-flows/,0
2015-11-01,2015,11,Nov,Merchandise Exports_Timber and Timber Products (Millions of US Dollars),15.99,merchandise_trade_flows,https://www.bog.gov.gh/economic-data/merchandise-trade-flows/,0
2015-12-01,2015,12,Dec,Merchandise Exports_Timber and Timber Products (Millions of US Dollars),22.65,merchandise_trade_flows,https://www.bog.gov.gh/economic-data/merchandise-trade-flows/,0
2016-01-01,2016,1,Jan,Merchandise Exports_Timber and Timber Products (Millions of US Dollars),17.52,merchandise_trade_flows,https://www.bog.gov.gh/economic-data/merchandise-trade-flows/,0
2016-02-01,2016,2,Feb,Merchandise Exports_Timber and Timber Products (Millions of US Dollars),19.17,merchandise_trade_flows,https://www.bog.gov.gh/economic-data/merchandise-trade-flows/,0
2016-03-01,2016,3,Mar,Merchandise Exports_Timber and Timber Products (Millions of US Dollars),19.06,merchandise_trade_flows,https://www.bog.gov.gh/economic-data/merchandise-trade-flows/,0
2016-04-01,2016,4,Apr,Merchandise Exports_Timber and Timber Products (Millions of US Dollars),30.74,merchandise_trade_flows,https://www.bog.gov.gh/economic-data/merchandise-trade-flows/,0
2016-05-01,2016,5,May,Merchandise Exports_Timber and Timber Products (Millions of US Dollars),21.19,merchandise_trade_flows,https://www.bog.gov.gh/economic-data/merchandise-trade-flows/,0
2016-06-01,2016,6,Jun,Merchandise Exports_Timber and Timber Products (Millions of US Dollars),21.68,merchandise_trade_flows,https://www.bog.gov.gh/economic-data/merchandise-trade-flows/,0
2016-07-01,2016,7,Jul,Merchandise Exports_Timber and Timber Products (Millions of US Dollars),23.14,merchandise_trade_flows,https://www.bog.gov.gh/economic-data/merchandise-trade-flows/,0
2016-08-01,2016,8,Aug,Merchandise Exports_Timber and Timber Products (Millions of US Dollars),23.83,merchandise_trade_flows,https://www.bog.gov.gh/economic-data/merchandise-trade-flows/,0
2016-09-01,2016,9,Sep,Merchandise Exports_Timber and Timber Products (Millions of US Dollars),23.19,merchandise_trade_flows,https://www.bog.gov.gh/economic-data/merchandise-trade-flows/,0
2016-10-01,2016,10,Oct,Merchandise Exports_Timber and Timber Products (Millions of US Dollars),20.34,merchandise_trade_flows,https://www.bog.gov.gh/economic-data/merchandise-trade-flows/,0
2016-11-01,2016,11,Nov,Merchandise Exports_Timber and Timber Products (Millions of US Dollars),14.91,merchandise_trade_flows,https://www.bog.gov.gh/economic-data/merchandise-trade-flows/,0
2016-12-01,2016,12,Dec,Merchandise Exports_Timber and Timber Products (Millions of US Dollars),20.95,merchandise_trade_flows,https://www.bog.gov.gh/economic-data/merchandise-trade-flows/,0
2017-01-01,2017,1,Jan,Merchandise Exports_Timber and Timber Products (Millions of US Dollars),18.81,merchandise_trade_flows,https://www.bog.gov.gh/economic-data/merchandise-trade-flows/,0
2017-02-01,2017,2,Feb,Merchandise Exports_Timber and Timber Products (Millions of US Dollars),12.54,merchandise_trade_flows,https://www.bog.gov.gh/economic-data/merchandise-trade-flows/,0
2017-03-01,2017,3,Mar,Merchandise Exports_Timber and Timber Products (Millions of US Dollars),10.71,merchandise_trade_flows,https://www.bog.gov.gh/economic-data/merchandise-trade-flows/,0
2017-04-01,2017,4,Apr,Merchandise Exports_Timber and Timber Products (Millions of US Dollars),10.35,merchandise_trade_flows,https://www.bog.gov.gh/economic-data/merchandise-trade-flows/,0
2017-05-01,2017,5,May,Merchandise Exports_Timber and Timber Products (Millions of US Dollars),14.72,merchandise_trade_flows,https://www.bog.gov.gh/economic-data/merchandise-trade-flows/,0
2017-06-01,2017,6,Jun,Merchandise Exports_Timber and Timber Products (Millions of US Dollars),22.67,merchandise_trade_flows,https://www.bog.gov.gh/economic-data/merchandise-trade-flows/,0
2017-07-01,2017,7,Jul,Merchandise Exports_Timber and Timber Products (Millions of US Dollars),13.34,merchandise_trade_flows,https://www.bog.gov.gh/economic-data/merchandise-trade-flows/,0
2017-08-01,2017,8,Aug,Merchandise Exports_Timber and Timber Products (Millions of US Dollars),17.52,merchandise_trade_flows,https://www.bog.gov.gh/economic-data/merchandise-trade-flows/,0
2017-09-01,2017,9,Sep,Merchandise Exports_Timber and Timber Products (Millions of US Dollars),17.58,merchandise_trade_flows,https://www.bog.gov.gh/economic-data/merchandise-trade-flows/,0
2017-10-01,2017,10,Oct,Merchandise Exports_Timber and Timber Products (Millions of US Dollars),23.67,merchandise_trade_flows,https://www.bog.gov.gh/economic-data/merchandise-trade-flows/,0
2017-11-01,2017,11,Nov,Merchandise Exports_Timber and Timber Products (Millions of US Dollars),27.0,merchandise_trade_flows,https://www.bog.gov.gh/economic-data/merchandise-trade-flows/,0
2017-12-01,2017,12,Dec,Merchandise Exports_Timber and Timber Products (Millions of US Dollars),26.05,merchandise_trade_flows,https://www.bog.gov.gh/economic-data/merchandise-trade-flows/,0
2018-01-01,2018,1,Jan,Merchandise Exports_Timber and Timber Products (Millions of US Dollars),23.61,merchandise_trade_flows,https://www.bog.gov.gh/economic-data/merchandise-trade-flows/,0
2018-02-01,2018,2,Feb,Merchandise Exports_Timber and Timber Products (Millions of US Dollars),19.23,merchandise_trade_flows,https://www.bog.gov.gh/economic-data/merchandise-trade-flows/,0
2018-03-01,2018,3,Mar,Merchandise Exports_Timber and Timber Products (Millions of US Dollars),20.44,merchandise_trade_flows,https://www.bog.gov.gh/economic-data/merchandise-trade-flows/,0
2018-04-01,2018,4,Apr,Merchandise Exports_Timber and Timber Products (Millions of US Dollars),22.46,merchandise_trade_flows,https://www.bog.gov.gh/economic-data/merchandise-trade-flows/,0
2018-05-01,2018,5,May,Merchandise Exports_Timber and Timber Products (Millions of US Dollars),19.57,merchandise_trade_flows,https://www.bog.gov.gh/economic-data/merchandise-trade-flows/,0
2018-06-01,2018,6,Jun,Merchandise Exports_Timber and Timber Products (Millions of US Dollars),19.5,merchandise_trade_flows,https://www.bog.gov.gh/economic-data/merchandise-trade-flows/,0
2018-07-01,2018,7,Jul,Merchandise Exports_Timber and Timber Products (Millions of US Dollars),14.61,merchandise_trade_flows,https://www.bog.gov.gh/economic-data/merchandise-trade-flows/,0
2018-08-01,2018,8,Aug,Merchandise Exports_Timber and Timber Products (Millions of US Dollars),19.05,merchandise_trade_flows,https://www.bog.gov.gh/economic-data/merchandise-trade-flows/,0
2018-09-01,2018,9,Sep,Merchandise Exports_Timber and Timber Products (Millions of US Dollars),13.81,merchandise_trade_flows,https://www.bog.gov.gh/economic-data/merchandise-trade-flows/,0
2018-10-01,2018,10,Oct,Merchandise Exports_Timber and Timber Products (Millions of US Dollars),16.21,merchandise_trade_flows,https://www.bog.gov.gh/economic-data/merchandise-trade-flows/,0
2018-11-01,2018,11,Nov,Merchandise Exports_Timber and Timber Products (Millions of US Dollars),16.53,merchandise_trade_flows,https://www.bog.gov.gh/economic-data/merchandise-trade-flows/,0
2018-12-01,2018,12,Dec,Merchandise Exports_Timber and Timber Products (Millions of US Dollars),16.44,merchandise_trade_flows,https://www.bog.gov.gh/economic-data/merchandise-trade-flows/,0
2019-01-01,2019,1,Jan,Merchandise Exports_Timber and Timber Products (Millions of US Dollars),13.9,merchandise_trade_flows,https://www.bog.gov.gh/economic-data/merchandise-trade-flows/,0
2019-02-01,2019,2,Feb,Merchandise Exports_Timber and Timber Products (Millions of US Dollars),18.07,merchandise_trade_flows,https://www.bog.gov.gh/economic-data/merchandise-trade-flows/,0
2019-03-01,2019,3,Mar,Merchandise Exports_Timber and Timber Products (Millions of US Dollars),15.51,merchandise_trade_flows,https://www.bog.gov.gh/economic-data/merchandise-trade-flows/,0
2019-04-01,2019,4,Apr,Merchandise Exports_Timber and Timber Products (Millions of US Dollars),12.14,merchandise_trade_flows,https://www.bog.gov.gh/economic-data/merchandise-trade-flows/,0
2019-05-01,2019,5,May,Merchandise Exports_Timber and Timber Products (Millions of US Dollars),15.06,merchandise_trade_flows,https://www.bog.gov.gh/economic-data/merchandise-trade-flows/,0
2019-06-01,2019,6,Jun,Merchandise Exports_Timber and Timber Products (Millions of US Dollars),12.88,merchandise_trade_flows,https://www.bog.gov.gh/economic-data/merchandise-trade-flows/,0
2019-07-01,2019,7,Jul,Merchandise Exports_Timber and Timber Products (Millions of US Dollars),14.03,merchandise_trade_flows,https://www.bog.gov.gh/economic-data/merchandise-trade-flows/,0
2019-08-01,2019,8,Aug,Merchandise Exports_Timber and Timber Products (Millions of US Dollars),18.08,merchandise_trade_flows,https://www.bog.gov.gh/economic-data/merchandise-trade-flows/,0
2019-09-01,2019,9,Sep,Merchandise Exports_Timber and Timber Products (Millions of US Dollars),11.11,merchandise_trade_flows,https://www.bog.gov.gh/economic-data/merchandise-trade-flows/,0
2019-10-01,2019,10,Oct,Merchandise Exports_Timber and Timber Products (Millions of US Dollars),15.28,merchandise_trade_flows,https://www.bog.gov.gh/economic-data/merchandise-trade-flows/,0
2019-11-01,2019,11,Nov,Merchandise Exports_Timber and Timber Products (Millions of US Dollars),11.97,merchandise_trade_flows,https://www.bog.gov.gh/economic-data/merchandise-trade-flows/,0
2019-12-01,2019,12,Dec,Merchandise Exports_Timber and Timber Products (Millions of US Dollars),10.98,merchandise_trade_flows,https://www.bog.gov.gh/economic-data/merchandise-trade-flows/,0
2020-01-01,2020,1,Jan,Merchandise Exports_Timber and Timber Products (Millions of US Dollars),10.18,merchandise_trade_flows,https://www.bog.gov.gh/economic-data/merchandise-trade-flows/,0
2020-02-01,2020,2,Feb,Merchandise Exports_Timber and Timber Products (Millions of US Dollars),9.4,merchandise_trade_flows,https://www.bog.gov.gh/economic-data/merchandise-trade-flows/,0
2020-03-01,2020,3,Mar,Merchandise Exports_Timber and Timber Products (Millions of US Dollars),9.93,merchandise_trade_flows,https://www.bog.gov.gh/economic-data/merchandise-trade-flows/,0
2020-04-01,2020,4,Apr,Merchandise Exports_Timber and Timber Products (Millions of US Dollars),6.07,merchandise_trade_flows,https://www.bog.gov.gh/economic-data/merchandise-trade-flows/,0
2020-05-01,2020,5,May,Merchandise Exports_Timber and Timber Products (Millions of US Dollars),6.43,merchandise_trade_flows,https://www.bog.gov.gh/economic-data/merchandise-trade-flows/,0
2020-06-01,2020,6,Jun,Merchandise Exports_Timber and Timber Products (Millions of US Dollars),7.67,merchandise_trade_flows,https://www.bog.gov.gh/economic-data/merchandise-trade-flows/,0
2020-07-01,2020,7,Jul,Merchandise Exports_Timber and Timber Products (Millions of US Dollars),12.78,merchandise_trade_flows,https://www.bog.gov.gh/economic-data/merchandise-trade-flows/,0
2020-08-01,2020,8,Aug,Merchandise Exports_Timber and Timber Products (Millions of US Dollars),13.14,merchandise_trade_flows,https://www.bog.gov.gh/economic-data/merchandise-trade-flows/,0
2020-09-01,2020,9,Sep,Merchandise Exports_Timber and Timber Products (Millions of US Dollars),16.85,merchandise_trade_flows,https://www.bog.gov.gh/economic-data/merchandise-trade-flows/,0
2020-10-01,2020,10,Oct,Merchandise Exports_Timber and Timber Products (Millions of US Dollars),12.73,merchandise_trade_flows,https://www.bog.gov.gh/economic-data/merchandise-trade-flows/,0
2020-11-01,2020,11,Nov,Merchandise Exports_Timber and Timber Products (Millions of US Dollars),12.87,merchandise_trade_flows,https://www.bog.gov.gh/economic-data/merchandise-trade-flows/,0
2020-12-01,2020,12,Dec,Merchandise Exports_Timber and Timber Products (Millions of US Dollars),15.95,merchandise_trade_flows,https://www.bog.gov.gh/economic-data/merchandise-trade-flows/,0
2021-01-01,2021,1,Jan,Merchandise Exports_Timber and Timber Products (Millions of US Dollars),12.54,merchandise_trade_flows,https://www.bog.gov.gh/economic-data/merchandise-trade-flows/,0
2021-02-01,2021,2,Feb,Merchandise Exports_Timber and Timber Products (Millions of US Dollars),15.0,merchandise_trade_flows,https://www.bog.gov.gh/economic-data/merchandise-trade-flows/,0
2021-03-01,2021,3,Mar,Merchandise Exports_Timber and Timber Products (Millions of US Dollars),16.41,merchandise_trade_flows,https://www.bog.gov.gh/economic-data/merchandise-trade-flows/,0
2021-04-01,2021,4,Apr,Merchandise Exports_Timber and Timber Products (Millions of US Dollars),15.29,merchandise_trade_flows,https://www.bog.gov.gh/economic-data/merchandise-trade-flows/,0
2021-05-01,2021,5,May,Merchandise Exports_Timber and Timber Products (Millions of US Dollars),13.53,merchandise_trade_flows,https://www.bog.gov.gh/economic-data/merchandise-trade-flows/,0
2021-06-01,2021,6,Jun,Merchandise Exports_Timber and Timber Products (Millions of US Dollars),12.34,merchandise_trade_flows,https://www.bog.gov.gh/economic-data/merchandise-trade-flows/,0
2021-07-01,2021,7,Jul,Merchandise Exports_Timber and Timber Products (Millions of US Dollars),13.36,merchandise_trade_flows,https://www.bog.gov.gh/economic-data/merchandise-trade-flows/,0
2021-08-01,2021,8,Aug,Merchandise Exports_Timber and Timber Products (Millions of US Dollars),12.71,merchandise_trade_flows,https://www.bog.gov.gh/economic-data/merchandise-trade-flows/,0
2021-09-01,2021,9,Sep,Merchandise Exports_Timber and Timber Products (Millions of US Dollars),12.53,merchandise_trade_flows,https://www.bog.gov.gh/economic-data/merchandise-trade-flows/,0
2021-10-01,2021,10,Oct,Merchandise Exports_Timber and Timber Products (Millions of US Dollars),11.87,merchandise_trade_flows,https://www.bog.gov.gh/economic-data/merchandise-trade-flows/,0
2021-11-01,2021,11,Nov,Merchandise Exports_Timber and Timber Products (Millions of US Dollars),13.12,merchandise_trade_flows,https://www.bog.gov.gh/economic-data/merchandise-trade-flows/,0
2021-12-01,2021,12,Dec,Merchandise Exports_Timber and Timber Products (Millions of US Dollars),13.26,merchandise_trade_flows,https://www.bog.gov.gh/economic-data/merchandise-trade-flows/,0
2022-01-01,2022,1,Jan,Merchandise Exports_Timber and Timber Products (Millions of US Dollars),11.37,merchandise_trade_flows,https://www.bog.gov.gh/economic-data/merchandise-trade-flows/,0
2022-02-01,2022,2,Feb,Merchandise Exports_Timber and Timber Products (Millions of US Dollars),10.45,merchandise_trade_flows,https://www.bog.gov.gh/economic-data/merchandise-trade-flows/,0
2022-03-01,2022,3,Mar,Merchandise Exports_Timber and Timber Products (Millions of US Dollars),11.87,merchandise_trade_flows,https://www.bog.gov.gh/economic-data/merchandise-trade-flows/,0
2022-04-01,2022,4,Apr,Merchandise Exports_Timber and Timber Products (Millions of US Dollars),14.23,merchandise_trade_flows,https://www.bog.gov.gh/economic-data/merchandise-trade-flows/,0
2022-05-01,2022,5,May,Merchandise Exports_Timber and Timber Products (Millions of US Dollars),13.99,merchandise_trade_flows,https://www.bog.gov.gh/economic-data/merchandise-trade-flows/,0
2022-06-01,2022,6,Jun,Merchandise Exports_Timber and Timber Products (Millions of US Dollars),12.95,merchandise_trade_flows,https://www.bog.gov.gh/economic-data/merchandise-trade-flows/,0
2022-07-01,2022,7,Jul,Merchandise Exports_Timber and Timber Products (Millions of US Dollars),16.47,merchandise_trade_flows,https://www.bog.gov.gh/economic-data/merchandise-trade-flows/,0
2022-08-01,2022,8,Aug,Merchandise Exports_Timber and Timber Products (Millions of US Dollars),16.29,merchandise_trade_flows,https://www.bog.gov.gh/economic-data/merchandise-trade-flows/,0
2022-09-01,2022,9,Sep,Merchandise Exports_Timber and Timber Products (Millions of US Dollars),13.19,merchandise_trade_flows,https://www.bog.gov.gh/economic-data/merchandise-trade-flows/,0
2022-10-01,2022,10,Oct,Merchandise Exports_Timber and Timber Products (Millions of US Dollars),12.08,merchandise_trade_flows,https://www.bog.gov.gh/economic-data/merchandise-trade-flows/,0
2022-11-01,2022,11,Nov,Merchandise Exports_Timber and Timber Products (Millions of US Dollars),12.12,merchandise_trade_flows,https://www.bog.gov.gh/economic-data/merchandise-trade-flows/,0
2022-12-01,2022,12,Dec,Merchandise Exports_Timber and Timber Products (Millions of US Dollars),10.45,merchandise_trade_flows,https://www.bog.gov.gh/economic-data/merchandise-trade-flows/,0
2023-01-01,2023,1,Jan,Merchandise Exports_Timber and Timber Products (Millions of US Dollars),11.55,merchandise_trade_flows,https://www.bog.gov.gh/economic-data/merchandise-trade-flows/,0
2023-02-01,2023,2,Feb,Merchandise Exports_Timber and Timber Products (Millions of US Dollars),10.45,merchandise_trade_flows,https://www.bog.gov.gh/economic-data/merchandise-trade-flows/,0
2023-03-01,2023,3,Mar,Merchandise Exports_Timber and Timber Products (Millions of US Dollars),10.07,merchandise_trade_flows,https://www.bog.gov.gh/economic-data/merchandise-trade-flows/,0
2023-04-01,2023,4,Apr,Merchandise Exports_Timber and Timber Products (Millions of US Dollars),11.23,merchandise_trade_flows,https://www.bog.gov.gh/economic-data/merchandise-trade-flows/,0
2023-05-01,2023,5,May,Merchandise Exports_Timber and Timber Products (Millions of US Dollars),0.0,merchandise_trade_flows,https://www.bog.gov.gh/economic-data/merchandise-trade-flows/,0
2023-06-01,2023,6,Jun,Merchandise Exports_Timber and Timber Products (Millions of US Dollars),0.0,merchandise_trade_flows,https://www.bog.gov.gh/economic-data/merchandise-trade-flows/,0
2023-07-01,2023,7,Jul,Merchandise Exports_Timber and Timber Products (Millions of US Dollars),0.0,merchandise_trade_flows,https://www.bog.gov.gh/economic-data/merchandise-trade-flows/,0
2023-08-01,2023,8,Aug,Merchandise Exports_Timber and Timber Products (Millions of US Dollars),0.0,merchandise_trade_flows,https://www.bog.gov.gh/economic-data/merchandise-trade-flows/,0
2023-09-01,2023,9,Sep,Merchandise Exports_Timber and Timber Products (Millions of US Dollars),0.0,merchandise_trade_flows,https://www.bog.gov.gh/economic-data/merchandise-trade-flows/,0
2023-10-01,2023,10,Oct,Merchandise Exports_Timber and Timber Products (Millions of US Dollars),0.0,merchandise_trade_flows,https://www.bog.gov.gh/economic-data/merchandise-trade-flows/,0
2023-11-01,2023,11,Nov,Merchandise Exports_Timber and Timber Products (Millions of US Dollars),0.0,merchandise_trade_flows,https://www.bog.gov.gh/economic-data/merchandise-trade-flows/,0
2023-12-01,2023,12,Dec,Merchandise Exports_Timber and Timber Products (Millions of US Dollars),0.0,merchandise_trade_flows,https://www.bog.gov.gh/economic-data/merchandise-trade-flows/,0
2005-01-01,2005,1,Jan,Merchandise Imports (f.o.b) (Millions of US Dollars),337.27,merchandise_trade_flows,https://www.bog.gov.gh/economic-data/merchandise-trade-flows/,0
2005-02-01,2005,2,Feb,Merchandise Imports (f.o.b) (Millions of US Dollars),411.24,merchandise_trade_flows,https://www.bog.gov.gh/economic-data/merchandise-trade-flows/,0
2005-03-01,2005,3,Mar,Merchandise Imports (f.o.b) (Millions of US Dollars),409.47,merchandise_trade_flows,https://www.bog.gov.gh/economic-data/merchandise-trade-flows/,0
2005-04-01,2005,4,Apr,Merchandise Imports (f.o.b) (Millions of US Dollars),385.4,merchandise_trade_flows,https://www.bog.gov.gh/economic-data/merchandise-trade-flows/,0
2005-05-01,2005,5,May,Merchandise Imports (f.o.b) (Millions of US Dollars),421.71,merchandise_trade_flows,https://www.bog.gov.gh/economic-data/merchandise-trade-flows/,0
2005-06-01,2005,6,Jun,Merchandise Imports (f.o.b) (Millions of US Dollars),450.32,merchandise_trade_flows,https://www.bog.gov.gh/economic-data/merchandise-trade-flows/,0
2005-07-01,2005,7,Jul,Merchandise Imports (f.o.b) (Millions of US Dollars),442.22,merchandise_trade_flows,https://www.bog.gov.gh/economic-data/merchandise-trade-flows/,0
2005-08-01,2005,8,Aug,Merchandise Imports (f.o.b) (Millions of US Dollars),565.26,merchandise_trade_flows,https://www.bog.gov.gh/economic-data/merchandise-trade-flows/,0
2005-09-01,2005,9,Sep,Merchandise Imports (f.o.b) (Millions of US Dollars),466.77,merchandise_trade_flows,https://www.bog.gov.gh/economic-data/merchandise-trade-flows/,0
2005-10-01,2005,10,Oct,Merchandise Imports (f.o.b) (Millions of US Dollars),443.41,merchandise_trade_flows,https://www.bog.gov.gh/economic-data/merchandise-trade-flows/,0
2005-11-01,2005,11,Nov,Merchandise Imports (f.o.b) (Millions of US Dollars),449.41,merchandise_trade_flows,https://www.bog.gov.gh/economic-data/merchandise-trade-flows/,0
2005-12-01,2005,12,Dec,Merchandise Imports (f.o.b) (Millions of US Dollars),497.33,merchandise_trade_flows,https://www.bog.gov.gh/economic-data/merchandise-trade-flows/,0
2006-01-01,2006,1,Jan,Merchandise Imports (f.o.b) (Millions of US Dollars),476.15,merchandise_trade_flows,https://www.bog.gov.gh/economic-data/merchandise-trade-flows/,0
2006-02-01,2006,2,Feb,Merchandise Imports (f.o.b) (Millions of US Dollars),550.58,merchandise_trade_flows,https://www.bog.gov.gh/economic-data/merchandise-trade-flows/,0
2006-03-01,2006,3,Mar,Merchandise Imports (f.o.b) (Millions of US Dollars),497.2,merchandise_trade_flows,https://www.bog.gov.gh/economic-data/merchandise-trade-flows/,0
2006-04-01,2006,4,Apr,Merchandise Imports (f.o.b) (Millions of US Dollars),420.69,merchandise_trade_flows,https://www.bog.gov.gh/economic-data/merchandise-trade-flows/,0
2006-05-01,2006,5,May,Merchandise Imports (f.o.b) (Millions of US Dollars),527.98,merchandise_trade_flows,https://www.bog.gov.gh/economic-data/merchandise-trade-flows/,0
2006-06-01,2006,6,Jun,Merchandise Imports (f.o.b) (Millions of US Dollars),573.43,merchandise_trade_flows,https://www.bog.gov.gh/economic-data/merchandise-trade-flows/,0
2006-07-01,2006,7,Jul,Merchandise Imports (f.o.b) (Millions of US Dollars),551.91,merchandise_trade_flows,https://www.bog.gov.gh/economic-data/merchandise-trade-flows/,0
2006-08-01,2006,8,Aug,Merchandise Imports (f.o.b) (Millions of US Dollars),679.87,merchandise_trade_flows,https://www.bog.gov.gh/economic-data/merchandise-trade-flows/,0
2006-09-01,2006,9,Sep,Merchandise Imports (f.o.b) (Millions of US Dollars),484.84,merchandise_trade_flows,https://www.bog.gov.gh/economic-data/merchandise-trade-flows/,0
2006-10-01,2006,10,Oct,Merchandise Imports (f.o.b) (Millions of US Dollars),490.24,merchandise_trade_flows,https://www.bog.gov.gh/economic-data/merchandise-trade-flows/,0
2006-11-01,2006,11,Nov,Merchandise Imports (f.o.b) (Millions of US Dollars),640.54,merchandise_trade_flows,https://www.bog.gov.gh/economic-data/merchandise-trade-flows/,0
2006-12-01,2006,12,Dec,Merchandise Imports (f.o.b) (Millions of US Dollars),630.16,merchandise_trade_flows,https://www.bog.gov.gh/economic-data/merchandise-trade-flows/,0
2007-01-01,2007,1,Jan,Merchandise Imports (f.o.b) (Millions of US Dollars),602.11,merchandise_trade_flows,https://www.bog.gov.gh/economic-data/merchandise-trade-flows/,0
2007-02-01,2007,2,Feb,Merchandise Imports (f.o.b) (Millions of US Dollars),526.4,merchandise_trade_flows,https://www.bog.gov.gh/economic-data/merchandise-trade-flows/,0
2007-03-01,2007,3,Mar,Merchandise Imports (f.o.b) (Millions of US Dollars),543.05,merchandise_trade_flows,https://www.bog.gov.gh/economic-data/merchandise-trade-flows/,0
2007-04-01,2007,4,Apr,Merchandise Imports (f.o.b) (Millions of US Dollars),725.05,merchandise_trade_flows,https://www.bog.gov.gh/economic-data/merchandise-trade-flows/,0
2007-05-01,2007,5,May,Merchandise Imports (f.o.b) (Millions of US Dollars),712.32,merchandise_trade_flows,https://www.bog.gov.gh/economic-data/merchandise-trade-flows/,0
2007-06-01,2007,6,Jun,Merchandise Imports (f.o.b) (Millions of US Dollars),483.05,merchandise_trade_flows,https://www.bog.gov.gh/economic-data/merchandise-trade-flows/,0
2007-07-01,2007,7,Jul,Merchandise Imports (f.o.b) (Millions of US Dollars),738.92,merchandise_trade_flows,https://www.bog.gov.gh/economic-data/merchandise-trade-flows/,0
2007-08-01,2007,8,Aug,Merchandise Imports (f.o.b) (Millions of US Dollars),791.38,merchandise_trade_flows,https://www.bog.gov.gh/economic-data/merchandise-trade-flows/,0
2007-09-01,2007,9,Sep,Merchandise Imports (f.o.b) (Millions of US Dollars),733.13,merchandise_trade_flows,https://www.bog.gov.gh/economic-data/merchandise-trade-flows/,0
2007-10-01,2007,10,Oct,Merchandise Imports (f.o.b) (Millions of US Dollars),880.45,merchandise_trade_flows,https://www.bog.gov.gh/economic-data/merchandise-trade-flows/,0
2007-11-01,2007,11,Nov,Merchandise Imports (f.o.b) (Millions of US Dollars),741.31,merchandise_trade_flows,https://www.bog.gov.gh/economic-data/merchandise-trade-flows/,0
2007-12-01,2007,12,Dec,Merchandise Imports (f.o.b) (Millions of US Dollars),596.41,merchandise_trade_flows,https://www.bog.gov.gh/economic-data/merchandise-trade-flows/,0
2008-01-01,2008,1,Jan,Merchandise Imports (f.o.b) (Millions of US Dollars),823.96,merchandise_trade_flows,https://www.bog.gov.gh/economic-data/merchandise-trade-flows/,0
2008-02-01,2008,2,Feb,Merchandise Imports (f.o.b) (Millions of US Dollars),830.71,merchandise_trade_flows,https://www.bog.gov.gh/economic-data/merchandise-trade-flows/,0
2008-03-01,2008,3,Mar,Merchandise Imports (f.o.b) (Millions of US Dollars),752.73,merchandise_trade_flows,https://www.bog.gov.gh/economic-data/merchandise-trade-flows/,0
2008-04-01,2008,4,Apr,Merchandise Imports (f.o.b) (Millions of US Dollars),862.01,merchandise_trade_flows,https://www.bog.gov.gh/economic-data/merchandise-trade-flows/,0
2008-05-01,2008,5,May,Merchandise Imports (f.o.b) (Millions of US Dollars),764.06,merchandise_trade_flows,https://www.bog.gov.gh/economic-data/merchandise-trade-flows/,0
2008-06-01,2008,6,Jun,Merchandise Imports (f.o.b) (Millions of US Dollars),770.05,merchandise_trade_flows,https://www.bog.gov.gh/economic-data/merchandise-trade-flows/,0
2008-07-01,2008,7,Jul,Merchandise Imports (f.o.b) (Millions of US Dollars),975.49,merchandise_trade_flows,https://www.bog.gov.gh/economic-data/merchandise-trade-flows/,0
2008-08-01,2008,8,Aug,Merchandise Imports (f.o.b) (Millions of US Dollars),920.14,merchandise_trade_flows,https://www.bog.gov.gh/economic-data/merchandise-trade-flows/,0
2008-09-01,2008,9,Sep,Merchandise Imports (f.o.b) (Millions of US Dollars),780.05,merchandise_trade_flows,https://www.bog.gov.gh/economic-data/merchandise-trade-flows/,0
2008-10-01,2008,10,Oct,Merchandise Imports (f.o.b) (Millions of US Dollars),783.86,merchandise_trade_flows,https://www.bog.gov.gh/economic-data/merchandise-trade-flows/,0
2008-11-01,2008,11,Nov,Merchandise Imports (f.o.b) (Millions of US Dollars),812.95,merchandise_trade_flows,https://www.bog.gov.gh/economic-data/merchandise-trade-flows/,0
2008-12-01,2008,12,Dec,Merchandise Imports (f.o.b) (Millions of US Dollars),658.34,merchandise_trade_flows,https://www.bog.gov.gh/economic-data/merchandise-trade-flows/,0
2009-01-01,2009,1,Jan,Merchandise Imports (f.o.b) (Millions of US Dollars),769.6,merchandise_trade_flows,https://www.bog.gov.gh/economic-data/merchandise-trade-flows/,0
2009-02-01,2009,2,Feb,Merchandise Imports (f.o.b) (Millions of US Dollars),647.42,merchandise_trade_flows,https://www.bog.gov.gh/economic-data/merchandise-trade-flows/,0
2009-03-01,2009,3,Mar,Merchandise Imports (f.o.b) (Millions of US Dollars),695.27,merchandise_trade_flows,https://www.bog.gov.gh/economic-data/merchandise-trade-flows/,0
2009-04-01,2009,4,Apr,Merchandise Imports (f.o.b) (Millions of US Dollars),618.94,merchandise_trade_flows,https://www.bog.gov.gh/economic-data/merchandise-trade-flows/,0
2009-05-01,2009,5,May,Merchandise Imports (f.o.b) (Millions of US Dollars),646.67,merchandise_trade_flows,https://www.bog.gov.gh/economic-data/merchandise-trade-flows/,0
2009-06-01,2009,6,Jun,Merchandise Imports (f.o.b) (Millions of US Dollars),638.34,merchandise_trade_flows,https://www.bog.gov.gh/economic-data/merchandise-trade-flows/,0
2009-07-01,2009,7,Jul,Merchandise Imports (f.o.b) (Millions of US Dollars),664.98,merchandise_trade_flows,https://www.bog.gov.gh/economic-data/merchandise-trade-flows/,0
2009-08-01,2009,8,Aug,Merchandise Imports (f.o.b) (Millions of US Dollars),608.13,merchandise_trade_flows,https://www.bog.gov.gh/economic-data/merchandise-trade-flows/,0
2009-09-01,2009,9,Sep,Merchandise Imports (f.o.b) (Millions of US Dollars),646.24,merchandise_trade_flows,https://www.bog.gov.gh/economic-data/merchandise-trade-flows/,0
2009-10-01,2009,10,Oct,Merchandise Imports (f.o.b) (Millions of US Dollars),753.98,merchandise_trade_flows,https://www.bog.gov.gh/economic-data/merchandise-trade-flows/,0
2009-11-01,2009,11,Nov,Merchandise Imports (f.o.b) (Millions of US Dollars),659.75,merchandise_trade_flows,https://www.bog.gov.gh/economic-data/merchandise-trade-flows/,0
2009-12-01,2009,12,Dec,Merchandise Imports (f.o.b) (Millions of US Dollars),696.93,merchandise_trade_flows,https://www.bog.gov.gh/economic-data/merchandise-trade-flows/,0
2010-01-01,2010,1,Jan,Merchandise Imports (f.o.b) (Millions of US Dollars),790.2,merchandise_trade_flows,https://www.bog.gov.gh/economic-data/merchandise-trade-flows/,0
2010-02-01,2010,2,Feb,Merchandise Imports (f.o.b) (Millions of US Dollars),753.86,merchandise_trade_flows,https://www.bog.gov.gh/economic-data/merchandise-trade-flows/,0
2010-03-01,2010,3,Mar,Merchandise Imports (f.o.b) (Millions of US Dollars),932.68,merchandise_trade_flows,https://www.bog.gov.gh/economic-data/merchandise-trade-flows/,0
2010-04-01,2010,4,Apr,Merchandise Imports (f.o.b) (Millions of US Dollars),872.56,merchandise_trade_flows,https://www.bog.gov.gh/economic-data/merchandise-trade-flows/,0
2010-05-01,2010,5,May,Merchandise Imports (f.o.b) (Millions of US Dollars),899.51,merchandise_trade_flows,https://www.bog.gov.gh/economic-data/merchandise-trade-flows/,0
2010-06-01,2010,6,Jun,Merchandise Imports (f.o.b) (Millions of US Dollars),915.28,merchandise_trade_flows,https://www.bog.gov.gh/economic-data/merchandise-trade-flows/,0
2010-07-01,2010,7,Jul,Merchandise Imports (f.o.b) (Millions of US Dollars),740.91,merchandise_trade_flows,https://www.bog.gov.gh/economic-data/merchandise-trade-flows/,0
2010-08-01,2010,8,Aug,Merchandise Imports (f.o.b) (Millions of US Dollars),1016.27,merchandise_trade_flows,https://www.bog.gov.gh/economic-data/merchandise-trade-flows/,0
2010-09-01,2010,9,Sep,Merchandise Imports (f.o.b) (Millions of US Dollars),916.65,merchandise_trade_flows,https://www.bog.gov.gh/economic-data/merchandise-trade-flows/,0
2010-10-01,2010,10,Oct,Merchandise Imports (f.o.b) (Millions of US Dollars),980.92,merchandise_trade_flows,https://www.bog.gov.gh/economic-data/merchandise-trade-flows/,0
2010-11-01,2010,11,Nov,Merchandise Imports (f.o.b) (Millions of US Dollars),939.38,merchandise_trade_flows,https://www.bog.gov.gh/economic-data/merchandise-trade-flows/,0
2010-12-01,2010,12,Dec,Merchandise Imports (f.o.b) (Millions of US Dollars),1011.57,merchandise_trade_flows,https://www.bog.gov.gh/economic-data/merchandise-trade-flows/,0
2011-01-01,2011,1,Jan,Merchandise Imports (f.o.b) (Millions of US Dollars),1131.04,merchandise_trade_flows,https://www.bog.gov.gh/economic-data/merchandise-trade-flows/,0
2011-02-01,2011,2,Feb,Merchandise Imports (f.o.b) (Millions of US Dollars),959.48,merchandise_trade_flows,https://www.bog.gov.gh/economic-data/merchandise-trade-flows/,0
2011-03-01,2011,3,Mar,Merchandise Imports (f.o.b) (Millions of US Dollars),1252.69,merchandise_trade_flows,https://www.bog.gov.gh/economic-data/merchandise-trade-flows/,0
2011-04-01,2011,4,Apr,Merchandise Imports (f.o.b) (Millions of US Dollars),1220.63,merchandise_trade_flows,https://www.bog.gov.gh/economic-data/merchandise-trade-flows/,0
2011-05-01,2011,5,May,Merchandise Imports (f.o.b) (Millions of US Dollars),1312.73,merchandise_trade_flows,https://www.bog.gov.gh/economic-data/merchandise-trade-flows/,0
2011-06-01,2011,6,Jun,Merchandise Imports (f.o.b) (Millions of US Dollars),1471.79,merchandise_trade_flows,https://www.bog.gov.gh/economic-data/merchandise-trade-flows/,0
2011-07-01,2011,7,Jul,Merchandise Imports (f.o.b) (Millions of US Dollars),1316.86,merchandise_trade_flows,https://www.bog.gov.gh/economic-data/merchandise-trade-flows/,0
2011-08-01,2011,8,Aug,Merchandise Imports (f.o.b) (Millions of US Dollars),1272.55,merchandise_trade_flows,https://www.bog.gov.gh/economic-data/merchandise-trade-flows/,0
2011-09-01,2011,9,Sep,Merchandise Imports (f.o.b) (Millions of US Dollars),1510.43,merchandise_trade_flows,https://www.bog.gov.gh/economic-data/merchandise-trade-flows/,0
2011-10-01,2011,10,Oct,Merchandise Imports (f.o.b) (Millions of US Dollars),1408.59,merchandise_trade_flows,https://www.bog.gov.gh/economic-data/merchandise-trade-flows/,0
2011-11-01,2011,11,Nov,Merchandise Imports (f.o.b) (Millions of US Dollars),1607.09,merchandise_trade_flows,https://www.bog.gov.gh/economic-data/merchandise-trade-flows/,0
2011-12-01,2011,12,Dec,Merchandise Imports (f.o.b) (Millions of US Dollars),1373.86,merchandise_trade_flows,https://www.bog.gov.gh/economic-data/merchandise-trade-flows/,0
2012-01-01,2012,1,Jan,Merchandise Imports (f.o.b) (Millions of US Dollars),1268.08,merchandise_trade_flows,https://www.bog.gov.gh/economic-data/merchandise-trade-flows/,0
2012-02-01,2012,2,Feb,Merchandise Imports (f.o.b) (Millions of US Dollars),1350.98,merchandise_trade_flows,https://www.bog.gov.gh/economic-data/merchandise-trade-flows/,0
2012-03-01,2012,3,Mar,Merchandise Imports (f.o.b) (Millions of US Dollars),1499.01,merchandise_trade_flows,https://www.bog.gov.gh/economic-data/merchandise-trade-flows/,0
2012-04-01,2012,4,Apr,Merchandise Imports (f.o.b) (Millions of US Dollars),1545.96,merchandise_trade_flows,https://www.bog.gov.gh/economic-data/merchandise-trade-flows/,0
2012-05-01,2012,5,May,Merchandise Imports (f.o.b) (Millions of US Dollars),1699.54,merchandise_trade_flows,https://www.bog.gov.gh/economic-data/merchandise-trade-flows/,0
2012-06-01,2012,6,Jun,Merchandise Imports (f.o.b) (Millions of US Dollars),1501.67,merchandise_trade_flows,https://www.bog.gov.gh/economic-data/merchandise-trade-flows/,0
2012-07-01,2012,7,Jul,Merchandise Imports (f.o.b) (Millions of US Dollars),1523.8,merchandise_trade_flows,https://www.bog.gov.gh/economic-data/merchandise-trade-flows/,0
2012-08-01,2012,8,Aug,Merchandise Imports (f.o.b) (Millions of US Dollars),1531.57,merchandise_trade_flows,https://www.bog.gov.gh/economic-data/merchandise-trade-flows/,0
2012-09-01,2012,9,Sep,Merchandise Imports (f.o.b) (Millions of US Dollars),1285.3,merchandise_trade_flows,https://www.bog.gov.gh/economic-data/merchandise-trade-flows/,0
2012-10-01,2012,10,Oct,Merchandise Imports (f.o.b) (Millions of US Dollars),1564.78,merchandise_trade_flows,https://www.bog.gov.gh/economic-data/merchandise-trade-flows/,0
2012-11-01,2012,11,Nov,Merchandise Imports (f.o.b) (Millions of US Dollars),1461.87,merchandise_trade_flows,https://www.bog.gov.gh/economic-data/merchandise-trade-flows/,0
2012-12-01,2012,12,Dec,Merchandise Imports (f.o.b) (Millions of US Dollars),1519.9,merchandise_trade_flows,https://www.bog.gov.gh/economic-data/merchandise-trade-flows/,0
2013-01-01,2013,1,Jan,Merchandise Imports (f.o.b) (Millions of US Dollars),1438.01,merchandise_trade_flows,https://www.bog.gov.gh/economic-data/merchandise-trade-flows/,0
2013-02-01,2013,2,Feb,Merchandise Imports (f.o.b) (Millions of US Dollars),1363.59,merchandise_trade_flows,https://www.bog.gov.gh/economic-data/merchandise-trade-flows/,0
2013-03-01,2013,3,Mar,Merchandise Imports (f.o.b) (Millions of US Dollars),1437.03,merchandise_trade_flows,https://www.bog.gov.gh/economic-data/merchandise-trade-flows/,0
2013-04-01,2013,4,Apr,Merchandise Imports (f.o.b) (Millions of US Dollars),1592.18,merchandise_trade_flows,https://www.bog.gov.gh/economic-data/merchandise-trade-flows/,0
2013-05-01,2013,5,May,Merchandise Imports (f.o.b) (Millions of US Dollars),1504.98,merchandise_trade_flows,https://www.bog.gov.gh/economic-data/merchandise-trade-flows/,0
2013-06-01,2013,6,Jun,Merchandise Imports (f.o.b) (Millions of US Dollars),1417.89,merchandise_trade_flows,https://www.bog.gov.gh/economic-data/merchandise-trade-flows/,0
2013-07-01,2013,7,Jul,Merchandise Imports (f.o.b) (Millions of US Dollars),1402.93,merchandise_trade_flows,https://www.bog.gov.gh/economic-data/merchandise-trade-flows/,0
2013-08-01,2013,8,Aug,Merchandise Imports (f.o.b) (Millions of US Dollars),1507.03,merchandise_trade_flows,https://www.bog.gov.gh/economic-data/merchandise-trade-flows/,0
2013-09-01,2013,9,Sep,Merchandise Imports (f.o.b) (Millions of US Dollars),1407.99,merchandise_trade_flows,https://www.bog.gov.gh/economic-data/merchandise-trade-flows/,0
2013-10-01,2013,10,Oct,Merchandise Imports (f.o.b) (Millions of US Dollars),1706.98,merchandise_trade_flows,https://www.bog.gov.gh/economic-data/merchandise-trade-flows/,0
2013-11-01,2013,11,Nov,Merchandise Imports (f.o.b) (Millions of US Dollars),1453.75,merchandise_trade_flows,https://www.bog.gov.gh/economic-data/merchandise-trade-flows/,0
2013-12-01,2013,12,Dec,Merchandise Imports (f.o.b) (Millions of US Dollars),1368.01,merchandise_trade_flows,https://www.bog.gov.gh/economic-data/merchandise-trade-flows/,0
2014-01-01,2014,1,Jan,Merchandise Imports (f.o.b) (Millions of US Dollars),1346.51,merchandise_trade_flows,https://www.bog.gov.gh/economic-data/merchandise-trade-flows/,0
2014-02-01,2014,2,Feb,Merchandise Imports (f.o.b) (Millions of US Dollars),1312.91,merchandise_trade_flows,https://www.bog.gov.gh/economic-data/merchandise-trade-flows/,0
2014-03-01,2014,3,Mar,Merchandise Imports (f.o.b) (Millions of US Dollars),1139.23,merchandise_trade_flows,https://www.bog.gov.gh/economic-data/merchandise-trade-flows/,0
2014-04-01,2014,4,Apr,Merchandise Imports (f.o.b) (Millions of US Dollars),1233.98,merchandise_trade_flows,https://www.bog.gov.gh/economic-data/merchandise-trade-flows/,0
2014-05-01,2014,5,May,Merchandise Imports (f.o.b) (Millions of US Dollars),1142.42,merchandise_trade_flows,https://www.bog.gov.gh/economic-data/merchandise-trade-flows/,0
2014-06-01,2014,6,Jun,Merchandise Imports (f.o.b) (Millions of US Dollars),1164.95,merchandise_trade_flows,https://www.bog.gov.gh/economic-data/merchandise-trade-flows/,0
2014-07-01,2014,7,Jul,Merchandise Imports (f.o.b) (Millions of US Dollars),1094.01,merchandise_trade_flows,https://www.bog.gov.gh/economic-data/merchandise-trade-flows/,0
2014-08-01,2014,8,Aug,Merchandise Imports (f.o.b) (Millions of US Dollars),1160.47,merchandise_trade_flows,https://www.bog.gov.gh/economic-data/merchandise-trade-flows/,0
2014-09-01,2014,9,Sep,Merchandise Imports (f.o.b) (Millions of US Dollars),1179.18,merchandise_trade_flows,https://www.bog.gov.gh/economic-data/merchandise-trade-flows/,0
2014-10-01,2014,10,Oct,Merchandise Imports (f.o.b) (Millions of US Dollars),1397.99,merchandise_trade_flows,https://www.bog.gov.gh/economic-data/merchandise-trade-flows/,0
2014-11-01,2014,11,Nov,Merchandise Imports (f.o.b) (Millions of US Dollars),1188.66,merchandise_trade_flows,https://www.bog.gov.gh/economic-data/merchandise-trade-flows/,0
2014-12-01,2014,12,Dec,Merchandise Imports (f.o.b) (Millions of US Dollars),1239.89,merchandise_trade_flows,https://www.bog.gov.gh/economic-data/merchandise-trade-flows/,0
2015-01-01,2015,1,Jan,Merchandise Imports (f.o.b) (Millions of US Dollars),1170.43,merchandise_trade_flows,https://www.bog.gov.gh/economic-data/merchandise-trade-flows/,0
2015-02-01,2015,2,Feb,Merchandise Imports (f.o.b) (Millions of US Dollars),1011.75,merchandise_trade_flows,https://www.bog.gov.gh/economic-data/merchandise-trade-flows/,0
2015-03-01,2015,3,Mar,Merchandise Imports (f.o.b) (Millions of US Dollars),1084.92,merchandise_trade_flows,https://www.bog.gov.gh/economic-data/merchandise-trade-flows/,0
2015-04-01,2015,4,Apr,Merchandise Imports (f.o.b) (Millions of US Dollars),1168.25,merchandise_trade_flows,https://www.bog.gov.gh/economic-data/merchandise-trade-flows/,0
2015-05-01,2015,5,May,Merchandise Imports (f.o.b) (Millions of US Dollars),1062.84,merchandise_trade_flows,https://www.bog.gov.gh/economic-data/merchandise-trade-flows/,0
2015-06-01,2015,6,Jun,Merchandise Imports (f.o.b) (Millions of US Dollars),1040.69,merchandise_trade_flows,https://www.bog.gov.gh/economic-data/merchandise-trade-flows/,0
2015-07-01,2015,7,Jul,Merchandise Imports (f.o.b) (Millions of US Dollars),1158.79,merchandise_trade_flows,https://www.bog.gov.gh/economic-data/merchandise-trade-flows/,0
2015-08-01,2015,8,Aug,Merchandise Imports (f.o.b) (Millions of US Dollars),1182.62,merchandise_trade_flows,https://www.bog.gov.gh/economic-data/merchandise-trade-flows/,0
2015-09-01,2015,9,Sep,Merchandise Imports (f.o.b) (Millions of US Dollars),1085.87,merchandise_trade_flows,https://www.bog.gov.gh/economic-data/merchandise-trade-flows/,0
2015-10-01,2015,10,Oct,Merchandise Imports (f.o.b) (Millions of US Dollars),1396.88,merchandise_trade_flows,https://www.bog.gov.gh/economic-data/merchandise-trade-flows/,0
2015-11-01,2015,11,Nov,Merchandise Imports (f.o.b) (Millions of US Dollars),1044.79,merchandise_trade_flows,https://www.bog.gov.gh/economic-data/merchandise-trade-flows/,0
2015-12-01,2015,12,Dec,Merchandise Imports (f.o.b) (Millions of US Dollars),1057.33,merchandise_trade_flows,https://www.bog.gov.gh/economic-data/merchandise-trade-flows/,0
2016-01-01,2016,1,Jan,Merchandise Imports (f.o.b) (Millions of US Dollars),1124.93,merchandise_trade_flows,https://www.bog.gov.gh/economic-data/merchandise-trade-flows/,0
2016-02-01,2016,2,Feb,Merchandise Imports (f.o.b) (Millions of US Dollars),1031.2,merchandise_trade_flows,https://www.bog.gov.gh/economic-data/merchandise-trade-flows/,0
2016-03-01,2016,3,Mar,Merchandise Imports (f.o.b) (Millions of US Dollars),1136.44,merchandise_trade_flows,https://www.bog.gov.gh/economic-data/merchandise-trade-flows/,0
2016-04-01,2016,4,Apr,Merchandise Imports (f.o.b) (Millions of US Dollars),1008.6,merchandise_trade_flows,https://www.bog.gov.gh/economic-data/merchandise-trade-flows/,0
2016-05-01,2016,5,May,Merchandise Imports (f.o.b) (Millions of US Dollars),1178.4,merchandise_trade_flows,https://www.bog.gov.gh/economic-data/merchandise-trade-flows/,0
2016-06-01,2016,6,Jun,Merchandise Imports (f.o.b) (Millions of US Dollars),1059.77,merchandise_trade_flows,https://www.bog.gov.gh/economic-data/merchandise-trade-flows/,0
2016-07-01,2016,7,Jul,Merchandise Imports (f.o.b) (Millions of US Dollars),1152.93,merchandise_trade_flows,https://www.bog.gov.gh/economic-data/merchandise-trade-flows/,0
2016-08-01,2016,8,Aug,Merchandise Imports (f.o.b) (Millions of US Dollars),1160.91,merchandise_trade_flows,https://www.bog.gov.gh/economic-data/merchandise-trade-flows/,0
2016-09-01,2016,9,Sep,Merchandise Imports (f.o.b) (Millions of US Dollars),974.31,merchandise_trade_flows,https://www.bog.gov.gh/economic-data/merchandise-trade-flows/,0
2016-10-01,2016,10,Oct,Merchandise Imports (f.o.b) (Millions of US Dollars),1080.14,merchandise_trade_flows,https://www.bog.gov.gh/economic-data/merchandise-trade-flows/,0
2016-11-01,2016,11,Nov,Merchandise Imports (f.o.b) (Millions of US Dollars),1021.73,merchandise_trade_flows,https://www.bog.gov.gh/economic-data/merchandise-trade-flows/,0
2016-12-01,2016,12,Dec,Merchandise Imports (f.o.b) (Millions of US Dollars),990.74,merchandise_trade_flows,https://www.bog.gov.gh/economic-data/merchandise-trade-flows/,0
2017-01-01,2017,1,Jan,Merchandise Imports (f.o.b) (Millions of US Dollars),1059.7,merchandise_trade_flows,https://www.bog.gov.gh/economic-data/merchandise-trade-flows/,0
2017-02-01,2017,2,Feb,Merchandise Imports (f.o.b) (Millions of US Dollars),975.76,merchandise_trade_flows,https://www.bog.gov.gh/economic-data/merchandise-trade-flows/,0
2017-03-01,2017,3,Mar,Merchandise Imports (f.o.b) (Millions of US Dollars),1006.29,merchandise_trade_flows,https://www.bog.gov.gh/economic-data/merchandise-trade-flows/,0
2017-04-01,2017,4,Apr,Merchandise Imports (f.o.b) (Millions of US Dollars),900.82,merchandise_trade_flows,https://www.bog.gov.gh/economic-data/merchandise-trade-flows/,0
2017-05-01,2017,5,May,Merchandise Imports (f.o.b) (Millions of US Dollars),1039.81,merchandise_trade_flows,https://www.bog.gov.gh/economic-data/merchandise-trade-flows/,0
2017-06-01,2017,6,Jun,Merchandise Imports (f.o.b) (Millions of US Dollars),1087.11,merchandise_trade_flows,https://www.bog.gov.gh/economic-data/merchandise-trade-flows/,0
2017-07-01,2017,7,Jul,Merchandise Imports (f.o.b) (Millions of US Dollars),981.12,merchandise_trade_flows,https://www.bog.gov.gh/economic-data/merchandise-trade-flows/,0
2017-08-01,2017,8,Aug,Merchandise Imports (f.o.b) (Millions of US Dollars),1207.86,merchandise_trade_flows,https://www.bog.gov.gh/economic-data/merchandise-trade-flows/,0
2017-09-01,2017,9,Sep,Merchandise Imports (f.o.b) (Millions of US Dollars),1051.2,merchandise_trade_flows,https://www.bog.gov.gh/economic-data/merchandise-trade-flows/,0
2017-10-01,2017,10,Oct,Merchandise Imports (f.o.b) (Millions of US Dollars),1098.09,merchandise_trade_flows,https://www.bog.gov.gh/economic-data/merchandise-trade-flows/,0
2017-11-01,2017,11,Nov,Merchandise Imports (f.o.b) (Millions of US Dollars),1109.59,merchandise_trade_flows,https://www.bog.gov.gh/economic-data/merchandise-trade-flows/,0
2017-12-01,2017,12,Dec,Merchandise Imports (f.o.b) (Millions of US Dollars),1130.01,merchandise_trade_flows,https://www.bog.gov.gh/economic-data/merchandise-trade-flows/,0
2018-01-01,2018,1,Jan,Merchandise Imports (f.o.b) (Millions of US Dollars),1180.48,merchandise_trade_flows,https://www.bog.gov.gh/economic-data/merchandise-trade-flows/,0
2018-02-01,2018,2,Feb,Merchandise Imports (f.o.b) (Millions of US Dollars),1031.85,merchandise_trade_flows,https://www.bog.gov.gh/economic-data/merchandise-trade-flows/,0
2018-03-01,2018,3,Mar,Merchandise Imports (f.o.b) (Millions of US Dollars),1122.14,merchandise_trade_flows,https://www.bog.gov.gh/economic-data/merchandise-trade-flows/,0
2018-04-01,2018,4,Apr,Merchandise Imports (f.o.b) (Millions of US Dollars),1080.89,merchandise_trade_flows,https://www.bog.gov.gh/economic-data/merchandise-trade-flows/,0
2018-05-01,2018,5,May,Merchandise Imports (f.o.b) (Millions of US Dollars),1164.9,merchandise_trade_flows,https://www.bog.gov.gh/economic-data/merchandise-trade-flows/,0
2018-06-01,2018,6,Jun,Merchandise Imports (f.o.b) (Millions of US Dollars),1019.82,merchandise_trade_flows,https://www.bog.gov.gh/economic-data/merchandise-trade-flows/,0
2018-07-01,2018,7,Jul,Merchandise Imports (f.o.b) (Millions of US Dollars),1084.64,merchandise_trade_flows,https://www.bog.gov.gh/economic-data/merchandise-trade-flows/,0
2018-08-01,2018,8,Aug,Merchandise Imports (f.o.b) (Millions of US Dollars),1066.22,merchandise_trade_flows,https://www.bog.gov.gh/economic-data/merchandise-trade-flows/,0
2018-09-01,2018,9,Sep,Merchandise Imports (f.o.b) (Millions of US Dollars),1015.93,merchandise_trade_flows,https://www.bog.gov.gh/economic-data/merchandise-trade-flows/,0
2018-10-01,2018,10,Oct,Merchandise Imports (f.o.b) (Millions of US Dollars),1161.64,merchandise_trade_flows,https://www.bog.gov.gh/economic-data/merchandise-trade-flows/,0
2018-11-01,2018,11,Nov,Merchandise Imports (f.o.b) (Millions of US Dollars),1106.11,merchandise_trade_flows,https://www.bog.gov.gh/economic-data/merchandise-trade-flows/,0
2018-12-01,2018,12,Dec,Merchandise Imports (f.o.b) (Millions of US Dollars),1099.44,merchandise_trade_flows,https://www.bog.gov.gh/economic-data/merchandise-trade-flows/,0
2019-01-01,2019,1,Jan,Merchandise Imports (f.o.b) (Millions of US Dollars),1256.84,merchandise_trade_flows,https://www.bog.gov.gh/economic-data/merchandise-trade-flows/,0
2019-02-01,2019,2,Feb,Merchandise Imports (f.o.b) (Millions of US Dollars),1030.44,merchandise_trade_flows,https://www.bog.gov.gh/economic-data/merchandise-trade-flows/,0
2019-03-01,2019,3,Mar,Merchandise Imports (f.o.b) (Millions of US Dollars),1087.83,merchandise_trade_flows,https://www.bog.gov.gh/economic-data/merchandise-trade-flows/,0
2019-04-01,2019,4,Apr,Merchandise Imports (f.o.b) (Millions of US Dollars),934.21,merchandise_trade_flows,https://www.bog.gov.gh/economic-data/merchandise-trade-flows/,0
2019-05-01,2019,5,May,Merchandise Imports (f.o.b) (Millions of US Dollars),1266.92,merchandise_trade_flows,https://www.bog.gov.gh/economic-data/merchandise-trade-flows/,0
2019-06-01,2019,6,Jun,Merchandise Imports (f.o.b) (Millions of US Dollars),1116.36,merchandise_trade_flows,https://www.bog.gov.gh/economic-data/merchandise-trade-flows/,0
2019-07-01,2019,7,Jul,Merchandise Imports (f.o.b) (Millions of US Dollars),1322.96,merchandise_trade_flows,https://www.bog.gov.gh/economic-data/merchandise-trade-flows/,0
2019-08-01,2019,8,Aug,Merchandise Imports (f.o.b) (Millions of US Dollars),1134.02,merchandise_trade_flows,https://www.bog.gov.gh/economic-data/merchandise-trade-flows/,0
2019-09-01,2019,9,Sep,Merchandise Imports (f.o.b) (Millions of US Dollars),1033.51,merchandise_trade_flows,https://www.bog.gov.gh/economic-data/merchandise-trade-flows/,0
2019-10-01,2019,10,Oct,Merchandise Imports (f.o.b) (Millions of US Dollars),1306.66,merchandise_trade_flows,https://www.bog.gov.gh/economic-data/merchandise-trade-flows/,0
2019-11-01,2019,11,Nov,Merchandise Imports (f.o.b) (Millions of US Dollars),939.44,merchandise_trade_flows,https://www.bog.gov.gh/economic-data/merchandise-trade-flows/,0
2019-12-01,2019,12,Dec,Merchandise Imports (f.o.b) (Millions of US Dollars),981.5,merchandise_trade_flows,https://www.bog.gov.gh/economic-data/merchandise-trade-flows/,0
2020-01-01,2020,1,Jan,Merchandise Imports (f.o.b) (Millions of US Dollars),1128.18,merchandise_trade_flows,https://www.bog.gov.gh/economic-data/merchandise-trade-flows/,0
2020-02-01,2020,2,Feb,Merchandise Imports (f.o.b) (Millions of US Dollars),882.37,merchandise_trade_flows,https://www.bog.gov.gh/economic-data/merchandise-trade-flows/,0
2020-03-01,2020,3,Mar,Merchandise Imports (f.o.b) (Millions of US Dollars),1030.43,merchandise_trade_flows,https://www.bog.gov.gh/economic-data/merchandise-trade-flows/,0
2020-04-01,2020,4,Apr,Merchandise Imports (f.o.b) (Millions of US Dollars),1091.77,merchandise_trade_flows,https://www.bog.gov.gh/economic-data/merchandise-trade-flows/,0
2020-05-01,2020,5,May,Merchandise Imports (f.o.b) (Millions of US Dollars),1010.77,merchandise_trade_flows,https://www.bog.gov.gh/economic-data/merchandise-trade-flows/,0
2020-06-01,2020,6,Jun,Merchandise Imports (f.o.b) (Millions of US Dollars),1247.02,merchandise_trade_flows,https://www.bog.gov.gh/economic-data/merchandise-trade-flows/,0
2020-07-01,2020,7,Jul,Merchandise Imports (f.o.b) (Millions of US Dollars),932.91,merchandise_trade_flows,https://www.bog.gov.gh/economic-data/merchandise-trade-flows/,0
2020-08-01,2020,8,Aug,Merchandise Imports (f.o.b) (Millions of US Dollars),948.21,merchandise_trade_flows,https://www.bog.gov.gh/economic-data/merchandise-trade-flows/,0
2020-09-01,2020,9,Sep,Merchandise Imports (f.o.b) (Millions of US Dollars),970.65,merchandise_trade_flows,https://www.bog.gov.gh/economic-data/merchandise-trade-flows/,0
2020-10-01,2020,10,Oct,Merchandise Imports (f.o.b) (Millions of US Dollars),1089.04,merchandise_trade_flows,https://www.bog.gov.gh/economic-data/merchandise-trade-flows/,0
2020-11-01,2020,11,Nov,Merchandise Imports (f.o.b) (Millions of US Dollars),1191.33,merchandise_trade_flows,https://www.bog.gov.gh/economic-data/merchandise-trade-flows/,0
2020-12-01,2020,12,Dec,Merchandise Imports (f.o.b) (Millions of US Dollars),905.88,merchandise_trade_flows,https://www.bog.gov.gh/economic-data/merchandise-trade-flows/,0
2021-01-01,2021,1,Jan,Merchandise Imports (f.o.b) (Millions of US Dollars),1135.44,merchandise_trade_flows,https://www.bog.gov.gh/economic-data/merchandise-trade-flows/,0
2021-02-01,2021,2,Feb,Merchandise Imports (f.o.b) (Millions of US Dollars),1026.42,merchandise_trade_flows,https://www.bog.gov.gh/economic-data/merchandise-trade-flows/,0
2021-03-01,2021,3,Mar,Merchandise Imports (f.o.b) (Millions of US Dollars),1167.38,merchandise_trade_flows,https://www.bog.gov.gh/economic-data/merchandise-trade-flows/,0
2021-04-01,2021,4,Apr,Merchandise Imports (f.o.b) (Millions of US Dollars),1102.65,merchandise_trade_flows,https://www.bog.gov.gh/economic-data/merchandise-trade-flows/,0
2021-05-01,2021,5,May,Merchandise Imports (f.o.b) (Millions of US Dollars),1220.44,merchandise_trade_flows,https://www.bog.gov.gh/economic-data/merchandise-trade-flows/,0
2021-06-01,2021,6,Jun,Merchandise Imports (f.o.b) (Millions of US Dollars),1110.06,merchandise_trade_flows,https://www.bog.gov.gh/economic-data/merchandise-trade-flows/,0
2021-07-01,2021,7,Jul,Merchandise Imports (f.o.b) (Millions of US Dollars),1179.47,merchandise_trade_flows,https://www.bog.gov.gh/economic-data/merchandise-trade-flows/,0
2021-08-01,2021,8,Aug,Merchandise Imports (f.o.b) (Millions of US Dollars),1060.84,merchandise_trade_flows,https://www.bog.gov.gh/economic-data/merchandise-trade-flows/,0
2021-09-01,2021,9,Sep,Merchandise Imports (f.o.b) (Millions of US Dollars),1056.27,merchandise_trade_flows,https://www.bog.gov.gh/economic-data/merchandise-trade-flows/,0
2021-10-01,2021,10,Oct,Merchandise Imports (f.o.b) (Millions of US Dollars),1085.4,merchandise_trade_flows,https://www.bog.gov.gh/economic-data/merchandise-trade-flows/,0
2021-11-01,2021,11,Nov,Merchandise Imports (f.o.b) (Millions of US Dollars),1291.4,merchandise_trade_flows,https://www.bog.gov.gh/economic-data/merchandise-trade-flows/,0
2021-12-01,2021,12,Dec,Merchandise Imports (f.o.b) (Millions of US Dollars),1192.75,merchandise_trade_flows,https://www.bog.gov.gh/economic-data/merchandise-trade-flows/,0
2022-01-01,2022,1,Jan,Merchandise Imports (f.o.b) (Millions of US Dollars),1135.17,merchandise_trade_flows,https://www.bog.gov.gh/economic-data/merchandise-trade-flows/,0
2022-02-01,2022,2,Feb,Merchandise Imports (f.o.b) (Millions of US Dollars),1147.81,merchandise_trade_flows,https://www.bog.gov.gh/economic-data/merchandise-trade-flows/,0
2022-03-01,2022,3,Mar,Merchandise Imports (f.o.b) (Millions of US Dollars),1261.94,merchandise_trade_flows,https://www.bog.gov.gh/economic-data/merchandise-trade-flows/,0
2022-04-01,2022,4,Apr,Merchandise Imports (f.o.b) (Millions of US Dollars),1159.53,merchandise_trade_flows,https://www.bog.gov.gh/economic-data/merchandise-trade-flows/,0
2022-05-01,2022,5,May,Merchandise Imports (f.o.b) (Millions of US Dollars),1328.37,merchandise_trade_flows,https://www.bog.gov.gh/economic-data/merchandise-trade-flows/,0
2022-06-01,2022,6,Jun,Merchandise Imports (f.o.b) (Millions of US Dollars),1369.91,merchandise_trade_flows,https://www.bog.gov.gh/economic-data/merchandise-trade-flows/,0
2022-07-01,2022,7,Jul,Merchandise Imports (f.o.b) (Millions of US Dollars),1530.28,merchandise_trade_flows,https://www.bog.gov.gh/economic-data/merchandise-trade-flows/,0
2022-08-01,2022,8,Aug,Merchandise Imports (f.o.b) (Millions of US Dollars),1331.24,merchandise_trade_flows,https://www.bog.gov.gh/economic-data/merchandise-trade-flows/,0
2022-09-01,2022,9,Sep,Merchandise Imports (f.o.b) (Millions of US Dollars),1218.56,merchandise_trade_flows,https://www.bog.gov.gh/economic-data/merchandise-trade-flows/,0
2022-10-01,2022,10,Oct,Merchandise Imports (f.o.b) (Millions of US Dollars),1026.36,merchandise_trade_flows,https://www.bog.gov.gh/economic-data/merchandise-trade-flows/,0
2022-11-01,2022,11,Nov,Merchandise Imports (f.o.b) (Millions of US Dollars),1036.75,merchandise_trade_flows,https://www.bog.gov.gh/economic-data/merchandise-trade-flows/,0
2022-12-01,2022,12,Dec,Merchandise Imports (f.o.b) (Millions of US Dollars),1107.05,merchandise_trade_flows,https://www.bog.gov.gh/economic-data/merchandise-trade-flows/,0
2023-01-01,2023,1,Jan,Merchandise Imports (f.o.b) (Millions of US Dollars),1006.53,merchandise_trade_flows,https://www.bog.gov.gh/economic-data/merchandise-trade-flows/,0
2023-02-01,2023,2,Feb,Merchandise Imports (f.o.b) (Millions of US Dollars),943.33,merchandise_trade_flows,https://www.bog.gov.gh/economic-data/merchandise-trade-flows/,0
2023-03-01,2023,3,Mar,Merchandise Imports (f.o.b) (Millions of US Dollars),1041.09,merchandise_trade_flows,https://www.bog.gov.gh/economic-data/merchandise-trade-flows/,0
2023-04-01,2023,4,Apr,Merchandise Imports (f.o.b) (Millions of US Dollars),1057.57,merchandise_trade_flows,https://www.bog.gov.gh/economic-data/merchandise-trade-flows/,0
2023-05-01,2023,5,May,Merchandise Imports (f.o.b) (Millions of US Dollars),0.0,merchandise_trade_flows,https://www.bog.gov.gh/economic-data/merchandise-trade-flows/,0
2023-06-01,2023,6,Jun,Merchandise Imports (f.o.b) (Millions of US Dollars),0.0,merchandise_trade_flows,https://www.bog.gov.gh/economic-data/merchandise-trade-flows/,0
2023-07-01,2023,7,Jul,Merchandise Imports (f.o.b) (Millions of US Dollars),0.0,merchandise_trade_flows,https://www.bog.gov.gh/economic-data/merchandise-trade-flows/,0
2023-08-01,2023,8,Aug,Merchandise Imports (f.o.b) (Millions of US Dollars),0.0,merchandise_trade_flows,https://www.bog.gov.gh/economic-data/merchandise-trade-flows/,0
2023-09-01,2023,9,Sep,Merchandise Imports (f.o.b) (Millions of US Dollars),0.0,merchandise_trade_flows,https://www.bog.gov.gh/economic-data/merchandise-trade-flows/,0
2023-10-01,2023,10,Oct,Merchandise Imports (f.o.b) (Millions of US Dollars),0.0,merchandise_trade_flows,https://www.bog.gov.gh/economic-data/merchandise-trade-flows/,0
2023-11-01,2023,11,Nov,Merchandise Imports (f.o.b) (Millions of US Dollars),0.0,merchandise_trade_flows,https://www.bog.gov.gh/economic-data/merchandise-trade-flows/,0
2023-12-01,2023,12,Dec,Merchandise Imports (f.o.b) (Millions of US Dollars),0.0,merchandise_trade_flows,https://www.bog.gov.gh/economic-data/merchandise-trade-flows/,0
2005-01-01,2005,1,Jan,Merchandise Imports_Non-Oil (Millions of US Dollars),303.92,merchandise_trade_flows,https://www.bog.gov.gh/economic-data/merchandise-trade-flows/,0
2005-02-01,2005,2,Feb,Merchandise Imports_Non-Oil (Millions of US Dollars),315.97,merchandise_trade_flows,https://www.bog.gov.gh/economic-data/merchandise-trade-flows/,0
2005-03-01,2005,3,Mar,Merchandise Imports_Non-Oil (Millions of US Dollars),328.94,merchandise_trade_flows,https://www.bog.gov.gh/economic-data/merchandise-trade-flows/,0
2005-04-01,2005,4,Apr,Merchandise Imports_Non-Oil (Millions of US Dollars),363.49,merchandise_trade_flows,https://www.bog.gov.gh/economic-data/merchandise-trade-flows/,0
2005-05-01,2005,5,May,Merchandise Imports_Non-Oil (Millions of US Dollars),323.63,merchandise_trade_flows,https://www.bog.gov.gh/economic-data/merchandise-trade-flows/,0
2005-06-01,2005,6,Jun,Merchandise Imports_Non-Oil (Millions of US Dollars),328.16,merchandise_trade_flows,https://www.bog.gov.gh/economic-data/merchandise-trade-flows/,0
2005-07-01,2005,7,Jul,Merchandise Imports_Non-Oil (Millions of US Dollars),351.86,merchandise_trade_flows,https://www.bog.gov.gh/economic-data/merchandise-trade-flows/,0
2005-08-01,2005,8,Aug,Merchandise Imports_Non-Oil (Millions of US Dollars),433.4,merchandise_trade_flows,https://www.bog.gov.gh/economic-data/merchandise-trade-flows/,0
2005-09-01,2005,9,Sep,Merchandise Imports_Non-Oil (Millions of US Dollars),418.9,merchandise_trade_flows,https://www.bog.gov.gh/economic-data/merchandise-trade-flows/,0
2005-10-01,2005,10,Oct,Merchandise Imports_Non-Oil (Millions of US Dollars),324.8,merchandise_trade_flows,https://www.bog.gov.gh/economic-data/merchandise-trade-flows/,0
2005-11-01,2005,11,Nov,Merchandise Imports_Non-Oil (Millions of US Dollars),342.38,merchandise_trade_flows,https://www.bog.gov.gh/economic-data/merchandise-trade-flows/,0
2005-12-01,2005,12,Dec,Merchandise Imports_Non-Oil (Millions of US Dollars),378.11,merchandise_trade_flows,https://www.bog.gov.gh/economic-data/merchandise-trade-flows/,0
2006-01-01,2006,1,Jan,Merchandise Imports_Non-Oil (Millions of US Dollars),389.61,merchandise_trade_flows,https://www.bog.gov.gh/economic-data/merchandise-trade-flows/,0
2006-02-01,2006,2,Feb,Merchandise Imports_Non-Oil (Millions of US Dollars),395.08,merchandise_trade_flows,https://www.bog.gov.gh/economic-data/merchandise-trade-flows/,0
2006-03-01,2006,3,Mar,Merchandise Imports_Non-Oil (Millions of US Dollars),408.93,merchandise_trade_flows,https://www.bog.gov.gh/economic-data/merchandise-trade-flows/,0
2006-04-01,2006,4,Apr,Merchandise Imports_Non-Oil (Millions of US Dollars),334.65,merchandise_trade_flows,https://www.bog.gov.gh/economic-data/merchandise-trade-flows/,0
2006-05-01,2006,5,May,Merchandise Imports_Non-Oil (Millions of US Dollars),385.53,merchandise_trade_flows,https://www.bog.gov.gh/economic-data/merchandise-trade-flows/,0
2006-06-01,2006,6,Jun,Merchandise Imports_Non-Oil (Millions of US Dollars),422.86,merchandise_trade_flows,https://www.bog.gov.gh/economic-data/merchandise-trade-flows/,0
2006-07-01,2006,7,Jul,Merchandise Imports_Non-Oil (Millions of US Dollars),398.8,merchandise_trade_flows,https://www.bog.gov.gh/economic-data/merchandise-trade-flows/,0
2006-08-01,2006,8,Aug,Merchandise Imports_Non-Oil (Millions of US Dollars),496.29,merchandise_trade_flows,https://www.bog.gov.gh/economic-data/merchandise-trade-flows/,0
2006-09-01,2006,9,Sep,Merchandise Imports_Non-Oil (Millions of US Dollars),436.27,merchandise_trade_flows,https://www.bog.gov.gh/economic-data/merchandise-trade-flows/,0
2006-10-01,2006,10,Oct,Merchandise Imports_Non-Oil (Millions of US Dollars),435.75,merchandise_trade_flows,https://www.bog.gov.gh/economic-data/merchandise-trade-flows/,0
2006-11-01,2006,11,Nov,Merchandise Imports_Non-Oil (Millions of US Dollars),507.07,merchandise_trade_flows,https://www.bog.gov.gh/economic-data/merchandise-trade-flows/,0
2006-12-01,2006,12,Dec,Merchandise Imports_Non-Oil (Millions of US Dollars),496.69,merchandise_trade_flows,https://www.bog.gov.gh/economic-data/merchandise-trade-flows/,0
2007-01-01,2007,1,Jan,Merchandise Imports_Non-Oil (Millions of US Dollars),481.97,merchandise_trade_flows,https://www.bog.gov.gh/economic-data/merchandise-trade-flows/,0
2007-02-01,2007,2,Feb,Merchandise Imports_Non-Oil (Millions of US Dollars),399.75,merchandise_trade_flows,https://www.bog.gov.gh/economic-data/merchandise-trade-flows/,0
2007-03-01,2007,3,Mar,Merchandise Imports_Non-Oil (Millions of US Dollars),428.73,merchandise_trade_flows,https://www.bog.gov.gh/economic-data/merchandise-trade-flows/,0
2007-04-01,2007,4,Apr,Merchandise Imports_Non-Oil (Millions of US Dollars),433.54,merchandise_trade_flows,https://www.bog.gov.gh/economic-data/merchandise-trade-flows/,0
2007-05-01,2007,5,May,Merchandise Imports_Non-Oil (Millions of US Dollars),533.4,merchandise_trade_flows,https://www.bog.gov.gh/economic-data/merchandise-trade-flows/,0
2007-06-01,2007,6,Jun,Merchandise Imports_Non-Oil (Millions of US Dollars),346.75,merchandise_trade_flows,https://www.bog.gov.gh/economic-data/merchandise-trade-flows/,0
2007-07-01,2007,7,Jul,Merchandise Imports_Non-Oil (Millions of US Dollars),511.46,merchandise_trade_flows,https://www.bog.gov.gh/economic-data/merchandise-trade-flows/,0
2007-08-01,2007,8,Aug,Merchandise Imports_Non-Oil (Millions of US Dollars),592.08,merchandise_trade_flows,https://www.bog.gov.gh/economic-data/merchandise-trade-flows/,0
2007-09-01,2007,9,Sep,Merchandise Imports_Non-Oil (Millions of US Dollars),468.33,merchandise_trade_flows,https://www.bog.gov.gh/economic-data/merchandise-trade-flows/,0
2007-10-01,2007,10,Oct,Merchandise Imports_Non-Oil (Millions of US Dollars),609.21,merchandise_trade_flows,https://www.bog.gov.gh/economic-data/merchandise-trade-flows/,0
2007-11-01,2007,11,Nov,Merchandise Imports_Non-Oil (Millions of US Dollars),678.96,merchandise_trade_flows,https://www.bog.gov.gh/economic-data/merchandise-trade-flows/,0
2007-12-01,2007,12,Dec,Merchandise Imports_Non-Oil (Millions of US Dollars),484.13,merchandise_trade_flows,https://www.bog.gov.gh/economic-data/merchandise-trade-flows/,0
2008-01-01,2008,1,Jan,Merchandise Imports_Non-Oil (Millions of US Dollars),633.58,merchandise_trade_flows,https://www.bog.gov.gh/economic-data/merchandise-trade-flows/,0
2008-02-01,2008,2,Feb,Merchandise Imports_Non-Oil (Millions of US Dollars),694.6,merchandise_trade_flows,https://www.bog.gov.gh/economic-data/merchandise-trade-flows/,0
2008-03-01,2008,3,Mar,Merchandise Imports_Non-Oil (Millions of US Dollars),497.21,merchandise_trade_flows,https://www.bog.gov.gh/economic-data/merchandise-trade-flows/,0
2008-04-01,2008,4,Apr,Merchandise Imports_Non-Oil (Millions of US Dollars),601.91,merchandise_trade_flows,https://www.bog.gov.gh/economic-data/merchandise-trade-flows/,0
2008-05-01,2008,5,May,Merchandise Imports_Non-Oil (Millions of US Dollars),603.17,merchandise_trade_flows,https://www.bog.gov.gh/economic-data/merchandise-trade-flows/,0
2008-06-01,2008,6,Jun,Merchandise Imports_Non-Oil (Millions of US Dollars),651.54,merchandise_trade_flows,https://www.bog.gov.gh/economic-data/merchandise-trade-flows/,0
2008-07-01,2008,7,Jul,Merchandise Imports_Non-Oil (Millions of US Dollars),786.81,merchandise_trade_flows,https://www.bog.gov.gh/economic-data/merchandise-trade-flows/,0
2008-08-01,2008,8,Aug,Merchandise Imports_Non-Oil (Millions of US Dollars),681.45,merchandise_trade_flows,https://www.bog.gov.gh/economic-data/merchandise-trade-flows/,0
2008-09-01,2008,9,Sep,Merchandise Imports_Non-Oil (Millions of US Dollars),656.94,merchandise_trade_flows,https://www.bog.gov.gh/economic-data/merchandise-trade-flows/,0
2008-10-01,2008,10,Oct,Merchandise Imports_Non-Oil (Millions of US Dollars),692.91,merchandise_trade_flows,https://www.bog.gov.gh/economic-data/merchandise-trade-flows/,0
2008-11-01,2008,11,Nov,Merchandise Imports_Non-Oil (Millions of US Dollars),752.75,merchandise_trade_flows,https://www.bog.gov.gh/economic-data/merchandise-trade-flows/,0
2008-12-01,2008,12,Dec,Merchandise Imports_Non-Oil (Millions of US Dollars),646.43,merchandise_trade_flows,https://www.bog.gov.gh/economic-data/merchandise-trade-flows/,0
2009-01-01,2009,1,Jan,Merchandise Imports_Non-Oil (Millions of US Dollars),681.16,merchandise_trade_flows,https://www.bog.gov.gh/economic-data/merchandise-trade-flows/,0
2009-02-01,2009,2,Feb,Merchandise Imports_Non-Oil (Millions of US Dollars),563.57,merchandise_trade_flows,https://www.bog.gov.gh/economic-data/merchandise-trade-flows/,0
2009-03-01,2009,3,Mar,Merchandise Imports_Non-Oil (Millions of US Dollars),590.15,merchandise_trade_flows,https://www.bog.gov.gh/economic-data/merchandise-trade-flows/,0
2009-04-01,2009,4,Apr,Merchandise Imports_Non-Oil (Millions of US Dollars),521.29,merchandise_trade_flows,https://www.bog.gov.gh/economic-data/merchandise-trade-flows/,0
2009-05-01,2009,5,May,Merchandise Imports_Non-Oil (Millions of US Dollars),554.59,merchandise_trade_flows,https://www.bog.gov.gh/economic-data/merchandise-trade-flows/,0
2009-06-01,2009,6,Jun,Merchandise Imports_Non-Oil (Millions of US Dollars),523.92,merchandise_trade_flows,https://www.bog.gov.gh/economic-data/merchandise-trade-flows/,0
2009-07-01,2009,7,Jul,Merchandise Imports_Non-Oil (Millions of US Dollars),514.18,merchandise_trade_flows,https://www.bog.gov.gh/economic-data/merchandise-trade-flows/,0
2009-08-01,2009,8,Aug,Merchandise Imports_Non-Oil (Millions of US Dollars),503.34,merchandise_trade_flows,https://www.bog.gov.gh/economic-data/merchandise-trade-flows/,0
2009-09-01,2009,9,Sep,Merchandise Imports_Non-Oil (Millions of US Dollars),487.46,merchandise_trade_flows,https://www.bog.gov.gh/economic-data/merchandise-trade-flows/,0
2009-10-01,2009,10,Oct,Merchandise Imports_Non-Oil (Millions of US Dollars),509.17,merchandise_trade_flows,https://www.bog.gov.gh/economic-data/merchandise-trade-flows/,0
2009-11-01,2009,11,Nov,Merchandise Imports_Non-Oil (Millions of US Dollars),516.03,merchandise_trade_flows,https://www.bog.gov.gh/economic-data/merchandise-trade-flows/,0
2009-12-01,2009,12,Dec,Merchandise Imports_Non-Oil (Millions of US Dollars),592.43,merchandise_trade_flows,https://www.bog.gov.gh/economic-data/merchandise-trade-flows/,0
2010-01-01,2010,1,Jan,Merchandise Imports_Non-Oil (Millions of US Dollars),618.04,merchandise_trade_flows,https://www.bog.gov.gh/economic-data/merchandise-trade-flows/,0
2010-02-01,2010,2,Feb,Merchandise Imports_Non-Oil (Millions of US Dollars),585.59,merchandise_trade_flows,https://www.bog.gov.gh/economic-data/merchandise-trade-flows/,0
2010-03-01,2010,3,Mar,Merchandise Imports_Non-Oil (Millions of US Dollars),752.21,merchandise_trade_flows,https://www.bog.gov.gh/economic-data/merchandise-trade-flows/,0
2010-04-01,2010,4,Apr,Merchandise Imports_Non-Oil (Millions of US Dollars),660.34,merchandise_trade_flows,https://www.bog.gov.gh/economic-data/merchandise-trade-flows/,0
2010-05-01,2010,5,May,Merchandise Imports_Non-Oil (Millions of US Dollars),685.77,merchandise_trade_flows,https://www.bog.gov.gh/economic-data/merchandise-trade-flows/,0
2010-06-01,2010,6,Jun,Merchandise Imports_Non-Oil (Millions of US Dollars),768.75,merchandise_trade_flows,https://www.bog.gov.gh/economic-data/merchandise-trade-flows/,0
2010-07-01,2010,7,Jul,Merchandise Imports_Non-Oil (Millions of US Dollars),643.89,merchandise_trade_flows,https://www.bog.gov.gh/economic-data/merchandise-trade-flows/,0
2010-08-01,2010,8,Aug,Merchandise Imports_Non-Oil (Millions of US Dollars),806.27,merchandise_trade_flows,https://www.bog.gov.gh/economic-data/merchandise-trade-flows/,0
2010-09-01,2010,9,Sep,Merchandise Imports_Non-Oil (Millions of US Dollars),758.57,merchandise_trade_flows,https://www.bog.gov.gh/economic-data/merchandise-trade-flows/,0
2010-10-01,2010,10,Oct,Merchandise Imports_Non-Oil (Millions of US Dollars),761.97,merchandise_trade_flows,https://www.bog.gov.gh/economic-data/merchandise-trade-flows/,0
2010-11-01,2010,11,Nov,Merchandise Imports_Non-Oil (Millions of US Dollars),772.58,merchandise_trade_flows,https://www.bog.gov.gh/economic-data/merchandise-trade-flows/,0
2010-12-01,2010,12,Dec,Merchandise Imports_Non-Oil (Millions of US Dollars),872.21,merchandise_trade_flows,https://www.bog.gov.gh/economic-data/merchandise-trade-flows/,0
2011-01-01,2011,1,Jan,Merchandise Imports_Non-Oil (Millions of US Dollars),895.47,merchandise_trade_flows,https://www.bog.gov.gh/economic-data/merchandise-trade-flows/,0
2011-02-01,2011,2,Feb,Merchandise Imports_Non-Oil (Millions of US Dollars),761.87,merchandise_trade_flows,https://www.bog.gov.gh/economic-data/merchandise-trade-flows/,0
2011-03-01,2011,3,Mar,Merchandise Imports_Non-Oil (Millions of US Dollars),993.62,merchandise_trade_flows,https://www.bog.gov.gh/economic-data/merchandise-trade-flows/,0
2011-04-01,2011,4,Apr,Merchandise Imports_Non-Oil (Millions of US Dollars),958.09,merchandise_trade_flows,https://www.bog.gov.gh/economic-data/merchandise-trade-flows/,0
2011-05-01,2011,5,May,Merchandise Imports_Non-Oil (Millions of US Dollars),1080.6,merchandise_trade_flows,https://www.bog.gov.gh/economic-data/merchandise-trade-flows/,0
2011-06-01,2011,6,Jun,Merchandise Imports_Non-Oil (Millions of US Dollars),1105.05,merchandise_trade_flows,https://www.bog.gov.gh/economic-data/merchandise-trade-flows/,0
2011-07-01,2011,7,Jul,Merchandise Imports_Non-Oil (Millions of US Dollars),1106.73,merchandise_trade_flows,https://www.bog.gov.gh/economic-data/merchandise-trade-flows/,0
2011-08-01,2011,8,Aug,Merchandise Imports_Non-Oil (Millions of US Dollars),1180.38,merchandise_trade_flows,https://www.bog.gov.gh/economic-data/merchandise-trade-flows/,0
2011-09-01,2011,9,Sep,Merchandise Imports_Non-Oil (Millions of US Dollars),1210.55,merchandise_trade_flows,https://www.bog.gov.gh/economic-data/merchandise-trade-flows/,0
2011-10-01,2011,10,Oct,Merchandise Imports_Non-Oil (Millions of US Dollars),1140.48,merchandise_trade_flows,https://www.bog.gov.gh/economic-data/merchandise-trade-flows/,0
2011-11-01,2011,11,Nov,Merchandise Imports_Non-Oil (Millions of US Dollars),1208.84,merchandise_trade_flows,https://www.bog.gov.gh/economic-data/merchandise-trade-flows/,0
2011-12-01,2011,12,Dec,Merchandise Imports_Non-Oil (Millions of US Dollars),1030.65,merchandise_trade_flows,https://www.bog.gov.gh/economic-data/merchandise-trade-flows/,0
2012-01-01,2012,1,Jan,Merchandise Imports_Non-Oil (Millions of US Dollars),1046.82,merchandise_trade_flows,https://www.bog.gov.gh/economic-data/merchandise-trade-flows/,0
2012-02-01,2012,2,Feb,Merchandise Imports_Non-Oil (Millions of US Dollars),1122.45,merchandise_trade_flows,https://www.bog.gov.gh/economic-data/merchandise-trade-flows/,0
2012-03-01,2012,3,Mar,Merchandise Imports_Non-Oil (Millions of US Dollars),1315.36,merchandise_trade_flows,https://www.bog.gov.gh/economic-data/merchandise-trade-flows/,0
2012-04-01,2012,4,Apr,Merchandise Imports_Non-Oil (Millions of US Dollars),1026.66,merchandise_trade_flows,https://www.bog.gov.gh/economic-data/merchandise-trade-flows/,0
2012-05-01,2012,5,May,Merchandise Imports_Non-Oil (Millions of US Dollars),1357.24,merchandise_trade_flows,https://www.bog.gov.gh/economic-data/merchandise-trade-flows/,0
2012-06-01,2012,6,Jun,Merchandise Imports_Non-Oil (Millions of US Dollars),1218.42,merchandise_trade_flows,https://www.bog.gov.gh/economic-data/merchandise-trade-flows/,0
2012-07-01,2012,7,Jul,Merchandise Imports_Non-Oil (Millions of US Dollars),1272.9,merchandise_trade_flows,https://www.bog.gov.gh/economic-data/merchandise-trade-flows/,0
2012-08-01,2012,8,Aug,Merchandise Imports_Non-Oil (Millions of US Dollars),1199.55,merchandise_trade_flows,https://www.bog.gov.gh/economic-data/merchandise-trade-flows/,0
2012-09-01,2012,9,Sep,Merchandise Imports_Non-Oil (Millions of US Dollars),1104.37,merchandise_trade_flows,https://www.bog.gov.gh/economic-data/merchandise-trade-flows/,0
2012-10-01,2012,10,Oct,Merchandise Imports_Non-Oil (Millions of US Dollars),1209.95,merchandise_trade_flows,https://www.bog.gov.gh/economic-data/merchandise-trade-flows/,0
2012-11-01,2012,11,Nov,Merchandise Imports_Non-Oil (Millions of US Dollars),1279.74,merchandise_trade_flows,https://www.bog.gov.gh/economic-data/merchandise-trade-flows/,0
2012-12-01,2012,12,Dec,Merchandise Imports_Non-Oil (Millions of US Dollars),1268.22,merchandise_trade_flows,https://www.bog.gov.gh/economic-data/merchandise-trade-flows/,0
2013-01-01,2013,1,Jan,Merchandise Imports_Non-Oil (Millions of US Dollars),1174.79,merchandise_trade_flows,https://www.bog.gov.gh/economic-data/merchandise-trade-flows/,0
2013-02-01,2013,2,Feb,Merchandise Imports_Non-Oil (Millions of US Dollars),1010.16,merchandise_trade_flows,https://www.bog.gov.gh/economic-data/merchandise-trade-flows/,0
2013-03-01,2013,3,Mar,Merchandise Imports_Non-Oil (Millions of US Dollars),1074.86,merchandise_trade_flows,https://www.bog.gov.gh/economic-data/merchandise-trade-flows/,0
2013-04-01,2013,4,Apr,Merchandise Imports_Non-Oil (Millions of US Dollars),1283.53,merchandise_trade_flows,https://www.bog.gov.gh/economic-data/merchandise-trade-flows/,0
2013-05-01,2013,5,May,Merchandise Imports_Non-Oil (Millions of US Dollars),1212.56,merchandise_trade_flows,https://www.bog.gov.gh/economic-data/merchandise-trade-flows/,0
2013-06-01,2013,6,Jun,Merchandise Imports_Non-Oil (Millions of US Dollars),1126.73,merchandise_trade_flows,https://www.bog.gov.gh/economic-data/merchandise-trade-flows/,0
2013-07-01,2013,7,Jul,Merchandise Imports_Non-Oil (Millions of US Dollars),1223.55,merchandise_trade_flows,https://www.bog.gov.gh/economic-data/merchandise-trade-flows/,0
2013-08-01,2013,8,Aug,Merchandise Imports_Non-Oil (Millions of US Dollars),1162.62,merchandise_trade_flows,https://www.bog.gov.gh/economic-data/merchandise-trade-flows/,0
2013-09-01,2013,9,Sep,Merchandise Imports_Non-Oil (Millions of US Dollars),1192.51,merchandise_trade_flows,https://www.bog.gov.gh/economic-data/merchandise-trade-flows/,0
2013-10-01,2013,10,Oct,Merchandise Imports_Non-Oil (Millions of US Dollars),1381.73,merchandise_trade_flows,https://www.bog.gov.gh/economic-data/merchandise-trade-flows/,0
2013-11-01,2013,11,Nov,Merchandise Imports_Non-Oil (Millions of US Dollars),1131.34,merchandise_trade_flows,https://www.bog.gov.gh/economic-data/merchandise-trade-flows/,0
2013-12-01,2013,12,Dec,Merchandise Imports_Non-Oil (Millions of US Dollars),1075.54,merchandise_trade_flows,https://www.bog.gov.gh/economic-data/merchandise-trade-flows/,0
2014-01-01,2014,1,Jan,Merchandise Imports_Non-Oil (Millions of US Dollars),1073.15,merchandise_trade_flows,https://www.bog.gov.gh/economic-data/merchandise-trade-flows/,0
2014-02-01,2014,2,Feb,Merchandise Imports_Non-Oil (Millions of US Dollars),923.92,merchandise_trade_flows,https://www.bog.gov.gh/economic-data/merchandise-trade-flows/,0
2014-03-01,2014,3,Mar,Merchandise Imports_Non-Oil (Millions of US Dollars),815.27,merchandise_trade_flows,https://www.bog.gov.gh/economic-data/merchandise-trade-flows/,0
2014-04-01,2014,4,Apr,Merchandise Imports_Non-Oil (Millions of US Dollars),908.85,merchandise_trade_flows,https://www.bog.gov.gh/economic-data/merchandise-trade-flows/,0
2014-05-01,2014,5,May,Merchandise Imports_Non-Oil (Millions of US Dollars),900.42,merchandise_trade_flows,https://www.bog.gov.gh/economic-data/merchandise-trade-flows/,0
2014-06-01,2014,6,Jun,Merchandise Imports_Non-Oil (Millions of US Dollars),908.64,merchandise_trade_flows,https://www.bog.gov.gh/economic-data/merchandise-trade-flows/,0
2014-07-01,2014,7,Jul,Merchandise Imports_Non-Oil (Millions of US Dollars),856.51,merchandise_trade_flows,https://www.bog.gov.gh/economic-data/merchandise-trade-flows/,0
2014-08-01,2014,8,Aug,Merchandise Imports_Non-Oil (Millions of US Dollars),832.64,merchandise_trade_flows,https://www.bog.gov.gh/economic-data/merchandise-trade-flows/,0
2014-09-01,2014,9,Sep,Merchandise Imports_Non-Oil (Millions of US Dollars),851.77,merchandise_trade_flows,https://www.bog.gov.gh/economic-data/merchandise-trade-flows/,0
2014-10-01,2014,10,Oct,Merchandise Imports_Non-Oil (Millions of US Dollars),931.25,merchandise_trade_flows,https://www.bog.gov.gh/economic-data/merchandise-trade-flows/,0
2014-11-01,2014,11,Nov,Merchandise Imports_Non-Oil (Millions of US Dollars),932.54,merchandise_trade_flows,https://www.bog.gov.gh/economic-data/merchandise-trade-flows/,0
2014-12-01,2014,12,Dec,Merchandise Imports_Non-Oil (Millions of US Dollars),971.28,merchandise_trade_flows,https://www.bog.gov.gh/economic-data/merchandise-trade-flows/,0
2015-01-01,2015,1,Jan,Merchandise Imports_Non-Oil (Millions of US Dollars),1019.6,merchandise_trade_flows,https://www.bog.gov.gh/economic-data/merchandise-trade-flows/,0
2015-02-01,2015,2,Feb,Merchandise Imports_Non-Oil (Millions of US Dollars),877.51,merchandise_trade_flows,https://www.bog.gov.gh/economic-data/merchandise-trade-flows/,0
2015-03-01,2015,3,Mar,Merchandise Imports_Non-Oil (Millions of US Dollars),908.18,merchandise_trade_flows,https://www.bog.gov.gh/economic-data/merchandise-trade-flows/,0
2015-04-01,2015,4,Apr,Merchandise Imports_Non-Oil (Millions of US Dollars),972.0,merchandise_trade_flows,https://www.bog.gov.gh/economic-data/merchandise-trade-flows/,0
2015-05-01,2015,5,May,Merchandise Imports_Non-Oil (Millions of US Dollars),837.52,merchandise_trade_flows,https://www.bog.gov.gh/economic-data/merchandise-trade-flows/,0
2015-06-01,2015,6,Jun,Merchandise Imports_Non-Oil (Millions of US Dollars),866.33,merchandise_trade_flows,https://www.bog.gov.gh/economic-data/merchandise-trade-flows/,0
2015-07-01,2015,7,Jul,Merchandise Imports_Non-Oil (Millions of US Dollars),971.29,merchandise_trade_flows,https://www.bog.gov.gh/economic-data/merchandise-trade-flows/,0
2015-08-01,2015,8,Aug,Merchandise Imports_Non-Oil (Millions of US Dollars),965.39,merchandise_trade_flows,https://www.bog.gov.gh/economic-data/merchandise-trade-flows/,0
2015-09-01,2015,9,Sep,Merchandise Imports_Non-Oil (Millions of US Dollars),952.47,merchandise_trade_flows,https://www.bog.gov.gh/economic-data/merchandise-trade-flows/,0
2015-10-01,2015,10,Oct,Merchandise Imports_Non-Oil (Millions of US Dollars),1212.2,merchandise_trade_flows,https://www.bog.gov.gh/economic-data/merchandise-trade-flows/,0
2015-11-01,2015,11,Nov,Merchandise Imports_Non-Oil (Millions of US Dollars),903.96,merchandise_trade_flows,https://www.bog.gov.gh/economic-data/merchandise-trade-flows/,0
2015-12-01,2015,12,Dec,Merchandise Imports_Non-Oil (Millions of US Dollars),932.0,merchandise_trade_flows,https://www.bog.gov.gh/economic-data/merchandise-trade-flows/,0
2016-01-01,2016,1,Jan,Merchandise Imports_Non-Oil (Millions of US Dollars),983.38,merchandise_trade_flows,https://www.bog.gov.gh/economic-data/merchandise-trade-flows/,0
2016-02-01,2016,2,Feb,Merchandise Imports_Non-Oil (Millions of US Dollars),899.33,merchandise_trade_flows,https://www.bog.gov.gh/economic-data/merchandise-trade-flows/,0
2016-03-01,2016,3,Mar,Merchandise Imports_Non-Oil (Millions of US Dollars),992.99,merchandise_trade_flows,https://www.bog.gov.gh/economic-data/merchandise-trade-flows/,0
2016-04-01,2016,4,Apr,Merchandise Imports_Non-Oil (Millions of US Dollars),865.79,merchandise_trade_flows,https://www.bog.gov.gh/economic-data/merchandise-trade-flows/,0
2016-05-01,2016,5,May,Merchandise Imports_Non-Oil (Millions of US Dollars),989.18,merchandise_trade_flows,https://www.bog.gov.gh/economic-data/merchandise-trade-flows/,0
2016-06-01,2016,6,Jun,Merchandise Imports_Non-Oil (Millions of US Dollars),906.41,merchandise_trade_flows,https://www.bog.gov.gh/economic-data/merchandise-trade-flows/,0
2016-07-01,2016,7,Jul,Merchandise Imports_Non-Oil (Millions of US Dollars),958.32,merchandise_trade_flows,https://www.bog.gov.gh/economic-data/merchandise-trade-flows/,0
2016-08-01,2016,8,Aug,Merchandise Imports_Non-Oil (Millions of US Dollars),1008.11,merchandise_trade_flows,https://www.bog.gov.gh/economic-data/merchandise-trade-flows/,0
2016-09-01,2016,9,Sep,Merchandise Imports_Non-Oil (Millions of US Dollars),791.44,merchandise_trade_flows,https://www.bog.gov.gh/economic-data/merchandise-trade-flows/,0
2016-10-01,2016,10,Oct,Merchandise Imports_Non-Oil (Millions of US Dollars),935.53,merchandise_trade_flows,https://www.bog.gov.gh/economic-data/merchandise-trade-flows/,0
2016-11-01,2016,11,Nov,Merchandise Imports_Non-Oil (Millions of US Dollars),887.93,merchandise_trade_flows,https://www.bog.gov.gh/economic-data/merchandise-trade-flows/,0
2016-12-01,2016,12,Dec,Merchandise Imports_Non-Oil (Millions of US Dollars),866.81,merchandise_trade_flows,https://www.bog.gov.gh/economic-data/merchandise-trade-flows/,0
2017-01-01,2017,1,Jan,Merchandise Imports_Non-Oil (Millions of US Dollars),871.93,merchandise_trade_flows,https://www.bog.gov.gh/economic-data/merchandise-trade-flows/,0
2017-02-01,2017,2,Feb,Merchandise Imports_Non-Oil (Millions of US Dollars),754.67,merchandise_trade_flows,https://www.bog.gov.gh/economic-data/merchandise-trade-flows/,0
2017-03-01,2017,3,Mar,Merchandise Imports_Non-Oil (Millions of US Dollars),846.48,merchandise_trade_flows,https://www.bog.gov.gh/economic-data/merchandise-trade-flows/,0
2017-04-01,2017,4,Apr,Merchandise Imports_Non-Oil (Millions of US Dollars),708.97,merchandise_trade_flows,https://www.bog.gov.gh/economic-data/merchandise-trade-flows/,0
2017-05-01,2017,5,May,Merchandise Imports_Non-Oil (Millions of US Dollars),881.18,merchandise_trade_flows,https://www.bog.gov.gh/economic-data/merchandise-trade-flows/,0
2017-06-01,2017,6,Jun,Merchandise Imports_Non-Oil (Millions of US Dollars),936.69,merchandise_trade_flows,https://www.bog.gov.gh/economic-data/merchandise-trade-flows/,0
2017-07-01,2017,7,Jul,Merchandise Imports_Non-Oil (Millions of US Dollars),842.35,merchandise_trade_flows,https://www.bog.gov.gh/economic-data/merchandise-trade-flows/,0
2017-08-01,2017,8,Aug,Merchandise Imports_Non-Oil (Millions of US Dollars),1022.36,merchandise_trade_flows,https://www.bog.gov.gh/economic-data/merchandise-trade-flows/,0
2017-09-01,2017,9,Sep,Merchandise Imports_Non-Oil (Millions of US Dollars),907.05,merchandise_trade_flows,https://www.bog.gov.gh/economic-data/merchandise-trade-flows/,0
2017-10-01,2017,10,Oct,Merchandise Imports_Non-Oil (Millions of US Dollars),960.25,merchandise_trade_flows,https://www.bog.gov.gh/economic-data/merchandise-trade-flows/,0
2017-11-01,2017,11,Nov,Merchandise Imports_Non-Oil (Millions of US Dollars),982.11,merchandise_trade_flows,https://www.bog.gov.gh/economic-data/merchandise-trade-flows/,0
2017-12-01,2017,12,Dec,Merchandise Imports_Non-Oil (Millions of US Dollars),941.16,merchandise_trade_flows,https://www.bog.gov.gh/economic-data/merchandise-trade-flows/,0
2018-01-01,2018,1,Jan,Merchandise Imports_Non-Oil (Millions of US Dollars),969.67,merchandise_trade_flows,https://www.bog.gov.gh/economic-data/merchandise-trade-flows/,0
2018-02-01,2018,2,Feb,Merchandise Imports_Non-Oil (Millions of US Dollars),855.75,merchandise_trade_flows,https://www.bog.gov.gh/economic-data/merchandise-trade-flows/,0
2018-03-01,2018,3,Mar,Merchandise Imports_Non-Oil (Millions of US Dollars),848.63,merchandise_trade_flows,https://www.bog.gov.gh/economic-data/merchandise-trade-flows/,0
2018-04-01,2018,4,Apr,Merchandise Imports_Non-Oil (Millions of US Dollars),834.77,merchandise_trade_flows,https://www.bog.gov.gh/economic-data/merchandise-trade-flows/,0
2018-05-01,2018,5,May,Merchandise Imports_Non-Oil (Millions of US Dollars),915.21,merchandise_trade_flows,https://www.bog.gov.gh/economic-data/merchandise-trade-flows/,0
2018-06-01,2018,6,Jun,Merchandise Imports_Non-Oil (Millions of US Dollars),866.91,merchandise_trade_flows,https://www.bog.gov.gh/economic-data/merchandise-trade-flows/,0
2018-07-01,2018,7,Jul,Merchandise Imports_Non-Oil (Millions of US Dollars),862.15,merchandise_trade_flows,https://www.bog.gov.gh/economic-data/merchandise-trade-flows/,0
2018-08-01,2018,8,Aug,Merchandise Imports_Non-Oil (Millions of US Dollars),900.94,merchandise_trade_flows,https://www.bog.gov.gh/economic-data/merchandise-trade-flows/,0
2018-09-01,2018,9,Sep,Merchandise Imports_Non-Oil (Millions of US Dollars),815.3,merchandise_trade_flows,https://www.bog.gov.gh/economic-data/merchandise-trade-flows/,0
2018-10-01,2018,10,Oct,Merchandise Imports_Non-Oil (Millions of US Dollars),858.29,merchandise_trade_flows,https://www.bog.gov.gh/economic-data/merchandise-trade-flows/,0
2018-11-01,2018,11,Nov,Merchandise Imports_Non-Oil (Millions of US Dollars),941.91,merchandise_trade_flows,https://www.bog.gov.gh/economic-data/merchandise-trade-flows/,0
2018-12-01,2018,12,Dec,Merchandise Imports_Non-Oil (Millions of US Dollars),883.63,merchandise_trade_flows,https://www.bog.gov.gh/economic-data/merchandise-trade-flows/,0
2019-01-01,2019,1,Jan,Merchandise Imports_Non-Oil (Millions of US Dollars),1063.33,merchandise_trade_flows,https://www.bog.gov.gh/economic-data/merchandise-trade-flows/,0
2019-02-01,2019,2,Feb,Merchandise Imports_Non-Oil (Millions of US Dollars),807.98,merchandise_trade_flows,https://www.bog.gov.gh/economic-data/merchandise-trade-flows/,0
2019-03-01,2019,3,Mar,Merchandise Imports_Non-Oil (Millions of US Dollars),827.86,merchandise_trade_flows,https://www.bog.gov.gh/economic-data/merchandise-trade-flows/,0
2019-04-01,2019,4,Apr,Merchandise Imports_Non-Oil (Millions of US Dollars),743.29,merchandise_trade_flows,https://www.bog.gov.gh/economic-data/merchandise-trade-flows/,0
2019-05-01,2019,5,May,Merchandise Imports_Non-Oil (Millions of US Dollars),1098.74,merchandise_trade_flows,https://www.bog.gov.gh/economic-data/merchandise-trade-flows/,0
2019-06-01,2019,6,Jun,Merchandise Imports_Non-Oil (Millions of US Dollars),876.94,merchandise_trade_flows,https://www.bog.gov.gh/economic-data/merchandise-trade-flows/,0
2019-07-01,2019,7,Jul,Merchandise Imports_Non-Oil (Millions of US Dollars),1082.71,merchandise_trade_flows,https://www.bog.gov.gh/economic-data/merchandise-trade-flows/,0
2019-08-01,2019,8,Aug,Merchandise Imports_Non-Oil (Millions of US Dollars),917.44,merchandise_trade_flows,https://www.bog.gov.gh/economic-data/merchandise-trade-flows/,0
2019-09-01,2019,9,Sep,Merchandise Imports_Non-Oil (Millions of US Dollars),885.73,merchandise_trade_flows,https://www.bog.gov.gh/economic-data/merchandise-trade-flows/,0
2019-10-01,2019,10,Oct,Merchandise Imports_Non-Oil (Millions of US Dollars),1030.36,merchandise_trade_flows,https://www.bog.gov.gh/economic-data/merchandise-trade-flows/,0
2019-11-01,2019,11,Nov,Merchandise Imports_Non-Oil (Millions of US Dollars),789.41,merchandise_trade_flows,https://www.bog.gov.gh/economic-data/merchandise-trade-flows/,0
2019-12-01,2019,12,Dec,Merchandise Imports_Non-Oil (Millions of US Dollars),866.65,merchandise_trade_flows,https://www.bog.gov.gh/economic-data/merchandise-trade-flows/,0
2020-01-01,2020,1,Jan,Merchandise Imports_Non-Oil (Millions of US Dollars),913.06,merchandise_trade_flows,https://www.bog.gov.gh/economic-data/merchandise-trade-flows/,0
2020-02-01,2020,2,Feb,Merchandise Imports_Non-Oil (Millions of US Dollars),722.72,merchandise_trade_flows,https://www.bog.gov.gh/economic-data/merchandise-trade-flows/,0
2020-03-01,2020,3,Mar,Merchandise Imports_Non-Oil (Millions of US Dollars),854.6,merchandise_trade_flows,https://www.bog.gov.gh/economic-data/merchandise-trade-flows/,0
2020-04-01,2020,4,Apr,Merchandise Imports_Non-Oil (Millions of US Dollars),972.83,merchandise_trade_flows,https://www.bog.gov.gh/economic-data/merchandise-trade-flows/,0
2020-05-01,2020,5,May,Merchandise Imports_Non-Oil (Millions of US Dollars),883.74,merchandise_trade_flows,https://www.bog.gov.gh/economic-data/merchandise-trade-flows/,0
2020-06-01,2020,6,Jun,Merchandise Imports_Non-Oil (Millions of US Dollars),1126.85,merchandise_trade_flows,https://www.bog.gov.gh/economic-data/merchandise-trade-flows/,0
2020-07-01,2020,7,Jul,Merchandise Imports_Non-Oil (Millions of US Dollars),769.5,merchandise_trade_flows,https://www.bog.gov.gh/economic-data/merchandise-trade-flows/,0
2020-08-01,2020,8,Aug,Merchandise Imports_Non-Oil (Millions of US Dollars),824.35,merchandise_trade_flows,https://www.bog.gov.gh/economic-data/merchandise-trade-flows/,0
2020-09-01,2020,9,Sep,Merchandise Imports_Non-Oil (Millions of US Dollars),834.18,merchandise_trade_flows,https://www.bog.gov.gh/economic-data/merchandise-trade-flows/,0
2020-10-01,2020,10,Oct,Merchandise Imports_Non-Oil (Millions of US Dollars),873.28,merchandise_trade_flows,https://www.bog.gov.gh/economic-data/merchandise-trade-flows/,0
2020-11-01,2020,11,Nov,Merchandise Imports_Non-Oil (Millions of US Dollars),1021.91,merchandise_trade_flows,https://www.bog.gov.gh/economic-data/merchandise-trade-flows/,0
2020-12-01,2020,12,Dec,Merchandise Imports_Non-Oil (Millions of US Dollars),741.01,merchandise_trade_flows,https://www.bog.gov.gh/economic-data/merchandise-trade-flows/,0
2021-01-01,2021,1,Jan,Merchandise Imports_Non-Oil (Millions of US Dollars),921.05,merchandise_trade_flows,https://www.bog.gov.gh/economic-data/merchandise-trade-flows/,0
2021-02-01,2021,2,Feb,Merchandise Imports_Non-Oil (Millions of US Dollars),902.34,merchandise_trade_flows,https://www.bog.gov.gh/economic-data/merchandise-trade-flows/,0
2021-03-01,2021,3,Mar,Merchandise Imports_Non-Oil (Millions of US Dollars),969.91,merchandise_trade_flows,https://www.bog.gov.gh/economic-data/merchandise-trade-flows/,0
2021-04-01,2021,4,Apr,Merchandise Imports_Non-Oil (Millions of US Dollars),873.89,merchandise_trade_flows,https://www.bog.gov.gh/economic-data/merchandise-trade-flows/,0
2021-05-01,2021,5,May,Merchandise Imports_Non-Oil (Millions of US Dollars),971.66,merchandise_trade_flows,https://www.bog.gov.gh/economic-data/merchandise-trade-flows/,0
2021-06-01,2021,6,Jun,Merchandise Imports_Non-Oil (Millions of US Dollars),905.99,merchandise_trade_flows,https://www.bog.gov.gh/economic-data/merchandise-trade-flows/,0
2021-07-01,2021,7,Jul,Merchandise Imports_Non-Oil (Millions of US Dollars),949.06,merchandise_trade_flows,https://www.bog.gov.gh/economic-data/merchandise-trade-flows/,0
2021-08-01,2021,8,Aug,Merchandise Imports_Non-Oil (Millions of US Dollars),841.12,merchandise_trade_flows,https://www.bog.gov.gh/economic-data/merchandise-trade-flows/,0
2021-09-01,2021,9,Sep,Merchandise Imports_Non-Oil (Millions of US Dollars),863.04,merchandise_trade_flows,https://www.bog.gov.gh/economic-data/merchandise-trade-flows/,0
2021-10-01,2021,10,Oct,Merchandise Imports_Non-Oil (Millions of US Dollars),865.89,merchandise_trade_flows,https://www.bog.gov.gh/economic-data/merchandise-trade-flows/,0
2021-11-01,2021,11,Nov,Merchandise Imports_Non-Oil (Millions of US Dollars),932.45,merchandise_trade_flows,https://www.bog.gov.gh/economic-data/merchandise-trade-flows/,0
2021-12-01,2021,12,Dec,Merchandise Imports_Non-Oil (Millions of US Dollars),912.94,merchandise_trade_flows,https://www.bog.gov.gh/economic-data/merchandise-trade-flows/,0
2022-01-01,2022,1,Jan,Merchandise Imports_Non-Oil (Millions of US Dollars),888.66,merchandise_trade_flows,https://www.bog.gov.gh/economic-data/merchandise-trade-flows/,0
2022-02-01,2022,2,Feb,Merchandise Imports_Non-Oil (Millions of US Dollars),799.84,merchandise_trade_flows,https://www.bog.gov.gh/economic-data/merchandise-trade-flows/,0
2022-03-01,2022,3,Mar,Merchandise Imports_Non-Oil (Millions of US Dollars),877.67,merchandise_trade_flows,https://www.bog.gov.gh/economic-data/merchandise-trade-flows/,0
2022-04-01,2022,4,Apr,Merchandise Imports_Non-Oil (Millions of US Dollars),851.93,merchandise_trade_flows,https://www.bog.gov.gh/economic-data/merchandise-trade-flows/,0
2022-05-01,2022,5,May,Merchandise Imports_Non-Oil (Millions of US Dollars),879.82,merchandise_trade_flows,https://www.bog.gov.gh/economic-data/merchandise-trade-flows/,0
2022-06-01,2022,6,Jun,Merchandise Imports_Non-Oil (Millions of US Dollars),886.31,merchandise_trade_flows,https://www.bog.gov.gh/economic-data/merchandise-trade-flows/,0
2022-07-01,2022,7,Jul,Merchandise Imports_Non-Oil (Millions of US Dollars),950.0,merchandise_trade_flows,https://www.bog.gov.gh/economic-data/merchandise-trade-flows/,0
2022-08-01,2022,8,Aug,Merchandise Imports_Non-Oil (Millions of US Dollars),880.39,merchandise_trade_flows,https://www.bog.gov.gh/economic-data/merchandise-trade-flows/,0
2022-09-01,2022,9,Sep,Merchandise Imports_Non-Oil (Millions of US Dollars),761.77,merchandise_trade_flows,https://www.bog.gov.gh/economic-data/merchandise-trade-flows/,0
2022-10-01,2022,10,Oct,Merchandise Imports_Non-Oil (Millions of US Dollars),718.35,merchandise_trade_flows,https://www.bog.gov.gh/economic-data/merchandise-trade-flows/,0
2022-11-01,2022,11,Nov,Merchandise Imports_Non-Oil (Millions of US Dollars),701.27,merchandise_trade_flows,https://www.bog.gov.gh/economic-data/merchandise-trade-flows/,0
2022-12-01,2022,12,Dec,Merchandise Imports_Non-Oil (Millions of US Dollars),798.06,merchandise_trade_flows,https://www.bog.gov.gh/economic-data/merchandise-trade-flows/,0
2023-01-01,2023,1,Jan,Merchandise Imports_Non-Oil (Millions of US Dollars),702.65,merchandise_trade_flows,https://www.bog.gov.gh/economic-data/merchandise-trade-flows/,0
2023-02-01,2023,2,Feb,Merchandise Imports_Non-Oil (Millions of US Dollars),635.14,merchandise_trade_flows,https://www.bog.gov.gh/economic-data/merchandise-trade-flows/,0
2023-03-01,2023,3,Mar,Merchandise Imports_Non-Oil (Millions of US Dollars),743.27,merchandise_trade_flows,https://www.bog.gov.gh/economic-data/merchandise-trade-flows/,0
2023-04-01,2023,4,Apr,Merchandise Imports_Non-Oil (Millions of US Dollars),762.61,merchandise_trade_flows,https://www.bog.gov.gh/economic-data/merchandise-trade-flows/,0
2023-05-01,2023,5,May,Merchandise Imports_Non-Oil (Millions of US Dollars),0.0,merchandise_trade_flows,https://www.bog.gov.gh/economic-data/merchandise-trade-flows/,0
2023-06-01,2023,6,Jun,Merchandise Imports_Non-Oil (Millions of US Dollars),0.0,merchandise_trade_flows,https://www.bog.gov.gh/economic-data/merchandise-trade-flows/,0
2023-07-01,2023,7,Jul,Merchandise Imports_Non-Oil (Millions of US Dollars),0.0,merchandise_trade_flows,https://www.bog.gov.gh/economic-data/merchandise-trade-flows/,0
2023-08-01,2023,8,Aug,Merchandise Imports_Non-Oil (Millions of US Dollars),0.0,merchandise_trade_flows,https://www.bog.gov.gh/economic-data/merchandise-trade-flows/,0
2023-09-01,2023,9,Sep,Merchandise Imports_Non-Oil (Millions of US Dollars),0.0,merchandise_trade_flows,https://www.bog.gov.gh/economic-data/merchandise-trade-flows/,0
2023-10-01,2023,10,Oct,Merchandise Imports_Non-Oil (Millions of US Dollars),0.0,merchandise_trade_flows,https://www.bog.gov.gh/economic-data/merchandise-trade-flows/,0
2023-11-01,2023,11,Nov,Merchandise Imports_Non-Oil (Millions of US Dollars),0.0,merchandise_trade_flows,https://www.bog.gov.gh/economic-data/merchandise-trade-flows/,0
2023-12-01,2023,12,Dec,Merchandise Imports_Non-Oil (Millions of US Dollars),0.0,merchandise_trade_flows,https://www.bog.gov.gh/economic-data/merchandise-trade-flows/,0
2005-01-01,2005,1,Jan,Merchandise Imports_Oil & Gas (Millions of US Dollars),33.35,merchandise_trade_flows,https://www.bog.gov.gh/economic-data/merchandise-trade-flows/,0
2005-02-01,2005,2,Feb,Merchandise Imports_Oil & Gas (Millions of US Dollars),95.27,merchandise_trade_flows,https://www.bog.gov.gh/economic-data/merchandise-trade-flows/,0
2005-03-01,2005,3,Mar,Merchandise Imports_Oil & Gas (Millions of US Dollars),80.53,merchandise_trade_flows,https://www.bog.gov.gh/economic-data/merchandise-trade-flows/,0
2005-04-01,2005,4,Apr,Merchandise Imports_Oil & Gas (Millions of US Dollars),21.91,merchandise_trade_flows,https://www.bog.gov.gh/economic-data/merchandise-trade-flows/,0
2005-05-01,2005,5,May,Merchandise Imports_Oil & Gas (Millions of US Dollars),98.08,merchandise_trade_flows,https://www.bog.gov.gh/economic-data/merchandise-trade-flows/,0
2005-06-01,2005,6,Jun,Merchandise Imports_Oil & Gas (Millions of US Dollars),122.16,merchandise_trade_flows,https://www.bog.gov.gh/economic-data/merchandise-trade-flows/,0
2005-07-01,2005,7,Jul,Merchandise Imports_Oil & Gas (Millions of US Dollars),90.36,merchandise_trade_flows,https://www.bog.gov.gh/economic-data/merchandise-trade-flows/,0
2005-08-01,2005,8,Aug,Merchandise Imports_Oil & Gas (Millions of US Dollars),131.86,merchandise_trade_flows,https://www.bog.gov.gh/economic-data/merchandise-trade-flows/,0
2005-09-01,2005,9,Sep,Merchandise Imports_Oil & Gas (Millions of US Dollars),47.87,merchandise_trade_flows,https://www.bog.gov.gh/economic-data/merchandise-trade-flows/,0
2005-10-01,2005,10,Oct,Merchandise Imports_Oil & Gas (Millions of US Dollars),118.61,merchandise_trade_flows,https://www.bog.gov.gh/economic-data/merchandise-trade-flows/,0
2005-11-01,2005,11,Nov,Merchandise Imports_Oil & Gas (Millions of US Dollars),107.03,merchandise_trade_flows,https://www.bog.gov.gh/economic-data/merchandise-trade-flows/,0
2005-12-01,2005,12,Dec,Merchandise Imports_Oil & Gas (Millions of US Dollars),119.22,merchandise_trade_flows,https://www.bog.gov.gh/economic-data/merchandise-trade-flows/,0
2006-01-01,2006,1,Jan,Merchandise Imports_Oil & Gas (Millions of US Dollars),86.54,merchandise_trade_flows,https://www.bog.gov.gh/economic-data/merchandise-trade-flows/,0
2006-02-01,2006,2,Feb,Merchandise Imports_Oil & Gas (Millions of US Dollars),155.5,merchandise_trade_flows,https://www.bog.gov.gh/economic-data/merchandise-trade-flows/,0
2006-03-01,2006,3,Mar,Merchandise Imports_Oil & Gas (Millions of US Dollars),88.27,merchandise_trade_flows,https://www.bog.gov.gh/economic-data/merchandise-trade-flows/,0
2006-04-01,2006,4,Apr,Merchandise Imports_Oil & Gas (Millions of US Dollars),86.04,merchandise_trade_flows,https://www.bog.gov.gh/economic-data/merchandise-trade-flows/,0
2006-05-01,2006,5,May,Merchandise Imports_Oil & Gas (Millions of US Dollars),142.45,merchandise_trade_flows,https://www.bog.gov.gh/economic-data/merchandise-trade-flows/,0
2006-06-01,2006,6,Jun,Merchandise Imports_Oil & Gas (Millions of US Dollars),150.57,merchandise_trade_flows,https://www.bog.gov.gh/economic-data/merchandise-trade-flows/,0
2006-07-01,2006,7,Jul,Merchandise Imports_Oil & Gas (Millions of US Dollars),153.11,merchandise_trade_flows,https://www.bog.gov.gh/economic-data/merchandise-trade-flows/,0
2006-08-01,2006,8,Aug,Merchandise Imports_Oil & Gas (Millions of US Dollars),183.58,merchandise_trade_flows,https://www.bog.gov.gh/economic-data/merchandise-trade-flows/,0
2006-09-01,2006,9,Sep,Merchandise Imports_Oil & Gas (Millions of US Dollars),48.57,merchandise_trade_flows,https://www.bog.gov.gh/economic-data/merchandise-trade-flows/,0
2006-10-01,2006,10,Oct,Merchandise Imports_Oil & Gas (Millions of US Dollars),54.49,merchandise_trade_flows,https://www.bog.gov.gh/economic-data/merchandise-trade-flows/,0
2006-11-01,2006,11,Nov,Merchandise Imports_Oil & Gas (Millions of US Dollars),133.47,merchandise_trade_flows,https://www.bog.gov.gh/economic-data/merchandise-trade-flows/,0
2006-12-01,2006,12,Dec,Merchandise Imports_Oil & Gas (Millions of US Dollars),133.47,merchandise_trade_flows,https://www.bog.gov.gh/economic-data/merchandise-trade-flows/,0
2007-01-01,2007,1,Jan,Merchandise Imports_Oil & Gas (Millions of US Dollars),120.14,merchandise_trade_flows,https://www.bog.gov.gh/economic-data/merchandise-trade-flows/,0
2007-02-01,2007,2,Feb,Merchandise Imports_Oil & Gas (Millions of US Dollars),126.65,merchandise_trade_flows,https://www.bog.gov.gh/economic-data/merchandise-trade-flows/,0
2007-03-01,2007,3,Mar,Merchandise Imports_Oil & Gas (Millions of US Dollars),114.32,merchandise_trade_flows,https://www.bog.gov.gh/economic-data/merchandise-trade-flows/,0
2007-04-01,2007,4,Apr,Merchandise Imports_Oil & Gas (Millions of US Dollars),291.51,merchandise_trade_flows,https://www.bog.gov.gh/economic-data/merchandise-trade-flows/,0
2007-05-01,2007,5,May,Merchandise Imports_Oil & Gas (Millions of US Dollars),178.92,merchandise_trade_flows,https://www.bog.gov.gh/economic-data/merchandise-trade-flows/,0
2007-06-01,2007,6,Jun,Merchandise Imports_Oil & Gas (Millions of US Dollars),136.3,merchandise_trade_flows,https://www.bog.gov.gh/economic-data/merchandise-trade-flows/,0
2007-07-01,2007,7,Jul,Merchandise Imports_Oil & Gas (Millions of US Dollars),227.46,merchandise_trade_flows,https://www.bog.gov.gh/economic-data/merchandise-trade-flows/,0
2007-08-01,2007,8,Aug,Merchandise Imports_Oil & Gas (Millions of US Dollars),199.3,merchandise_trade_flows,https://www.bog.gov.gh/economic-data/merchandise-trade-flows/,0
2007-09-01,2007,9,Sep,Merchandise Imports_Oil & Gas (Millions of US Dollars),264.8,merchandise_trade_flows,https://www.bog.gov.gh/economic-data/merchandise-trade-flows/,0
2007-10-01,2007,10,Oct,Merchandise Imports_Oil & Gas (Millions of US Dollars),271.24,merchandise_trade_flows,https://www.bog.gov.gh/economic-data/merchandise-trade-flows/,0
2007-11-01,2007,11,Nov,Merchandise Imports_Oil & Gas (Millions of US Dollars),62.35,merchandise_trade_flows,https://www.bog.gov.gh/economic-data/merchandise-trade-flows/,0
2007-12-01,2007,12,Dec,Merchandise Imports_Oil & Gas (Millions of US Dollars),112.28,merchandise_trade_flows,https://www.bog.gov.gh/economic-data/merchandise-trade-flows/,0
2008-01-01,2008,1,Jan,Merchandise Imports_Oil & Gas (Millions of US Dollars),190.38,merchandise_trade_flows,https://www.bog.gov.gh/economic-data/merchandise-trade-flows/,0
2008-02-01,2008,2,Feb,Merchandise Imports_Oil & Gas (Millions of US Dollars),136.11,merchandise_trade_flows,https://www.bog.gov.gh/economic-data/merchandise-trade-flows/,0
2008-03-01,2008,3,Mar,Merchandise Imports_Oil & Gas (Millions of US Dollars),255.52,merchandise_trade_flows,https://www.bog.gov.gh/economic-data/merchandise-trade-flows/,0
2008-04-01,2008,4,Apr,Merchandise Imports_Oil & Gas (Millions of US Dollars),260.1,merchandise_trade_flows,https://www.bog.gov.gh/economic-data/merchandise-trade-flows/,0
2008-05-01,2008,5,May,Merchandise Imports_Oil & Gas (Millions of US Dollars),160.89,merchandise_trade_flows,https://www.bog.gov.gh/economic-data/merchandise-trade-flows/,0
2008-06-01,2008,6,Jun,Merchandise Imports_Oil & Gas (Millions of US Dollars),118.51,merchandise_trade_flows,https://www.bog.gov.gh/economic-data/merchandise-trade-flows/,0
2008-07-01,2008,7,Jul,Merchandise Imports_Oil & Gas (Millions of US Dollars),188.68,merchandise_trade_flows,https://www.bog.gov.gh/economic-data/merchandise-trade-flows/,0
2008-08-01,2008,8,Aug,Merchandise Imports_Oil & Gas (Millions of US Dollars),238.69,merchandise_trade_flows,https://www.bog.gov.gh/economic-data/merchandise-trade-flows/,0
2008-09-01,2008,9,Sep,Merchandise Imports_Oil & Gas (Millions of US Dollars),123.11,merchandise_trade_flows,https://www.bog.gov.gh/economic-data/merchandise-trade-flows/,0
2008-10-01,2008,10,Oct,Merchandise Imports_Oil & Gas (Millions of US Dollars),90.95,merchandise_trade_flows,https://www.bog.gov.gh/economic-data/merchandise-trade-flows/,0
2008-11-01,2008,11,Nov,Merchandise Imports_Oil & Gas (Millions of US Dollars),60.2,merchandise_trade_flows,https://www.bog.gov.gh/economic-data/merchandise-trade-flows/,0
2008-12-01,2008,12,Dec,Merchandise Imports_Oil & Gas (Millions of US Dollars),11.91,merchandise_trade_flows,https://www.bog.gov.gh/economic-data/merchandise-trade-flows/,0
2009-01-01,2009,1,Jan,Merchandise Imports_Oil & Gas (Millions of US Dollars),88.44,merchandise_trade_flows,https://www.bog.gov.gh/economic-data/merchandise-trade-flows/,0
2009-02-01,2009,2,Feb,Merchandise Imports_Oil & Gas (Millions of US Dollars),83.85,merchandise_trade_flows,https://www.bog.gov.gh/economic-data/merchandise-trade-flows/,0
2009-03-01,2009,3,Mar,Merchandise Imports_Oil & Gas (Millions of US Dollars),105.12,merchandise_trade_flows,https://www.bog.gov.gh/economic-data/merchandise-trade-flows/,0
2009-04-01,2009,4,Apr,Merchandise Imports_Oil & Gas (Millions of US Dollars),97.65,merchandise_trade_flows,https://www.bog.gov.gh/economic-data/merchandise-trade-flows/,0
2009-05-01,2009,5,May,Merchandise Imports_Oil & Gas (Millions of US Dollars),92.08,merchandise_trade_flows,https://www.bog.gov.gh/economic-data/merchandise-trade-flows/,0
2009-06-01,2009,6,Jun,Merchandise Imports_Oil & Gas (Millions of US Dollars),114.42,merchandise_trade_flows,https://www.bog.gov.gh/economic-data/merchandise-trade-flows/,0
2009-07-01,2009,7,Jul,Merchandise Imports_Oil & Gas (Millions of US Dollars),150.8,merchandise_trade_flows,https://www.bog.gov.gh/economic-data/merchandise-trade-flows/,0
2009-08-01,2009,8,Aug,Merchandise Imports_Oil & Gas (Millions of US Dollars),104.79,merchandise_trade_flows,https://www.bog.gov.gh/economic-data/merchandise-trade-flows/,0
2009-09-01,2009,9,Sep,Merchandise Imports_Oil & Gas (Millions of US Dollars),158.78,merchandise_trade_flows,https://www.bog.gov.gh/economic-data/merchandise-trade-flows/,0
2009-10-01,2009,10,Oct,Merchandise Imports_Oil & Gas (Millions of US Dollars),244.81,merchandise_trade_flows,https://www.bog.gov.gh/economic-data/merchandise-trade-flows/,0
2009-11-01,2009,11,Nov,Merchandise Imports_Oil & Gas (Millions of US Dollars),143.72,merchandise_trade_flows,https://www.bog.gov.gh/economic-data/merchandise-trade-flows/,0
2009-12-01,2009,12,Dec,Merchandise Imports_Oil & Gas (Millions of US Dollars),104.5,merchandise_trade_flows,https://www.bog.gov.gh/economic-data/merchandise-trade-flows/,0
2010-01-01,2010,1,Jan,Merchandise Imports_Oil & Gas (Millions of US Dollars),172.16,merchandise_trade_flows,https://www.bog.gov.gh/economic-data/merchandise-trade-flows/,0
2010-02-01,2010,2,Feb,Merchandise Imports_Oil & Gas (Millions of US Dollars),168.27,merchandise_trade_flows,https://www.bog.gov.gh/economic-data/merchandise-trade-flows/,0
2010-03-01,2010,3,Mar,Merchandise Imports_Oil & Gas (Millions of US Dollars),180.47,merchandise_trade_flows,https://www.bog.gov.gh/economic-data/merchandise-trade-flows/,0
2010-04-01,2010,4,Apr,Merchandise Imports_Oil & Gas (Millions of US Dollars),212.22,merchandise_trade_flows,https://www.bog.gov.gh/economic-data/merchandise-trade-flows/,0
2010-05-01,2010,5,May,Merchandise Imports_Oil & Gas (Millions of US Dollars),213.74,merchandise_trade_flows,https://www.bog.gov.gh/economic-data/merchandise-trade-flows/,0
2010-06-01,2010,6,Jun,Merchandise Imports_Oil & Gas (Millions of US Dollars),146.53,merchandise_trade_flows,https://www.bog.gov.gh/economic-data/merchandise-trade-flows/,0
2010-07-01,2010,7,Jul,Merchandise Imports_Oil & Gas (Millions of US Dollars),97.02,merchandise_trade_flows,https://www.bog.gov.gh/economic-data/merchandise-trade-flows/,0
2010-08-01,2010,8,Aug,Merchandise Imports_Oil & Gas (Millions of US Dollars),210.0,merchandise_trade_flows,https://www.bog.gov.gh/economic-data/merchandise-trade-flows/,0
2010-09-01,2010,9,Sep,Merchandise Imports_Oil & Gas (Millions of US Dollars),158.08,merchandise_trade_flows,https://www.bog.gov.gh/economic-data/merchandise-trade-flows/,0
2010-10-01,2010,10,Oct,Merchandise Imports_Oil & Gas (Millions of US Dollars),218.95,merchandise_trade_flows,https://www.bog.gov.gh/economic-data/merchandise-trade-flows/,0
2010-11-01,2010,11,Nov,Merchandise Imports_Oil & Gas (Millions of US Dollars),166.8,merchandise_trade_flows,https://www.bog.gov.gh/economic-data/merchandise-trade-flows/,0
2010-12-01,2010,12,Dec,Merchandise Imports_Oil & Gas (Millions of US Dollars),139.36,merchandise_trade_flows,https://www.bog.gov.gh/economic-data/merchandise-trade-flows/,0
2011-01-01,2011,1,Jan,Merchandise Imports_Oil & Gas (Millions of US Dollars),235.57,merchandise_trade_flows,https://www.bog.gov.gh/economic-data/merchandise-trade-flows/,0
2011-02-01,2011,2,Feb,Merchandise Imports_Oil & Gas (Millions of US Dollars),197.61,merchandise_trade_flows,https://www.bog.gov.gh/economic-data/merchandise-trade-flows/,0
2011-03-01,2011,3,Mar,Merchandise Imports_Oil & Gas (Millions of US Dollars),259.07,merchandise_trade_flows,https://www.bog.gov.gh/economic-data/merchandise-trade-flows/,0
2011-04-01,2011,4,Apr,Merchandise Imports_Oil & Gas (Millions of US Dollars),262.54,merchandise_trade_flows,https://www.bog.gov.gh/economic-data/merchandise-trade-flows/,0
2011-05-01,2011,5,May,Merchandise Imports_Oil & Gas (Millions of US Dollars),232.13,merchandise_trade_flows,https://www.bog.gov.gh/economic-data/merchandise-trade-flows/,0
2011-06-01,2011,6,Jun,Merchandise Imports_Oil & Gas (Millions of US Dollars),366.74,merchandise_trade_flows,https://www.bog.gov.gh/economic-data/merchandise-trade-flows/,0
2011-07-01,2011,7,Jul,Merchandise Imports_Oil & Gas (Millions of US Dollars),210.13,merchandise_trade_flows,https://www.bog.gov.gh/economic-data/merchandise-trade-flows/,0
2011-08-01,2011,8,Aug,Merchandise Imports_Oil & Gas (Millions of US Dollars),92.17,merchandise_trade_flows,https://www.bog.gov.gh/economic-data/merchandise-trade-flows/,0
2011-09-01,2011,9,Sep,Merchandise Imports_Oil & Gas (Millions of US Dollars),299.88,merchandise_trade_flows,https://www.bog.gov.gh/economic-data/merchandise-trade-flows/,0
2011-10-01,2011,10,Oct,Merchandise Imports_Oil & Gas (Millions of US Dollars),268.11,merchandise_trade_flows,https://www.bog.gov.gh/economic-data/merchandise-trade-flows/,0
2011-11-01,2011,11,Nov,Merchandise Imports_Oil & Gas (Millions of US Dollars),398.25,merchandise_trade_flows,https://www.bog.gov.gh/economic-data/merchandise-trade-flows/,0
2011-12-01,2011,12,Dec,Merchandise Imports_Oil & Gas (Millions of US Dollars),343.21,merchandise_trade_flows,https://www.bog.gov.gh/economic-data/merchandise-trade-flows/,0
2012-01-01,2012,1,Jan,Merchandise Imports_Oil & Gas (Millions of US Dollars),221.26,merchandise_trade_flows,https://www.bog.gov.gh/economic-data/merchandise-trade-flows/,0
2012-02-01,2012,2,Feb,Merchandise Imports_Oil & Gas (Millions of US Dollars),228.53,merchandise_trade_flows,https://www.bog.gov.gh/economic-data/merchandise-trade-flows/,0
2012-03-01,2012,3,Mar,Merchandise Imports_Oil & Gas (Millions of US Dollars),183.65,merchandise_trade_flows,https://www.bog.gov.gh/economic-data/merchandise-trade-flows/,0
2012-04-01,2012,4,Apr,Merchandise Imports_Oil & Gas (Millions of US Dollars),519.3,merchandise_trade_flows,https://www.bog.gov.gh/economic-data/merchandise-trade-flows/,0
2012-05-01,2012,5,May,Merchandise Imports_Oil & Gas (Millions of US Dollars),342.3,merchandise_trade_flows,https://www.bog.gov.gh/economic-data/merchandise-trade-flows/,0
2012-06-01,2012,6,Jun,Merchandise Imports_Oil & Gas (Millions of US Dollars),283.25,merchandise_trade_flows,https://www.bog.gov.gh/economic-data/merchandise-trade-flows/,0
2012-07-01,2012,7,Jul,Merchandise Imports_Oil & Gas (Millions of US Dollars),250.91,merchandise_trade_flows,https://www.bog.gov.gh/economic-data/merchandise-trade-flows/,0
2012-08-01,2012,8,Aug,Merchandise Imports_Oil & Gas (Millions of US Dollars),332.02,merchandise_trade_flows,https://www.bog.gov.gh/economic-data/merchandise-trade-flows/,0
2012-09-01,2012,9,Sep,Merchandise Imports_Oil & Gas (Millions of US Dollars),180.93,merchandise_trade_flows,https://www.bog.gov.gh/economic-data/merchandise-trade-flows/,0
2012-10-01,2012,10,Oct,Merchandise Imports_Oil & Gas (Millions of US Dollars),354.83,merchandise_trade_flows,https://www.bog.gov.gh/economic-data/merchandise-trade-flows/,0
2012-11-01,2012,11,Nov,Merchandise Imports_Oil & Gas (Millions of US Dollars),182.13,merchandise_trade_flows,https://www.bog.gov.gh/economic-data/merchandise-trade-flows/,0
2012-12-01,2012,12,Dec,Merchandise Imports_Oil & Gas (Millions of US Dollars),251.68,merchandise_trade_flows,https://www.bog.gov.gh/economic-data/merchandise-trade-flows/,0
2013-01-01,2013,1,Jan,Merchandise Imports_Oil & Gas (Millions of US Dollars),263.22,merchandise_trade_flows,https://www.bog.gov.gh/economic-data/merchandise-trade-flows/,0
2013-02-01,2013,2,Feb,Merchandise Imports_Oil & Gas (Millions of US Dollars),353.43,merchandise_trade_flows,https://www.bog.gov.gh/economic-data/merchandise-trade-flows/,0
2013-03-01,2013,3,Mar,Merchandise Imports_Oil & Gas (Millions of US Dollars),362.17,merchandise_trade_flows,https://www.bog.gov.gh/economic-data/merchandise-trade-flows/,0
2013-04-01,2013,4,Apr,Merchandise Imports_Oil & Gas (Millions of US Dollars),308.66,merchandise_trade_flows,https://www.bog.gov.gh/economic-data/merchandise-trade-flows/,0
2013-05-01,2013,5,May,Merchandise Imports_Oil & Gas (Millions of US Dollars),292.41,merchandise_trade_flows,https://www.bog.gov.gh/economic-data/merchandise-trade-flows/,0
2013-06-01,2013,6,Jun,Merchandise Imports_Oil & Gas (Millions of US Dollars),291.16,merchandise_trade_flows,https://www.bog.gov.gh/economic-data/merchandise-trade-flows/,0
2013-07-01,2013,7,Jul,Merchandise Imports_Oil & Gas (Millions of US Dollars),179.38,merchandise_trade_flows,https://www.bog.gov.gh/economic-data/merchandise-trade-flows/,0
2013-08-01,2013,8,Aug,Merchandise Imports_Oil & Gas (Millions of US Dollars),344.41,merchandise_trade_flows,https://www.bog.gov.gh/economic-data/merchandise-trade-flows/,0
2013-09-01,2013,9,Sep,Merchandise Imports_Oil & Gas (Millions of US Dollars),215.48,merchandise_trade_flows,https://www.bog.gov.gh/economic-data/merchandise-trade-flows/,0
2013-10-01,2013,10,Oct,Merchandise Imports_Oil & Gas (Millions of US Dollars),325.24,merchandise_trade_flows,https://www.bog.gov.gh/economic-data/merchandise-trade-flows/,0
2013-11-01,2013,11,Nov,Merchandise Imports_Oil & Gas (Millions of US Dollars),322.41,merchandise_trade_flows,https://www.bog.gov.gh/economic-data/merchandise-trade-flows/,0
2013-12-01,2013,12,Dec,Merchandise Imports_Oil & Gas (Millions of US Dollars),292.47,merchandise_trade_flows,https://www.bog.gov.gh/economic-data/merchandise-trade-flows/,0
2014-01-01,2014,1,Jan,Merchandise Imports_Oil & Gas (Millions of US Dollars),273.36,merchandise_trade_flows,https://www.bog.gov.gh/economic-data/merchandise-trade-flows/,0
2014-02-01,2014,2,Feb,Merchandise Imports_Oil & Gas (Millions of US Dollars),388.99,merchandise_trade_flows,https://www.bog.gov.gh/economic-data/merchandise-trade-flows/,0
2014-03-01,2014,3,Mar,Merchandise Imports_Oil & Gas (Millions of US Dollars),323.96,merchandise_trade_flows,https://www.bog.gov.gh/economic-data/merchandise-trade-flows/,0
2014-04-01,2014,4,Apr,Merchandise Imports_Oil & Gas (Millions of US Dollars),325.13,merchandise_trade_flows,https://www.bog.gov.gh/economic-data/merchandise-trade-flows/,0
2014-05-01,2014,5,May,Merchandise Imports_Oil & Gas (Millions of US Dollars),242.0,merchandise_trade_flows,https://www.bog.gov.gh/economic-data/merchandise-trade-flows/,0
2014-06-01,2014,6,Jun,Merchandise Imports_Oil & Gas (Millions of US Dollars),256.31,merchandise_trade_flows,https://www.bog.gov.gh/economic-data/merchandise-trade-flows/,0
2014-07-01,2014,7,Jul,Merchandise Imports_Oil & Gas (Millions of US Dollars),237.5,merchandise_trade_flows,https://www.bog.gov.gh/economic-data/merchandise-trade-flows/,0
2014-08-01,2014,8,Aug,Merchandise Imports_Oil & Gas (Millions of US Dollars),327.83,merchandise_trade_flows,https://www.bog.gov.gh/economic-data/merchandise-trade-flows/,0
2014-09-01,2014,9,Sep,Merchandise Imports_Oil & Gas (Millions of US Dollars),327.41,merchandise_trade_flows,https://www.bog.gov.gh/economic-data/merchandise-trade-flows/,0
2014-10-01,2014,10,Oct,Merchandise Imports_Oil & Gas (Millions of US Dollars),466.73,merchandise_trade_flows,https://www.bog.gov.gh/economic-data/merchandise-trade-flows/,0
2014-11-01,2014,11,Nov,Merchandise Imports_Oil & Gas (Millions of US Dollars),256.12,merchandise_trade_flows,https://www.bog.gov.gh/economic-data/merchandise-trade-flows/,0
2014-12-01,2014,12,Dec,Merchandise Imports_Oil & Gas (Millions of US Dollars),268.6,merchandise_trade_flows,https://www.bog.gov.gh/economic-data/merchandise-trade-flows/,0
2015-01-01,2015,1,Jan,Merchandise Imports_Oil & Gas (Millions of US Dollars),150.83,merchandise_trade_flows,https://www.bog.gov.gh/economic-data/merchandise-trade-flows/,0
2015-02-01,2015,2,Feb,Merchandise Imports_Oil & Gas (Millions of US Dollars),134.24,merchandise_trade_flows,https://www.bog.gov.gh/economic-data/merchandise-trade-flows/,0
2015-03-01,2015,3,Mar,Merchandise Imports_Oil & Gas (Millions of US Dollars),176.74,merchandise_trade_flows,https://www.bog.gov.gh/economic-data/merchandise-trade-flows/,0
2015-04-01,2015,4,Apr,Merchandise Imports_Oil & Gas (Millions of US Dollars),196.25,merchandise_trade_flows,https://www.bog.gov.gh/economic-data/merchandise-trade-flows/,0
2015-05-01,2015,5,May,Merchandise Imports_Oil & Gas (Millions of US Dollars),225.32,merchandise_trade_flows,https://www.bog.gov.gh/economic-data/merchandise-trade-flows/,0
2015-06-01,2015,6,Jun,Merchandise Imports_Oil & Gas (Millions of US Dollars),174.36,merchandise_trade_flows,https://www.bog.gov.gh/economic-data/merchandise-trade-flows/,0
2015-07-01,2015,7,Jul,Merchandise Imports_Oil & Gas (Millions of US Dollars),187.5,merchandise_trade_flows,https://www.bog.gov.gh/economic-data/merchandise-trade-flows/,0
2015-08-01,2015,8,Aug,Merchandise Imports_Oil & Gas (Millions of US Dollars),217.23,merchandise_trade_flows,https://www.bog.gov.gh/economic-data/merchandise-trade-flows/,0
2015-09-01,2015,9,Sep,Merchandise Imports_Oil & Gas (Millions of US Dollars),133.4,merchandise_trade_flows,https://www.bog.gov.gh/economic-data/merchandise-trade-flows/,0
2015-10-01,2015,10,Oct,Merchandise Imports_Oil & Gas (Millions of US Dollars),184.68,merchandise_trade_flows,https://www.bog.gov.gh/economic-data/merchandise-trade-flows/,0
2015-11-01,2015,11,Nov,Merchandise Imports_Oil & Gas (Millions of US Dollars),140.83,merchandise_trade_flows,https://www.bog.gov.gh/economic-data/merchandise-trade-flows/,0
2015-12-01,2015,12,Dec,Merchandise Imports_Oil & Gas (Millions of US Dollars),125.33,merchandise_trade_flows,https://www.bog.gov.gh/economic-data/merchandise-trade-flows/,0
2016-01-01,2016,1,Jan,Merchandise Imports_Oil & Gas (Millions of US Dollars),141.55,merchandise_trade_flows,https://www.bog.gov.gh/economic-data/merchandise-trade-flows/,0
2016-02-01,2016,2,Feb,Merchandise Imports_Oil & Gas (Millions of US Dollars),131.87,merchandise_trade_flows,https://www.bog.gov.gh/economic-data/merchandise-trade-flows/,0
2016-03-01,2016,3,Mar,Merchandise Imports_Oil & Gas (Millions of US Dollars),143.45,merchandise_trade_flows,https://www.bog.gov.gh/economic-data/merchandise-trade-flows/,0
2016-04-01,2016,4,Apr,Merchandise Imports_Oil & Gas (Millions of US Dollars),142.81,merchandise_trade_flows,https://www.bog.gov.gh/economic-data/merchandise-trade-flows/,0
2016-05-01,2016,5,May,Merchandise Imports_Oil & Gas (Millions of US Dollars),189.22,merchandise_trade_flows,https://www.bog.gov.gh/economic-data/merchandise-trade-flows/,0
2016-06-01,2016,6,Jun,Merchandise Imports_Oil & Gas (Millions of US Dollars),153.36,merchandise_trade_flows,https://www.bog.gov.gh/economic-data/merchandise-trade-flows/,0
2016-07-01,2016,7,Jul,Merchandise Imports_Oil & Gas (Millions of US Dollars),194.61,merchandise_trade_flows,https://www.bog.gov.gh/economic-data/merchandise-trade-flows/,0
2016-08-01,2016,8,Aug,Merchandise Imports_Oil & Gas (Millions of US Dollars),152.8,merchandise_trade_flows,https://www.bog.gov.gh/economic-data/merchandise-trade-flows/,0
2016-09-01,2016,9,Sep,Merchandise Imports_Oil & Gas (Millions of US Dollars),182.87,merchandise_trade_flows,https://www.bog.gov.gh/economic-data/merchandise-trade-flows/,0
2016-10-01,2016,10,Oct,Merchandise Imports_Oil & Gas (Millions of US Dollars),144.61,merchandise_trade_flows,https://www.bog.gov.gh/economic-data/merchandise-trade-flows/,0
2016-11-01,2016,11,Nov,Merchandise Imports_Oil & Gas (Millions of US Dollars),133.8,merchandise_trade_flows,https://www.bog.gov.gh/economic-data/merchandise-trade-flows/,0
2016-12-01,2016,12,Dec,Merchandise Imports_Oil & Gas (Millions of US Dollars),123.94,merchandise_trade_flows,https://www.bog.gov.gh/economic-data/merchandise-trade-flows/,0
2017-01-01,2017,1,Jan,Merchandise Imports_Oil & Gas (Millions of US Dollars),187.76,merchandise_trade_flows,https://www.bog.gov.gh/economic-data/merchandise-trade-flows/,0
2017-02-01,2017,2,Feb,Merchandise Imports_Oil & Gas (Millions of US Dollars),221.09,merchandise_trade_flows,https://www.bog.gov.gh/economic-data/merchandise-trade-flows/,0
2017-03-01,2017,3,Mar,Merchandise Imports_Oil & Gas (Millions of US Dollars),159.81,merchandise_trade_flows,https://www.bog.gov.gh/economic-data/merchandise-trade-flows/,0
2017-04-01,2017,4,Apr,Merchandise Imports_Oil & Gas (Millions of US Dollars),191.84,merchandise_trade_flows,https://www.bog.gov.gh/economic-data/merchandise-trade-flows/,0
2017-05-01,2017,5,May,Merchandise Imports_Oil & Gas (Millions of US Dollars),158.63,merchandise_trade_flows,https://www.bog.gov.gh/economic-data/merchandise-trade-flows/,0
2017-06-01,2017,6,Jun,Merchandise Imports_Oil & Gas (Millions of US Dollars),150.42,merchandise_trade_flows,https://www.bog.gov.gh/economic-data/merchandise-trade-flows/,0
2017-07-01,2017,7,Jul,Merchandise Imports_Oil & Gas (Millions of US Dollars),138.78,merchandise_trade_flows,https://www.bog.gov.gh/economic-data/merchandise-trade-flows/,0
2017-08-01,2017,8,Aug,Merchandise Imports_Oil & Gas (Millions of US Dollars),185.5,merchandise_trade_flows,https://www.bog.gov.gh/economic-data/merchandise-trade-flows/,0
2017-09-01,2017,9,Sep,Merchandise Imports_Oil & Gas (Millions of US Dollars),144.15,merchandise_trade_flows,https://www.bog.gov.gh/economic-data/merchandise-trade-flows/,0
2017-10-01,2017,10,Oct,Merchandise Imports_Oil & Gas (Millions of US Dollars),137.84,merchandise_trade_flows,https://www.bog.gov.gh/economic-data/merchandise-trade-flows/,0
2017-11-01,2017,11,Nov,Merchandise Imports_Oil & Gas (Millions of US Dollars),127.48,merchandise_trade_flows,https://www.bog.gov.gh/economic-data/merchandise-trade-flows/,0
2017-12-01,2017,12,Dec,Merchandise Imports_Oil & Gas (Millions of US Dollars),188.85,merchandise_trade_flows,https://www.bog.gov.gh/economic-data/merchandise-trade-flows/,0
2018-01-01,2018,1,Jan,Merchandise Imports_Oil & Gas (Millions of US Dollars),210.82,merchandise_trade_flows,https://www.bog.gov.gh/economic-data/merchandise-trade-flows/,0
2018-02-01,2018,2,Feb,Merchandise Imports_Oil & Gas (Millions of US Dollars),176.1,merchandise_trade_flows,https://www.bog.gov.gh/economic-data/merchandise-trade-flows/,0
2018-03-01,2018,3,Mar,Merchandise Imports_Oil & Gas (Millions of US Dollars),273.51,merchandise_trade_flows,https://www.bog.gov.gh/economic-data/merchandise-trade-flows/,0
2018-04-01,2018,4,Apr,Merchandise Imports_Oil & Gas (Millions of US Dollars),246.13,merchandise_trade_flows,https://www.bog.gov.gh/economic-data/merchandise-trade-flows/,0
2018-05-01,2018,5,May,Merchandise Imports_Oil & Gas (Millions of US Dollars),249.69,merchandise_trade_flows,https://www.bog.gov.gh/economic-data/merchandise-trade-flows/,0
2018-06-01,2018,6,Jun,Merchandise Imports_Oil & Gas (Millions of US Dollars),152.91,merchandise_trade_flows,https://www.bog.gov.gh/economic-data/merchandise-trade-flows/,0
2018-07-01,2018,7,Jul,Merchandise Imports_Oil & Gas (Millions of US Dollars),222.48,merchandise_trade_flows,https://www.bog.gov.gh/economic-data/merchandise-trade-flows/,0
2018-08-01,2018,8,Aug,Merchandise Imports_Oil & Gas (Millions of US Dollars),165.28,merchandise_trade_flows,https://www.bog.gov.gh/economic-data/merchandise-trade-flows/,0
2018-09-01,2018,9,Sep,Merchandise Imports_Oil & Gas (Millions of US Dollars),200.62,merchandise_trade_flows,https://www.bog.gov.gh/economic-data/merchandise-trade-flows/,0
2018-10-01,2018,10,Oct,Merchandise Imports_Oil & Gas (Millions of US Dollars),303.36,merchandise_trade_flows,https://www.bog.gov.gh/economic-data/merchandise-trade-flows/,0
2018-11-01,2018,11,Nov,Merchandise Imports_Oil & Gas (Millions of US Dollars),164.2,merchandise_trade_flows,https://www.bog.gov.gh/economic-data/merchandise-trade-flows/,0
2018-12-01,2018,12,Dec,Merchandise Imports_Oil & Gas (Millions of US Dollars),215.81,merchandise_trade_flows,https://www.bog.gov.gh/economic-data/merchandise-trade-flows/,0
2019-01-01,2019,1,Jan,Merchandise Imports_Oil & Gas (Millions of US Dollars),193.51,merchandise_trade_flows,https://www.bog.gov.gh/economic-data/merchandise-trade-flows/,0
2019-02-01,2019,2,Feb,Merchandise Imports_Oil & Gas (Millions of US Dollars),222.46,merchandise_trade_flows,https://www.bog.gov.gh/economic-data/merchandise-trade-flows/,0
2019-03-01,2019,3,Mar,Merchandise Imports_Oil & Gas (Millions of US Dollars),259.97,merchandise_trade_flows,https://www.bog.gov.gh/economic-data/merchandise-trade-flows/,0
2019-04-01,2019,4,Apr,Merchandise Imports_Oil & Gas (Millions of US Dollars),190.92,merchandise_trade_flows,https://www.bog.gov.gh/economic-data/merchandise-trade-flows/,0
2019-05-01,2019,5,May,Merchandise Imports_Oil & Gas (Millions of US Dollars),168.18,merchandise_trade_flows,https://www.bog.gov.gh/economic-data/merchandise-trade-flows/,0
2019-06-01,2019,6,Jun,Merchandise Imports_Oil & Gas (Millions of US Dollars),239.42,merchandise_trade_flows,https://www.bog.gov.gh/economic-data/merchandise-trade-flows/,0
2019-07-01,2019,7,Jul,Merchandise Imports_Oil & Gas (Millions of US Dollars),240.25,merchandise_trade_flows,https://www.bog.gov.gh/economic-data/merchandise-trade-flows/,0
2019-08-01,2019,8,Aug,Merchandise Imports_Oil & Gas (Millions of US Dollars),216.58,merchandise_trade_flows,https://www.bog.gov.gh/economic-data/merchandise-trade-flows/,0
2019-09-01,2019,9,Sep,Merchandise Imports_Oil & Gas (Millions of US Dollars),147.78,merchandise_trade_flows,https://www.bog.gov.gh/economic-data/merchandise-trade-flows/,0
2019-10-01,2019,10,Oct,Merchandise Imports_Oil & Gas (Millions of US Dollars),276.29,merchandise_trade_flows,https://www.bog.gov.gh/economic-data/merchandise-trade-flows/,0
2019-11-01,2019,11,Nov,Merchandise Imports_Oil & Gas (Millions of US Dollars),150.04,merchandise_trade_flows,https://www.bog.gov.gh/economic-data/merchandise-trade-flows/,0
2019-12-01,2019,12,Dec,Merchandise Imports_Oil & Gas (Millions of US Dollars),114.85,merchandise_trade_flows,https://www.bog.gov.gh/economic-data/merchandise-trade-flows/,0
2020-01-01,2020,1,Jan,Merchandise Imports_Oil & Gas (Millions of US Dollars),215.11,merchandise_trade_flows,https://www.bog.gov.gh/economic-data/merchandise-trade-flows/,0
2020-02-01,2020,2,Feb,Merchandise Imports_Oil & Gas (Millions of US Dollars),159.66,merchandise_trade_flows,https://www.bog.gov.gh/economic-data/merchandise-trade-flows/,0
2020-03-01,2020,3,Mar,Merchandise Imports_Oil & Gas (Millions of US Dollars),175.83,merchandise_trade_flows,https://www.bog.gov.gh/economic-data/merchandise-trade-flows/,0
2020-04-01,2020,4,Apr,Merchandise Imports_Oil & Gas (Millions of US Dollars),118.94,merchandise_trade_flows,https://www.bog.gov.gh/economic-data/merchandise-trade-flows/,0
2020-05-01,2020,5,May,Merchandise Imports_Oil & Gas (Millions of US Dollars),127.03,merchandise_trade_flows,https://www.bog.gov.gh/economic-data/merchandise-trade-flows/,0
2020-06-01,2020,6,Jun,Merchandise Imports_Oil & Gas (Millions of US Dollars),120.17,merchandise_trade_flows,https://www.bog.gov.gh/economic-data/merchandise-trade-flows/,0
2020-07-01,2020,7,Jul,Merchandise Imports_Oil & Gas (Millions of US Dollars),163.4,merchandise_trade_flows,https://www.bog.gov.gh/economic-data/merchandise-trade-flows/,0
2020-08-01,2020,8,Aug,Merchandise Imports_Oil & Gas (Millions of US Dollars),123.85,merchandise_trade_flows,https://www.bog.gov.gh/economic-data/merchandise-trade-flows/,0
2020-09-01,2020,9,Sep,Merchandise Imports_Oil & Gas (Millions of US Dollars),136.47,merchandise_trade_flows,https://www.bog.gov.gh/economic-data/merchandise-trade-flows/,0
2020-10-01,2020,10,Oct,Merchandise Imports_Oil & Gas (Millions of US Dollars),215.76,merchandise_trade_flows,https://www.bog.gov.gh/economic-data/merchandise-trade-flows/,0
2020-11-01,2020,11,Nov,Merchandise Imports_Oil & Gas (Millions of US Dollars),169.43,merchandise_trade_flows,https://www.bog.gov.gh/economic-data/merchandise-trade-flows/,0
2020-12-01,2020,12,Dec,Merchandise Imports_Oil & Gas (Millions of US Dollars),164.88,merchandise_trade_flows,https://www.bog.gov.gh/economic-data/merchandise-trade-flows/,0
2021-01-01,2021,1,Jan,Merchandise Imports_Oil & Gas (Millions of US Dollars),214.39,merchandise_trade_flows,https://www.bog.gov.gh/economic-data/merchandise-trade-flows/,0
2021-02-01,2021,2,Feb,Merchandise Imports_Oil & Gas (Millions of US Dollars),124.08,merchandise_trade_flows,https://www.bog.gov.gh/economic-data/merchandise-trade-flows/,0
2021-03-01,2021,3,Mar,Merchandise Imports_Oil & Gas (Millions of US Dollars),197.47,merchandise_trade_flows,https://www.bog.gov.gh/economic-data/merchandise-trade-flows/,0
2021-04-01,2021,4,Apr,Merchandise Imports_Oil & Gas (Millions of US Dollars),228.76,merchandise_trade_flows,https://www.bog.gov.gh/economic-data/merchandise-trade-flows/,0
2021-05-01,2021,5,May,Merchandise Imports_Oil & Gas (Millions of US Dollars),248.78,merchandise_trade_flows,https://www.bog.gov.gh/economic-data/merchandise-trade-flows/,0
2021-06-01,2021,6,Jun,Merchandise Imports_Oil & Gas (Millions of US Dollars),204.07,merchandise_trade_flows,https://www.bog.gov.gh/economic-data/merchandise-trade-flows/,0
2021-07-01,2021,7,Jul,Merchandise Imports_Oil & Gas (Millions of US Dollars),230.41,merchandise_trade_flows,https://www.bog.gov.gh/economic-data/merchandise-trade-flows/,0
2021-08-01,2021,8,Aug,Merchandise Imports_Oil & Gas (Millions of US Dollars),219.72,merchandise_trade_flows,https://www.bog.gov.gh/economic-data/merchandise-trade-flows/,0
2021-09-01,2021,9,Sep,Merchandise Imports_Oil & Gas (Millions of US Dollars),193.23,merchandise_trade_flows,https://www.bog.gov.gh/economic-data/merchandise-trade-flows/,0
2021-10-01,2021,10,Oct,Merchandise Imports_Oil & Gas (Millions of US Dollars),219.5,merchandise_trade_flows,https://www.bog.gov.gh/economic-data/merchandise-trade-flows/,0
2021-11-01,2021,11,Nov,Merchandise Imports_Oil & Gas (Millions of US Dollars),358.94,merchandise_trade_flows,https://www.bog.gov.gh/economic-data/merchandise-trade-flows/,0
2021-12-01,2021,12,Dec,Merchandise Imports_Oil & Gas (Millions of US Dollars),279.81,merchandise_trade_flows,https://www.bog.gov.gh/economic-data/merchandise-trade-flows/,0
2022-01-01,2022,1,Jan,Merchandise Imports_Oil & Gas (Millions of US Dollars),246.51,merchandise_trade_flows,https://www.bog.gov.gh/economic-data/merchandise-trade-flows/,0
2022-02-01,2022,2,Feb,Merchandise Imports_Oil & Gas (Millions of US Dollars),347.97,merchandise_trade_flows,https://www.bog.gov.gh/economic-data/merchandise-trade-flows/,0
2022-03-01,2022,3,Mar,Merchandise Imports_Oil & Gas (Millions of US Dollars),384.27,merchandise_trade_flows,https://www.bog.gov.gh/economic-data/merchandise-trade-flows/,0
2022-04-01,2022,4,Apr,Merchandise Imports_Oil & Gas (Millions of US Dollars),307.6,merchandise_trade_flows,https://www.bog.gov.gh/economic-data/merchandise-trade-flows/,0
2022-05-01,2022,5,May,Merchandise Imports_Oil & Gas (Millions of US Dollars),448.55,merchandise_trade_flows,https://www.bog.gov.gh/economic-data/merchandise-trade-flows/,0
2022-06-01,2022,6,Jun,Merchandise Imports_Oil & Gas (Millions of US Dollars),483.6,merchandise_trade_flows,https://www.bog.gov.gh/economic-data/merchandise-trade-flows/,0
2022-07-01,2022,7,Jul,Merchandise Imports_Oil & Gas (Millions of US Dollars),580.28,merchandise_trade_flows,https://www.bog.gov.gh/economic-data/merchandise-trade-flows/,0
2022-08-01,2022,8,Aug,Merchandise Imports_Oil & Gas (Millions of US Dollars),450.84,merchandise_trade_flows,https://www.bog.gov.gh/economic-data/merchandise-trade-flows/,0
2022-09-01,2022,9,Sep,Merchandise Imports_Oil & Gas (Millions of US Dollars),456.79,merchandise_trade_flows,https://www.bog.gov.gh/economic-data/merchandise-trade-flows/,0
2022-10-01,2022,10,Oct,Merchandise Imports_Oil & Gas (Millions of US Dollars),308.01,merchandise_trade_flows,https://www.bog.gov.gh/economic-data/merchandise-trade-flows/,0
2022-11-01,2022,11,Nov,Merchandise Imports_Oil & Gas (Millions of US Dollars),335.48,merchandise_trade_flows,https://www.bog.gov.gh/economic-data/merchandise-trade-flows/,0
2022-12-01,2022,12,Dec,Merchandise Imports_Oil & Gas (Millions of US Dollars),308.99,merchandise_trade_flows,https://www.bog.gov.gh/economic-data/merchandise-trade-flows/,0
2023-01-01,2023,1,Jan,Merchandise Imports_Oil & Gas (Millions of US Dollars),303.89,merchandise_trade_flows,https://www.bog.gov.gh/economic-data/merchandise-trade-flows/,0
2023-02-01,2023,2,Feb,Merchandise Imports_Oil & Gas (Millions of US Dollars),308.19,merchandise_trade_flows,https://www.bog.gov.gh/economic-data/merchandise-trade-flows/,0
2023-03-01,2023,3,Mar,Merchandise Imports_Oil & Gas (Millions of US Dollars),297.82,merchandise_trade_flows,https://www.bog.gov.gh/economic-data/merchandise-trade-flows/,0
2023-04-01,2023,4,Apr,Merchandise Imports_Oil & Gas (Millions of US Dollars),294.97,merchandise_trade_flows,https://www.bog.gov.gh/economic-data/merchandise-trade-flows/,0
2023-05-01,2023,5,May,Merchandise Imports_Oil & Gas (Millions of US Dollars),0.0,merchandise_trade_flows,https://www.bog.gov.gh/economic-data/merchandise-trade-flows/,0
2023-06-01,2023,6,Jun,Merchandise Imports_Oil & Gas (Millions of US Dollars),0.0,merchandise_trade_flows,https://www.bog.gov.gh/economic-data/merchandise-trade-flows/,0
2023-07-01,2023,7,Jul,Merchandise Imports_Oil & Gas (Millions of US Dollars),0.0,merchandise_trade_flows,https://www.bog.gov.gh/economic-data/merchandise-trade-flows/,0
2023-08-01,2023,8,Aug,Merchandise Imports_Oil & Gas (Millions of US Dollars),0.0,merchandise_trade_flows,https://www.bog.gov.gh/economic-data/merchandise-trade-flows/,0
2023-09-01,2023,9,Sep,Merchandise Imports_Oil & Gas (Millions of US Dollars),0.0,merchandise_trade_flows,https://www.bog.gov.gh/economic-data/merchandise-trade-flows/,0
2023-10-01,2023,10,Oct,Merchandise Imports_Oil & Gas (Millions of US Dollars),0.0,merchandise_trade_flows,https://www.bog.gov.gh/economic-data/merchandise-trade-flows/,0
2023-11-01,2023,11,Nov,Merchandise Imports_Oil & Gas (Millions of US Dollars),0.0,merchandise_trade_flows,https://www.bog.gov.gh/economic-data/merchandise-trade-flows/,0
2023-12-01,2023,12,Dec,Merchandise Imports_Oil & Gas (Millions of US Dollars),0.0,merchandise_trade_flows,https://www.bog.gov.gh/economic-data/merchandise-trade-flows/,0
