date,year,month,month_name,variable,value,source_page,source_url,datatable_index,quarter,quarter_name
1973-01-01,1973,1,Jan,Inflation Headline (%) Year-on-Year,6.0,real_sector,https://www.bog.gov.gh/economic-data/real-sector/,0,,
1973-02-01,1973,2,Feb,Inflation Headline (%) Year-on-Year,10.9,real_sector,https://www.bog.gov.gh/economic-data/real-sector/,0,,
1973-03-01,1973,3,Mar,Inflation Headline (%) Year-on-Year,11.17,real_sector,https://www.bog.gov.gh/economic-data/real-sector/,0,,
1973-04-01,1973,4,Apr,Inflation Headline (%) Year-on-Year,10.72,real_sector,https://www.bog.gov.gh/economic-data/real-sector/,0,,
1973-05-01,1973,5,May,Inflation Headline (%) Year-on-Year,12.46,real_sector,https://www.bog.gov.gh/economic-data/real-sector/,0,,
1973-06-01,1973,6,Jun,Inflation Headline (%) Year-on-Year,5.95,real_sector,https://www.bog.gov.gh/economic-data/real-sector/,0,,
1973-07-01,1973,7,Jul,Inflation Headline (%) Year-on-Year,27.3,real_sector,https://www.bog.gov.gh/economic-data/real-sector/,0,,
1973-08-01,1973,8,Aug,Inflation Headline (%) Year-on-Year,27.13,real_sector,https://www.bog.gov.gh/economic-data/real-sector/,0,,
1973-09-01,1973,9,Sep,Inflation Headline (%) Year-on-Year,25.71,real_sector,https://www.bog.gov.gh/economic-data/real-sector/,0,,
1973-10-01,1973,10,Oct,Inflation Headline (%) Year-on-Year,23.78,real_sector,https://www.bog.gov.gh/economic-data/real-sector/,0,,
1973-11-01,1973,11,Nov,Inflation Headline (%) Year-on-Year,24.42,real_sector,https://www.bog.gov.gh/economic-data/real-sector/,0,,
1973-12-01,1973,12,Dec,Inflation Headline (%) Year-on-Year,25.35,real_sector,https://www.bog.gov.gh/economic-data/real-sector/,0,,
1973-12-31,1973,,,Inflation Headline (%) Year-on-Year,6.0,real_sector,https://www.bog.gov.gh/economic-data/real-sector/,0,,
1974-01-01,1974,1,Jan,Inflation Headline (%) Year-on-Year,23.6,real_sector,https://www.bog.gov.gh/economic-data/real-sector/,0,,
1974-02-01,1974,2,Feb,Inflation Headline (%) Year-on-Year,22.9,real_sector,https://www.bog.gov.gh/economic-data/real-sector/,0,,
1974-03-01,1974,3,Mar,Inflation Headline (%) Year-on-Year,21.2,real_sector,https://www.bog.gov.gh/economic-data/real-sector/,0,,
1974-04-01,1974,4,Apr,Inflation Headline (%) Year-on-Year,19.9,real_sector,https://www.bog.gov.gh/economic-data/real-sector/,0,,
1974-05-01,1974,5,May,Inflation Headline (%) Year-on-Year,20.5,real_sector,https://www.bog.gov.gh/economic-data/real-sector/,0,,
1974-06-01,1974,6,Jun,Inflation Headline (%) Year-on-Year,19.6,real_sector,https://www.bog.gov.gh/economic-data/real-sector/,0,,
1974-07-01,1974,7,Jul,Inflation Headline (%) Year-on-Year,14.3,real_sector,https://www.bog.gov.gh/economic-data/real-sector/,0,,
1974-08-01,1974,8,Aug,Inflation Headline (%) Year-on-Year,16.5,real_sector,https://www.bog.gov.gh/economic-data/real-sector/,0,,
1974-09-01,1974,9,Sep,Inflation Headline (%) Year-on-Year,15.1,real_sector,https://www.bog.gov.gh/economic-data/real-sector/,0,,
1974-10-01,1974,10,Oct,Inflation Headline (%) Year-on-Year,16.3,real_sector,https://www.bog.gov.gh/economic-data/real-sector/,0,,
1974-11-01,1974,11,Nov,Inflation Headline (%) Year-on-Year,16.7,real_sector,https://www.bog.gov.gh/economic-data/real-sector/,0,,
1974-12-01,1974,12,Dec,Inflation Headline (%) Year-on-Year,16.1,real_sector,https://www.bog.gov.gh/economic-data/real-sector/,0,,
1974-12-31,1974,,,Inflation Headline (%) Year-on-Year,23.6,real_sector,https://www.bog.gov.gh/economic-data/real-sector/,0,,
1975-01-01,1975,1,Jan,Inflation Headline (%) Year-on-Year,20.3,real_sector,https://www.bog.gov.gh/economic-data/real-sector/,0,,
1975-02-01,1975,2,Feb,Inflation Headline (%) Year-on-Year,19.2,real_sector,https://www.bog.gov.gh/economic-data/real-sector/,0,,
1975-03-01,1975,3,Mar,Inflation Headline (%) Year-on-Year,20.3,real_sector,https://www.bog.gov.gh/economic-data/real-sector/,0,,
1975-04-01,1975,4,Apr,Inflation Headline (%) Year-on-Year,24.7,real_sector,https://www.bog.gov.gh/economic-data/real-sector/,0,,
1975-05-01,1975,5,May,Inflation Headline (%) Year-on-Year,24.6,real_sector,https://www.bog.gov.gh/economic-data/real-sector/,0,,
1975-06-01,1975,6,Jun,Inflation Headline (%) Year-on-Year,28.8,real_sector,https://www.bog.gov.gh/economic-data/real-sector/,0,,
1975-07-01,1975,7,Jul,Inflation Headline (%) Year-on-Year,28.5,real_sector,https://www.bog.gov.gh/economic-data/real-sector/,0,,
1975-08-01,1975,8,Aug,Inflation Headline (%) Year-on-Year,30.9,real_sector,https://www.bog.gov.gh/economic-data/real-sector/,0,,
1975-09-01,1975,9,Sep,Inflation Headline (%) Year-on-Year,36.4,real_sector,https://www.bog.gov.gh/economic-data/real-sector/,0,,
1975-10-01,1975,10,Oct,Inflation Headline (%) Year-on-Year,38.8,real_sector,https://www.bog.gov.gh/economic-data/real-sector/,0,,
1975-11-01,1975,11,Nov,Inflation Headline (%) Year-on-Year,39.3,real_sector,https://www.bog.gov.gh/economic-data/real-sector/,0,,
1975-12-01,1975,12,Dec,Inflation Headline (%) Year-on-Year,40.4,real_sector,https://www.bog.gov.gh/economic-data/real-sector/,0,,
1975-12-31,1975,,,Inflation Headline (%) Year-on-Year,20.3,real_sector,https://www.bog.gov.gh/economic-data/real-sector/,0,,
1976-01-01,1976,1,Jan,Inflation Headline (%) Year-on-Year,44.2,real_sector,https://www.bog.gov.gh/economic-data/real-sector/,0,,
1976-02-01,1976,2,Feb,Inflation Headline (%) Year-on-Year,48.9,real_sector,https://www.bog.gov.gh/economic-data/real-sector/,0,,
1976-03-01,1976,3,Mar,Inflation Headline (%) Year-on-Year,50.0,real_sector,https://www.bog.gov.gh/economic-data/real-sector/,0,,
1976-04-01,1976,4,Apr,Inflation Headline (%) Year-on-Year,46.4,real_sector,https://www.bog.gov.gh/economic-data/real-sector/,0,,
1976-05-01,1976,5,May,Inflation Headline (%) Year-on-Year,50.6,real_sector,https://www.bog.gov.gh/economic-data/real-sector/,0,,
1976-06-01,1976,6,Jun,Inflation Headline (%) Year-on-Year,52.4,real_sector,https://www.bog.gov.gh/economic-data/real-sector/,0,,
1976-07-01,1976,7,Jul,Inflation Headline (%) Year-on-Year,62.3,real_sector,https://www.bog.gov.gh/economic-data/real-sector/,0,,
1976-08-01,1976,8,Aug,Inflation Headline (%) Year-on-Year,62.5,real_sector,https://www.bog.gov.gh/economic-data/real-sector/,0,,
1976-09-01,1976,9,Sep,Inflation Headline (%) Year-on-Year,63.3,real_sector,https://www.bog.gov.gh/economic-data/real-sector/,0,,
1976-10-01,1976,10,Oct,Inflation Headline (%) Year-on-Year,62.0,real_sector,https://www.bog.gov.gh/economic-data/real-sector/,0,,
1976-11-01,1976,11,Nov,Inflation Headline (%) Year-on-Year,58.1,real_sector,https://www.bog.gov.gh/economic-data/real-sector/,0,,
1976-12-01,1976,12,Dec,Inflation Headline (%) Year-on-Year,67.0,real_sector,https://www.bog.gov.gh/economic-data/real-sector/,0,,
1976-12-31,1976,,,Inflation Headline (%) Year-on-Year,44.2,real_sector,https://www.bog.gov.gh/economic-data/real-sector/,0,,
1977-01-01,1977,1,Jan,Inflation Headline (%) Year-on-Year,64.2,real_sector,https://www.bog.gov.gh/economic-data/real-sector/,0,,
1977-02-01,1977,2,Feb,Inflation Headline (%) Year-on-Year,67.2,real_sector,https://www.bog.gov.gh/economic-data/real-sector/,0,,
1977-03-01,1977,3,Mar,Inflation Headline (%) Year-on-Year,80.7,real_sector,https://www.bog.gov.gh/economic-data/real-sector/,0,,
1977-04-01,1977,4,Apr,Inflation Headline (%) Year-on-Year,102.9,real_sector,https://www.bog.gov.gh/economic-data/real-sector/,0,,
1977-05-01,1977,5,May,Inflation Headline (%) Year-on-Year,112.7,real_sector,https://www.bog.gov.gh/economic-data/real-sector/,0,,
1977-06-01,1977,6,Jun,Inflation Headline (%) Year-on-Year,144.6,real_sector,https://www.bog.gov.gh/economic-data/real-sector/,0,,
1977-07-01,1977,7,Jul,Inflation Headline (%) Year-on-Year,155.4,real_sector,https://www.bog.gov.gh/economic-data/real-sector/,0,,
1977-08-01,1977,8,Aug,Inflation Headline (%) Year-on-Year,145.5,real_sector,https://www.bog.gov.gh/economic-data/real-sector/,0,,
1977-09-01,1977,9,Sep,Inflation Headline (%) Year-on-Year,141.2,real_sector,https://www.bog.gov.gh/economic-data/real-sector/,0,,
1977-10-01,1977,10,Oct,Inflation Headline (%) Year-on-Year,119.3,real_sector,https://www.bog.gov.gh/economic-data/real-sector/,0,,
1977-11-01,1977,11,Nov,Inflation Headline (%) Year-on-Year,119.3,real_sector,https://www.bog.gov.gh/economic-data/real-sector/,0,,
1977-12-01,1977,12,Dec,Inflation Headline (%) Year-on-Year,106.0,real_sector,https://www.bog.gov.gh/economic-data/real-sector/,0,,
1977-12-31,1977,,,Inflation Headline (%) Year-on-Year,64.2,real_sector,https://www.bog.gov.gh/economic-data/real-sector/,0,,
1978-01-01,1978,1,Jan,Inflation Headline (%) Year-on-Year,103.9,real_sector,https://www.bog.gov.gh/economic-data/real-sector/,0,,
1978-02-01,1978,2,Feb,Inflation Headline (%) Year-on-Year,99.4,real_sector,https://www.bog.gov.gh/economic-data/real-sector/,0,,
1978-03-01,1978,3,Mar,Inflation Headline (%) Year-on-Year,95.1,real_sector,https://www.bog.gov.gh/economic-data/real-sector/,0,,
1978-04-01,1978,4,Apr,Inflation Headline (%) Year-on-Year,77.1,real_sector,https://www.bog.gov.gh/economic-data/real-sector/,0,,
1978-05-01,1978,5,May,Inflation Headline (%) Year-on-Year,66.9,real_sector,https://www.bog.gov.gh/economic-data/real-sector/,0,,
1978-06-01,1978,6,Jun,Inflation Headline (%) Year-on-Year,42.6,real_sector,https://www.bog.gov.gh/economic-data/real-sector/,0,,
1978-07-01,1978,7,Jul,Inflation Headline (%) Year-on-Year,25.8,real_sector,https://www.bog.gov.gh/economic-data/real-sector/,0,,
1978-08-01,1978,8,Aug,Inflation Headline (%) Year-on-Year,30.3,real_sector,https://www.bog.gov.gh/economic-data/real-sector/,0,,
1978-09-01,1978,9,Sep,Inflation Headline (%) Year-on-Year,37.5,real_sector,https://www.bog.gov.gh/economic-data/real-sector/,0,,
1978-10-01,1978,10,Oct,Inflation Headline (%) Year-on-Year,64.0,real_sector,https://www.bog.gov.gh/economic-data/real-sector/,0,,
1978-11-01,1978,11,Nov,Inflation Headline (%) Year-on-Year,82.6,real_sector,https://www.bog.gov.gh/economic-data/real-sector/,0,,
1978-12-01,1978,12,Dec,Inflation Headline (%) Year-on-Year,96.7,real_sector,https://www.bog.gov.gh/economic-data/real-sector/,0,,
1978-12-31,1978,,,Inflation Headline (%) Year-on-Year,103.9,real_sector,https://www.bog.gov.gh/economic-data/real-sector/,0,,
1979-01-01,1979,1,Jan,Inflation Headline (%) Year-on-Year,103.3,real_sector,https://www.bog.gov.gh/economic-data/real-sector/,0,,
1979-02-01,1979,2,Feb,Inflation Headline (%) Year-on-Year,103.09,real_sector,https://www.bog.gov.gh/economic-data/real-sector/,0,,
1979-03-01,1979,3,Mar,Inflation Headline (%) Year-on-Year,95.91,real_sector,https://www.bog.gov.gh/economic-data/real-sector/,0,,
1979-04-01,1979,4,Apr,Inflation Headline (%) Year-on-Year,93.73,real_sector,https://www.bog.gov.gh/economic-data/real-sector/,0,,
1979-05-01,1979,5,May,Inflation Headline (%) Year-on-Year,94.43,real_sector,https://www.bog.gov.gh/economic-data/real-sector/,0,,
1979-06-01,1979,6,Jun,Inflation Headline (%) Year-on-Year,69.83,real_sector,https://www.bog.gov.gh/economic-data/real-sector/,0,,
1979-07-01,1979,7,Jul,Inflation Headline (%) Year-on-Year,42.03,real_sector,https://www.bog.gov.gh/economic-data/real-sector/,0,,
1979-08-01,1979,8,Aug,Inflation Headline (%) Year-on-Year,35.15,real_sector,https://www.bog.gov.gh/economic-data/real-sector/,0,,
1979-09-01,1979,9,Sep,Inflation Headline (%) Year-on-Year,28.01,real_sector,https://www.bog.gov.gh/economic-data/real-sector/,0,,
1979-10-01,1979,10,Oct,Inflation Headline (%) Year-on-Year,21.51,real_sector,https://www.bog.gov.gh/economic-data/real-sector/,0,,
1979-11-01,1979,11,Nov,Inflation Headline (%) Year-on-Year,18.63,real_sector,https://www.bog.gov.gh/economic-data/real-sector/,0,,
1979-12-01,1979,12,Dec,Inflation Headline (%) Year-on-Year,18.29,real_sector,https://www.bog.gov.gh/economic-data/real-sector/,0,,
1979-12-31,1979,,,Inflation Headline (%) Year-on-Year,103.3,real_sector,https://www.bog.gov.gh/economic-data/real-sector/,0,,
1980-01-01,1980,1,Jan,Inflation Headline (%) Year-on-Year,17.29,real_sector,https://www.bog.gov.gh/economic-data/real-sector/,0,,
1980-02-01,1980,2,Feb,Inflation Headline (%) Year-on-Year,13.91,real_sector,https://www.bog.gov.gh/economic-data/real-sector/,0,,
1980-03-01,1980,3,Mar,Inflation Headline (%) Year-on-Year,16.78,real_sector,https://www.bog.gov.gh/economic-data/real-sector/,0,,
1980-04-01,1980,4,Apr,Inflation Headline (%) Year-on-Year,20.15,real_sector,https://www.bog.gov.gh/economic-data/real-sector/,0,,
1980-05-01,1980,5,May,Inflation Headline (%) Year-on-Year,21.36,real_sector,https://www.bog.gov.gh/economic-data/real-sector/,0,,
1980-06-01,1980,6,Jun,Inflation Headline (%) Year-on-Year,40.55,real_sector,https://www.bog.gov.gh/economic-data/real-sector/,0,,
1980-07-01,1980,7,Jul,Inflation Headline (%) Year-on-Year,67.51,real_sector,https://www.bog.gov.gh/economic-data/real-sector/,0,,
1980-08-01,1980,8,Aug,Inflation Headline (%) Year-on-Year,78.32,real_sector,https://www.bog.gov.gh/economic-data/real-sector/,0,,
1980-09-01,1980,9,Sep,Inflation Headline (%) Year-on-Year,82.33,real_sector,https://www.bog.gov.gh/economic-data/real-sector/,0,,
1980-10-01,1980,10,Oct,Inflation Headline (%) Year-on-Year,85.18,real_sector,https://www.bog.gov.gh/economic-data/real-sector/,0,,
1980-11-01,1980,11,Nov,Inflation Headline (%) Year-on-Year,89.29,real_sector,https://www.bog.gov.gh/economic-data/real-sector/,0,,
1980-12-01,1980,12,Dec,Inflation Headline (%) Year-on-Year,87.84,real_sector,https://www.bog.gov.gh/economic-data/real-sector/,0,,
1980-12-31,1980,,,Inflation Headline (%) Year-on-Year,17.29,real_sector,https://www.bog.gov.gh/economic-data/real-sector/,0,,
1981-01-01,1981,1,Jan,Inflation Headline (%) Year-on-Year,101.71,real_sector,https://www.bog.gov.gh/economic-data/real-sector/,0,,
1981-02-01,1981,2,Feb,Inflation Headline (%) Year-on-Year,119.48,real_sector,https://www.bog.gov.gh/economic-data/real-sector/,0,,
1981-03-01,1981,3,Mar,Inflation Headline (%) Year-on-Year,122.37,real_sector,https://www.bog.gov.gh/economic-data/real-sector/,0,,
1981-04-01,1981,4,Apr,Inflation Headline (%) Year-on-Year,119.71,real_sector,https://www.bog.gov.gh/economic-data/real-sector/,0,,
1981-05-01,1981,5,May,Inflation Headline (%) Year-on-Year,119.56,real_sector,https://www.bog.gov.gh/economic-data/real-sector/,0,,
1981-06-01,1981,6,Jun,Inflation Headline (%) Year-on-Year,118.21,real_sector,https://www.bog.gov.gh/economic-data/real-sector/,0,,
1981-07-01,1981,7,Jul,Inflation Headline (%) Year-on-Year,120.85,real_sector,https://www.bog.gov.gh/economic-data/real-sector/,0,,
1981-08-01,1981,8,Aug,Inflation Headline (%) Year-on-Year,121.53,real_sector,https://www.bog.gov.gh/economic-data/real-sector/,0,,
1981-09-01,1981,9,Sep,Inflation Headline (%) Year-on-Year,123.14,real_sector,https://www.bog.gov.gh/economic-data/real-sector/,0,,
1981-10-01,1981,10,Oct,Inflation Headline (%) Year-on-Year,125.52,real_sector,https://www.bog.gov.gh/economic-data/real-sector/,0,,
1981-11-01,1981,11,Nov,Inflation Headline (%) Year-on-Year,110.12,real_sector,https://www.bog.gov.gh/economic-data/real-sector/,0,,
1981-12-01,1981,12,Dec,Inflation Headline (%) Year-on-Year,100.39,real_sector,https://www.bog.gov.gh/economic-data/real-sector/,0,,
1981-12-31,1981,,,Inflation Headline (%) Year-on-Year,101.71,real_sector,https://www.bog.gov.gh/economic-data/real-sector/,0,,
1982-01-01,1982,1,Jan,Inflation Headline (%) Year-on-Year,71.2,real_sector,https://www.bog.gov.gh/economic-data/real-sector/,0,,
1982-02-01,1982,2,Feb,Inflation Headline (%) Year-on-Year,40.86,real_sector,https://www.bog.gov.gh/economic-data/real-sector/,0,,
1982-03-01,1982,3,Mar,Inflation Headline (%) Year-on-Year,30.23,real_sector,https://www.bog.gov.gh/economic-data/real-sector/,0,,
1982-04-01,1982,4,Apr,Inflation Headline (%) Year-on-Year,24.9,real_sector,https://www.bog.gov.gh/economic-data/real-sector/,0,,
1982-05-01,1982,5,May,Inflation Headline (%) Year-on-Year,22.71,real_sector,https://www.bog.gov.gh/economic-data/real-sector/,0,,
1982-06-01,1982,6,Jun,Inflation Headline (%) Year-on-Year,17.69,real_sector,https://www.bog.gov.gh/economic-data/real-sector/,0,,
1982-07-01,1982,7,Jul,Inflation Headline (%) Year-on-Year,20.64,real_sector,https://www.bog.gov.gh/economic-data/real-sector/,0,,
1982-08-01,1982,8,Aug,Inflation Headline (%) Year-on-Year,13.73,real_sector,https://www.bog.gov.gh/economic-data/real-sector/,0,,
1982-09-01,1982,9,Sep,Inflation Headline (%) Year-on-Year,13.1,real_sector,https://www.bog.gov.gh/economic-data/real-sector/,0,,
1982-10-01,1982,10,Oct,Inflation Headline (%) Year-on-Year,11.54,real_sector,https://www.bog.gov.gh/economic-data/real-sector/,0,,
1982-11-01,1982,11,Nov,Inflation Headline (%) Year-on-Year,11.45,real_sector,https://www.bog.gov.gh/economic-data/real-sector/,0,,
1982-12-01,1982,12,Dec,Inflation Headline (%) Year-on-Year,16.69,real_sector,https://www.bog.gov.gh/economic-data/real-sector/,0,,
1982-12-31,1982,,,Inflation Headline (%) Year-on-Year,71.2,real_sector,https://www.bog.gov.gh/economic-data/real-sector/,0,,
1983-01-01,1983,1,Jan,Inflation Headline (%) Year-on-Year,32.52,real_sector,https://www.bog.gov.gh/economic-data/real-sector/,0,,
1983-02-01,1983,2,Feb,Inflation Headline (%) Year-on-Year,62.64,real_sector,https://www.bog.gov.gh/economic-data/real-sector/,0,,
1983-03-01,1983,3,Mar,Inflation Headline (%) Year-on-Year,82.52,real_sector,https://www.bog.gov.gh/economic-data/real-sector/,0,,
1983-04-01,1983,4,Apr,Inflation Headline (%) Year-on-Year,108.42,real_sector,https://www.bog.gov.gh/economic-data/real-sector/,0,,
1983-05-01,1983,5,May,Inflation Headline (%) Year-on-Year,147.69,real_sector,https://www.bog.gov.gh/economic-data/real-sector/,0,,
1983-06-01,1983,6,Jun,Inflation Headline (%) Year-on-Year,174.14,real_sector,https://www.bog.gov.gh/economic-data/real-sector/,0,,
1983-07-01,1983,7,Jul,Inflation Headline (%) Year-on-Year,141.06,real_sector,https://www.bog.gov.gh/economic-data/real-sector/,0,,
1983-08-01,1983,8,Aug,Inflation Headline (%) Year-on-Year,140.35,real_sector,https://www.bog.gov.gh/economic-data/real-sector/,0,,
1983-09-01,1983,9,Sep,Inflation Headline (%) Year-on-Year,137.76,real_sector,https://www.bog.gov.gh/economic-data/real-sector/,0,,
1983-10-01,1983,10,Oct,Inflation Headline (%) Year-on-Year,141.15,real_sector,https://www.bog.gov.gh/economic-data/real-sector/,0,,
1983-11-01,1983,11,Nov,Inflation Headline (%) Year-on-Year,145.5,real_sector,https://www.bog.gov.gh/economic-data/real-sector/,0,,
1983-12-01,1983,12,Dec,Inflation Headline (%) Year-on-Year,142.42,real_sector,https://www.bog.gov.gh/economic-data/real-sector/,0,,
1983-12-31,1983,,,Inflation Headline (%) Year-on-Year,32.52,real_sector,https://www.bog.gov.gh/economic-data/real-sector/,0,,
1984-01-01,1984,1,Jan,Inflation Headline (%) Year-on-Year,125.99,real_sector,https://www.bog.gov.gh/economic-data/real-sector/,0,,
1984-02-01,1984,2,Feb,Inflation Headline (%) Year-on-Year,117.5,real_sector,https://www.bog.gov.gh/economic-data/real-sector/,0,,
1984-03-01,1984,3,Mar,Inflation Headline (%) Year-on-Year,98.41,real_sector,https://www.bog.gov.gh/economic-data/real-sector/,0,,
1984-04-01,1984,4,Apr,Inflation Headline (%) Year-on-Year,74.17,real_sector,https://www.bog.gov.gh/economic-data/real-sector/,0,,
1984-05-01,1984,5,May,Inflation Headline (%) Year-on-Year,43.25,real_sector,https://www.bog.gov.gh/economic-data/real-sector/,0,,
1984-06-01,1984,6,Jun,Inflation Headline (%) Year-on-Year,23.88,real_sector,https://www.bog.gov.gh/economic-data/real-sector/,0,,
1984-07-01,1984,7,Jul,Inflation Headline (%) Year-on-Year,28.96,real_sector,https://www.bog.gov.gh/economic-data/real-sector/,0,,
1984-08-01,1984,8,Aug,Inflation Headline (%) Year-on-Year,24.27,real_sector,https://www.bog.gov.gh/economic-data/real-sector/,0,,
1984-09-01,1984,9,Sep,Inflation Headline (%) Year-on-Year,20.88,real_sector,https://www.bog.gov.gh/economic-data/real-sector/,0,,
1984-10-01,1984,10,Oct,Inflation Headline (%) Year-on-Year,13.8,real_sector,https://www.bog.gov.gh/economic-data/real-sector/,0,,
1984-11-01,1984,11,Nov,Inflation Headline (%) Year-on-Year,7.9,real_sector,https://www.bog.gov.gh/economic-data/real-sector/,0,,
1984-12-01,1984,12,Dec,Inflation Headline (%) Year-on-Year,5.99,real_sector,https://www.bog.gov.gh/economic-data/real-sector/,0,,
1984-12-31,1984,,,Inflation Headline (%) Year-on-Year,125.99,real_sector,https://www.bog.gov.gh/economic-data/real-sector/,0,,
1985-01-01,1985,1,Jan,Inflation Headline (%) Year-on-Year,8.66,real_sector,https://www.bog.gov.gh/economic-data/real-sector/,0,,
1985-02-01,1985,2,Feb,Inflation Headline (%) Year-on-Year,4.11,real_sector,https://www.bog.gov.gh/economic-data/real-sector/,0,,
1985-03-01,1985,3,Mar,Inflation Headline (%) Year-on-Year,3.35,real_sector,https://www.bog.gov.gh/economic-data/real-sector/,0,,
1985-04-01,1985,4,Apr,Inflation Headline (%) Year-on-Year,1.72,real_sector,https://www.bog.gov.gh/economic-data/real-sector/,0,,
1985-05-01,1985,5,May,Inflation Headline (%) Year-on-Year,1.14,real_sector,https://www.bog.gov.gh/economic-data/real-sector/,0,,
1985-06-01,1985,6,Jun,Inflation Headline (%) Year-on-Year,6.78,real_sector,https://www.bog.gov.gh/economic-data/real-sector/,0,,
1985-07-01,1985,7,Jul,Inflation Headline (%) Year-on-Year,10.18,real_sector,https://www.bog.gov.gh/economic-data/real-sector/,0,,
1985-08-01,1985,8,Aug,Inflation Headline (%) Year-on-Year,17.02,real_sector,https://www.bog.gov.gh/economic-data/real-sector/,0,,
1985-09-01,1985,9,Sep,Inflation Headline (%) Year-on-Year,17.44,real_sector,https://www.bog.gov.gh/economic-data/real-sector/,0,,
1985-10-01,1985,10,Oct,Inflation Headline (%) Year-on-Year,18.26,real_sector,https://www.bog.gov.gh/economic-data/real-sector/,0,,
1985-11-01,1985,11,Nov,Inflation Headline (%) Year-on-Year,20.47,real_sector,https://www.bog.gov.gh/economic-data/real-sector/,0,,
1985-12-01,1985,12,Dec,Inflation Headline (%) Year-on-Year,19.5,real_sector,https://www.bog.gov.gh/economic-data/real-sector/,0,,
1985-12-31,1985,,,Inflation Headline (%) Year-on-Year,8.66,real_sector,https://www.bog.gov.gh/economic-data/real-sector/,0,,
1986-01-01,1986,1,Jan,Inflation Headline (%) Year-on-Year,18.75,real_sector,https://www.bog.gov.gh/economic-data/real-sector/,0,,
1986-02-01,1986,2,Feb,Inflation Headline (%) Year-on-Year,19.56,real_sector,https://www.bog.gov.gh/economic-data/real-sector/,0,,
1986-03-01,1986,3,Mar,Inflation Headline (%) Year-on-Year,20.29,real_sector,https://www.bog.gov.gh/economic-data/real-sector/,0,,
1986-04-01,1986,4,Apr,Inflation Headline (%) Year-on-Year,21.6,real_sector,https://www.bog.gov.gh/economic-data/real-sector/,0,,
1986-05-01,1986,5,May,Inflation Headline (%) Year-on-Year,23.34,real_sector,https://www.bog.gov.gh/economic-data/real-sector/,0,,
1986-06-01,1986,6,Jun,Inflation Headline (%) Year-on-Year,23.15,real_sector,https://www.bog.gov.gh/economic-data/real-sector/,0,,
1986-07-01,1986,7,Jul,Inflation Headline (%) Year-on-Year,23.88,real_sector,https://www.bog.gov.gh/economic-data/real-sector/,0,,
1986-08-01,1986,8,Aug,Inflation Headline (%) Year-on-Year,23.93,real_sector,https://www.bog.gov.gh/economic-data/real-sector/,0,,
1986-09-01,1986,9,Sep,Inflation Headline (%) Year-on-Year,23.84,real_sector,https://www.bog.gov.gh/economic-data/real-sector/,0,,
1986-10-01,1986,10,Oct,Inflation Headline (%) Year-on-Year,28.94,real_sector,https://www.bog.gov.gh/economic-data/real-sector/,0,,
1986-11-01,1986,11,Nov,Inflation Headline (%) Year-on-Year,32.72,real_sector,https://www.bog.gov.gh/economic-data/real-sector/,0,,
1986-12-01,1986,12,Dec,Inflation Headline (%) Year-on-Year,33.34,real_sector,https://www.bog.gov.gh/economic-data/real-sector/,0,,
1986-12-31,1986,,,Inflation Headline (%) Year-on-Year,18.75,real_sector,https://www.bog.gov.gh/economic-data/real-sector/,0,,
1987-01-01,1987,1,Jan,Inflation Headline (%) Year-on-Year,33.44,real_sector,https://www.bog.gov.gh/economic-data/real-sector/,0,,
1987-02-01,1987,2,Feb,Inflation Headline (%) Year-on-Year,34.39,real_sector,https://www.bog.gov.gh/economic-data/real-sector/,0,,
1987-03-01,1987,3,Mar,Inflation Headline (%) Year-on-Year,37.49,real_sector,https://www.bog.gov.gh/economic-data/real-sector/,0,,
1987-04-01,1987,4,Apr,Inflation Headline (%) Year-on-Year,41.0,real_sector,https://www.bog.gov.gh/economic-data/real-sector/,0,,
1987-05-01,1987,5,May,Inflation Headline (%) Year-on-Year,42.34,real_sector,https://www.bog.gov.gh/economic-data/real-sector/,0,,
1987-06-01,1987,6,Jun,Inflation Headline (%) Year-on-Year,43.87,real_sector,https://www.bog.gov.gh/economic-data/real-sector/,0,,
1987-07-01,1987,7,Jul,Inflation Headline (%) Year-on-Year,45.0,real_sector,https://www.bog.gov.gh/economic-data/real-sector/,0,,
1987-08-01,1987,8,Aug,Inflation Headline (%) Year-on-Year,45.54,real_sector,https://www.bog.gov.gh/economic-data/real-sector/,0,,
1987-09-01,1987,9,Sep,Inflation Headline (%) Year-on-Year,45.91,real_sector,https://www.bog.gov.gh/economic-data/real-sector/,0,,
1987-10-01,1987,10,Oct,Inflation Headline (%) Year-on-Year,39.31,real_sector,https://www.bog.gov.gh/economic-data/real-sector/,0,,
1987-11-01,1987,11,Nov,Inflation Headline (%) Year-on-Year,35.3,real_sector,https://www.bog.gov.gh/economic-data/real-sector/,0,,
1987-12-01,1987,12,Dec,Inflation Headline (%) Year-on-Year,34.18,real_sector,https://www.bog.gov.gh/economic-data/real-sector/,0,,
1987-12-31,1987,,,Inflation Headline (%) Year-on-Year,33.44,real_sector,https://www.bog.gov.gh/economic-data/real-sector/,0,,
1988-01-01,1988,1,Jan,Inflation Headline (%) Year-on-Year,33.92,real_sector,https://www.bog.gov.gh/economic-data/real-sector/,0,,
1988-02-01,1988,2,Feb,Inflation Headline (%) Year-on-Year,34.14,real_sector,https://www.bog.gov.gh/economic-data/real-sector/,0,,
1988-03-01,1988,3,Mar,Inflation Headline (%) Year-on-Year,33.15,real_sector,https://www.bog.gov.gh/economic-data/real-sector/,0,,
1988-04-01,1988,4,Apr,Inflation Headline (%) Year-on-Year,32.48,real_sector,https://www.bog.gov.gh/economic-data/real-sector/,0,,
1988-05-01,1988,5,May,Inflation Headline (%) Year-on-Year,33.56,real_sector,https://www.bog.gov.gh/economic-data/real-sector/,0,,
1988-06-01,1988,6,Jun,Inflation Headline (%) Year-on-Year,33.35,real_sector,https://www.bog.gov.gh/economic-data/real-sector/,0,,
1988-07-01,1988,7,Jul,Inflation Headline (%) Year-on-Year,31.47,real_sector,https://www.bog.gov.gh/economic-data/real-sector/,0,,
1988-08-01,1988,8,Aug,Inflation Headline (%) Year-on-Year,30.48,real_sector,https://www.bog.gov.gh/economic-data/real-sector/,0,,
1988-09-01,1988,9,Sep,Inflation Headline (%) Year-on-Year,30.03,real_sector,https://www.bog.gov.gh/economic-data/real-sector/,0,,
1988-10-01,1988,10,Oct,Inflation Headline (%) Year-on-Year,29.92,real_sector,https://www.bog.gov.gh/economic-data/real-sector/,0,,
1988-11-01,1988,11,Nov,Inflation Headline (%) Year-on-Year,28.74,real_sector,https://www.bog.gov.gh/economic-data/real-sector/,0,,
1988-12-01,1988,12,Dec,Inflation Headline (%) Year-on-Year,26.56,real_sector,https://www.bog.gov.gh/economic-data/real-sector/,0,,
1988-12-31,1988,,,Inflation Headline (%) Year-on-Year,33.92,real_sector,https://www.bog.gov.gh/economic-data/real-sector/,0,,
1989-01-01,1989,1,Jan,Inflation Headline (%) Year-on-Year,26.28,real_sector,https://www.bog.gov.gh/economic-data/real-sector/,0,,
1989-02-01,1989,2,Feb,Inflation Headline (%) Year-on-Year,25.53,real_sector,https://www.bog.gov.gh/economic-data/real-sector/,0,,
1989-03-01,1989,3,Mar,Inflation Headline (%) Year-on-Year,24.81,real_sector,https://www.bog.gov.gh/economic-data/real-sector/,0,,
1989-04-01,1989,4,Apr,Inflation Headline (%) Year-on-Year,24.38,real_sector,https://www.bog.gov.gh/economic-data/real-sector/,0,,
1989-05-01,1989,5,May,Inflation Headline (%) Year-on-Year,23.27,real_sector,https://www.bog.gov.gh/economic-data/real-sector/,0,,
1989-06-01,1989,6,Jun,Inflation Headline (%) Year-on-Year,22.76,real_sector,https://www.bog.gov.gh/economic-data/real-sector/,0,,
1989-07-01,1989,7,Jul,Inflation Headline (%) Year-on-Year,23.54,real_sector,https://www.bog.gov.gh/economic-data/real-sector/,0,,
1989-08-01,1989,8,Aug,Inflation Headline (%) Year-on-Year,23.79,real_sector,https://www.bog.gov.gh/economic-data/real-sector/,0,,
1989-09-01,1989,9,Sep,Inflation Headline (%) Year-on-Year,24.4,real_sector,https://www.bog.gov.gh/economic-data/real-sector/,0,,
1989-10-01,1989,10,Oct,Inflation Headline (%) Year-on-Year,25.61,real_sector,https://www.bog.gov.gh/economic-data/real-sector/,0,,
1989-11-01,1989,11,Nov,Inflation Headline (%) Year-on-Year,28.05,real_sector,https://www.bog.gov.gh/economic-data/real-sector/,0,,
1989-12-01,1989,12,Dec,Inflation Headline (%) Year-on-Year,30.46,real_sector,https://www.bog.gov.gh/economic-data/real-sector/,0,,
1989-12-31,1989,,,Inflation Headline (%) Year-on-Year,26.28,real_sector,https://www.bog.gov.gh/economic-data/real-sector/,0,,
1990-01-01,1990,1,Jan,Inflation Headline (%) Year-on-Year,33.04,real_sector,https://www.bog.gov.gh/economic-data/real-sector/,0,,
1990-02-01,1990,2,Feb,Inflation Headline (%) Year-on-Year,35.95,real_sector,https://www.bog.gov.gh/economic-data/real-sector/,0,,
1990-03-01,1990,3,Mar,Inflation Headline (%) Year-on-Year,36.07,real_sector,https://www.bog.gov.gh/economic-data/real-sector/,0,,
1990-04-01,1990,4,Apr,Inflation Headline (%) Year-on-Year,36.01,real_sector,https://www.bog.gov.gh/economic-data/real-sector/,0,,
1990-05-01,1990,5,May,Inflation Headline (%) Year-on-Year,35.61,real_sector,https://www.bog.gov.gh/economic-data/real-sector/,0,,
1990-06-01,1990,6,Jun,Inflation Headline (%) Year-on-Year,36.42,real_sector,https://www.bog.gov.gh/economic-data/real-sector/,0,,
1990-07-01,1990,7,Jul,Inflation Headline (%) Year-on-Year,39.01,real_sector,https://www.bog.gov.gh/economic-data/real-sector/,0,,
1990-08-01,1990,8,Aug,Inflation Headline (%) Year-on-Year,40.21,real_sector,https://www.bog.gov.gh/economic-data/real-sector/,0,,
1990-09-01,1990,9,Sep,Inflation Headline (%) Year-on-Year,41.36,real_sector,https://www.bog.gov.gh/economic-data/real-sector/,0,,
1990-10-01,1990,10,Oct,Inflation Headline (%) Year-on-Year,39.32,real_sector,https://www.bog.gov.gh/economic-data/real-sector/,0,,
1990-11-01,1990,11,Nov,Inflation Headline (%) Year-on-Year,37.24,real_sector,https://www.bog.gov.gh/economic-data/real-sector/,0,,
1990-12-01,1990,12,Dec,Inflation Headline (%) Year-on-Year,35.9,real_sector,https://www.bog.gov.gh/economic-data/real-sector/,0,,
1990-12-31,1990,,,Inflation Headline (%) Year-on-Year,33.04,real_sector,https://www.bog.gov.gh/economic-data/real-sector/,0,,
1991-01-01,1991,1,Jan,Inflation Headline (%) Year-on-Year,30.38,real_sector,https://www.bog.gov.gh/economic-data/real-sector/,0,,
1991-02-01,1991,2,Feb,Inflation Headline (%) Year-on-Year,26.61,real_sector,https://www.bog.gov.gh/economic-data/real-sector/,0,,
1991-03-01,1991,3,Mar,Inflation Headline (%) Year-on-Year,24.88,real_sector,https://www.bog.gov.gh/economic-data/real-sector/,0,,
1991-04-01,1991,4,Apr,Inflation Headline (%) Year-on-Year,22.29,real_sector,https://www.bog.gov.gh/economic-data/real-sector/,0,,
1991-05-01,1991,5,May,Inflation Headline (%) Year-on-Year,19.77,real_sector,https://www.bog.gov.gh/economic-data/real-sector/,0,,
1991-06-01,1991,6,Jun,Inflation Headline (%) Year-on-Year,17.3,real_sector,https://www.bog.gov.gh/economic-data/real-sector/,0,,
1991-07-01,1991,7,Jul,Inflation Headline (%) Year-on-Year,15.28,real_sector,https://www.bog.gov.gh/economic-data/real-sector/,0,,
1991-08-01,1991,8,Aug,Inflation Headline (%) Year-on-Year,14.61,real_sector,https://www.bog.gov.gh/economic-data/real-sector/,0,,
1991-09-01,1991,9,Sep,Inflation Headline (%) Year-on-Year,13.22,real_sector,https://www.bog.gov.gh/economic-data/real-sector/,0,,
1991-10-01,1991,10,Oct,Inflation Headline (%) Year-on-Year,13.95,real_sector,https://www.bog.gov.gh/economic-data/real-sector/,0,,
1991-11-01,1991,11,Nov,Inflation Headline (%) Year-on-Year,12.89,real_sector,https://www.bog.gov.gh/economic-data/real-sector/,0,,
1991-12-01,1991,12,Dec,Inflation Headline (%) Year-on-Year,10.26,real_sector,https://www.bog.gov.gh/economic-data/real-sector/,0,,
1991-12-31,1991,,,Inflation Headline (%) Year-on-Year,30.38,real_sector,https://www.bog.gov.gh/economic-data/real-sector/,0,,
1992-01-01,1992,1,Jan,Inflation Headline (%) Year-on-Year,8.69,real_sector,https://www.bog.gov.gh/economic-data/real-sector/,0,,
1992-02-01,1992,2,Feb,Inflation Headline (%) Year-on-Year,7.72,real_sector,https://www.bog.gov.gh/economic-data/real-sector/,0,,
1992-03-01,1992,3,Mar,Inflation Headline (%) Year-on-Year,7.33,real_sector,https://www.bog.gov.gh/economic-data/real-sector/,0,,
1992-04-01,1992,4,Apr,Inflation Headline (%) Year-on-Year,8.21,real_sector,https://www.bog.gov.gh/economic-data/real-sector/,0,,
1992-05-01,1992,5,May,Inflation Headline (%) Year-on-Year,8.87,real_sector,https://www.bog.gov.gh/economic-data/real-sector/,0,,
1992-06-01,1992,6,Jun,Inflation Headline (%) Year-on-Year,8.37,real_sector,https://www.bog.gov.gh/economic-data/real-sector/,0,,
1992-07-01,1992,7,Jul,Inflation Headline (%) Year-on-Year,10.23,real_sector,https://www.bog.gov.gh/economic-data/real-sector/,0,,
1992-08-01,1992,8,Aug,Inflation Headline (%) Year-on-Year,11.69,real_sector,https://www.bog.gov.gh/economic-data/real-sector/,0,,
1992-09-01,1992,9,Sep,Inflation Headline (%) Year-on-Year,11.48,real_sector,https://www.bog.gov.gh/economic-data/real-sector/,0,,
1992-10-01,1992,10,Oct,Inflation Headline (%) Year-on-Year,11.72,real_sector,https://www.bog.gov.gh/economic-data/real-sector/,0,,
1992-11-01,1992,11,Nov,Inflation Headline (%) Year-on-Year,12.74,real_sector,https://www.bog.gov.gh/economic-data/real-sector/,0,,
1992-12-01,1992,12,Dec,Inflation Headline (%) Year-on-Year,13.33,real_sector,https://www.bog.gov.gh/economic-data/real-sector/,0,,
1992-12-31,1992,,,Inflation Headline (%) Year-on-Year,8.69,real_sector,https://www.bog.gov.gh/economic-data/real-sector/,0,,
1993-01-01,1993,1,Jan,Inflation Headline (%) Year-on-Year,21.46,real_sector,https://www.bog.gov.gh/economic-data/real-sector/,0,,
1993-02-01,1993,2,Feb,Inflation Headline (%) Year-on-Year,22.97,real_sector,https://www.bog.gov.gh/economic-data/real-sector/,0,,
1993-03-01,1993,3,Mar,Inflation Headline (%) Year-on-Year,23.27,real_sector,https://www.bog.gov.gh/economic-data/real-sector/,0,,
1993-04-01,1993,4,Apr,Inflation Headline (%) Year-on-Year,23.05,real_sector,https://www.bog.gov.gh/economic-data/real-sector/,0,,
1993-05-01,1993,5,May,Inflation Headline (%) Year-on-Year,23.93,real_sector,https://www.bog.gov.gh/economic-data/real-sector/,0,,
1993-06-01,1993,6,Jun,Inflation Headline (%) Year-on-Year,26.04,real_sector,https://www.bog.gov.gh/economic-data/real-sector/,0,,
1993-07-01,1993,7,Jul,Inflation Headline (%) Year-on-Year,25.18,real_sector,https://www.bog.gov.gh/economic-data/real-sector/,0,,
1993-08-01,1993,8,Aug,Inflation Headline (%) Year-on-Year,25.22,real_sector,https://www.bog.gov.gh/economic-data/real-sector/,0,,
1993-09-01,1993,9,Sep,Inflation Headline (%) Year-on-Year,26.89,real_sector,https://www.bog.gov.gh/economic-data/real-sector/,0,,
1993-10-01,1993,10,Oct,Inflation Headline (%) Year-on-Year,26.49,real_sector,https://www.bog.gov.gh/economic-data/real-sector/,0,,
1993-11-01,1993,11,Nov,Inflation Headline (%) Year-on-Year,26.61,real_sector,https://www.bog.gov.gh/economic-data/real-sector/,0,,
1993-12-01,1993,12,Dec,Inflation Headline (%) Year-on-Year,27.66,real_sector,https://www.bog.gov.gh/economic-data/real-sector/,0,,
1993-12-31,1993,,,Inflation Headline (%) Year-on-Year,21.46,real_sector,https://www.bog.gov.gh/economic-data/real-sector/,0,,
1994-01-01,1994,1,Jan,Inflation Headline (%) Year-on-Year,22.81,real_sector,https://www.bog.gov.gh/economic-data/real-sector/,0,,
1994-02-01,1994,2,Feb,Inflation Headline (%) Year-on-Year,21.96,real_sector,https://www.bog.gov.gh/economic-data/real-sector/,0,,
1994-03-01,1994,3,Mar,Inflation Headline (%) Year-on-Year,21.53,real_sector,https://www.bog.gov.gh/economic-data/real-sector/,0,,
1994-04-01,1994,4,Apr,Inflation Headline (%) Year-on-Year,21.05,real_sector,https://www.bog.gov.gh/economic-data/real-sector/,0,,
1994-05-01,1994,5,May,Inflation Headline (%) Year-on-Year,21.0,real_sector,https://www.bog.gov.gh/economic-data/real-sector/,0,,
1994-06-01,1994,6,Jun,Inflation Headline (%) Year-on-Year,20.89,real_sector,https://www.bog.gov.gh/economic-data/real-sector/,0,,
1994-07-01,1994,7,Jul,Inflation Headline (%) Year-on-Year,22.32,real_sector,https://www.bog.gov.gh/economic-data/real-sector/,0,,
1994-08-01,1994,8,Aug,Inflation Headline (%) Year-on-Year,23.68,real_sector,https://www.bog.gov.gh/economic-data/real-sector/,0,,
1994-09-01,1994,9,Sep,Inflation Headline (%) Year-on-Year,26.1,real_sector,https://www.bog.gov.gh/economic-data/real-sector/,0,,
1994-10-01,1994,10,Oct,Inflation Headline (%) Year-on-Year,29.44,real_sector,https://www.bog.gov.gh/economic-data/real-sector/,0,,
1994-11-01,1994,11,Nov,Inflation Headline (%) Year-on-Year,31.7,real_sector,https://www.bog.gov.gh/economic-data/real-sector/,0,,
1994-12-01,1994,12,Dec,Inflation Headline (%) Year-on-Year,34.18,real_sector,https://www.bog.gov.gh/economic-data/real-sector/,0,,
1994-12-31,1994,,,Inflation Headline (%) Year-on-Year,22.81,real_sector,https://www.bog.gov.gh/economic-data/real-sector/,0,,
1995-01-01,1995,1,Jan,Inflation Headline (%) Year-on-Year,35.58,real_sector,https://www.bog.gov.gh/economic-data/real-sector/,0,,
1995-02-01,1995,2,Feb,Inflation Headline (%) Year-on-Year,38.39,real_sector,https://www.bog.gov.gh/economic-data/real-sector/,0,,
1995-03-01,1995,3,Mar,Inflation Headline (%) Year-on-Year,43.59,real_sector,https://www.bog.gov.gh/economic-data/real-sector/,0,,
1995-04-01,1995,4,Apr,Inflation Headline (%) Year-on-Year,49.93,real_sector,https://www.bog.gov.gh/economic-data/real-sector/,0,,
1995-05-01,1995,5,May,Inflation Headline (%) Year-on-Year,56.12,real_sector,https://www.bog.gov.gh/economic-data/real-sector/,0,,
1995-06-01,1995,6,Jun,Inflation Headline (%) Year-on-Year,61.85,real_sector,https://www.bog.gov.gh/economic-data/real-sector/,0,,
1995-07-01,1995,7,Jul,Inflation Headline (%) Year-on-Year,67.2,real_sector,https://www.bog.gov.gh/economic-data/real-sector/,0,,
1995-08-01,1995,8,Aug,Inflation Headline (%) Year-on-Year,69.94,real_sector,https://www.bog.gov.gh/economic-data/real-sector/,0,,
1995-09-01,1995,9,Sep,Inflation Headline (%) Year-on-Year,69.8,real_sector,https://www.bog.gov.gh/economic-data/real-sector/,0,,
1995-10-01,1995,10,Oct,Inflation Headline (%) Year-on-Year,69.14,real_sector,https://www.bog.gov.gh/economic-data/real-sector/,0,,
1995-11-01,1995,11,Nov,Inflation Headline (%) Year-on-Year,70.24,real_sector,https://www.bog.gov.gh/economic-data/real-sector/,0,,
1995-12-01,1995,12,Dec,Inflation Headline (%) Year-on-Year,70.82,real_sector,https://www.bog.gov.gh/economic-data/real-sector/,0,,
1995-12-31,1995,,,Inflation Headline (%) Year-on-Year,35.58,real_sector,https://www.bog.gov.gh/economic-data/real-sector/,0,,
1996-01-01,1996,1,Jan,Inflation Headline (%) Year-on-Year,69.2,real_sector,https://www.bog.gov.gh/economic-data/real-sector/,0,,
1996-02-01,1996,2,Feb,Inflation Headline (%) Year-on-Year,68.03,real_sector,https://www.bog.gov.gh/economic-data/real-sector/,0,,
1996-03-01,1996,3,Mar,Inflation Headline (%) Year-on-Year,64.78,real_sector,https://www.bog.gov.gh/economic-data/real-sector/,0,,
1996-04-01,1996,4,Apr,Inflation Headline (%) Year-on-Year,60.26,real_sector,https://www.bog.gov.gh/economic-data/real-sector/,0,,
1996-05-01,1996,5,May,Inflation Headline (%) Year-on-Year,54.24,real_sector,https://www.bog.gov.gh/economic-data/real-sector/,0,,
1996-06-01,1996,6,Jun,Inflation Headline (%) Year-on-Year,48.42,real_sector,https://www.bog.gov.gh/economic-data/real-sector/,0,,
1996-07-01,1996,7,Jul,Inflation Headline (%) Year-on-Year,42.64,real_sector,https://www.bog.gov.gh/economic-data/real-sector/,0,,
1996-08-01,1996,8,Aug,Inflation Headline (%) Year-on-Year,39.21,real_sector,https://www.bog.gov.gh/economic-data/real-sector/,0,,
1996-09-01,1996,9,Sep,Inflation Headline (%) Year-on-Year,36.51,real_sector,https://www.bog.gov.gh/economic-data/real-sector/,0,,
1996-10-01,1996,10,Oct,Inflation Headline (%) Year-on-Year,34.29,real_sector,https://www.bog.gov.gh/economic-data/real-sector/,0,,
1996-11-01,1996,11,Nov,Inflation Headline (%) Year-on-Year,33.17,real_sector,https://www.bog.gov.gh/economic-data/real-sector/,0,,
1996-12-01,1996,12,Dec,Inflation Headline (%) Year-on-Year,32.66,real_sector,https://www.bog.gov.gh/economic-data/real-sector/,0,,
1996-12-31,1996,,,Inflation Headline (%) Year-on-Year,69.2,real_sector,https://www.bog.gov.gh/economic-data/real-sector/,0,,
1997-01-01,1997,1,Jan,Inflation Headline (%) Year-on-Year,31.51,real_sector,https://www.bog.gov.gh/economic-data/real-sector/,0,,
1997-02-01,1997,2,Feb,Inflation Headline (%) Year-on-Year,30.56,real_sector,https://www.bog.gov.gh/economic-data/real-sector/,0,,
1997-03-01,1997,3,Mar,Inflation Headline (%) Year-on-Year,29.22,real_sector,https://www.bog.gov.gh/economic-data/real-sector/,0,,
1997-04-01,1997,4,Apr,Inflation Headline (%) Year-on-Year,29.09,real_sector,https://www.bog.gov.gh/economic-data/real-sector/,0,,
1997-05-01,1997,5,May,Inflation Headline (%) Year-on-Year,29.57,real_sector,https://www.bog.gov.gh/economic-data/real-sector/,0,,
1997-06-01,1997,6,Jun,Inflation Headline (%) Year-on-Year,29.05,real_sector,https://www.bog.gov.gh/economic-data/real-sector/,0,,
1997-07-01,1997,7,Jul,Inflation Headline (%) Year-on-Year,29.17,real_sector,https://www.bog.gov.gh/economic-data/real-sector/,0,,
1997-08-01,1997,8,Aug,Inflation Headline (%) Year-on-Year,28.22,real_sector,https://www.bog.gov.gh/economic-data/real-sector/,0,,
1997-09-01,1997,9,Sep,Inflation Headline (%) Year-on-Year,27.73,real_sector,https://www.bog.gov.gh/economic-data/real-sector/,0,,
1997-10-01,1997,10,Oct,Inflation Headline (%) Year-on-Year,27.42,real_sector,https://www.bog.gov.gh/economic-data/real-sector/,0,,
1997-11-01,1997,11,Nov,Inflation Headline (%) Year-on-Year,24.19,real_sector,https://www.bog.gov.gh/economic-data/real-sector/,0,,
1997-12-01,1997,12,Dec,Inflation Headline (%) Year-on-Year,20.83,real_sector,https://www.bog.gov.gh/economic-data/real-sector/,0,,
1997-12-31,1997,,,Inflation Headline (%) Year-on-Year,31.51,real_sector,https://www.bog.gov.gh/economic-data/real-sector/,0,,
1998-01-01,1998,1,Jan,Inflation Headline (%) Year-on-Year,19.8,real_sector,https://www.bog.gov.gh/economic-data/real-sector/,0,,
1998-02-01,1998,2,Feb,Inflation Headline (%) Year-on-Year,19.6,real_sector,https://www.bog.gov.gh/economic-data/real-sector/,0,,
1998-03-01,1998,3,Mar,Inflation Headline (%) Year-on-Year,20.3,real_sector,https://www.bog.gov.gh/economic-data/real-sector/,0,,
1998-04-01,1998,4,Apr,Inflation Headline (%) Year-on-Year,23.1,real_sector,https://www.bog.gov.gh/economic-data/real-sector/,0,,
1998-05-01,1998,5,May,Inflation Headline (%) Year-on-Year,22.9,real_sector,https://www.bog.gov.gh/economic-data/real-sector/,0,,
1998-06-01,1998,6,Jun,Inflation Headline (%) Year-on-Year,21.8,real_sector,https://www.bog.gov.gh/economic-data/real-sector/,0,,
1998-07-01,1998,7,Jul,Inflation Headline (%) Year-on-Year,18.7,real_sector,https://www.bog.gov.gh/economic-data/real-sector/,0,,
1998-08-01,1998,8,Aug,Inflation Headline (%) Year-on-Year,18.6,real_sector,https://www.bog.gov.gh/economic-data/real-sector/,0,,
1998-09-01,1998,9,Sep,Inflation Headline (%) Year-on-Year,17.38,real_sector,https://www.bog.gov.gh/economic-data/real-sector/,0,,
1998-10-01,1998,10,Oct,Inflation Headline (%) Year-on-Year,17.14,real_sector,https://www.bog.gov.gh/economic-data/real-sector/,0,,
1998-11-01,1998,11,Nov,Inflation Headline (%) Year-on-Year,16.16,real_sector,https://www.bog.gov.gh/economic-data/real-sector/,0,,
1998-12-01,1998,12,Dec,Inflation Headline (%) Year-on-Year,15.75,real_sector,https://www.bog.gov.gh/economic-data/real-sector/,0,,
1998-12-31,1998,,,Inflation Headline (%) Year-on-Year,19.8,real_sector,https://www.bog.gov.gh/economic-data/real-sector/,0,,
1999-01-01,1999,1,Jan,Inflation Headline (%) Year-on-Year,15.33,real_sector,https://www.bog.gov.gh/economic-data/real-sector/,0,,
1999-02-01,1999,2,Feb,Inflation Headline (%) Year-on-Year,15.04,real_sector,https://www.bog.gov.gh/economic-data/real-sector/,0,,
1999-03-01,1999,3,Mar,Inflation Headline (%) Year-on-Year,13.74,real_sector,https://www.bog.gov.gh/economic-data/real-sector/,0,,
1999-04-01,1999,4,Apr,Inflation Headline (%) Year-on-Year,10.23,real_sector,https://www.bog.gov.gh/economic-data/real-sector/,0,,
1999-05-01,1999,5,May,Inflation Headline (%) Year-on-Year,9.4,real_sector,https://www.bog.gov.gh/economic-data/real-sector/,0,,
1999-06-01,1999,6,Jun,Inflation Headline (%) Year-on-Year,10.26,real_sector,https://www.bog.gov.gh/economic-data/real-sector/,0,,
1999-07-01,1999,7,Jul,Inflation Headline (%) Year-on-Year,12.69,real_sector,https://www.bog.gov.gh/economic-data/real-sector/,0,,
1999-08-01,1999,8,Aug,Inflation Headline (%) Year-on-Year,12.0,real_sector,https://www.bog.gov.gh/economic-data/real-sector/,0,,
1999-09-01,1999,9,Sep,Inflation Headline (%) Year-on-Year,11.79,real_sector,https://www.bog.gov.gh/economic-data/real-sector/,0,,
1999-10-01,1999,10,Oct,Inflation Headline (%) Year-on-Year,12.62,real_sector,https://www.bog.gov.gh/economic-data/real-sector/,0,,
1999-11-01,1999,11,Nov,Inflation Headline (%) Year-on-Year,13.24,real_sector,https://www.bog.gov.gh/economic-data/real-sector/,0,,
1999-12-01,1999,12,Dec,Inflation Headline (%) Year-on-Year,13.8,real_sector,https://www.bog.gov.gh/economic-data/real-sector/,0,,
1999-12-31,1999,,,Inflation Headline (%) Year-on-Year,15.33,real_sector,https://www.bog.gov.gh/economic-data/real-sector/,0,,
2000-01-01,2000,1,Jan,Inflation Headline (%) Year-on-Year,14.28,real_sector,https://www.bog.gov.gh/economic-data/real-sector/,0,,
2000-02-01,2000,2,Feb,Inflation Headline (%) Year-on-Year,14.93,real_sector,https://www.bog.gov.gh/economic-data/real-sector/,0,,
2000-03-01,2000,3,Mar,Inflation Headline (%) Year-on-Year,15.57,real_sector,https://www.bog.gov.gh/economic-data/real-sector/,0,,
2000-04-01,2000,4,Apr,Inflation Headline (%) Year-on-Year,17.51,real_sector,https://www.bog.gov.gh/economic-data/real-sector/,0,,
2000-05-01,2000,5,May,Inflation Headline (%) Year-on-Year,18.72,real_sector,https://www.bog.gov.gh/economic-data/real-sector/,0,,
2000-06-01,2000,6,Jun,Inflation Headline (%) Year-on-Year,19.84,real_sector,https://www.bog.gov.gh/economic-data/real-sector/,0,,
2000-07-01,2000,7,Jul,Inflation Headline (%) Year-on-Year,22.07,real_sector,https://www.bog.gov.gh/economic-data/real-sector/,0,,
2000-08-01,2000,8,Aug,Inflation Headline (%) Year-on-Year,26.61,real_sector,https://www.bog.gov.gh/economic-data/real-sector/,0,,
2000-09-01,2000,9,Sep,Inflation Headline (%) Year-on-Year,32.3,real_sector,https://www.bog.gov.gh/economic-data/real-sector/,0,,
2000-10-01,2000,10,Oct,Inflation Headline (%) Year-on-Year,37.38,real_sector,https://www.bog.gov.gh/economic-data/real-sector/,0,,
2000-11-01,2000,11,Nov,Inflation Headline (%) Year-on-Year,39.54,real_sector,https://www.bog.gov.gh/economic-data/real-sector/,0,,
2000-12-01,2000,12,Dec,Inflation Headline (%) Year-on-Year,40.54,real_sector,https://www.bog.gov.gh/economic-data/real-sector/,0,,
2000-12-31,2000,,,Inflation Headline (%) Year-on-Year,14.28,real_sector,https://www.bog.gov.gh/economic-data/real-sector/,0,,
2001-01-01,2001,1,Jan,Inflation Headline (%) Year-on-Year,40.93,real_sector,https://www.bog.gov.gh/economic-data/real-sector/,0,,
2001-02-01,2001,2,Feb,Inflation Headline (%) Year-on-Year,40.14,real_sector,https://www.bog.gov.gh/economic-data/real-sector/,0,,
2001-03-01,2001,3,Mar,Inflation Headline (%) Year-on-Year,41.95,real_sector,https://www.bog.gov.gh/economic-data/real-sector/,0,,
2001-04-01,2001,4,Apr,Inflation Headline (%) Year-on-Year,39.5,real_sector,https://www.bog.gov.gh/economic-data/real-sector/,0,,
2001-05-01,2001,5,May,Inflation Headline (%) Year-on-Year,37.92,real_sector,https://www.bog.gov.gh/economic-data/real-sector/,0,,
2001-06-01,2001,6,Jun,Inflation Headline (%) Year-on-Year,36.84,real_sector,https://www.bog.gov.gh/economic-data/real-sector/,0,,
2001-07-01,2001,7,Jul,Inflation Headline (%) Year-on-Year,34.89,real_sector,https://www.bog.gov.gh/economic-data/real-sector/,0,,
2001-08-01,2001,8,Aug,Inflation Headline (%) Year-on-Year,32.02,real_sector,https://www.bog.gov.gh/economic-data/real-sector/,0,,
2001-09-01,2001,9,Sep,Inflation Headline (%) Year-on-Year,28.31,real_sector,https://www.bog.gov.gh/economic-data/real-sector/,0,,
2001-10-01,2001,10,Oct,Inflation Headline (%) Year-on-Year,25.6,real_sector,https://www.bog.gov.gh/economic-data/real-sector/,0,,
2001-11-01,2001,11,Nov,Inflation Headline (%) Year-on-Year,23.68,real_sector,https://www.bog.gov.gh/economic-data/real-sector/,0,,
2001-12-01,2001,12,Dec,Inflation Headline (%) Year-on-Year,21.29,real_sector,https://www.bog.gov.gh/economic-data/real-sector/,0,,
2001-12-31,2001,,,Inflation Headline (%) Year-on-Year,40.93,real_sector,https://www.bog.gov.gh/economic-data/real-sector/,0,,
2002-01-01,2002,1,Jan,Inflation Headline (%) Year-on-Year,19.9,real_sector,https://www.bog.gov.gh/economic-data/real-sector/,0,,
2002-02-01,2002,2,Feb,Inflation Headline (%) Year-on-Year,18.3,real_sector,https://www.bog.gov.gh/economic-data/real-sector/,0,,
2002-03-01,2002,3,Mar,Inflation Headline (%) Year-on-Year,16.0,real_sector,https://www.bog.gov.gh/economic-data/real-sector/,0,,
2002-04-01,2002,4,Apr,Inflation Headline (%) Year-on-Year,14.9,real_sector,https://www.bog.gov.gh/economic-data/real-sector/,0,,
2002-05-01,2002,5,May,Inflation Headline (%) Year-on-Year,14.3,real_sector,https://www.bog.gov.gh/economic-data/real-sector/,0,,
2002-06-01,2002,6,Jun,Inflation Headline (%) Year-on-Year,13.7,real_sector,https://www.bog.gov.gh/economic-data/real-sector/,0,,
2002-07-01,2002,7,Jul,Inflation Headline (%) Year-on-Year,13.5,real_sector,https://www.bog.gov.gh/economic-data/real-sector/,0,,
2002-08-01,2002,8,Aug,Inflation Headline (%) Year-on-Year,13.1,real_sector,https://www.bog.gov.gh/economic-data/real-sector/,0,,
2002-09-01,2002,9,Sep,Inflation Headline (%) Year-on-Year,12.9,real_sector,https://www.bog.gov.gh/economic-data/real-sector/,0,,
2002-10-01,2002,10,Oct,Inflation Headline (%) Year-on-Year,13.2,real_sector,https://www.bog.gov.gh/economic-data/real-sector/,0,,
2002-11-01,2002,11,Nov,Inflation Headline (%) Year-on-Year,14.0,real_sector,https://www.bog.gov.gh/economic-data/real-sector/,0,,
2002-12-01,2002,12,Dec,Inflation Headline (%) Year-on-Year,15.2,real_sector,https://www.bog.gov.gh/economic-data/real-sector/,0,,
2002-12-31,2002,,,Inflation Headline (%) Year-on-Year,19.9,real_sector,https://www.bog.gov.gh/economic-data/real-sector/,0,,
2003-01-01,2003,1,Jan,Inflation Headline (%) Year-on-Year,13.48,real_sector,https://www.bog.gov.gh/economic-data/real-sector/,0,,
2003-02-01,2003,2,Feb,Inflation Headline (%) Year-on-Year,25.48,real_sector,https://www.bog.gov.gh/economic-data/real-sector/,0,,
2003-03-01,2003,3,Mar,Inflation Headline (%) Year-on-Year,29.84,real_sector,https://www.bog.gov.gh/economic-data/real-sector/,0,,
2003-04-01,2003,4,Apr,Inflation Headline (%) Year-on-Year,29.34,real_sector,https://www.bog.gov.gh/economic-data/real-sector/,0,,
2003-05-01,2003,5,May,Inflation Headline (%) Year-on-Year,31.61,real_sector,https://www.bog.gov.gh/economic-data/real-sector/,0,,
2003-06-01,2003,6,Jun,Inflation Headline (%) Year-on-Year,32.94,real_sector,https://www.bog.gov.gh/economic-data/real-sector/,0,,
2003-07-01,2003,7,Jul,Inflation Headline (%) Year-on-Year,33.03,real_sector,https://www.bog.gov.gh/economic-data/real-sector/,0,,
2003-08-01,2003,8,Aug,Inflation Headline (%) Year-on-Year,33.58,real_sector,https://www.bog.gov.gh/economic-data/real-sector/,0,,
2003-09-01,2003,9,Sep,Inflation Headline (%) Year-on-Year,29.79,real_sector,https://www.bog.gov.gh/economic-data/real-sector/,0,,
2003-10-01,2003,10,Oct,Inflation Headline (%) Year-on-Year,33.17,real_sector,https://www.bog.gov.gh/economic-data/real-sector/,0,,
2003-11-01,2003,11,Nov,Inflation Headline (%) Year-on-Year,33.63,real_sector,https://www.bog.gov.gh/economic-data/real-sector/,0,,
2003-12-01,2003,12,Dec,Inflation Headline (%) Year-on-Year,31.27,real_sector,https://www.bog.gov.gh/economic-data/real-sector/,0,,
2003-12-31,2003,,,Inflation Headline (%) Year-on-Year,13.48,real_sector,https://www.bog.gov.gh/economic-data/real-sector/,0,,
2004-01-01,2004,1,Jan,Inflation Headline (%) Year-on-Year,28.95,real_sector,https://www.bog.gov.gh/economic-data/real-sector/,0,,
2004-02-01,2004,2,Feb,Inflation Headline (%) Year-on-Year,18.6,real_sector,https://www.bog.gov.gh/economic-data/real-sector/,0,,
2004-03-01,2004,3,Mar,Inflation Headline (%) Year-on-Year,15.62,real_sector,https://www.bog.gov.gh/economic-data/real-sector/,0,,
2004-04-01,2004,4,Apr,Inflation Headline (%) Year-on-Year,17.26,real_sector,https://www.bog.gov.gh/economic-data/real-sector/,0,,
2004-05-01,2004,5,May,Inflation Headline (%) Year-on-Year,17.62,real_sector,https://www.bog.gov.gh/economic-data/real-sector/,0,,
2004-06-01,2004,6,Jun,Inflation Headline (%) Year-on-Year,18.0,real_sector,https://www.bog.gov.gh/economic-data/real-sector/,0,,
2004-07-01,2004,7,Jul,Inflation Headline (%) Year-on-Year,15.03,real_sector,https://www.bog.gov.gh/economic-data/real-sector/,0,,
2004-08-01,2004,8,Aug,Inflation Headline (%) Year-on-Year,17.53,real_sector,https://www.bog.gov.gh/economic-data/real-sector/,0,,
2004-09-01,2004,9,Sep,Inflation Headline (%) Year-on-Year,19.64,real_sector,https://www.bog.gov.gh/economic-data/real-sector/,0,,
2004-10-01,2004,10,Oct,Inflation Headline (%) Year-on-Year,16.9,real_sector,https://www.bog.gov.gh/economic-data/real-sector/,0,,
2004-11-01,2004,11,Nov,Inflation Headline (%) Year-on-Year,16.51,real_sector,https://www.bog.gov.gh/economic-data/real-sector/,0,,
2004-12-01,2004,12,Dec,Inflation Headline (%) Year-on-Year,16.44,real_sector,https://www.bog.gov.gh/economic-data/real-sector/,0,,
2004-12-31,2004,,,Inflation Headline (%) Year-on-Year,28.95,real_sector,https://www.bog.gov.gh/economic-data/real-sector/,0,,
2005-01-01,2005,1,Jan,Inflation Headline (%) Year-on-Year,16.83,real_sector,https://www.bog.gov.gh/economic-data/real-sector/,0,,
2005-02-01,2005,2,Feb,Inflation Headline (%) Year-on-Year,16.96,real_sector,https://www.bog.gov.gh/economic-data/real-sector/,0,,
2005-03-01,2005,3,Mar,Inflation Headline (%) Year-on-Year,17.79,real_sector,https://www.bog.gov.gh/economic-data/real-sector/,0,,
2005-04-01,2005,4,Apr,Inflation Headline (%) Year-on-Year,17.14,real_sector,https://www.bog.gov.gh/economic-data/real-sector/,0,,
2005-05-01,2005,5,May,Inflation Headline (%) Year-on-Year,14.51,real_sector,https://www.bog.gov.gh/economic-data/real-sector/,0,,
2005-06-01,2005,6,Jun,Inflation Headline (%) Year-on-Year,14.05,real_sector,https://www.bog.gov.gh/economic-data/real-sector/,0,,
2005-07-01,2005,7,Jul,Inflation Headline (%) Year-on-Year,17.34,real_sector,https://www.bog.gov.gh/economic-data/real-sector/,0,,
2005-08-01,2005,8,Aug,Inflation Headline (%) Year-on-Year,13.33,real_sector,https://www.bog.gov.gh/economic-data/real-sector/,0,,
2005-09-01,2005,9,Sep,Inflation Headline (%) Year-on-Year,14.34,real_sector,https://www.bog.gov.gh/economic-data/real-sector/,0,,
2005-10-01,2005,10,Oct,Inflation Headline (%) Year-on-Year,14.92,real_sector,https://www.bog.gov.gh/economic-data/real-sector/,0,,
2005-11-01,2005,11,Nov,Inflation Headline (%) Year-on-Year,14.65,real_sector,https://www.bog.gov.gh/economic-data/real-sector/,0,,
2005-12-01,2005,12,Dec,Inflation Headline (%) Year-on-Year,13.91,real_sector,https://www.bog.gov.gh/economic-data/real-sector/,0,,
2005-12-31,2005,,,Inflation Headline (%) Year-on-Year,16.83,real_sector,https://www.bog.gov.gh/economic-data/real-sector/,0,,
2006-01-01,2006,1,Jan,Inflation Headline (%) Year-on-Year,12.76,real_sector,https://www.bog.gov.gh/economic-data/real-sector/,0,,
2006-02-01,2006,2,Feb,Inflation Headline (%) Year-on-Year,12.27,real_sector,https://www.bog.gov.gh/economic-data/real-sector/,0,,
2006-03-01,2006,3,Mar,Inflation Headline (%) Year-on-Year,11.28,real_sector,https://www.bog.gov.gh/economic-data/real-sector/,0,,
2006-04-01,2006,4,Apr,Inflation Headline (%) Year-on-Year,11.21,real_sector,https://www.bog.gov.gh/economic-data/real-sector/,0,,
2006-05-01,2006,5,May,Inflation Headline (%) Year-on-Year,11.75,real_sector,https://www.bog.gov.gh/economic-data/real-sector/,0,,
2006-06-01,2006,6,Jun,Inflation Headline (%) Year-on-Year,11.39,real_sector,https://www.bog.gov.gh/economic-data/real-sector/,0,,
2006-07-01,2006,7,Jul,Inflation Headline (%) Year-on-Year,12.91,real_sector,https://www.bog.gov.gh/economic-data/real-sector/,0,,
2006-08-01,2006,8,Aug,Inflation Headline (%) Year-on-Year,12.56,real_sector,https://www.bog.gov.gh/economic-data/real-sector/,0,,
2006-09-01,2006,9,Sep,Inflation Headline (%) Year-on-Year,11.67,real_sector,https://www.bog.gov.gh/economic-data/real-sector/,0,,
2006-10-01,2006,10,Oct,Inflation Headline (%) Year-on-Year,10.87,real_sector,https://www.bog.gov.gh/economic-data/real-sector/,0,,
2006-11-01,2006,11,Nov,Inflation Headline (%) Year-on-Year,10.7,real_sector,https://www.bog.gov.gh/economic-data/real-sector/,0,,
2006-12-01,2006,12,Dec,Inflation Headline (%) Year-on-Year,10.92,real_sector,https://www.bog.gov.gh/economic-data/real-sector/,0,,
2006-12-31,2006,,,Inflation Headline (%) Year-on-Year,12.76,real_sector,https://www.bog.gov.gh/economic-data/real-sector/,0,,
2007-01-01,2007,1,Jan,Inflation Headline (%) Year-on-Year,10.89,real_sector,https://www.bog.gov.gh/economic-data/real-sector/,0,,
2007-02-01,2007,2,Feb,Inflation Headline (%) Year-on-Year,10.42,real_sector,https://www.bog.gov.gh/economic-data/real-sector/,0,,
2007-03-01,2007,3,Mar,Inflation Headline (%) Year-on-Year,10.19,real_sector,https://www.bog.gov.gh/economic-data/real-sector/,0,,
2007-04-01,2007,4,Apr,Inflation Headline (%) Year-on-Year,10.5,real_sector,https://www.bog.gov.gh/economic-data/real-sector/,0,,
2007-05-01,2007,5,May,Inflation Headline (%) Year-on-Year,11.02,real_sector,https://www.bog.gov.gh/economic-data/real-sector/,0,,
2007-06-01,2007,6,Jun,Inflation Headline (%) Year-on-Year,10.69,real_sector,https://www.bog.gov.gh/economic-data/real-sector/,0,,
2007-07-01,2007,7,Jul,Inflation Headline (%) Year-on-Year,10.14,real_sector,https://www.bog.gov.gh/economic-data/real-sector/,0,,
2007-08-01,2007,8,Aug,Inflation Headline (%) Year-on-Year,10.41,real_sector,https://www.bog.gov.gh/economic-data/real-sector/,0,,
2007-09-01,2007,9,Sep,Inflation Headline (%) Year-on-Year,10.19,real_sector,https://www.bog.gov.gh/economic-data/real-sector/,0,,
2007-10-01,2007,10,Oct,Inflation Headline (%) Year-on-Year,10.14,real_sector,https://www.bog.gov.gh/economic-data/real-sector/,0,,
2007-11-01,2007,11,Nov,Inflation Headline (%) Year-on-Year,11.4,real_sector,https://www.bog.gov.gh/economic-data/real-sector/,0,,
2007-12-01,2007,12,Dec,Inflation Headline (%) Year-on-Year,12.75,real_sector,https://www.bog.gov.gh/economic-data/real-sector/,0,,
2007-12-31,2007,,,Inflation Headline (%) Year-on-Year,10.89,real_sector,https://www.bog.gov.gh/economic-data/real-sector/,0,,
2008-01-01,2008,1,Jan,Inflation Headline (%) Year-on-Year,12.81,real_sector,https://www.bog.gov.gh/economic-data/real-sector/,0,,
2008-02-01,2008,2,Feb,Inflation Headline (%) Year-on-Year,13.21,real_sector,https://www.bog.gov.gh/economic-data/real-sector/,0,,
2008-03-01,2008,3,Mar,Inflation Headline (%) Year-on-Year,13.79,real_sector,https://www.bog.gov.gh/economic-data/real-sector/,0,,
2008-04-01,2008,4,Apr,Inflation Headline (%) Year-on-Year,15.29,real_sector,https://www.bog.gov.gh/economic-data/real-sector/,0,,
2008-05-01,2008,5,May,Inflation Headline (%) Year-on-Year,16.88,real_sector,https://www.bog.gov.gh/economic-data/real-sector/,0,,
2008-06-01,2008,6,Jun,Inflation Headline (%) Year-on-Year,18.41,real_sector,https://www.bog.gov.gh/economic-data/real-sector/,0,,
2008-07-01,2008,7,Jul,Inflation Headline (%) Year-on-Year,18.31,real_sector,https://www.bog.gov.gh/economic-data/real-sector/,0,,
2008-08-01,2008,8,Aug,Inflation Headline (%) Year-on-Year,18.1,real_sector,https://www.bog.gov.gh/economic-data/real-sector/,0,,
2008-09-01,2008,9,Sep,Inflation Headline (%) Year-on-Year,17.89,real_sector,https://www.bog.gov.gh/economic-data/real-sector/,0,,
2008-10-01,2008,10,Oct,Inflation Headline (%) Year-on-Year,17.3,real_sector,https://www.bog.gov.gh/economic-data/real-sector/,0,,
2008-11-01,2008,11,Nov,Inflation Headline (%) Year-on-Year,17.44,real_sector,https://www.bog.gov.gh/economic-data/real-sector/,0,,
2008-12-01,2008,12,Dec,Inflation Headline (%) Year-on-Year,18.13,real_sector,https://www.bog.gov.gh/economic-data/real-sector/,0,,
2008-12-31,2008,,,Inflation Headline (%) Year-on-Year,12.81,real_sector,https://www.bog.gov.gh/economic-data/real-sector/,0,,
2009-01-01,2009,1,Jan,Inflation Headline (%) Year-on-Year,19.86,real_sector,https://www.bog.gov.gh/economic-data/real-sector/,0,,
2009-02-01,2009,2,Feb,Inflation Headline (%) Year-on-Year,20.34,real_sector,https://www.bog.gov.gh/economic-data/real-sector/,0,,
2009-03-01,2009,3,Mar,Inflation Headline (%) Year-on-Year,20.53,real_sector,https://www.bog.gov.gh/economic-data/real-sector/,0,,
2009-04-01,2009,4,Apr,Inflation Headline (%) Year-on-Year,20.56,real_sector,https://www.bog.gov.gh/economic-data/real-sector/,0,,
2009-05-01,2009,5,May,Inflation Headline (%) Year-on-Year,20.06,real_sector,https://www.bog.gov.gh/economic-data/real-sector/,0,,
2009-06-01,2009,6,Jun,Inflation Headline (%) Year-on-Year,20.74,real_sector,https://www.bog.gov.gh/economic-data/real-sector/,0,,
2009-07-01,2009,7,Jul,Inflation Headline (%) Year-on-Year,20.5,real_sector,https://www.bog.gov.gh/economic-data/real-sector/,0,,
2009-08-01,2009,8,Aug,Inflation Headline (%) Year-on-Year,19.65,real_sector,https://www.bog.gov.gh/economic-data/real-sector/,0,,
2009-09-01,2009,9,Sep,Inflation Headline (%) Year-on-Year,18.37,real_sector,https://www.bog.gov.gh/economic-data/real-sector/,0,,
2009-10-01,2009,10,Oct,Inflation Headline (%) Year-on-Year,18.04,real_sector,https://www.bog.gov.gh/economic-data/real-sector/,0,,
2009-11-01,2009,11,Nov,Inflation Headline (%) Year-on-Year,16.92,real_sector,https://www.bog.gov.gh/economic-data/real-sector/,0,,
2009-12-01,2009,12,Dec,Inflation Headline (%) Year-on-Year,15.98,real_sector,https://www.bog.gov.gh/economic-data/real-sector/,0,,
2009-12-31,2009,,,Inflation Headline (%) Year-on-Year,19.86,real_sector,https://www.bog.gov.gh/economic-data/real-sector/,0,,
2010-01-01,2010,1,Jan,Inflation Headline (%) Year-on-Year,14.8,real_sector,https://www.bog.gov.gh/economic-data/real-sector/,0,,
2010-02-01,2010,2,Feb,Inflation Headline (%) Year-on-Year,14.2,real_sector,https://www.bog.gov.gh/economic-data/real-sector/,0,,
2010-03-01,2010,3,Mar,Inflation Headline (%) Year-on-Year,13.3,real_sector,https://www.bog.gov.gh/economic-data/real-sector/,0,,
2010-04-01,2010,4,Apr,Inflation Headline (%) Year-on-Year,11.7,real_sector,https://www.bog.gov.gh/economic-data/real-sector/,0,,
2010-05-01,2010,5,May,Inflation Headline (%) Year-on-Year,10.7,real_sector,https://www.bog.gov.gh/economic-data/real-sector/,0,,
2010-06-01,2010,6,Jun,Inflation Headline (%) Year-on-Year,9.5,real_sector,https://www.bog.gov.gh/economic-data/real-sector/,0,,
2010-07-01,2010,7,Jul,Inflation Headline (%) Year-on-Year,9.5,real_sector,https://www.bog.gov.gh/economic-data/real-sector/,0,,
2010-08-01,2010,8,Aug,Inflation Headline (%) Year-on-Year,9.4,real_sector,https://www.bog.gov.gh/economic-data/real-sector/,0,,
2010-09-01,2010,9,Sep,Inflation Headline (%) Year-on-Year,9.4,real_sector,https://www.bog.gov.gh/economic-data/real-sector/,0,,
2010-10-01,2010,10,Oct,Inflation Headline (%) Year-on-Year,9.4,real_sector,https://www.bog.gov.gh/economic-data/real-sector/,0,,
2010-11-01,2010,11,Nov,Inflation Headline (%) Year-on-Year,9.1,real_sector,https://www.bog.gov.gh/economic-data/real-sector/,0,,
2010-12-01,2010,12,Dec,Inflation Headline (%) Year-on-Year,8.6,real_sector,https://www.bog.gov.gh/economic-data/real-sector/,0,,
2010-12-31,2010,,,Inflation Headline (%) Year-on-Year,14.8,real_sector,https://www.bog.gov.gh/economic-data/real-sector/,0,,
2011-01-01,2011,1,Jan,Inflation Headline (%) Year-on-Year,9.08,real_sector,https://www.bog.gov.gh/economic-data/real-sector/,0,,
2011-02-01,2011,2,Feb,Inflation Headline (%) Year-on-Year,9.16,real_sector,https://www.bog.gov.gh/economic-data/real-sector/,0,,
2011-03-01,2011,3,Mar,Inflation Headline (%) Year-on-Year,9.13,real_sector,https://www.bog.gov.gh/economic-data/real-sector/,0,,
2011-04-01,2011,4,Apr,Inflation Headline (%) Year-on-Year,9.02,real_sector,https://www.bog.gov.gh/economic-data/real-sector/,0,,
2011-05-01,2011,5,May,Inflation Headline (%) Year-on-Year,8.9,real_sector,https://www.bog.gov.gh/economic-data/real-sector/,0,,
2011-06-01,2011,6,Jun,Inflation Headline (%) Year-on-Year,8.59,real_sector,https://www.bog.gov.gh/economic-data/real-sector/,0,,
2011-07-01,2011,7,Jul,Inflation Headline (%) Year-on-Year,8.39,real_sector,https://www.bog.gov.gh/economic-data/real-sector/,0,,
2011-08-01,2011,8,Aug,Inflation Headline (%) Year-on-Year,8.41,real_sector,https://www.bog.gov.gh/economic-data/real-sector/,0,,
2011-09-01,2011,9,Sep,Inflation Headline (%) Year-on-Year,8.4,real_sector,https://www.bog.gov.gh/economic-data/real-sector/,0,,
2011-10-01,2011,10,Oct,Inflation Headline (%) Year-on-Year,8.56,real_sector,https://www.bog.gov.gh/economic-data/real-sector/,0,,
2011-11-01,2011,11,Nov,Inflation Headline (%) Year-on-Year,8.55,real_sector,https://www.bog.gov.gh/economic-data/real-sector/,0,,
2011-12-01,2011,12,Dec,Inflation Headline (%) Year-on-Year,8.58,real_sector,https://www.bog.gov.gh/economic-data/real-sector/,0,,
2011-12-31,2011,,,Inflation Headline (%) Year-on-Year,9.08,real_sector,https://www.bog.gov.gh/economic-data/real-sector/,0,,
2012-01-01,2012,1,Jan,Inflation Headline (%) Year-on-Year,8.73,real_sector,https://www.bog.gov.gh/economic-data/real-sector/,0,,
2012-02-01,2012,2,Feb,Inflation Headline (%) Year-on-Year,8.64,real_sector,https://www.bog.gov.gh/economic-data/real-sector/,0,,
2012-03-01,2012,3,Mar,Inflation Headline (%) Year-on-Year,8.78,real_sector,https://www.bog.gov.gh/economic-data/real-sector/,0,,
2012-04-01,2012,4,Apr,Inflation Headline (%) Year-on-Year,9.11,real_sector,https://www.bog.gov.gh/economic-data/real-sector/,0,,
2012-05-01,2012,5,May,Inflation Headline (%) Year-on-Year,9.34,real_sector,https://www.bog.gov.gh/economic-data/real-sector/,0,,
2012-06-01,2012,6,Jun,Inflation Headline (%) Year-on-Year,9.44,real_sector,https://www.bog.gov.gh/economic-data/real-sector/,0,,
2012-07-01,2012,7,Jul,Inflation Headline (%) Year-on-Year,9.54,real_sector,https://www.bog.gov.gh/economic-data/real-sector/,0,,
2012-08-01,2012,8,Aug,Inflation Headline (%) Year-on-Year,9.46,real_sector,https://www.bog.gov.gh/economic-data/real-sector/,0,,
2012-09-01,2012,9,Sep,Inflation Headline (%) Year-on-Year,9.43,real_sector,https://www.bog.gov.gh/economic-data/real-sector/,0,,
2012-10-01,2012,10,Oct,Inflation Headline (%) Year-on-Year,9.24,real_sector,https://www.bog.gov.gh/economic-data/real-sector/,0,,
2012-11-01,2012,11,Nov,Inflation Headline (%) Year-on-Year,9.31,real_sector,https://www.bog.gov.gh/economic-data/real-sector/,0,,
2012-12-01,2012,12,Dec,Inflation Headline (%) Year-on-Year,8.84,real_sector,https://www.bog.gov.gh/economic-data/real-sector/,0,,
2012-12-31,2012,,,Inflation Headline (%) Year-on-Year,8.73,real_sector,https://www.bog.gov.gh/economic-data/real-sector/,0,,
2013-01-01,2013,1,Jan,Inflation Headline (%) Year-on-Year,10.09,real_sector,https://www.bog.gov.gh/economic-data/real-sector/,0,,
2013-02-01,2013,2,Feb,Inflation Headline (%) Year-on-Year,10.4,real_sector,https://www.bog.gov.gh/economic-data/real-sector/,0,,
2013-03-01,2013,3,Mar,Inflation Headline (%) Year-on-Year,10.78,real_sector,https://www.bog.gov.gh/economic-data/real-sector/,0,,
2013-04-01,2013,4,Apr,Inflation Headline (%) Year-on-Year,10.87,real_sector,https://www.bog.gov.gh/economic-data/real-sector/,0,,
2013-05-01,2013,5,May,Inflation Headline (%) Year-on-Year,11.02,real_sector,https://www.bog.gov.gh/economic-data/real-sector/,0,,
2013-06-01,2013,6,Jun,Inflation Headline (%) Year-on-Year,11.63,real_sector,https://www.bog.gov.gh/economic-data/real-sector/,0,,
2013-07-01,2013,7,Jul,Inflation Headline (%) Year-on-Year,11.79,real_sector,https://www.bog.gov.gh/economic-data/real-sector/,0,,
2013-08-01,2013,8,Aug,Inflation Headline (%) Year-on-Year,11.45,real_sector,https://www.bog.gov.gh/economic-data/real-sector/,0,,
2013-09-01,2013,9,Sep,Inflation Headline (%) Year-on-Year,11.95,real_sector,https://www.bog.gov.gh/economic-data/real-sector/,0,,
2013-10-01,2013,10,Oct,Inflation Headline (%) Year-on-Year,13.09,real_sector,https://www.bog.gov.gh/economic-data/real-sector/,0,,
2013-11-01,2013,11,Nov,Inflation Headline (%) Year-on-Year,13.22,real_sector,https://www.bog.gov.gh/economic-data/real-sector/,0,,
2013-12-01,2013,12,Dec,Inflation Headline (%) Year-on-Year,13.5,real_sector,https://www.bog.gov.gh/economic-data/real-sector/,0,,
2013-12-31,2013,,,Inflation Headline (%) Year-on-Year,10.09,real_sector,https://www.bog.gov.gh/economic-data/real-sector/,0,,
2014-01-01,2014,1,Jan,Inflation Headline (%) Year-on-Year,13.8,real_sector,https://www.bog.gov.gh/economic-data/real-sector/,0,,
2014-02-01,2014,2,Feb,Inflation Headline (%) Year-on-Year,14.03,real_sector,https://www.bog.gov.gh/economic-data/real-sector/,0,,
2014-03-01,2014,3,Mar,Inflation Headline (%) Year-on-Year,14.52,real_sector,https://www.bog.gov.gh/economic-data/real-sector/,0,,
2014-04-01,2014,4,Apr,Inflation Headline (%) Year-on-Year,14.69,real_sector,https://www.bog.gov.gh/economic-data/real-sector/,0,,
2014-05-01,2014,5,May,Inflation Headline (%) Year-on-Year,14.84,real_sector,https://www.bog.gov.gh/economic-data/real-sector/,0,,
2014-06-01,2014,6,Jun,Inflation Headline (%) Year-on-Year,14.99,real_sector,https://www.bog.gov.gh/economic-data/real-sector/,0,,
2014-07-01,2014,7,Jul,Inflation Headline (%) Year-on-Year,15.32,real_sector,https://www.bog.gov.gh/economic-data/real-sector/,0,,
2014-08-01,2014,8,Aug,Inflation Headline (%) Year-on-Year,15.9,real_sector,https://www.bog.gov.gh/economic-data/real-sector/,0,,
2014-09-01,2014,9,Sep,Inflation Headline (%) Year-on-Year,16.47,real_sector,https://www.bog.gov.gh/economic-data/real-sector/,0,,
2014-10-01,2014,10,Oct,Inflation Headline (%) Year-on-Year,16.9,real_sector,https://www.bog.gov.gh/economic-data/real-sector/,0,,
2014-11-01,2014,11,Nov,Inflation Headline (%) Year-on-Year,17.05,real_sector,https://www.bog.gov.gh/economic-data/real-sector/,0,,
2014-12-01,2014,12,Dec,Inflation Headline (%) Year-on-Year,16.99,real_sector,https://www.bog.gov.gh/economic-data/real-sector/,0,,
2014-12-31,2014,,,Inflation Headline (%) Year-on-Year,13.8,real_sector,https://www.bog.gov.gh/economic-data/real-sector/,0,,
2015-01-01,2015,1,Jan,Inflation Headline (%) Year-on-Year,16.44,real_sector,https://www.bog.gov.gh/economic-data/real-sector/,0,,
2015-02-01,2015,2,Feb,Inflation Headline (%) Year-on-Year,16.5,real_sector,https://www.bog.gov.gh/economic-data/real-sector/,0,,
2015-03-01,2015,3,Mar,Inflation Headline (%) Year-on-Year,16.64,real_sector,https://www.bog.gov.gh/economic-data/real-sector/,0,,
2015-04-01,2015,4,Apr,Inflation Headline (%) Year-on-Year,16.76,real_sector,https://www.bog.gov.gh/economic-data/real-sector/,0,,
2015-05-01,2015,5,May,Inflation Headline (%) Year-on-Year,16.91,real_sector,https://www.bog.gov.gh/economic-data/real-sector/,0,,
2015-06-01,2015,6,Jun,Inflation Headline (%) Year-on-Year,17.08,real_sector,https://www.bog.gov.gh/economic-data/real-sector/,0,,
2015-07-01,2015,7,Jul,Inflation Headline (%) Year-on-Year,17.94,real_sector,https://www.bog.gov.gh/economic-data/real-sector/,0,,
2015-08-01,2015,8,Aug,Inflation Headline (%) Year-on-Year,17.3,real_sector,https://www.bog.gov.gh/economic-data/real-sector/,0,,
2015-09-01,2015,9,Sep,Inflation Headline (%) Year-on-Year,17.36,real_sector,https://www.bog.gov.gh/economic-data/real-sector/,0,,
2015-10-01,2015,10,Oct,Inflation Headline (%) Year-on-Year,17.38,real_sector,https://www.bog.gov.gh/economic-data/real-sector/,0,,
2015-11-01,2015,11,Nov,Inflation Headline (%) Year-on-Year,17.58,real_sector,https://www.bog.gov.gh/economic-data/real-sector/,0,,
2015-12-01,2015,12,Dec,Inflation Headline (%) Year-on-Year,17.7,real_sector,https://www.bog.gov.gh/economic-data/real-sector/,0,,
2015-12-31,2015,,,Inflation Headline (%) Year-on-Year,16.44,real_sector,https://www.bog.gov.gh/economic-data/real-sector/,0,,
2016-01-01,2016,1,Jan,Inflation Headline (%) Year-on-Year,19.0,real_sector,https://www.bog.gov.gh/economic-data/real-sector/,0,,
2016-02-01,2016,2,Feb,Inflation Headline (%) Year-on-Year,18.5,real_sector,https://www.bog.gov.gh/economic-data/real-sector/,0,,
2016-03-01,2016,3,Mar,Inflation Headline (%) Year-on-Year,19.2,real_sector,https://www.bog.gov.gh/economic-data/real-sector/,0,,
2016-04-01,2016,4,Apr,Inflation Headline (%) Year-on-Year,18.7,real_sector,https://www.bog.gov.gh/economic-data/real-sector/,0,,
2016-05-01,2016,5,May,Inflation Headline (%) Year-on-Year,18.9,real_sector,https://www.bog.gov.gh/economic-data/real-sector/,0,,
2016-06-01,2016,6,Jun,Inflation Headline (%) Year-on-Year,18.4,real_sector,https://www.bog.gov.gh/economic-data/real-sector/,0,,
2016-07-01,2016,7,Jul,Inflation Headline (%) Year-on-Year,16.7,real_sector,https://www.bog.gov.gh/economic-data/real-sector/,0,,
2016-08-01,2016,8,Aug,Inflation Headline (%) Year-on-Year,16.9,real_sector,https://www.bog.gov.gh/economic-data/real-sector/,0,,
2016-09-01,2016,9,Sep,Inflation Headline (%) Year-on-Year,17.2,real_sector,https://www.bog.gov.gh/economic-data/real-sector/,0,,
2016-10-01,2016,10,Oct,Inflation Headline (%) Year-on-Year,15.8,real_sector,https://www.bog.gov.gh/economic-data/real-sector/,0,,
2016-11-01,2016,11,Nov,Inflation Headline (%) Year-on-Year,15.5,real_sector,https://www.bog.gov.gh/economic-data/real-sector/,0,,
2016-12-01,2016,12,Dec,Inflation Headline (%) Year-on-Year,15.4,real_sector,https://www.bog.gov.gh/economic-data/real-sector/,0,,
2016-12-31,2016,,,Inflation Headline (%) Year-on-Year,19.0,real_sector,https://www.bog.gov.gh/economic-data/real-sector/,0,,
2017-01-01,2017,1,Jan,Inflation Headline (%) Year-on-Year,13.3,real_sector,https://www.bog.gov.gh/economic-data/real-sector/,0,,
2017-02-01,2017,2,Feb,Inflation Headline (%) Year-on-Year,13.2,real_sector,https://www.bog.gov.gh/economic-data/real-sector/,0,,
2017-03-01,2017,3,Mar,Inflation Headline (%) Year-on-Year,12.8,real_sector,https://www.bog.gov.gh/economic-data/real-sector/,0,,
2017-04-01,2017,4,Apr,Inflation Headline (%) Year-on-Year,13.0,real_sector,https://www.bog.gov.gh/economic-data/real-sector/,0,,
2017-05-01,2017,5,May,Inflation Headline (%) Year-on-Year,12.6,real_sector,https://www.bog.gov.gh/economic-data/real-sector/,0,,
2017-06-01,2017,6,Jun,Inflation Headline (%) Year-on-Year,12.1,real_sector,https://www.bog.gov.gh/economic-data/real-sector/,0,,
2017-07-01,2017,7,Jul,Inflation Headline (%) Year-on-Year,11.9,real_sector,https://www.bog.gov.gh/economic-data/real-sector/,0,,
2017-08-01,2017,8,Aug,Inflation Headline (%) Year-on-Year,12.3,real_sector,https://www.bog.gov.gh/economic-data/real-sector/,0,,
2017-09-01,2017,9,Sep,Inflation Headline (%) Year-on-Year,12.2,real_sector,https://www.bog.gov.gh/economic-data/real-sector/,0,,
2017-10-01,2017,10,Oct,Inflation Headline (%) Year-on-Year,11.6,real_sector,https://www.bog.gov.gh/economic-data/real-sector/,0,,
2017-11-01,2017,11,Nov,Inflation Headline (%) Year-on-Year,11.7,real_sector,https://www.bog.gov.gh/economic-data/real-sector/,0,,
2017-12-01,2017,12,Dec,Inflation Headline (%) Year-on-Year,11.8,real_sector,https://www.bog.gov.gh/economic-data/real-sector/,0,,
2017-12-31,2017,,,Inflation Headline (%) Year-on-Year,13.3,real_sector,https://www.bog.gov.gh/economic-data/real-sector/,0,,
2018-01-01,2018,1,Jan,Inflation Headline (%) Year-on-Year,10.35,real_sector,https://www.bog.gov.gh/economic-data/real-sector/,0,,
2018-02-01,2018,2,Feb,Inflation Headline (%) Year-on-Year,10.58,real_sector,https://www.bog.gov.gh/economic-data/real-sector/,0,,
2018-03-01,2018,3,Mar,Inflation Headline (%) Year-on-Year,10.36,real_sector,https://www.bog.gov.gh/economic-data/real-sector/,0,,
2018-04-01,2018,4,Apr,Inflation Headline (%) Year-on-Year,9.55,real_sector,https://www.bog.gov.gh/economic-data/real-sector/,0,,
2018-05-01,2018,5,May,Inflation Headline (%) Year-on-Year,9.81,real_sector,https://www.bog.gov.gh/economic-data/real-sector/,0,,
2018-06-01,2018,6,Jun,Inflation Headline (%) Year-on-Year,9.97,real_sector,https://www.bog.gov.gh/economic-data/real-sector/,0,,
2018-07-01,2018,7,Jul,Inflation Headline (%) Year-on-Year,9.63,real_sector,https://www.bog.gov.gh/economic-data/real-sector/,0,,
2018-08-01,2018,8,Aug,Inflation Headline (%) Year-on-Year,9.86,real_sector,https://www.bog.gov.gh/economic-data/real-sector/,0,,
2018-09-01,2018,9,Sep,Inflation Headline (%) Year-on-Year,9.79,real_sector,https://www.bog.gov.gh/economic-data/real-sector/,0,,
2018-10-01,2018,10,Oct,Inflation Headline (%) Year-on-Year,9.52,real_sector,https://www.bog.gov.gh/economic-data/real-sector/,0,,
2018-11-01,2018,11,Nov,Inflation Headline (%) Year-on-Year,9.34,real_sector,https://www.bog.gov.gh/economic-data/real-sector/,0,,
2018-12-01,2018,12,Dec,Inflation Headline (%) Year-on-Year,9.43,real_sector,https://www.bog.gov.gh/economic-data/real-sector/,0,,
2018-12-31,2018,,,Inflation Headline (%) Year-on-Year,10.35,real_sector,https://www.bog.gov.gh/economic-data/real-sector/,0,,
2019-01-01,2019,1,Jan,Inflation Headline (%) Year-on-Year,9.01,real_sector,https://www.bog.gov.gh/economic-data/real-sector/,0,,
2019-02-01,2019,2,Feb,Inflation Headline (%) Year-on-Year,9.17,real_sector,https://www.bog.gov.gh/economic-data/real-sector/,0,,
2019-03-01,2019,3,Mar,Inflation Headline (%) Year-on-Year,9.28,real_sector,https://www.bog.gov.gh/economic-data/real-sector/,0,,
2019-04-01,2019,4,Apr,Inflation Headline (%) Year-on-Year,9.47,real_sector,https://www.bog.gov.gh/economic-data/real-sector/,0,,
2019-05-01,2019,5,May,Inflation Headline (%) Year-on-Year,9.41,real_sector,https://www.bog.gov.gh/economic-data/real-sector/,0,,
2019-06-01,2019,6,Jun,Inflation Headline (%) Year-on-Year,9.12,real_sector,https://www.bog.gov.gh/economic-data/real-sector/,0,,
2019-07-01,2019,7,Jul,Inflation Headline (%) Year-on-Year,9.44,real_sector,https://www.bog.gov.gh/economic-data/real-sector/,0,,
2019-08-01,2019,8,Aug,Inflation Headline (%) Year-on-Year,7.8,real_sector,https://www.bog.gov.gh/economic-data/real-sector/,0,,
2019-09-01,2019,9,Sep,Inflation Headline (%) Year-on-Year,7.6,real_sector,https://www.bog.gov.gh/economic-data/real-sector/,0,,
2019-10-01,2019,10,Oct,Inflation Headline (%) Year-on-Year,7.7,real_sector,https://www.bog.gov.gh/economic-data/real-sector/,0,,
2019-11-01,2019,11,Nov,Inflation Headline (%) Year-on-Year,8.2,real_sector,https://www.bog.gov.gh/economic-data/real-sector/,0,,
2019-12-01,2019,12,Dec,Inflation Headline (%) Year-on-Year,7.9,real_sector,https://www.bog.gov.gh/economic-data/real-sector/,0,,
2019-12-31,2019,,,Inflation Headline (%) Year-on-Year,9.01,real_sector,https://www.bog.gov.gh/economic-data/real-sector/,0,,
2020-01-01,2020,1,Jan,Inflation Headline (%) Year-on-Year,7.8,real_sector,https://www.bog.gov.gh/economic-data/real-sector/,0,,
2020-02-01,2020,2,Feb,Inflation Headline (%) Year-on-Year,7.8,real_sector,https://www.bog.gov.gh/economic-data/real-sector/,0,,
2020-03-01,2020,3,Mar,Inflation Headline (%) Year-on-Year,7.8,real_sector,https://www.bog.gov.gh/economic-data/real-sector/,0,,
2020-04-01,2020,4,Apr,Inflation Headline (%) Year-on-Year,10.6,real_sector,https://www.bog.gov.gh/economic-data/real-sector/,0,,
2020-05-01,2020,5,May,Inflation Headline (%) Year-on-Year,11.3,real_sector,https://www.bog.gov.gh/economic-data/real-sector/,0,,
2020-06-01,2020,6,Jun,Inflation Headline (%) Year-on-Year,11.2,real_sector,https://www.bog.gov.gh/economic-data/real-sector/,0,,
2020-07-01,2020,7,Jul,Inflation Headline (%) Year-on-Year,11.4,real_sector,https://www.bog.gov.gh/economic-data/real-sector/,0,,
2020-08-01,2020,8,Aug,Inflation Headline (%) Year-on-Year,10.5,real_sector,https://www.bog.gov.gh/economic-data/real-sector/,0,,
2020-09-01,2020,9,Sep,Inflation Headline (%) Year-on-Year,10.4,real_sector,https://www.bog.gov.gh/economic-data/real-sector/,0,,
2020-10-01,2020,10,Oct,Inflation Headline (%) Year-on-Year,10.1,real_sector,https://www.bog.gov.gh/economic-data/real-sector/,0,,
2020-11-01,2020,11,Nov,Inflation Headline (%) Year-on-Year,9.8,real_sector,https://www.bog.gov.gh/economic-data/real-sector/,0,,
2020-12-01,2020,12,Dec,Inflation Headline (%) Year-on-Year,10.4,real_sector,https://www.bog.gov.gh/economic-data/real-sector/,0,,
2020-12-31,2020,,,Inflation Headline (%) Year-on-Year,7.8,real_sector,https://www.bog.gov.gh/economic-data/real-sector/,0,,
2021-01-01,2021,1,Jan,Inflation Headline (%) Year-on-Year,9.9,real_sector,https://www.bog.gov.gh/economic-data/real-sector/,0,,
2021-02-01,2021,2,Feb,Inflation Headline (%) Year-on-Year,10.3,real_sector,https://www.bog.gov.gh/economic-data/real-sector/,0,,
2021-03-01,2021,3,Mar,Inflation Headline (%) Year-on-Year,10.3,real_sector,https://www.bog.gov.gh/economic-data/real-sector/,0,,
2021-04-01,2021,4,Apr,Inflation Headline (%) Year-on-Year,8.5,real_sector,https://www.bog.gov.gh/economic-data/real-sector/,0,,
2021-05-01,2021,5,May,Inflation Headline (%) Year-on-Year,7.5,real_sector,https://www.bog.gov.gh/economic-data/real-sector/,0,,
2021-06-01,2021,6,Jun,Inflation Headline (%) Year-on-Year,7.8,real_sector,https://www.bog.gov.gh/economic-data/real-sector/,0,,
2021-07-01,2021,7,Jul,Inflation Headline (%) Year-on-Year,9.0,real_sector,https://www.bog.gov.gh/economic-data/real-sector/,0,,
2021-08-01,2021,8,Aug,Inflation Headline (%) Year-on-Year,9.7,real_sector,https://www.bog.gov.gh/economic-data/real-sector/,0,,
2021-09-01,2021,9,Sep,Inflation Headline (%) Year-on-Year,10.6,real_sector,https://www.bog.gov.gh/economic-data/real-sector/,0,,
2021-10-01,2021,10,Oct,Inflation Headline (%) Year-on-Year,11.0,real_sector,https://www.bog.gov.gh/economic-data/real-sector/,0,,
2021-11-01,2021,11,Nov,Inflation Headline (%) Year-on-Year,12.2,real_sector,https://www.bog.gov.gh/economic-data/real-sector/,0,,
2021-12-01,2021,12,Dec,Inflation Headline (%) Year-on-Year,12.6,real_sector,https://www.bog.gov.gh/economic-data/real-sector/,0,,
2021-12-31,2021,,,Inflation Headline (%) Year-on-Year,9.9,real_sector,https://www.bog.gov.gh/economic-data/real-sector/,0,,
2022-01-01,2022,1,Jan,Inflation Headline (%) Year-on-Year,13.9,real_sector,https://www.bog.gov.gh/economic-data/real-sector/,0,,
2022-02-01,2022,2,Feb,Inflation Headline (%) Year-on-Year,15.7,real_sector,https://www.bog.gov.gh/economic-data/real-sector/,0,,
2022-03-01,2022,3,Mar,Inflation Headline (%) Year-on-Year,19.4,real_sector,https://www.bog.gov.gh/economic-data/real-sector/,0,,
2022-04-01,2022,4,Apr,Inflation Headline (%) Year-on-Year,23.4,real_sector,https://www.bog.gov.gh/economic-data/real-sector/,0,,
2022-05-01,2022,5,May,Inflation Headline (%) Year-on-Year,27.6,real_sector,https://www.bog.gov.gh/economic-data/real-sector/,0,,
2022-06-01,2022,6,Jun,Inflation Headline (%) Year-on-Year,29.8,real_sector,https://www.bog.gov.gh/economic-data/real-sector/,0,,
2022-07-01,2022,7,Jul,Inflation Headline (%) Year-on-Year,31.7,real_sector,https://www.bog.gov.gh/economic-data/real-sector/,0,,
2022-08-01,2022,8,Aug,Inflation Headline (%) Year-on-Year,33.9,real_sector,https://www.bog.gov.gh/economic-data/real-sector/,0,,
2022-09-01,2022,9,Sep,Inflation Headline (%) Year-on-Year,37.2,real_sector,https://www.bog.gov.gh/economic-data/real-sector/,0,,
2022-10-01,2022,10,Oct,Inflation Headline (%) Year-on-Year,40.4,real_sector,https://www.bog.gov.gh/economic-data/real-sector/,0,,
2022-11-01,2022,11,Nov,Inflation Headline (%) Year-on-Year,50.3,real_sector,https://www.bog.gov.gh/economic-data/real-sector/,0,,
2022-12-01,2022,12,Dec,Inflation Headline (%) Year-on-Year,54.1,real_sector,https://www.bog.gov.gh/economic-data/real-sector/,0,,
2022-12-31,2022,,,Inflation Headline (%) Year-on-Year,13.9,real_sector,https://www.bog.gov.gh/economic-data/real-sector/,0,,
2023-01-01,2023,1,Jan,Inflation Headline (%) Year-on-Year,53.6,real_sector,https://www.bog.gov.gh/economic-data/real-sector/,0,,
2023-02-01,2023,2,Feb,Inflation Headline (%) Year-on-Year,52.8,real_sector,https://www.bog.gov.gh/economic-data/real-sector/,0,,
2023-03-01,2023,3,Mar,Inflation Headline (%) Year-on-Year,45.0,real_sector,https://www.bog.gov.gh/economic-data/real-sector/,0,,
2023-04-01,2023,4,Apr,Inflation Headline (%) Year-on-Year,41.2,real_sector,https://www.bog.gov.gh/economic-data/real-sector/,0,,
2023-05-01,2023,5,May,Inflation Headline (%) Year-on-Year,0.0,real_sector,https://www.bog.gov.gh/economic-data/real-sector/,0,,
2023-06-01,2023,6,Jun,Inflation Headline (%) Year-on-Year,0.0,real_sector,https://www.bog.gov.gh/economic-data/real-sector/,0,,
2023-07-01,2023,7,Jul,Inflation Headline (%) Year-on-Year,0.0,real_sector,https://www.bog.gov.gh/economic-data/real-sector/,0,,
2023-08-01,2023,8,Aug,Inflation Headline (%) Year-on-Year,0.0,real_sector,https://www.bog.gov.gh/economic-data/real-sector/,0,,
2023-09-01,2023,9,Sep,Inflation Headline (%) Year-on-Year,0.0,real_sector,https://www.bog.gov.gh/economic-data/real-sector/,0,,
2023-10-01,2023,10,Oct,Inflation Headline (%) Year-on-Year,0.0,real_sector,https://www.bog.gov.gh/economic-data/real-sector/,0,,
2023-11-01,2023,11,Nov,Inflation Headline (%) Year-on-Year,0.0,real_sector,https://www.bog.gov.gh/economic-data/real-sector/,0,,
2023-12-01,2023,12,Dec,Inflation Headline (%) Year-on-Year,0.0,real_sector,https://www.bog.gov.gh/economic-data/real-sector/,0,,
2023-12-31,2023,,,Inflation Headline (%) Year-on-Year,53.6,real_sector,https://www.bog.gov.gh/economic-data/real-sector/,0,,
2013-01-01,2013,1,Jan,Inflation_Core (Adjusted for Energy & Utility) (%) Year-on-Year,9.68,real_sector,https://www.bog.gov.gh/economic-data/real-sector/,0,,
2013-02-01,2013,2,Feb,Inflation_Core (Adjusted for Energy & Utility) (%) Year-on-Year,9.75,real_sector,https://www.bog.gov.gh/economic-data/real-sector/,0,,
2013-03-01,2013,3,Mar,Inflation_Core (Adjusted for Energy & Utility) (%) Year-on-Year,10.21,real_sector,https://www.bog.gov.gh/economic-data/real-sector/,0,,
2013-04-01,2013,4,Apr,Inflation_Core (Adjusted for Energy & Utility) (%) Year-on-Year,10.36,real_sector,https://www.bog.gov.gh/economic-data/real-sector/,0,,
2013-05-01,2013,5,May,Inflation_Core (Adjusted for Energy & Utility) (%) Year-on-Year,10.68,real_sector,https://www.bog.gov.gh/economic-data/real-sector/,0,,
2013-06-01,2013,6,Jun,Inflation_Core (Adjusted for Energy & Utility) (%) Year-on-Year,11.43,real_sector,https://www.bog.gov.gh/economic-data/real-sector/,0,,
2013-07-01,2013,7,Jul,Inflation_Core (Adjusted for Energy & Utility) (%) Year-on-Year,11.49,real_sector,https://www.bog.gov.gh/economic-data/real-sector/,0,,
2013-08-01,2013,8,Aug,Inflation_Core (Adjusted for Energy & Utility) (%) Year-on-Year,11.32,real_sector,https://www.bog.gov.gh/economic-data/real-sector/,0,,
2013-09-01,2013,9,Sep,Inflation_Core (Adjusted for Energy & Utility) (%) Year-on-Year,12.25,real_sector,https://www.bog.gov.gh/economic-data/real-sector/,0,,
2013-10-01,2013,10,Oct,Inflation_Core (Adjusted for Energy & Utility) (%) Year-on-Year,11.49,real_sector,https://www.bog.gov.gh/economic-data/real-sector/,0,,
2013-11-01,2013,11,Nov,Inflation_Core (Adjusted for Energy & Utility) (%) Year-on-Year,11.44,real_sector,https://www.bog.gov.gh/economic-data/real-sector/,0,,
2013-12-01,2013,12,Dec,Inflation_Core (Adjusted for Energy & Utility) (%) Year-on-Year,11.21,real_sector,https://www.bog.gov.gh/economic-data/real-sector/,0,,
2013-12-31,2013,,,Inflation_Core (Adjusted for Energy & Utility) (%) Year-on-Year,9.68,real_sector,https://www.bog.gov.gh/economic-data/real-sector/,0,,
2014-01-01,2014,1,Jan,Inflation_Core (Adjusted for Energy & Utility) (%) Year-on-Year,10.67,real_sector,https://www.bog.gov.gh/economic-data/real-sector/,0,,
2014-02-01,2014,2,Feb,Inflation_Core (Adjusted for Energy & Utility) (%) Year-on-Year,11.24,real_sector,https://www.bog.gov.gh/economic-data/real-sector/,0,,
2014-03-01,2014,3,Mar,Inflation_Core (Adjusted for Energy & Utility) (%) Year-on-Year,11.1,real_sector,https://www.bog.gov.gh/economic-data/real-sector/,0,,
2014-04-01,2014,4,Apr,Inflation_Core (Adjusted for Energy & Utility) (%) Year-on-Year,11.0,real_sector,https://www.bog.gov.gh/economic-data/real-sector/,0,,
2014-05-01,2014,5,May,Inflation_Core (Adjusted for Energy & Utility) (%) Year-on-Year,11.12,real_sector,https://www.bog.gov.gh/economic-data/real-sector/,0,,
2014-06-01,2014,6,Jun,Inflation_Core (Adjusted for Energy & Utility) (%) Year-on-Year,10.92,real_sector,https://www.bog.gov.gh/economic-data/real-sector/,0,,
2014-07-01,2014,7,Jul,Inflation_Core (Adjusted for Energy & Utility) (%) Year-on-Year,10.09,real_sector,https://www.bog.gov.gh/economic-data/real-sector/,0,,
2014-08-01,2014,8,Aug,Inflation_Core (Adjusted for Energy & Utility) (%) Year-on-Year,10.85,real_sector,https://www.bog.gov.gh/economic-data/real-sector/,0,,
2014-09-01,2014,9,Sep,Inflation_Core (Adjusted for Energy & Utility) (%) Year-on-Year,10.55,real_sector,https://www.bog.gov.gh/economic-data/real-sector/,0,,
2014-10-01,2014,10,Oct,Inflation_Core (Adjusted for Energy & Utility) (%) Year-on-Year,13.26,real_sector,https://www.bog.gov.gh/economic-data/real-sector/,0,,
2014-11-01,2014,11,Nov,Inflation_Core (Adjusted for Energy & Utility) (%) Year-on-Year,13.42,real_sector,https://www.bog.gov.gh/economic-data/real-sector/,0,,
2014-12-01,2014,12,Dec,Inflation_Core (Adjusted for Energy & Utility) (%) Year-on-Year,13.78,real_sector,https://www.bog.gov.gh/economic-data/real-sector/,0,,
2014-12-31,2014,,,Inflation_Core (Adjusted for Energy & Utility) (%) Year-on-Year,10.67,real_sector,https://www.bog.gov.gh/economic-data/real-sector/,0,,
2015-01-01,2015,1,Jan,Inflation_Core (Adjusted for Energy & Utility) (%) Year-on-Year,14.69,real_sector,https://www.bog.gov.gh/economic-data/real-sector/,0,,
2015-02-01,2015,2,Feb,Inflation_Core (Adjusted for Energy & Utility) (%) Year-on-Year,14.75,real_sector,https://www.bog.gov.gh/economic-data/real-sector/,0,,
2015-03-01,2015,3,Mar,Inflation_Core (Adjusted for Energy & Utility) (%) Year-on-Year,15.58,real_sector,https://www.bog.gov.gh/economic-data/real-sector/,0,,
2015-04-01,2015,4,Apr,Inflation_Core (Adjusted for Energy & Utility) (%) Year-on-Year,16.0,real_sector,https://www.bog.gov.gh/economic-data/real-sector/,0,,
2015-05-01,2015,5,May,Inflation_Core (Adjusted for Energy & Utility) (%) Year-on-Year,16.16,real_sector,https://www.bog.gov.gh/economic-data/real-sector/,0,,
2015-06-01,2015,6,Jun,Inflation_Core (Adjusted for Energy & Utility) (%) Year-on-Year,16.03,real_sector,https://www.bog.gov.gh/economic-data/real-sector/,0,,
2015-07-01,2015,7,Jul,Inflation_Core (Adjusted for Energy & Utility) (%) Year-on-Year,16.67,real_sector,https://www.bog.gov.gh/economic-data/real-sector/,0,,
2015-08-01,2015,8,Aug,Inflation_Core (Adjusted for Energy & Utility) (%) Year-on-Year,17.05,real_sector,https://www.bog.gov.gh/economic-data/real-sector/,0,,
2015-09-01,2015,9,Sep,Inflation_Core (Adjusted for Energy & Utility) (%) Year-on-Year,17.9,real_sector,https://www.bog.gov.gh/economic-data/real-sector/,0,,
2015-10-01,2015,10,Oct,Inflation_Core (Adjusted for Energy & Utility) (%) Year-on-Year,18.1,real_sector,https://www.bog.gov.gh/economic-data/real-sector/,0,,
2015-11-01,2015,11,Nov,Inflation_Core (Adjusted for Energy & Utility) (%) Year-on-Year,18.3,real_sector,https://www.bog.gov.gh/economic-data/real-sector/,0,,
2015-12-01,2015,12,Dec,Inflation_Core (Adjusted for Energy & Utility) (%) Year-on-Year,18.6,real_sector,https://www.bog.gov.gh/economic-data/real-sector/,0,,
2015-12-31,2015,,,Inflation_Core (Adjusted for Energy & Utility) (%) Year-on-Year,14.69,real_sector,https://www.bog.gov.gh/economic-data/real-sector/,0,,
2016-01-01,2016,1,Jan,Inflation_Core (Adjusted for Energy & Utility) (%) Year-on-Year,17.6,real_sector,https://www.bog.gov.gh/economic-data/real-sector/,0,,
2016-02-01,2016,2,Feb,Inflation_Core (Adjusted for Energy & Utility) (%) Year-on-Year,17.2,real_sector,https://www.bog.gov.gh/economic-data/real-sector/,0,,
2016-03-01,2016,3,Mar,Inflation_Core (Adjusted for Energy & Utility) (%) Year-on-Year,18.11,real_sector,https://www.bog.gov.gh/economic-data/real-sector/,0,,
2016-04-01,2016,4,Apr,Inflation_Core (Adjusted for Energy & Utility) (%) Year-on-Year,17.72,real_sector,https://www.bog.gov.gh/economic-data/real-sector/,0,,
2016-05-01,2016,5,May,Inflation_Core (Adjusted for Energy & Utility) (%) Year-on-Year,17.87,real_sector,https://www.bog.gov.gh/economic-data/real-sector/,0,,
2016-06-01,2016,6,Jun,Inflation_Core (Adjusted for Energy & Utility) (%) Year-on-Year,17.9,real_sector,https://www.bog.gov.gh/economic-data/real-sector/,0,,
2016-07-01,2016,7,Jul,Inflation_Core (Adjusted for Energy & Utility) (%) Year-on-Year,17.83,real_sector,https://www.bog.gov.gh/economic-data/real-sector/,0,,
2016-08-01,2016,8,Aug,Inflation_Core (Adjusted for Energy & Utility) (%) Year-on-Year,16.6,real_sector,https://www.bog.gov.gh/economic-data/real-sector/,0,,
2016-09-01,2016,9,Sep,Inflation_Core (Adjusted for Energy & Utility) (%) Year-on-Year,16.9,real_sector,https://www.bog.gov.gh/economic-data/real-sector/,0,,
2016-10-01,2016,10,Oct,Inflation_Core (Adjusted for Energy & Utility) (%) Year-on-Year,15.2,real_sector,https://www.bog.gov.gh/economic-data/real-sector/,0,,
2016-11-01,2016,11,Nov,Inflation_Core (Adjusted for Energy & Utility) (%) Year-on-Year,14.7,real_sector,https://www.bog.gov.gh/economic-data/real-sector/,0,,
2016-12-01,2016,12,Dec,Inflation_Core (Adjusted for Energy & Utility) (%) Year-on-Year,14.6,real_sector,https://www.bog.gov.gh/economic-data/real-sector/,0,,
2016-12-31,2016,,,Inflation_Core (Adjusted for Energy & Utility) (%) Year-on-Year,17.6,real_sector,https://www.bog.gov.gh/economic-data/real-sector/,0,,
2017-01-01,2017,1,Jan,Inflation_Core (Adjusted for Energy & Utility) (%) Year-on-Year,14.5,real_sector,https://www.bog.gov.gh/economic-data/real-sector/,0,,
2017-02-01,2017,2,Feb,Inflation_Core (Adjusted for Energy & Utility) (%) Year-on-Year,14.0,real_sector,https://www.bog.gov.gh/economic-data/real-sector/,0,,
2017-03-01,2017,3,Mar,Inflation_Core (Adjusted for Energy & Utility) (%) Year-on-Year,13.4,real_sector,https://www.bog.gov.gh/economic-data/real-sector/,0,,
2017-04-01,2017,4,Apr,Inflation_Core (Adjusted for Energy & Utility) (%) Year-on-Year,13.7,real_sector,https://www.bog.gov.gh/economic-data/real-sector/,0,,
2017-05-01,2017,5,May,Inflation_Core (Adjusted for Energy & Utility) (%) Year-on-Year,13.3,real_sector,https://www.bog.gov.gh/economic-data/real-sector/,0,,
2017-06-01,2017,6,Jun,Inflation_Core (Adjusted for Energy & Utility) (%) Year-on-Year,12.8,real_sector,https://www.bog.gov.gh/economic-data/real-sector/,0,,
2017-07-01,2017,7,Jul,Inflation_Core (Adjusted for Energy & Utility) (%) Year-on-Year,12.64,real_sector,https://www.bog.gov.gh/economic-data/real-sector/,0,,
2017-08-01,2017,8,Aug,Inflation_Core (Adjusted for Energy & Utility) (%) Year-on-Year,13.13,real_sector,https://www.bog.gov.gh/economic-data/real-sector/,0,,
2017-09-01,2017,9,Sep,Inflation_Core (Adjusted for Energy & Utility) (%) Year-on-Year,12.8,real_sector,https://www.bog.gov.gh/economic-data/real-sector/,0,,
2017-10-01,2017,10,Oct,Inflation_Core (Adjusted for Energy & Utility) (%) Year-on-Year,12.3,real_sector,https://www.bog.gov.gh/economic-data/real-sector/,0,,
2017-11-01,2017,11,Nov,Inflation_Core (Adjusted for Energy & Utility) (%) Year-on-Year,12.5,real_sector,https://www.bog.gov.gh/economic-data/real-sector/,0,,
2017-12-01,2017,12,Dec,Inflation_Core (Adjusted for Energy & Utility) (%) Year-on-Year,12.6,real_sector,https://www.bog.gov.gh/economic-data/real-sector/,0,,
2017-12-31,2017,,,Inflation_Core (Adjusted for Energy & Utility) (%) Year-on-Year,14.5,real_sector,https://www.bog.gov.gh/economic-data/real-sector/,0,,
2018-01-01,2018,1,Jan,Inflation_Core (Adjusted for Energy & Utility) (%) Year-on-Year,11.1,real_sector,https://www.bog.gov.gh/economic-data/real-sector/,0,,
2018-02-01,2018,2,Feb,Inflation_Core (Adjusted for Energy & Utility) (%) Year-on-Year,11.3,real_sector,https://www.bog.gov.gh/economic-data/real-sector/,0,,
2018-03-01,2018,3,Mar,Inflation_Core (Adjusted for Energy & Utility) (%) Year-on-Year,11.1,real_sector,https://www.bog.gov.gh/economic-data/real-sector/,0,,
2018-04-01,2018,4,Apr,Inflation_Core (Adjusted for Energy & Utility) (%) Year-on-Year,10.4,real_sector,https://www.bog.gov.gh/economic-data/real-sector/,0,,
2018-05-01,2018,5,May,Inflation_Core (Adjusted for Energy & Utility) (%) Year-on-Year,10.7,real_sector,https://www.bog.gov.gh/economic-data/real-sector/,0,,
2018-06-01,2018,6,Jun,Inflation_Core (Adjusted for Energy & Utility) (%) Year-on-Year,10.97,real_sector,https://www.bog.gov.gh/economic-data/real-sector/,0,,
2018-07-01,2018,7,Jul,Inflation_Core (Adjusted for Energy & Utility) (%) Year-on-Year,10.56,real_sector,https://www.bog.gov.gh/economic-data/real-sector/,0,,
2018-08-01,2018,8,Aug,Inflation_Core (Adjusted for Energy & Utility) (%) Year-on-Year,10.8,real_sector,https://www.bog.gov.gh/economic-data/real-sector/,0,,
2018-09-01,2018,9,Sep,Inflation_Core (Adjusted for Energy & Utility) (%) Year-on-Year,10.8,real_sector,https://www.bog.gov.gh/economic-data/real-sector/,0,,
2018-10-01,2018,10,Oct,Inflation_Core (Adjusted for Energy & Utility) (%) Year-on-Year,10.5,real_sector,https://www.bog.gov.gh/economic-data/real-sector/,0,,
2018-11-01,2018,11,Nov,Inflation_Core (Adjusted for Energy & Utility) (%) Year-on-Year,10.3,real_sector,https://www.bog.gov.gh/economic-data/real-sector/,0,,
2018-12-01,2018,12,Dec,Inflation_Core (Adjusted for Energy & Utility) (%) Year-on-Year,10.4,real_sector,https://www.bog.gov.gh/economic-data/real-sector/,0,,
2018-12-31,2018,,,Inflation_Core (Adjusted for Energy & Utility) (%) Year-on-Year,11.1,real_sector,https://www.bog.gov.gh/economic-data/real-sector/,0,,
2019-01-01,2019,1,Jan,Inflation_Core (Adjusted for Energy & Utility) (%) Year-on-Year,5.53,real_sector,https://www.bog.gov.gh/economic-data/real-sector/,0,,
2019-02-01,2019,2,Feb,Inflation_Core (Adjusted for Energy & Utility) (%) Year-on-Year,5.73,real_sector,https://www.bog.gov.gh/economic-data/real-sector/,0,,
2019-03-01,2019,3,Mar,Inflation_Core (Adjusted for Energy & Utility) (%) Year-on-Year,6.16,real_sector,https://www.bog.gov.gh/economic-data/real-sector/,0,,
2019-04-01,2019,4,Apr,Inflation_Core (Adjusted for Energy & Utility) (%) Year-on-Year,6.12,real_sector,https://www.bog.gov.gh/economic-data/real-sector/,0,,
2019-05-01,2019,5,May,Inflation_Core (Adjusted for Energy & Utility) (%) Year-on-Year,6.74,real_sector,https://www.bog.gov.gh/economic-data/real-sector/,0,,
2019-06-01,2019,6,Jun,Inflation_Core (Adjusted for Energy & Utility) (%) Year-on-Year,7.23,real_sector,https://www.bog.gov.gh/economic-data/real-sector/,0,,
2019-07-01,2019,7,Jul,Inflation_Core (Adjusted for Energy & Utility) (%) Year-on-Year,7.08,real_sector,https://www.bog.gov.gh/economic-data/real-sector/,0,,
2019-08-01,2019,8,Aug,Inflation_Core (Adjusted for Energy & Utility) (%) Year-on-Year,7.35,real_sector,https://www.bog.gov.gh/economic-data/real-sector/,0,,
2019-09-01,2019,9,Sep,Inflation_Core (Adjusted for Energy & Utility) (%) Year-on-Year,7.3,real_sector,https://www.bog.gov.gh/economic-data/real-sector/,0,,
2019-10-01,2019,10,Oct,Inflation_Core (Adjusted for Energy & Utility) (%) Year-on-Year,7.49,real_sector,https://www.bog.gov.gh/economic-data/real-sector/,0,,
2019-11-01,2019,11,Nov,Inflation_Core (Adjusted for Energy & Utility) (%) Year-on-Year,8.03,real_sector,https://www.bog.gov.gh/economic-data/real-sector/,0,,
2019-12-01,2019,12,Dec,Inflation_Core (Adjusted for Energy & Utility) (%) Year-on-Year,7.77,real_sector,https://www.bog.gov.gh/economic-data/real-sector/,0,,
2019-12-31,2019,,,Inflation_Core (Adjusted for Energy & Utility) (%) Year-on-Year,5.53,real_sector,https://www.bog.gov.gh/economic-data/real-sector/,0,,
2020-01-01,2020,1,Jan,Inflation_Core (Adjusted for Energy & Utility) (%) Year-on-Year,7.76,real_sector,https://www.bog.gov.gh/economic-data/real-sector/,0,,
2020-02-01,2020,2,Feb,Inflation_Core (Adjusted for Energy & Utility) (%) Year-on-Year,7.77,real_sector,https://www.bog.gov.gh/economic-data/real-sector/,0,,
2020-03-01,2020,3,Mar,Inflation_Core (Adjusted for Energy & Utility) (%) Year-on-Year,7.81,real_sector,https://www.bog.gov.gh/economic-data/real-sector/,0,,
2020-04-01,2020,4,Apr,Inflation_Core (Adjusted for Energy & Utility) (%) Year-on-Year,11.06,real_sector,https://www.bog.gov.gh/economic-data/real-sector/,0,,
2020-05-01,2020,5,May,Inflation_Core (Adjusted for Energy & Utility) (%) Year-on-Year,11.96,real_sector,https://www.bog.gov.gh/economic-data/real-sector/,0,,
2020-06-01,2020,6,Jun,Inflation_Core (Adjusted for Energy & Utility) (%) Year-on-Year,11.89,real_sector,https://www.bog.gov.gh/economic-data/real-sector/,0,,
2020-07-01,2020,7,Jul,Inflation_Core (Adjusted for Energy & Utility) (%) Year-on-Year,12.06,real_sector,https://www.bog.gov.gh/economic-data/real-sector/,0,,
2020-08-01,2020,8,Aug,Inflation_Core (Adjusted for Energy & Utility) (%) Year-on-Year,11.09,real_sector,https://www.bog.gov.gh/economic-data/real-sector/,0,,
2020-09-01,2020,9,Sep,Inflation_Core (Adjusted for Energy & Utility) (%) Year-on-Year,10.95,real_sector,https://www.bog.gov.gh/economic-data/real-sector/,0,,
2020-10-01,2020,10,Oct,Inflation_Core (Adjusted for Energy & Utility) (%) Year-on-Year,10.73,real_sector,https://www.bog.gov.gh/economic-data/real-sector/,0,,
2020-11-01,2020,11,Nov,Inflation_Core (Adjusted for Energy & Utility) (%) Year-on-Year,10.21,real_sector,https://www.bog.gov.gh/economic-data/real-sector/,0,,
2020-12-01,2020,12,Dec,Inflation_Core (Adjusted for Energy & Utility) (%) Year-on-Year,10.94,real_sector,https://www.bog.gov.gh/economic-data/real-sector/,0,,
2020-12-31,2020,,,Inflation_Core (Adjusted for Energy & Utility) (%) Year-on-Year,7.76,real_sector,https://www.bog.gov.gh/economic-data/real-sector/,0,,
2021-01-01,2021,1,Jan,Inflation_Core (Adjusted for Energy & Utility) (%) Year-on-Year,10.08,real_sector,https://www.bog.gov.gh/economic-data/real-sector/,0,,
2021-02-01,2021,2,Feb,Inflation_Core (Adjusted for Energy & Utility) (%) Year-on-Year,10.44,real_sector,https://www.bog.gov.gh/economic-data/real-sector/,0,,
2021-03-01,2021,3,Mar,Inflation_Core (Adjusted for Energy & Utility) (%) Year-on-Year,10.87,real_sector,https://www.bog.gov.gh/economic-data/real-sector/,0,,
2021-04-01,2021,4,Apr,Inflation_Core (Adjusted for Energy & Utility) (%) Year-on-Year,8.63,real_sector,https://www.bog.gov.gh/economic-data/real-sector/,0,,
2021-05-01,2021,5,May,Inflation_Core (Adjusted for Energy & Utility) (%) Year-on-Year,7.34,real_sector,https://www.bog.gov.gh/economic-data/real-sector/,0,,
2021-06-01,2021,6,Jun,Inflation_Core (Adjusted for Energy & Utility) (%) Year-on-Year,7.54,real_sector,https://www.bog.gov.gh/economic-data/real-sector/,0,,
2021-07-01,2021,7,Jul,Inflation_Core (Adjusted for Energy & Utility) (%) Year-on-Year,8.85,real_sector,https://www.bog.gov.gh/economic-data/real-sector/,0,,
2021-08-01,2021,8,Aug,Inflation_Core (Adjusted for Energy & Utility) (%) Year-on-Year,9.47,real_sector,https://www.bog.gov.gh/economic-data/real-sector/,0,,
2021-09-01,2021,9,Sep,Inflation_Core (Adjusted for Energy & Utility) (%) Year-on-Year,9.98,real_sector,https://www.bog.gov.gh/economic-data/real-sector/,0,,
2021-10-01,2021,10,Oct,Inflation_Core (Adjusted for Energy & Utility) (%) Year-on-Year,10.35,real_sector,https://www.bog.gov.gh/economic-data/real-sector/,0,,
2021-11-01,2021,11,Nov,Inflation_Core (Adjusted for Energy & Utility) (%) Year-on-Year,11.41,real_sector,https://www.bog.gov.gh/economic-data/real-sector/,0,,
2021-12-01,2021,12,Dec,Inflation_Core (Adjusted for Energy & Utility) (%) Year-on-Year,11.84,real_sector,https://www.bog.gov.gh/economic-data/real-sector/,0,,
2021-12-31,2021,,,Inflation_Core (Adjusted for Energy & Utility) (%) Year-on-Year,10.08,real_sector,https://www.bog.gov.gh/economic-data/real-sector/,0,,
2022-01-01,2022,1,Jan,Inflation_Core (Adjusted for Energy & Utility) (%) Year-on-Year,13.3,real_sector,https://www.bog.gov.gh/economic-data/real-sector/,0,,
2022-02-01,2022,2,Feb,Inflation_Core (Adjusted for Energy & Utility) (%) Year-on-Year,15.4,real_sector,https://www.bog.gov.gh/economic-data/real-sector/,0,,
2022-03-01,2022,3,Mar,Inflation_Core (Adjusted for Energy & Utility) (%) Year-on-Year,18.6,real_sector,https://www.bog.gov.gh/economic-data/real-sector/,0,,
2022-04-01,2022,4,Apr,Inflation_Core (Adjusted for Energy & Utility) (%) Year-on-Year,22.5,real_sector,https://www.bog.gov.gh/economic-data/real-sector/,0,,
2022-05-01,2022,5,May,Inflation_Core (Adjusted for Energy & Utility) (%) Year-on-Year,26.6,real_sector,https://www.bog.gov.gh/economic-data/real-sector/,0,,
2022-06-01,2022,6,Jun,Inflation_Core (Adjusted for Energy & Utility) (%) Year-on-Year,28.6,real_sector,https://www.bog.gov.gh/economic-data/real-sector/,0,,
2022-07-01,2022,7,Jul,Inflation_Core (Adjusted for Energy & Utility) (%) Year-on-Year,30.5,real_sector,https://www.bog.gov.gh/economic-data/real-sector/,0,,
2022-08-01,2022,8,Aug,Inflation_Core (Adjusted for Energy & Utility) (%) Year-on-Year,32.8,real_sector,https://www.bog.gov.gh/economic-data/real-sector/,0,,
2022-09-01,2022,9,Sep,Inflation_Core (Adjusted for Energy & Utility) (%) Year-on-Year,36.2,real_sector,https://www.bog.gov.gh/economic-data/real-sector/,0,,
2022-10-01,2022,10,Oct,Inflation_Core (Adjusted for Energy & Utility) (%) Year-on-Year,39.7,real_sector,https://www.bog.gov.gh/economic-data/real-sector/,0,,
2022-11-01,2022,11,Nov,Inflation_Core (Adjusted for Energy & Utility) (%) Year-on-Year,49.7,real_sector,https://www.bog.gov.gh/economic-data/real-sector/,0,,
2022-12-01,2022,12,Dec,Inflation_Core (Adjusted for Energy & Utility) (%) Year-on-Year,53.2,real_sector,https://www.bog.gov.gh/economic-data/real-sector/,0,,
2022-12-31,2022,,,Inflation_Core (Adjusted for Energy & Utility) (%) Year-on-Year,13.3,real_sector,https://www.bog.gov.gh/economic-data/real-sector/,0,,
2023-01-01,2023,1,Jan,Inflation_Core (Adjusted for Energy & Utility) (%) Year-on-Year,52.8,real_sector,https://www.bog.gov.gh/economic-data/real-sector/,0,,
2023-02-01,2023,2,Feb,Inflation_Core (Adjusted for Energy & Utility) (%) Year-on-Year,52.0,real_sector,https://www.bog.gov.gh/economic-data/real-sector/,0,,
2023-03-01,2023,3,Mar,Inflation_Core (Adjusted for Energy & Utility) (%) Year-on-Year,44.6,real_sector,https://www.bog.gov.gh/economic-data/real-sector/,0,,
2023-04-01,2023,4,Apr,Inflation_Core (Adjusted for Energy & Utility) (%) Year-on-Year,41.7,real_sector,https://www.bog.gov.gh/economic-data/real-sector/,0,,
2023-05-01,2023,5,May,Inflation_Core (Adjusted for Energy & Utility) (%) Year-on-Year,0.0,real_sector,https://www.bog.gov.gh/economic-data/real-sector/,0,,
2023-06-01,2023,6,Jun,Inflation_Core (Adjusted for Energy & Utility) (%) Year-on-Year,0.0,real_sector,https://www.bog.gov.gh/economic-data/real-sector/,0,,
2023-07-01,2023,7,Jul,Inflation_Core (Adjusted for Energy & Utility) (%) Year-on-Year,0.0,real_sector,https://www.bog.gov.gh/economic-data/real-sector/,0,,
2023-08-01,2023,8,Aug,Inflation_Core (Adjusted for Energy & Utility) (%) Year-on-Year,0.0,real_sector,https://www.bog.gov.gh/economic-data/real-sector/,0,,
2023-09-01,2023,9,Sep,Inflation_Core (Adjusted for Energy & Utility) (%) Year-on-Year,0.0,real_sector,https://www.bog.gov.gh/economic-data/real-sector/,0,,
2023-10-01,2023,10,Oct,Inflation_Core (Adjusted for Energy & Utility) (%) Year-on-Year,0.0,real_sector,https://www.bog.gov.gh/economic-data/real-sector/,0,,
2023-11-01,2023,11,Nov,Inflation_Core (Adjusted for Energy & Utility) (%) Year-on-Year,0.0,real_sector,https://www.bog.gov.gh/economic-data/real-sector/,0,,
2023-12-01,2023,12,Dec,Inflation_Core (Adjusted for Energy & Utility) (%) Year-on-Year,0.0,real_sector,https://www.bog.gov.gh/economic-data/real-sector/,0,,
2023-12-31,2023,,,Inflation_Core (Adjusted for Energy & Utility) (%) Year-on-Year,52.8,real_sector,https://www.bog.gov.gh/economic-data/real-sector/,0,,
2006-01-01,2006,1,Jan,Inflation_Food (%) Year-on-Year,11.69,real_sector,https://www.bog.gov.gh/economic-data/real-sector/,0,,
2006-02-01,2006,2,Feb,Inflation_Food (%) Year-on-Year,10.73,real_sector,https://www.bog.gov.gh/economic-data/real-sector/,0,,
2006-03-01,2006,3,Mar,Inflation_Food (%) Year-on-Year,10.66,real_sector,https://www.bog.gov.gh/economic-data/real-sector/,0,,
2006-04-01,2006,4,Apr,Inflation_Food (%) Year-on-Year,10.55,real_sector,https://www.bog.gov.gh/economic-data/real-sector/,0,,
2006-05-01,2006,5,May,Inflation_Food (%) Year-on-Year,11.43,real_sector,https://www.bog.gov.gh/economic-data/real-sector/,0,,
2006-06-01,2006,6,Jun,Inflation_Food (%) Year-on-Year,10.67,real_sector,https://www.bog.gov.gh/economic-data/real-sector/,0,,
2006-07-01,2006,7,Jul,Inflation_Food (%) Year-on-Year,11.84,real_sector,https://www.bog.gov.gh/economic-data/real-sector/,0,,
2006-08-01,2006,8,Aug,Inflation_Food (%) Year-on-Year,10.77,real_sector,https://www.bog.gov.gh/economic-data/real-sector/,0,,
2006-09-01,2006,9,Sep,Inflation_Food (%) Year-on-Year,8.73,real_sector,https://www.bog.gov.gh/economic-data/real-sector/,0,,
2006-10-01,2006,10,Oct,Inflation_Food (%) Year-on-Year,7.62,real_sector,https://www.bog.gov.gh/economic-data/real-sector/,0,,
2006-11-01,2006,11,Nov,Inflation_Food (%) Year-on-Year,7.08,real_sector,https://www.bog.gov.gh/economic-data/real-sector/,0,,
2006-12-01,2006,12,Dec,Inflation_Food (%) Year-on-Year,7.53,real_sector,https://www.bog.gov.gh/economic-data/real-sector/,0,,
2006-12-31,2006,,,Inflation_Food (%) Year-on-Year,11.69,real_sector,https://www.bog.gov.gh/economic-data/real-sector/,0,,
2007-01-01,2007,1,Jan,Inflation_Food (%) Year-on-Year,8.06,real_sector,https://www.bog.gov.gh/economic-data/real-sector/,0,,
2007-02-01,2007,2,Feb,Inflation_Food (%) Year-on-Year,9.49,real_sector,https://www.bog.gov.gh/economic-data/real-sector/,0,,
2007-03-01,2007,3,Mar,Inflation_Food (%) Year-on-Year,8.38,real_sector,https://www.bog.gov.gh/economic-data/real-sector/,0,,
2007-04-01,2007,4,Apr,Inflation_Food (%) Year-on-Year,9.13,real_sector,https://www.bog.gov.gh/economic-data/real-sector/,0,,
2007-05-01,2007,5,May,Inflation_Food (%) Year-on-Year,10.18,real_sector,https://www.bog.gov.gh/economic-data/real-sector/,0,,
2007-06-01,2007,6,Jun,Inflation_Food (%) Year-on-Year,9.91,real_sector,https://www.bog.gov.gh/economic-data/real-sector/,0,,
2007-07-01,2007,7,Jul,Inflation_Food (%) Year-on-Year,10.18,real_sector,https://www.bog.gov.gh/economic-data/real-sector/,0,,
2007-08-01,2007,8,Aug,Inflation_Food (%) Year-on-Year,10.03,real_sector,https://www.bog.gov.gh/economic-data/real-sector/,0,,
2007-09-01,2007,9,Sep,Inflation_Food (%) Year-on-Year,9.29,real_sector,https://www.bog.gov.gh/economic-data/real-sector/,0,,
2007-10-01,2007,10,Oct,Inflation_Food (%) Year-on-Year,8.81,real_sector,https://www.bog.gov.gh/economic-data/real-sector/,0,,
2007-11-01,2007,11,Nov,Inflation_Food (%) Year-on-Year,9.5,real_sector,https://www.bog.gov.gh/economic-data/real-sector/,0,,
2007-12-01,2007,12,Dec,Inflation_Food (%) Year-on-Year,10.51,real_sector,https://www.bog.gov.gh/economic-data/real-sector/,0,,
2007-12-31,2007,,,Inflation_Food (%) Year-on-Year,8.06,real_sector,https://www.bog.gov.gh/economic-data/real-sector/,0,,
2008-01-01,2008,1,Jan,Inflation_Food (%) Year-on-Year,10.64,real_sector,https://www.bog.gov.gh/economic-data/real-sector/,0,,
2008-02-01,2008,2,Feb,Inflation_Food (%) Year-on-Year,11.23,real_sector,https://www.bog.gov.gh/economic-data/real-sector/,0,,
2008-03-01,2008,3,Mar,Inflation_Food (%) Year-on-Year,12.95,real_sector,https://www.bog.gov.gh/economic-data/real-sector/,0,,
2008-04-01,2008,4,Apr,Inflation_Food (%) Year-on-Year,13.15,real_sector,https://www.bog.gov.gh/economic-data/real-sector/,0,,
2008-05-01,2008,5,May,Inflation_Food (%) Year-on-Year,15.84,real_sector,https://www.bog.gov.gh/economic-data/real-sector/,0,,
2008-06-01,2008,6,Jun,Inflation_Food (%) Year-on-Year,17.74,real_sector,https://www.bog.gov.gh/economic-data/real-sector/,0,,
2008-07-01,2008,7,Jul,Inflation_Food (%) Year-on-Year,17.45,real_sector,https://www.bog.gov.gh/economic-data/real-sector/,0,,
2008-08-01,2008,8,Aug,Inflation_Food (%) Year-on-Year,17.56,real_sector,https://www.bog.gov.gh/economic-data/real-sector/,0,,
2008-09-01,2008,9,Sep,Inflation_Food (%) Year-on-Year,17.0,real_sector,https://www.bog.gov.gh/economic-data/real-sector/,0,,
2008-10-01,2008,10,Oct,Inflation_Food (%) Year-on-Year,15.0,real_sector,https://www.bog.gov.gh/economic-data/real-sector/,0,,
2008-11-01,2008,11,Nov,Inflation_Food (%) Year-on-Year,15.84,real_sector,https://www.bog.gov.gh/economic-data/real-sector/,0,,
2008-12-01,2008,12,Dec,Inflation_Food (%) Year-on-Year,16.73,real_sector,https://www.bog.gov.gh/economic-data/real-sector/,0,,
2008-12-31,2008,,,Inflation_Food (%) Year-on-Year,10.64,real_sector,https://www.bog.gov.gh/economic-data/real-sector/,0,,
2009-01-01,2009,1,Jan,Inflation_Food (%) Year-on-Year,19.42,real_sector,https://www.bog.gov.gh/economic-data/real-sector/,0,,
2009-02-01,2009,2,Feb,Inflation_Food (%) Year-on-Year,18.95,real_sector,https://www.bog.gov.gh/economic-data/real-sector/,0,,
2009-03-01,2009,3,Mar,Inflation_Food (%) Year-on-Year,18.5,real_sector,https://www.bog.gov.gh/economic-data/real-sector/,0,,
2009-04-01,2009,4,Apr,Inflation_Food (%) Year-on-Year,19.32,real_sector,https://www.bog.gov.gh/economic-data/real-sector/,0,,
2009-05-01,2009,5,May,Inflation_Food (%) Year-on-Year,17.17,real_sector,https://www.bog.gov.gh/economic-data/real-sector/,0,,
2009-06-01,2009,6,Jun,Inflation_Food (%) Year-on-Year,15.54,real_sector,https://www.bog.gov.gh/economic-data/real-sector/,0,,
2009-07-01,2009,7,Jul,Inflation_Food (%) Year-on-Year,15.17,real_sector,https://www.bog.gov.gh/economic-data/real-sector/,0,,
2009-08-01,2009,8,Aug,Inflation_Food (%) Year-on-Year,14.74,real_sector,https://www.bog.gov.gh/economic-data/real-sector/,0,,
2009-09-01,2009,9,Sep,Inflation_Food (%) Year-on-Year,12.78,real_sector,https://www.bog.gov.gh/economic-data/real-sector/,0,,
2009-10-01,2009,10,Oct,Inflation_Food (%) Year-on-Year,13.53,real_sector,https://www.bog.gov.gh/economic-data/real-sector/,0,,
2009-11-01,2009,11,Nov,Inflation_Food (%) Year-on-Year,12.38,real_sector,https://www.bog.gov.gh/economic-data/real-sector/,0,,
2009-12-01,2009,12,Dec,Inflation_Food (%) Year-on-Year,11.85,real_sector,https://www.bog.gov.gh/economic-data/real-sector/,0,,
2009-12-31,2009,,,Inflation_Food (%) Year-on-Year,19.42,real_sector,https://www.bog.gov.gh/economic-data/real-sector/,0,,
2010-01-01,2010,1,Jan,Inflation_Food (%) Year-on-Year,19.42,real_sector,https://www.bog.gov.gh/economic-data/real-sector/,0,,
2010-02-01,2010,2,Feb,Inflation_Food (%) Year-on-Year,10.83,real_sector,https://www.bog.gov.gh/economic-data/real-sector/,0,,
2010-03-01,2010,3,Mar,Inflation_Food (%) Year-on-Year,9.37,real_sector,https://www.bog.gov.gh/economic-data/real-sector/,0,,
2010-04-01,2010,4,Apr,Inflation_Food (%) Year-on-Year,9.2,real_sector,https://www.bog.gov.gh/economic-data/real-sector/,0,,
2010-05-01,2010,5,May,Inflation_Food (%) Year-on-Year,8.2,real_sector,https://www.bog.gov.gh/economic-data/real-sector/,0,,
2010-06-01,2010,6,Jun,Inflation_Food (%) Year-on-Year,7.07,real_sector,https://www.bog.gov.gh/economic-data/real-sector/,0,,
2010-07-01,2010,7,Jul,Inflation_Food (%) Year-on-Year,6.34,real_sector,https://www.bog.gov.gh/economic-data/real-sector/,0,,
2010-08-01,2010,8,Aug,Inflation_Food (%) Year-on-Year,3.93,real_sector,https://www.bog.gov.gh/economic-data/real-sector/,0,,
2010-09-01,2010,9,Sep,Inflation_Food (%) Year-on-Year,1.85,real_sector,https://www.bog.gov.gh/economic-data/real-sector/,0,,
2010-10-01,2010,10,Oct,Inflation_Food (%) Year-on-Year,3.32,real_sector,https://www.bog.gov.gh/economic-data/real-sector/,0,,
2010-11-01,2010,11,Nov,Inflation_Food (%) Year-on-Year,6.1,real_sector,https://www.bog.gov.gh/economic-data/real-sector/,0,,
2010-12-01,2010,12,Dec,Inflation_Food (%) Year-on-Year,6.39,real_sector,https://www.bog.gov.gh/economic-data/real-sector/,0,,
2010-12-31,2010,,,Inflation_Food (%) Year-on-Year,19.42,real_sector,https://www.bog.gov.gh/economic-data/real-sector/,0,,
2011-01-01,2011,1,Jan,Inflation_Food (%) Year-on-Year,4.84,real_sector,https://www.bog.gov.gh/economic-data/real-sector/,0,,
2011-02-01,2011,2,Feb,Inflation_Food (%) Year-on-Year,4.59,real_sector,https://www.bog.gov.gh/economic-data/real-sector/,0,,
2011-03-01,2011,3,Mar,Inflation_Food (%) Year-on-Year,4.7,real_sector,https://www.bog.gov.gh/economic-data/real-sector/,0,,
2011-04-01,2011,4,Apr,Inflation_Food (%) Year-on-Year,4.18,real_sector,https://www.bog.gov.gh/economic-data/real-sector/,0,,
2011-05-01,2011,5,May,Inflation_Food (%) Year-on-Year,3.93,real_sector,https://www.bog.gov.gh/economic-data/real-sector/,0,,
2011-06-01,2011,6,Jun,Inflation_Food (%) Year-on-Year,2.78,real_sector,https://www.bog.gov.gh/economic-data/real-sector/,0,,
2011-07-01,2011,7,Jul,Inflation_Food (%) Year-on-Year,3.25,real_sector,https://www.bog.gov.gh/economic-data/real-sector/,0,,
2011-08-01,2011,8,Aug,Inflation_Food (%) Year-on-Year,3.79,real_sector,https://www.bog.gov.gh/economic-data/real-sector/,0,,
2011-09-01,2011,9,Sep,Inflation_Food (%) Year-on-Year,3.74,real_sector,https://www.bog.gov.gh/economic-data/real-sector/,0,,
2011-10-01,2011,10,Oct,Inflation_Food (%) Year-on-Year,4.03,real_sector,https://www.bog.gov.gh/economic-data/real-sector/,0,,
2011-11-01,2011,11,Nov,Inflation_Food (%) Year-on-Year,4.41,real_sector,https://www.bog.gov.gh/economic-data/real-sector/,0,,
2011-12-01,2011,12,Dec,Inflation_Food (%) Year-on-Year,4.27,real_sector,https://www.bog.gov.gh/economic-data/real-sector/,0,,
2011-12-31,2011,,,Inflation_Food (%) Year-on-Year,4.84,real_sector,https://www.bog.gov.gh/economic-data/real-sector/,0,,
2012-01-01,2012,1,Jan,Inflation_Food (%) Year-on-Year,6.24,real_sector,https://www.bog.gov.gh/economic-data/real-sector/,0,,
2012-02-01,2012,2,Feb,Inflation_Food (%) Year-on-Year,5.74,real_sector,https://www.bog.gov.gh/economic-data/real-sector/,0,,
2012-03-01,2012,3,Mar,Inflation_Food (%) Year-on-Year,5.72,real_sector,https://www.bog.gov.gh/economic-data/real-sector/,0,,
2012-04-01,2012,4,Apr,Inflation_Food (%) Year-on-Year,6.07,real_sector,https://www.bog.gov.gh/economic-data/real-sector/,0,,
2012-05-01,2012,5,May,Inflation_Food (%) Year-on-Year,7.13,real_sector,https://www.bog.gov.gh/economic-data/real-sector/,0,,
2012-06-01,2012,6,Jun,Inflation_Food (%) Year-on-Year,6.6,real_sector,https://www.bog.gov.gh/economic-data/real-sector/,0,,
2012-07-01,2012,7,Jul,Inflation_Food (%) Year-on-Year,6.15,real_sector,https://www.bog.gov.gh/economic-data/real-sector/,0,,
2012-08-01,2012,8,Aug,Inflation_Food (%) Year-on-Year,3.08,real_sector,https://www.bog.gov.gh/economic-data/real-sector/,0,,
2012-09-01,2012,9,Sep,Inflation_Food (%) Year-on-Year,0.87,real_sector,https://www.bog.gov.gh/economic-data/real-sector/,0,,
2012-10-01,2012,10,Oct,Inflation_Food (%) Year-on-Year,2.11,real_sector,https://www.bog.gov.gh/economic-data/real-sector/,0,,
2012-11-01,2012,11,Nov,Inflation_Food (%) Year-on-Year,4.79,real_sector,https://www.bog.gov.gh/economic-data/real-sector/,0,,
2012-12-01,2012,12,Dec,Inflation_Food (%) Year-on-Year,4.85,real_sector,https://www.bog.gov.gh/economic-data/real-sector/,0,,
2012-12-31,2012,,,Inflation_Food (%) Year-on-Year,6.24,real_sector,https://www.bog.gov.gh/economic-data/real-sector/,0,,
2013-01-01,2013,1,Jan,Inflation_Food (%) Year-on-Year,7.98,real_sector,https://www.bog.gov.gh/economic-data/real-sector/,0,,
2013-02-01,2013,2,Feb,Inflation_Food (%) Year-on-Year,6.72,real_sector,https://www.bog.gov.gh/economic-data/real-sector/,0,,
2013-03-01,2013,3,Mar,Inflation_Food (%) Year-on-Year,6.72,real_sector,https://www.bog.gov.gh/economic-data/real-sector/,0,,
2013-04-01,2013,4,Apr,Inflation_Food (%) Year-on-Year,6.57,real_sector,https://www.bog.gov.gh/economic-data/real-sector/,0,,
2013-05-01,2013,5,May,Inflation_Food (%) Year-on-Year,6.57,real_sector,https://www.bog.gov.gh/economic-data/real-sector/,0,,
2013-06-01,2013,6,Jun,Inflation_Food (%) Year-on-Year,7.33,real_sector,https://www.bog.gov.gh/economic-data/real-sector/,0,,
2013-07-01,2013,7,Jul,Inflation_Food (%) Year-on-Year,7.33,real_sector,https://www.bog.gov.gh/economic-data/real-sector/,0,,
2013-08-01,2013,8,Aug,Inflation_Food (%) Year-on-Year,7.93,real_sector,https://www.bog.gov.gh/economic-data/real-sector/,0,,
2013-09-01,2013,9,Sep,Inflation_Food (%) Year-on-Year,8.89,real_sector,https://www.bog.gov.gh/economic-data/real-sector/,0,,
2013-10-01,2013,10,Oct,Inflation_Food (%) Year-on-Year,6.89,real_sector,https://www.bog.gov.gh/economic-data/real-sector/,0,,
2013-11-01,2013,11,Nov,Inflation_Food (%) Year-on-Year,7.28,real_sector,https://www.bog.gov.gh/economic-data/real-sector/,0,,
2013-12-01,2013,12,Dec,Inflation_Food (%) Year-on-Year,7.24,real_sector,https://www.bog.gov.gh/economic-data/real-sector/,0,,
2013-12-31,2013,,,Inflation_Food (%) Year-on-Year,7.98,real_sector,https://www.bog.gov.gh/economic-data/real-sector/,0,,
2014-01-01,2014,1,Jan,Inflation_Food (%) Year-on-Year,7.1,real_sector,https://www.bog.gov.gh/economic-data/real-sector/,0,,
2014-02-01,2014,2,Feb,Inflation_Food (%) Year-on-Year,7.52,real_sector,https://www.bog.gov.gh/economic-data/real-sector/,0,,
2014-03-01,2014,3,Mar,Inflation_Food (%) Year-on-Year,8.21,real_sector,https://www.bog.gov.gh/economic-data/real-sector/,0,,
2014-04-01,2014,4,Apr,Inflation_Food (%) Year-on-Year,6.96,real_sector,https://www.bog.gov.gh/economic-data/real-sector/,0,,
2014-05-01,2014,5,May,Inflation_Food (%) Year-on-Year,8.01,real_sector,https://www.bog.gov.gh/economic-data/real-sector/,0,,
2014-06-01,2014,6,Jun,Inflation_Food (%) Year-on-Year,7.93,real_sector,https://www.bog.gov.gh/economic-data/real-sector/,0,,
2014-07-01,2014,7,Jul,Inflation_Food (%) Year-on-Year,5.02,real_sector,https://www.bog.gov.gh/economic-data/real-sector/,0,,
2014-08-01,2014,8,Aug,Inflation_Food (%) Year-on-Year,5.1,real_sector,https://www.bog.gov.gh/economic-data/real-sector/,0,,
2014-09-01,2014,9,Sep,Inflation_Food (%) Year-on-Year,5.79,real_sector,https://www.bog.gov.gh/economic-data/real-sector/,0,,
2014-10-01,2014,10,Oct,Inflation_Food (%) Year-on-Year,6.5,real_sector,https://www.bog.gov.gh/economic-data/real-sector/,0,,
2014-11-01,2014,11,Nov,Inflation_Food (%) Year-on-Year,6.64,real_sector,https://www.bog.gov.gh/economic-data/real-sector/,0,,
2014-12-01,2014,12,Dec,Inflation_Food (%) Year-on-Year,6.76,real_sector,https://www.bog.gov.gh/economic-data/real-sector/,0,,
2014-12-31,2014,,,Inflation_Food (%) Year-on-Year,7.1,real_sector,https://www.bog.gov.gh/economic-data/real-sector/,0,,
2015-01-01,2015,1,Jan,Inflation_Food (%) Year-on-Year,6.9,real_sector,https://www.bog.gov.gh/economic-data/real-sector/,0,,
2015-02-01,2015,2,Feb,Inflation_Food (%) Year-on-Year,7.02,real_sector,https://www.bog.gov.gh/economic-data/real-sector/,0,,
2015-03-01,2015,3,Mar,Inflation_Food (%) Year-on-Year,7.16,real_sector,https://www.bog.gov.gh/economic-data/real-sector/,0,,
2015-04-01,2015,4,Apr,Inflation_Food (%) Year-on-Year,7.18,real_sector,https://www.bog.gov.gh/economic-data/real-sector/,0,,
2015-05-01,2015,5,May,Inflation_Food (%) Year-on-Year,7.33,real_sector,https://www.bog.gov.gh/economic-data/real-sector/,0,,
2015-06-01,2015,6,Jun,Inflation_Food (%) Year-on-Year,7.4,real_sector,https://www.bog.gov.gh/economic-data/real-sector/,0,,
2015-07-01,2015,7,Jul,Inflation_Food (%) Year-on-Year,7.6,real_sector,https://www.bog.gov.gh/economic-data/real-sector/,0,,
2015-08-01,2015,8,Aug,Inflation_Food (%) Year-on-Year,7.67,real_sector,https://www.bog.gov.gh/economic-data/real-sector/,0,,
2015-09-01,2015,9,Sep,Inflation_Food (%) Year-on-Year,7.82,real_sector,https://www.bog.gov.gh/economic-data/real-sector/,0,,
2015-10-01,2015,10,Oct,Inflation_Food (%) Year-on-Year,7.81,real_sector,https://www.bog.gov.gh/economic-data/real-sector/,0,,
2015-11-01,2015,11,Nov,Inflation_Food (%) Year-on-Year,7.92,real_sector,https://www.bog.gov.gh/economic-data/real-sector/,0,,
2015-12-01,2015,12,Dec,Inflation_Food (%) Year-on-Year,8.0,real_sector,https://www.bog.gov.gh/economic-data/real-sector/,0,,
2015-12-31,2015,,,Inflation_Food (%) Year-on-Year,6.9,real_sector,https://www.bog.gov.gh/economic-data/real-sector/,0,,
2016-01-01,2016,1,Jan,Inflation_Food (%) Year-on-Year,8.17,real_sector,https://www.bog.gov.gh/economic-data/real-sector/,0,,
2016-02-01,2016,2,Feb,Inflation_Food (%) Year-on-Year,8.31,real_sector,https://www.bog.gov.gh/economic-data/real-sector/,0,,
2016-03-01,2016,3,Mar,Inflation_Food (%) Year-on-Year,8.32,real_sector,https://www.bog.gov.gh/economic-data/real-sector/,0,,
2016-04-01,2016,4,Apr,Inflation_Food (%) Year-on-Year,8.36,real_sector,https://www.bog.gov.gh/economic-data/real-sector/,0,,
2016-05-01,2016,5,May,Inflation_Food (%) Year-on-Year,8.49,real_sector,https://www.bog.gov.gh/economic-data/real-sector/,0,,
2016-06-01,2016,6,Jun,Inflation_Food (%) Year-on-Year,8.56,real_sector,https://www.bog.gov.gh/economic-data/real-sector/,0,,
2016-07-01,2016,7,Jul,Inflation_Food (%) Year-on-Year,8.64,real_sector,https://www.bog.gov.gh/economic-data/real-sector/,0,,
2016-08-01,2016,8,Aug,Inflation_Food (%) Year-on-Year,8.48,real_sector,https://www.bog.gov.gh/economic-data/real-sector/,0,,
2016-09-01,2016,9,Sep,Inflation_Food (%) Year-on-Year,8.97,real_sector,https://www.bog.gov.gh/economic-data/real-sector/,0,,
2016-10-01,2016,10,Oct,Inflation_Food (%) Year-on-Year,8.66,real_sector,https://www.bog.gov.gh/economic-data/real-sector/,0,,
2016-11-01,2016,11,Nov,Inflation_Food (%) Year-on-Year,9.3,real_sector,https://www.bog.gov.gh/economic-data/real-sector/,0,,
2016-12-01,2016,12,Dec,Inflation_Food (%) Year-on-Year,9.69,real_sector,https://www.bog.gov.gh/economic-data/real-sector/,0,,
2016-12-31,2016,,,Inflation_Food (%) Year-on-Year,8.17,real_sector,https://www.bog.gov.gh/economic-data/real-sector/,0,,
2017-01-01,2017,1,Jan,Inflation_Food (%) Year-on-Year,7.0,real_sector,https://www.bog.gov.gh/economic-data/real-sector/,0,,
2017-02-01,2017,2,Feb,Inflation_Food (%) Year-on-Year,7.08,real_sector,https://www.bog.gov.gh/economic-data/real-sector/,0,,
2017-03-01,2017,3,Mar,Inflation_Food (%) Year-on-Year,7.25,real_sector,https://www.bog.gov.gh/economic-data/real-sector/,0,,
2017-04-01,2017,4,Apr,Inflation_Food (%) Year-on-Year,6.67,real_sector,https://www.bog.gov.gh/economic-data/real-sector/,0,,
2017-05-01,2017,5,May,Inflation_Food (%) Year-on-Year,6.32,real_sector,https://www.bog.gov.gh/economic-data/real-sector/,0,,
2017-06-01,2017,6,Jun,Inflation_Food (%) Year-on-Year,6.2,real_sector,https://www.bog.gov.gh/economic-data/real-sector/,0,,
2017-07-01,2017,7,Jul,Inflation_Food (%) Year-on-Year,7.2,real_sector,https://www.bog.gov.gh/economic-data/real-sector/,0,,
2017-08-01,2017,8,Aug,Inflation_Food (%) Year-on-Year,7.4,real_sector,https://www.bog.gov.gh/economic-data/real-sector/,0,,
2017-09-01,2017,9,Sep,Inflation_Food (%) Year-on-Year,8.1,real_sector,https://www.bog.gov.gh/economic-data/real-sector/,0,,
2017-10-01,2017,10,Oct,Inflation_Food (%) Year-on-Year,8.2,real_sector,https://www.bog.gov.gh/economic-data/real-sector/,0,,
2017-11-01,2017,11,Nov,Inflation_Food (%) Year-on-Year,7.9,real_sector,https://www.bog.gov.gh/economic-data/real-sector/,0,,
2017-12-01,2017,12,Dec,Inflation_Food (%) Year-on-Year,8.0,real_sector,https://www.bog.gov.gh/economic-data/real-sector/,0,,
2017-12-31,2017,,,Inflation_Food (%) Year-on-Year,7.0,real_sector,https://www.bog.gov.gh/economic-data/real-sector/,0,,
2018-01-01,2018,1,Jan,Inflation_Food (%) Year-on-Year,6.82,real_sector,https://www.bog.gov.gh/economic-data/real-sector/,0,,
2018-02-01,2018,2,Feb,Inflation_Food (%) Year-on-Year,7.15,real_sector,https://www.bog.gov.gh/economic-data/real-sector/,0,,
2018-03-01,2018,3,Mar,Inflation_Food (%) Year-on-Year,7.31,real_sector,https://www.bog.gov.gh/economic-data/real-sector/,0,,
2018-04-01,2018,4,Apr,Inflation_Food (%) Year-on-Year,7.37,real_sector,https://www.bog.gov.gh/economic-data/real-sector/,0,,
2018-05-01,2018,5,May,Inflation_Food (%) Year-on-Year,7.58,real_sector,https://www.bog.gov.gh/economic-data/real-sector/,0,,
2018-06-01,2018,6,Jun,Inflation_Food (%) Year-on-Year,7.28,real_sector,https://www.bog.gov.gh/economic-data/real-sector/,0,,
2018-07-01,2018,7,Jul,Inflation_Food (%) Year-on-Year,7.42,real_sector,https://www.bog.gov.gh/economic-data/real-sector/,0,,
2018-08-01,2018,8,Aug,Inflation_Food (%) Year-on-Year,7.94,real_sector,https://www.bog.gov.gh/economic-data/real-sector/,0,,
2018-09-01,2018,9,Sep,Inflation_Food (%) Year-on-Year,8.67,real_sector,https://www.bog.gov.gh/economic-data/real-sector/,0,,
2018-10-01,2018,10,Oct,Inflation_Food (%) Year-on-Year,8.94,real_sector,https://www.bog.gov.gh/economic-data/real-sector/,0,,
2018-11-01,2018,11,Nov,Inflation_Food (%) Year-on-Year,8.63,real_sector,https://www.bog.gov.gh/economic-data/real-sector/,0,,
2018-12-01,2018,12,Dec,Inflation_Food (%) Year-on-Year,8.69,real_sector,https://www.bog.gov.gh/economic-data/real-sector/,0,,
2018-12-31,2018,,,Inflation_Food (%) Year-on-Year,6.82,real_sector,https://www.bog.gov.gh/economic-data/real-sector/,0,,
2019-01-01,2019,1,Jan,Inflation_Food (%) Year-on-Year,8.03,real_sector,https://www.bog.gov.gh/economic-data/real-sector/,0,,
2019-02-01,2019,2,Feb,Inflation_Food (%) Year-on-Year,8.1,real_sector,https://www.bog.gov.gh/economic-data/real-sector/,0,,
2019-03-01,2019,3,Mar,Inflation_Food (%) Year-on-Year,8.36,real_sector,https://www.bog.gov.gh/economic-data/real-sector/,0,,
2019-04-01,2019,4,Apr,Inflation_Food (%) Year-on-Year,7.33,real_sector,https://www.bog.gov.gh/economic-data/real-sector/,0,,
2019-05-01,2019,5,May,Inflation_Food (%) Year-on-Year,6.75,real_sector,https://www.bog.gov.gh/economic-data/real-sector/,0,,
2019-06-01,2019,6,Jun,Inflation_Food (%) Year-on-Year,6.46,real_sector,https://www.bog.gov.gh/economic-data/real-sector/,0,,
2019-07-01,2019,7,Jul,Inflation_Food (%) Year-on-Year,6.6,real_sector,https://www.bog.gov.gh/economic-data/real-sector/,0,,
2019-08-01,2019,8,Aug,Inflation_Food (%) Year-on-Year,8.2,real_sector,https://www.bog.gov.gh/economic-data/real-sector/,0,,
2019-09-01,2019,9,Sep,Inflation_Food (%) Year-on-Year,8.5,real_sector,https://www.bog.gov.gh/economic-data/real-sector/,0,,
2019-10-01,2019,10,Oct,Inflation_Food (%) Year-on-Year,7.0,real_sector,https://www.bog.gov.gh/economic-data/real-sector/,0,,
2019-11-01,2019,11,Nov,Inflation_Food (%) Year-on-Year,8.4,real_sector,https://www.bog.gov.gh/economic-data/real-sector/,0,,
2019-12-01,2019,12,Dec,Inflation_Food (%) Year-on-Year,7.2,real_sector,https://www.bog.gov.gh/economic-data/real-sector/,0,,
2019-12-31,2019,,,Inflation_Food (%) Year-on-Year,8.03,real_sector,https://www.bog.gov.gh/economic-data/real-sector/,0,,
2020-01-01,2020,1,Jan,Inflation_Food (%) Year-on-Year,7.8,real_sector,https://www.bog.gov.gh/economic-data/real-sector/,0,,
2020-02-01,2020,2,Feb,Inflation_Food (%) Year-on-Year,7.9,real_sector,https://www.bog.gov.gh/economic-data/real-sector/,0,,
2020-03-01,2020,3,Mar,Inflation_Food (%) Year-on-Year,8.4,real_sector,https://www.bog.gov.gh/economic-data/real-sector/,0,,
2020-04-01,2020,4,Apr,Inflation_Food (%) Year-on-Year,14.4,real_sector,https://www.bog.gov.gh/economic-data/real-sector/,0,,
2020-05-01,2020,5,May,Inflation_Food (%) Year-on-Year,15.1,real_sector,https://www.bog.gov.gh/economic-data/real-sector/,0,,
2020-06-01,2020,6,Jun,Inflation_Food (%) Year-on-Year,13.8,real_sector,https://www.bog.gov.gh/economic-data/real-sector/,0,,
2020-07-01,2020,7,Jul,Inflation_Food (%) Year-on-Year,13.7,real_sector,https://www.bog.gov.gh/economic-data/real-sector/,0,,
2020-08-01,2020,8,Aug,Inflation_Food (%) Year-on-Year,11.4,real_sector,https://www.bog.gov.gh/economic-data/real-sector/,0,,
2020-09-01,2020,9,Sep,Inflation_Food (%) Year-on-Year,11.2,real_sector,https://www.bog.gov.gh/economic-data/real-sector/,0,,
2020-10-01,2020,10,Oct,Inflation_Food (%) Year-on-Year,12.6,real_sector,https://www.bog.gov.gh/economic-data/real-sector/,0,,
2020-11-01,2020,11,Nov,Inflation_Food (%) Year-on-Year,11.7,real_sector,https://www.bog.gov.gh/economic-data/real-sector/,0,,
2020-12-01,2020,12,Dec,Inflation_Food (%) Year-on-Year,14.1,real_sector,https://www.bog.gov.gh/economic-data/real-sector/,0,,
2020-12-31,2020,,,Inflation_Food (%) Year-on-Year,7.8,real_sector,https://www.bog.gov.gh/economic-data/real-sector/,0,,
2021-01-01,2021,1,Jan,Inflation_Food (%) Year-on-Year,12.8,real_sector,https://www.bog.gov.gh/economic-data/real-sector/,0,,
2021-02-01,2021,2,Feb,Inflation_Food (%) Year-on-Year,12.3,real_sector,https://www.bog.gov.gh/economic-data/real-sector/,0,,
2021-03-01,2021,3,Mar,Inflation_Food (%) Year-on-Year,10.8,real_sector,https://www.bog.gov.gh/economic-data/real-sector/,0,,
2021-04-01,2021,4,Apr,Inflation_Food (%) Year-on-Year,6.5,real_sector,https://www.bog.gov.gh/economic-data/real-sector/,0,,
2021-05-01,2021,5,May,Inflation_Food (%) Year-on-Year,5.4,real_sector,https://www.bog.gov.gh/economic-data/real-sector/,0,,
2021-06-01,2021,6,Jun,Inflation_Food (%) Year-on-Year,7.3,real_sector,https://www.bog.gov.gh/economic-data/real-sector/,0,,
2021-07-01,2021,7,Jul,Inflation_Food (%) Year-on-Year,9.5,real_sector,https://www.bog.gov.gh/economic-data/real-sector/,0,,
2021-08-01,2021,8,Aug,Inflation_Food (%) Year-on-Year,10.6,real_sector,https://www.bog.gov.gh/economic-data/real-sector/,0,,
2021-09-01,2021,9,Sep,Inflation_Food (%) Year-on-Year,11.5,real_sector,https://www.bog.gov.gh/economic-data/real-sector/,0,,
2021-10-01,2021,10,Oct,Inflation_Food (%) Year-on-Year,11.0,real_sector,https://www.bog.gov.gh/economic-data/real-sector/,0,,
2021-11-01,2021,11,Nov,Inflation_Food (%) Year-on-Year,13.1,real_sector,https://www.bog.gov.gh/economic-data/real-sector/,0,,
2021-12-01,2021,12,Dec,Inflation_Food (%) Year-on-Year,12.8,real_sector,https://www.bog.gov.gh/economic-data/real-sector/,0,,
2021-12-31,2021,,,Inflation_Food (%) Year-on-Year,12.8,real_sector,https://www.bog.gov.gh/economic-data/real-sector/,0,,
2022-01-01,2022,1,Jan,Inflation_Food (%) Year-on-Year,13.7,real_sector,https://www.bog.gov.gh/economic-data/real-sector/,0,,
2022-02-01,2022,2,Feb,Inflation_Food (%) Year-on-Year,17.4,real_sector,https://www.bog.gov.gh/economic-data/real-sector/,0,,
2022-03-01,2022,3,Mar,Inflation_Food (%) Year-on-Year,22.4,real_sector,https://www.bog.gov.gh/economic-data/real-sector/,0,,
2022-04-01,2022,4,Apr,Inflation_Food (%) Year-on-Year,26.6,real_sector,https://www.bog.gov.gh/economic-data/real-sector/,0,,
2022-05-01,2022,5,May,Inflation_Food (%) Year-on-Year,30.1,real_sector,https://www.bog.gov.gh/economic-data/real-sector/,0,,
2022-06-01,2022,6,Jun,Inflation_Food (%) Year-on-Year,30.7,real_sector,https://www.bog.gov.gh/economic-data/real-sector/,0,,
2022-07-01,2022,7,Jul,Inflation_Food (%) Year-on-Year,32.3,real_sector,https://www.bog.gov.gh/economic-data/real-sector/,0,,
2022-08-01,2022,8,Aug,Inflation_Food (%) Year-on-Year,34.4,real_sector,https://www.bog.gov.gh/economic-data/real-sector/,0,,
2022-09-01,2022,9,Sep,Inflation_Food (%) Year-on-Year,37.8,real_sector,https://www.bog.gov.gh/economic-data/real-sector/,0,,
2022-10-01,2022,10,Oct,Inflation_Food (%) Year-on-Year,43.7,real_sector,https://www.bog.gov.gh/economic-data/real-sector/,0,,
2022-11-01,2022,11,Nov,Inflation_Food (%) Year-on-Year,55.3,real_sector,https://www.bog.gov.gh/economic-data/real-sector/,0,,
2022-12-01,2022,12,Dec,Inflation_Food (%) Year-on-Year,59.7,real_sector,https://www.bog.gov.gh/economic-data/real-sector/,0,,
2022-12-31,2022,,,Inflation_Food (%) Year-on-Year,13.7,real_sector,https://www.bog.gov.gh/economic-data/real-sector/,0,,
2023-01-01,2023,1,Jan,Inflation_Food (%) Year-on-Year,61.0,real_sector,https://www.bog.gov.gh/economic-data/real-sector/,0,,
2023-02-01,2023,2,Feb,Inflation_Food (%) Year-on-Year,59.1,real_sector,https://www.bog.gov.gh/economic-data/real-sector/,0,,
2023-03-01,2023,3,Mar,Inflation_Food (%) Year-on-Year,50.8,real_sector,https://www.bog.gov.gh/economic-data/real-sector/,0,,
2023-04-01,2023,4,Apr,Inflation_Food (%) Year-on-Year,48.7,real_sector,https://www.bog.gov.gh/economic-data/real-sector/,0,,
2023-05-01,2023,5,May,Inflation_Food (%) Year-on-Year,0.0,real_sector,https://www.bog.gov.gh/economic-data/real-sector/,0,,
2023-06-01,2023,6,Jun,Inflation_Food (%) Year-on-Year,0.0,real_sector,https://www.bog.gov.gh/economic-data/real-sector/,0,,
2023-07-01,2023,7,Jul,Inflation_Food (%) Year-on-Year,0.0,real_sector,https://www.bog.gov.gh/economic-data/real-sector/,0,,
2023-08-01,2023,8,Aug,Inflation_Food (%) Year-on-Year,0.0,real_sector,https://www.bog.gov.gh/economic-data/real-sector/,0,,
2023-09-01,2023,9,Sep,Inflation_Food (%) Year-on-Year,0.0,real_sector,https://www.bog.gov.gh/economic-data/real-sector/,0,,
2023-10-01,2023,10,Oct,Inflation_Food (%) Year-on-Year,0.0,real_sector,https://www.bog.gov.gh/economic-data/real-sector/,0,,
2023-11-01,2023,11,Nov,Inflation_Food (%) Year-on-Year,0.0,real_sector,https://www.bog.gov.gh/economic-data/real-sector/,0,,
2023-12-01,2023,12,Dec,Inflation_Food (%) Year-on-Year,0.0,real_sector,https://www.bog.gov.gh/economic-data/real-sector/,0,,
2023-12-31,2023,,,Inflation_Food (%) Year-on-Year,61.0,real_sector,https://www.bog.gov.gh/economic-data/real-sector/,0,,
2006-01-01,2006,1,Jan,Inflation_Non-Food (%) Year-on-Year,13.6,real_sector,https://www.bog.gov.gh/economic-data/real-sector/,0,,
2006-02-01,2006,2,Feb,Inflation_Non-Food (%) Year-on-Year,13.46,real_sector,https://www.bog.gov.gh/economic-data/real-sector/,0,,
2006-03-01,2006,3,Mar,Inflation_Non-Food (%) Year-on-Year,11.76,real_sector,https://www.bog.gov.gh/economic-data/real-sector/,0,,
2006-04-01,2006,4,Apr,Inflation_Non-Food (%) Year-on-Year,11.72,real_sector,https://www.bog.gov.gh/economic-data/real-sector/,0,,
2006-05-01,2006,5,May,Inflation_Non-Food (%) Year-on-Year,11.99,real_sector,https://www.bog.gov.gh/economic-data/real-sector/,0,,
2006-06-01,2006,6,Jun,Inflation_Non-Food (%) Year-on-Year,11.95,real_sector,https://www.bog.gov.gh/economic-data/real-sector/,0,,
2006-07-01,2006,7,Jul,Inflation_Non-Food (%) Year-on-Year,13.73,real_sector,https://www.bog.gov.gh/economic-data/real-sector/,0,,
2006-08-01,2006,8,Aug,Inflation_Non-Food (%) Year-on-Year,13.93,real_sector,https://www.bog.gov.gh/economic-data/real-sector/,0,,
2006-09-01,2006,9,Sep,Inflation_Non-Food (%) Year-on-Year,13.94,real_sector,https://www.bog.gov.gh/economic-data/real-sector/,0,,
2006-10-01,2006,10,Oct,Inflation_Non-Food (%) Year-on-Year,13.37,real_sector,https://www.bog.gov.gh/economic-data/real-sector/,0,,
2006-11-01,2006,11,Nov,Inflation_Non-Food (%) Year-on-Year,13.5,real_sector,https://www.bog.gov.gh/economic-data/real-sector/,0,,
2006-12-01,2006,12,Dec,Inflation_Non-Food (%) Year-on-Year,13.53,real_sector,https://www.bog.gov.gh/economic-data/real-sector/,0,,
2006-12-31,2006,,,Inflation_Non-Food (%) Year-on-Year,13.6,real_sector,https://www.bog.gov.gh/economic-data/real-sector/,0,,
2007-01-01,2007,1,Jan,Inflation_Non-Food (%) Year-on-Year,13.06,real_sector,https://www.bog.gov.gh/economic-data/real-sector/,0,,
2007-02-01,2007,2,Feb,Inflation_Non-Food (%) Year-on-Year,11.12,real_sector,https://www.bog.gov.gh/economic-data/real-sector/,0,,
2007-03-01,2007,3,Mar,Inflation_Non-Food (%) Year-on-Year,11.57,real_sector,https://www.bog.gov.gh/economic-data/real-sector/,0,,
2007-04-01,2007,4,Apr,Inflation_Non-Food (%) Year-on-Year,11.54,real_sector,https://www.bog.gov.gh/economic-data/real-sector/,0,,
2007-05-01,2007,5,May,Inflation_Non-Food (%) Year-on-Year,11.67,real_sector,https://www.bog.gov.gh/economic-data/real-sector/,0,,
2007-06-01,2007,6,Jun,Inflation_Non-Food (%) Year-on-Year,11.28,real_sector,https://www.bog.gov.gh/economic-data/real-sector/,0,,
2007-07-01,2007,7,Jul,Inflation_Non-Food (%) Year-on-Year,10.11,real_sector,https://www.bog.gov.gh/economic-data/real-sector/,0,,
2007-08-01,2007,8,Aug,Inflation_Non-Food (%) Year-on-Year,10.69,real_sector,https://www.bog.gov.gh/economic-data/real-sector/,0,,
2007-09-01,2007,9,Sep,Inflation_Non-Food (%) Year-on-Year,10.85,real_sector,https://www.bog.gov.gh/economic-data/real-sector/,0,,
2007-10-01,2007,10,Oct,Inflation_Non-Food (%) Year-on-Year,11.11,real_sector,https://www.bog.gov.gh/economic-data/real-sector/,0,,
2007-11-01,2007,11,Nov,Inflation_Non-Food (%) Year-on-Year,12.78,real_sector,https://www.bog.gov.gh/economic-data/real-sector/,0,,
2007-12-01,2007,12,Dec,Inflation_Non-Food (%) Year-on-Year,14.38,real_sector,https://www.bog.gov.gh/economic-data/real-sector/,0,,
2007-12-31,2007,,,Inflation_Non-Food (%) Year-on-Year,13.06,real_sector,https://www.bog.gov.gh/economic-data/real-sector/,0,,
2008-01-01,2008,1,Jan,Inflation_Non-Food (%) Year-on-Year,14.4,real_sector,https://www.bog.gov.gh/economic-data/real-sector/,0,,
2008-02-01,2008,2,Feb,Inflation_Non-Food (%) Year-on-Year,14.68,real_sector,https://www.bog.gov.gh/economic-data/real-sector/,0,,
2008-03-01,2008,3,Mar,Inflation_Non-Food (%) Year-on-Year,14.41,real_sector,https://www.bog.gov.gh/economic-data/real-sector/,0,,
2008-04-01,2008,4,Apr,Inflation_Non-Food (%) Year-on-Year,16.9,real_sector,https://www.bog.gov.gh/economic-data/real-sector/,0,,
2008-05-01,2008,5,May,Inflation_Non-Food (%) Year-on-Year,17.67,real_sector,https://www.bog.gov.gh/economic-data/real-sector/,0,,
2008-06-01,2008,6,Jun,Inflation_Non-Food (%) Year-on-Year,18.91,real_sector,https://www.bog.gov.gh/economic-data/real-sector/,0,,
2008-07-01,2008,7,Jul,Inflation_Non-Food (%) Year-on-Year,18.97,real_sector,https://www.bog.gov.gh/economic-data/real-sector/,0,,
2008-08-01,2008,8,Aug,Inflation_Non-Food (%) Year-on-Year,18.5,real_sector,https://www.bog.gov.gh/economic-data/real-sector/,0,,
2008-09-01,2008,9,Sep,Inflation_Non-Food (%) Year-on-Year,18.53,real_sector,https://www.bog.gov.gh/economic-data/real-sector/,0,,
2008-10-01,2008,10,Oct,Inflation_Non-Food (%) Year-on-Year,18.93,real_sector,https://www.bog.gov.gh/economic-data/real-sector/,0,,
2008-11-01,2008,11,Nov,Inflation_Non-Food (%) Year-on-Year,18.57,real_sector,https://www.bog.gov.gh/economic-data/real-sector/,0,,
2008-12-01,2008,12,Dec,Inflation_Non-Food (%) Year-on-Year,19.12,real_sector,https://www.bog.gov.gh/economic-data/real-sector/,0,,
2008-12-31,2008,,,Inflation_Non-Food (%) Year-on-Year,14.4,real_sector,https://www.bog.gov.gh/economic-data/real-sector/,0,,
2009-01-01,2009,1,Jan,Inflation_Non-Food (%) Year-on-Year,20.16,real_sector,https://www.bog.gov.gh/economic-data/real-sector/,0,,
2009-02-01,2009,2,Feb,Inflation_Non-Food (%) Year-on-Year,21.34,real_sector,https://www.bog.gov.gh/economic-data/real-sector/,0,,
2009-03-01,2009,3,Mar,Inflation_Non-Food (%) Year-on-Year,22.0,real_sector,https://www.bog.gov.gh/economic-data/real-sector/,0,,
2009-04-01,2009,4,Apr,Inflation_Non-Food (%) Year-on-Year,21.46,real_sector,https://www.bog.gov.gh/economic-data/real-sector/,0,,
2009-05-01,2009,5,May,Inflation_Non-Food (%) Year-on-Year,22.22,real_sector,https://www.bog.gov.gh/economic-data/real-sector/,0,,
2009-06-01,2009,6,Jun,Inflation_Non-Food (%) Year-on-Year,24.66,real_sector,https://www.bog.gov.gh/economic-data/real-sector/,0,,
2009-07-01,2009,7,Jul,Inflation_Non-Food (%) Year-on-Year,24.48,real_sector,https://www.bog.gov.gh/economic-data/real-sector/,0,,
2009-08-01,2009,8,Aug,Inflation_Non-Food (%) Year-on-Year,23.25,real_sector,https://www.bog.gov.gh/economic-data/real-sector/,0,,
2009-09-01,2009,9,Sep,Inflation_Non-Food (%) Year-on-Year,22.38,real_sector,https://www.bog.gov.gh/economic-data/real-sector/,0,,
2009-10-01,2009,10,Oct,Inflation_Non-Food (%) Year-on-Year,21.15,real_sector,https://www.bog.gov.gh/economic-data/real-sector/,0,,
2009-11-01,2009,11,Nov,Inflation_Non-Food (%) Year-on-Year,20.05,real_sector,https://www.bog.gov.gh/economic-data/real-sector/,0,,
2009-12-01,2009,12,Dec,Inflation_Non-Food (%) Year-on-Year,18.82,real_sector,https://www.bog.gov.gh/economic-data/real-sector/,0,,
2009-12-31,2009,,,Inflation_Non-Food (%) Year-on-Year,20.16,real_sector,https://www.bog.gov.gh/economic-data/real-sector/,0,,
2010-01-01,2010,1,Jan,Inflation_Non-Food (%) Year-on-Year,20.16,real_sector,https://www.bog.gov.gh/economic-data/real-sector/,0,,
2010-02-01,2010,2,Feb,Inflation_Non-Food (%) Year-on-Year,20.52,real_sector,https://www.bog.gov.gh/economic-data/real-sector/,0,,
2010-03-01,2010,3,Mar,Inflation_Non-Food (%) Year-on-Year,19.91,real_sector,https://www.bog.gov.gh/economic-data/real-sector/,0,,
2010-04-01,2010,4,Apr,Inflation_Non-Food (%) Year-on-Year,18.97,real_sector,https://www.bog.gov.gh/economic-data/real-sector/,0,,
2010-05-01,2010,5,May,Inflation_Non-Food (%) Year-on-Year,17.69,real_sector,https://www.bog.gov.gh/economic-data/real-sector/,0,,
2010-06-01,2010,6,Jun,Inflation_Non-Food (%) Year-on-Year,16.25,real_sector,https://www.bog.gov.gh/economic-data/real-sector/,0,,
2010-07-01,2010,7,Jul,Inflation_Non-Food (%) Year-on-Year,13.27,real_sector,https://www.bog.gov.gh/economic-data/real-sector/,0,,
2010-08-01,2010,8,Aug,Inflation_Non-Food (%) Year-on-Year,11.97,real_sector,https://www.bog.gov.gh/economic-data/real-sector/,0,,
2010-09-01,2010,9,Sep,Inflation_Non-Food (%) Year-on-Year,11.85,real_sector,https://www.bog.gov.gh/economic-data/real-sector/,0,,
2010-10-01,2010,10,Oct,Inflation_Non-Food (%) Year-on-Year,11.66,real_sector,https://www.bog.gov.gh/economic-data/real-sector/,0,,
2010-11-01,2010,11,Nov,Inflation_Non-Food (%) Year-on-Year,12.35,real_sector,https://www.bog.gov.gh/economic-data/real-sector/,0,,
2010-12-01,2010,12,Dec,Inflation_Non-Food (%) Year-on-Year,12.84,real_sector,https://www.bog.gov.gh/economic-data/real-sector/,0,,
2010-12-31,2010,,,Inflation_Non-Food (%) Year-on-Year,20.16,real_sector,https://www.bog.gov.gh/economic-data/real-sector/,0,,
2011-01-01,2011,1,Jan,Inflation_Non-Food (%) Year-on-Year,11.82,real_sector,https://www.bog.gov.gh/economic-data/real-sector/,0,,
2011-02-01,2011,2,Feb,Inflation_Non-Food (%) Year-on-Year,12.12,real_sector,https://www.bog.gov.gh/economic-data/real-sector/,0,,
2011-03-01,2011,3,Mar,Inflation_Non-Food (%) Year-on-Year,12.0,real_sector,https://www.bog.gov.gh/economic-data/real-sector/,0,,
2011-04-01,2011,4,Apr,Inflation_Non-Food (%) Year-on-Year,12.16,real_sector,https://www.bog.gov.gh/economic-data/real-sector/,0,,
2011-05-01,2011,5,May,Inflation_Non-Food (%) Year-on-Year,12.15,real_sector,https://www.bog.gov.gh/economic-data/real-sector/,0,,
2011-06-01,2011,6,Jun,Inflation_Non-Food (%) Year-on-Year,12.44,real_sector,https://www.bog.gov.gh/economic-data/real-sector/,0,,
2011-07-01,2011,7,Jul,Inflation_Non-Food (%) Year-on-Year,11.76,real_sector,https://www.bog.gov.gh/economic-data/real-sector/,0,,
2011-08-01,2011,8,Aug,Inflation_Non-Food (%) Year-on-Year,11.38,real_sector,https://www.bog.gov.gh/economic-data/real-sector/,0,,
2011-09-01,2011,9,Sep,Inflation_Non-Food (%) Year-on-Year,11.3,real_sector,https://www.bog.gov.gh/economic-data/real-sector/,0,,
2011-10-01,2011,10,Oct,Inflation_Non-Food (%) Year-on-Year,11.32,real_sector,https://www.bog.gov.gh/economic-data/real-sector/,0,,
2011-11-01,2011,11,Nov,Inflation_Non-Food (%) Year-on-Year,11.08,real_sector,https://www.bog.gov.gh/economic-data/real-sector/,0,,
2011-12-01,2011,12,Dec,Inflation_Non-Food (%) Year-on-Year,11.21,real_sector,https://www.bog.gov.gh/economic-data/real-sector/,0,,
2011-12-31,2011,,,Inflation_Non-Food (%) Year-on-Year,11.82,real_sector,https://www.bog.gov.gh/economic-data/real-sector/,0,,
2012-01-01,2012,1,Jan,Inflation_Non-Food (%) Year-on-Year,13.85,real_sector,https://www.bog.gov.gh/economic-data/real-sector/,0,,
2012-02-01,2012,2,Feb,Inflation_Non-Food (%) Year-on-Year,13.16,real_sector,https://www.bog.gov.gh/economic-data/real-sector/,0,,
2012-03-01,2012,3,Mar,Inflation_Non-Food (%) Year-on-Year,12.56,real_sector,https://www.bog.gov.gh/economic-data/real-sector/,0,,
2012-04-01,2012,4,Apr,Inflation_Non-Food (%) Year-on-Year,13.24,real_sector,https://www.bog.gov.gh/economic-data/real-sector/,0,,
2012-05-01,2012,5,May,Inflation_Non-Food (%) Year-on-Year,13.75,real_sector,https://www.bog.gov.gh/economic-data/real-sector/,0,,
2012-06-01,2012,6,Jun,Inflation_Non-Food (%) Year-on-Year,13.41,real_sector,https://www.bog.gov.gh/economic-data/real-sector/,0,,
2012-07-01,2012,7,Jul,Inflation_Non-Food (%) Year-on-Year,12.71,real_sector,https://www.bog.gov.gh/economic-data/real-sector/,0,,
2012-08-01,2012,8,Aug,Inflation_Non-Food (%) Year-on-Year,12.1,real_sector,https://www.bog.gov.gh/economic-data/real-sector/,0,,
2012-09-01,2012,9,Sep,Inflation_Non-Food (%) Year-on-Year,11.89,real_sector,https://www.bog.gov.gh/economic-data/real-sector/,0,,
2012-10-01,2012,10,Oct,Inflation_Non-Food (%) Year-on-Year,12.01,real_sector,https://www.bog.gov.gh/economic-data/real-sector/,0,,
2012-11-01,2012,11,Nov,Inflation_Non-Food (%) Year-on-Year,12.68,real_sector,https://www.bog.gov.gh/economic-data/real-sector/,0,,
2012-12-01,2012,12,Dec,Inflation_Non-Food (%) Year-on-Year,13.11,real_sector,https://www.bog.gov.gh/economic-data/real-sector/,0,,
2012-12-31,2012,,,Inflation_Non-Food (%) Year-on-Year,13.85,real_sector,https://www.bog.gov.gh/economic-data/real-sector/,0,,
2013-01-01,2013,1,Jan,Inflation_Non-Food (%) Year-on-Year,11.77,real_sector,https://www.bog.gov.gh/economic-data/real-sector/,0,,
2013-02-01,2013,2,Feb,Inflation_Non-Food (%) Year-on-Year,13.34,real_sector,https://www.bog.gov.gh/economic-data/real-sector/,0,,
2013-03-01,2013,3,Mar,Inflation_Non-Food (%) Year-on-Year,14.02,real_sector,https://www.bog.gov.gh/economic-data/real-sector/,0,,
2013-04-01,2013,4,Apr,Inflation_Non-Food (%) Year-on-Year,14.38,real_sector,https://www.bog.gov.gh/economic-data/real-sector/,0,,
2013-05-01,2013,5,May,Inflation_Non-Food (%) Year-on-Year,14.62,real_sector,https://www.bog.gov.gh/economic-data/real-sector/,0,,
2013-06-01,2013,6,Jun,Inflation_Non-Food (%) Year-on-Year,15.09,real_sector,https://www.bog.gov.gh/economic-data/real-sector/,0,,
2013-07-01,2013,7,Jul,Inflation_Non-Food (%) Year-on-Year,15.43,real_sector,https://www.bog.gov.gh/economic-data/real-sector/,0,,
2013-08-01,2013,8,Aug,Inflation_Non-Food (%) Year-on-Year,14.24,real_sector,https://www.bog.gov.gh/economic-data/real-sector/,0,,
2013-09-01,2013,9,Sep,Inflation_Non-Food (%) Year-on-Year,14.23,real_sector,https://www.bog.gov.gh/economic-data/real-sector/,0,,
2013-10-01,2013,10,Oct,Inflation_Non-Food (%) Year-on-Year,17.71,real_sector,https://www.bog.gov.gh/economic-data/real-sector/,0,,
2013-11-01,2013,11,Nov,Inflation_Non-Food (%) Year-on-Year,17.63,real_sector,https://www.bog.gov.gh/economic-data/real-sector/,0,,
2013-12-01,2013,12,Dec,Inflation_Non-Food (%) Year-on-Year,18.13,real_sector,https://www.bog.gov.gh/economic-data/real-sector/,0,,
2013-12-31,2013,,,Inflation_Non-Food (%) Year-on-Year,11.77,real_sector,https://www.bog.gov.gh/economic-data/real-sector/,0,,
2014-01-01,2014,1,Jan,Inflation_Non-Food (%) Year-on-Year,18.93,real_sector,https://www.bog.gov.gh/economic-data/real-sector/,0,,
2014-02-01,2014,2,Feb,Inflation_Non-Food (%) Year-on-Year,18.95,real_sector,https://www.bog.gov.gh/economic-data/real-sector/,0,,
2014-03-01,2014,3,Mar,Inflation_Non-Food (%) Year-on-Year,19.24,real_sector,https://www.bog.gov.gh/economic-data/real-sector/,0,,
2014-04-01,2014,4,Apr,Inflation_Non-Food (%) Year-on-Year,20.57,real_sector,https://www.bog.gov.gh/economic-data/real-sector/,0,,
2014-05-01,2014,5,May,Inflation_Non-Food (%) Year-on-Year,19.98,real_sector,https://www.bog.gov.gh/economic-data/real-sector/,0,,
2014-06-01,2014,6,Jun,Inflation_Non-Food (%) Year-on-Year,20.3,real_sector,https://www.bog.gov.gh/economic-data/real-sector/,0,,
2014-07-01,2014,7,Jul,Inflation_Non-Food (%) Year-on-Year,23.13,real_sector,https://www.bog.gov.gh/economic-data/real-sector/,0,,
2014-08-01,2014,8,Aug,Inflation_Non-Food (%) Year-on-Year,24.0,real_sector,https://www.bog.gov.gh/economic-data/real-sector/,0,,
2014-09-01,2014,9,Sep,Inflation_Non-Food (%) Year-on-Year,24.06,real_sector,https://www.bog.gov.gh/economic-data/real-sector/,0,,
2014-10-01,2014,10,Oct,Inflation_Non-Food (%) Year-on-Year,24.0,real_sector,https://www.bog.gov.gh/economic-data/real-sector/,0,,
2014-11-01,2014,11,Nov,Inflation_Non-Food (%) Year-on-Year,24.09,real_sector,https://www.bog.gov.gh/economic-data/real-sector/,0,,
2014-12-01,2014,12,Dec,Inflation_Non-Food (%) Year-on-Year,23.87,real_sector,https://www.bog.gov.gh/economic-data/real-sector/,0,,
2014-12-31,2014,,,Inflation_Non-Food (%) Year-on-Year,18.93,real_sector,https://www.bog.gov.gh/economic-data/real-sector/,0,,
2015-01-01,2015,1,Jan,Inflation_Non-Food (%) Year-on-Year,23.03,real_sector,https://www.bog.gov.gh/economic-data/real-sector/,0,,
2015-02-01,2015,2,Feb,Inflation_Non-Food (%) Year-on-Year,22.97,real_sector,https://www.bog.gov.gh/economic-data/real-sector/,0,,
2015-03-01,2015,3,Mar,Inflation_Non-Food (%) Year-on-Year,23.07,real_sector,https://www.bog.gov.gh/economic-data/real-sector/,0,,
2015-04-01,2015,4,Apr,Inflation_Non-Food (%) Year-on-Year,23.23,real_sector,https://www.bog.gov.gh/economic-data/real-sector/,0,,
2015-05-01,2015,5,May,Inflation_Non-Food (%) Year-on-Year,23.4,real_sector,https://www.bog.gov.gh/economic-data/real-sector/,0,,
2015-06-01,2015,6,Jun,Inflation_Non-Food (%) Year-on-Year,23.61,real_sector,https://www.bog.gov.gh/economic-data/real-sector/,0,,
2015-07-01,2015,7,Jul,Inflation_Non-Food (%) Year-on-Year,24.62,real_sector,https://www.bog.gov.gh/economic-data/real-sector/,0,,
2015-08-01,2015,8,Aug,Inflation_Non-Food (%) Year-on-Year,23.42,real_sector,https://www.bog.gov.gh/economic-data/real-sector/,0,,
2015-09-01,2015,9,Sep,Inflation_Non-Food (%) Year-on-Year,23.15,real_sector,https://www.bog.gov.gh/economic-data/real-sector/,0,,
2015-10-01,2015,10,Oct,Inflation_Non-Food (%) Year-on-Year,22.95,real_sector,https://www.bog.gov.gh/economic-data/real-sector/,0,,
2015-11-01,2015,11,Nov,Inflation_Non-Food (%) Year-on-Year,23.19,real_sector,https://www.bog.gov.gh/economic-data/real-sector/,0,,
2015-12-01,2015,12,Dec,Inflation_Non-Food (%) Year-on-Year,23.3,real_sector,https://www.bog.gov.gh/economic-data/real-sector/,0,,
2015-12-31,2015,,,Inflation_Non-Food (%) Year-on-Year,23.03,real_sector,https://www.bog.gov.gh/economic-data/real-sector/,0,,
2016-01-01,2016,1,Jan,Inflation_Non-Food (%) Year-on-Year,25.48,real_sector,https://www.bog.gov.gh/economic-data/real-sector/,0,,
2016-02-01,2016,2,Feb,Inflation_Non-Food (%) Year-on-Year,24.5,real_sector,https://www.bog.gov.gh/economic-data/real-sector/,0,,
2016-03-01,2016,3,Mar,Inflation_Non-Food (%) Year-on-Year,25.66,real_sector,https://www.bog.gov.gh/economic-data/real-sector/,0,,
2016-04-01,2016,4,Apr,Inflation_Non-Food (%) Year-on-Year,24.79,real_sector,https://www.bog.gov.gh/economic-data/real-sector/,0,,
2016-05-01,2016,5,May,Inflation_Non-Food (%) Year-on-Year,25.01,real_sector,https://www.bog.gov.gh/economic-data/real-sector/,0,,
2016-06-01,2016,6,Jun,Inflation_Non-Food (%) Year-on-Year,24.12,real_sector,https://www.bog.gov.gh/economic-data/real-sector/,0,,
2016-07-01,2016,7,Jul,Inflation_Non-Food (%) Year-on-Year,21.23,real_sector,https://www.bog.gov.gh/economic-data/real-sector/,0,,
2016-08-01,2016,8,Aug,Inflation_Non-Food (%) Year-on-Year,21.5,real_sector,https://www.bog.gov.gh/economic-data/real-sector/,0,,
2016-09-01,2016,9,Sep,Inflation_Non-Food (%) Year-on-Year,21.59,real_sector,https://www.bog.gov.gh/economic-data/real-sector/,0,,
2016-10-01,2016,10,Oct,Inflation_Non-Food (%) Year-on-Year,19.39,real_sector,https://www.bog.gov.gh/economic-data/real-sector/,0,,
2016-11-01,2016,11,Nov,Inflation_Non-Food (%) Year-on-Year,18.69,real_sector,https://www.bog.gov.gh/economic-data/real-sector/,0,,
2016-12-01,2016,12,Dec,Inflation_Non-Food (%) Year-on-Year,18.24,real_sector,https://www.bog.gov.gh/economic-data/real-sector/,0,,
2016-12-31,2016,,,Inflation_Non-Food (%) Year-on-Year,25.48,real_sector,https://www.bog.gov.gh/economic-data/real-sector/,0,,
2017-01-01,2017,1,Jan,Inflation_Non-Food (%) Year-on-Year,16.63,real_sector,https://www.bog.gov.gh/economic-data/real-sector/,0,,
2017-02-01,2017,2,Feb,Inflation_Non-Food (%) Year-on-Year,16.38,real_sector,https://www.bog.gov.gh/economic-data/real-sector/,0,,
2017-03-01,2017,3,Mar,Inflation_Non-Food (%) Year-on-Year,15.59,real_sector,https://www.bog.gov.gh/economic-data/real-sector/,0,,
2017-04-01,2017,4,Apr,Inflation_Non-Food (%) Year-on-Year,16.29,real_sector,https://www.bog.gov.gh/economic-data/real-sector/,0,,
2017-05-01,2017,5,May,Inflation_Non-Food (%) Year-on-Year,15.78,real_sector,https://www.bog.gov.gh/economic-data/real-sector/,0,,
2017-06-01,2017,6,Jun,Inflation_Non-Food (%) Year-on-Year,15.1,real_sector,https://www.bog.gov.gh/economic-data/real-sector/,0,,
2017-07-01,2017,7,Jul,Inflation_Non-Food (%) Year-on-Year,14.2,real_sector,https://www.bog.gov.gh/economic-data/real-sector/,0,,
2017-08-01,2017,8,Aug,Inflation_Non-Food (%) Year-on-Year,14.7,real_sector,https://www.bog.gov.gh/economic-data/real-sector/,0,,
2017-09-01,2017,9,Sep,Inflation_Non-Food (%) Year-on-Year,14.1,real_sector,https://www.bog.gov.gh/economic-data/real-sector/,0,,
2017-10-01,2017,10,Oct,Inflation_Non-Food (%) Year-on-Year,13.2,real_sector,https://www.bog.gov.gh/economic-data/real-sector/,0,,
2017-11-01,2017,11,Nov,Inflation_Non-Food (%) Year-on-Year,13.6,real_sector,https://www.bog.gov.gh/economic-data/real-sector/,0,,
2017-12-01,2017,12,Dec,Inflation_Non-Food (%) Year-on-Year,13.6,real_sector,https://www.bog.gov.gh/economic-data/real-sector/,0,,
2017-12-31,2017,,,Inflation_Non-Food (%) Year-on-Year,16.63,real_sector,https://www.bog.gov.gh/economic-data/real-sector/,0,,
2018-01-01,2018,1,Jan,Inflation_Non-Food (%) Year-on-Year,12.02,real_sector,https://www.bog.gov.gh/economic-data/real-sector/,0,,
2018-02-01,2018,2,Feb,Inflation_Non-Food (%) Year-on-Year,12.21,real_sector,https://www.bog.gov.gh/economic-data/real-sector/,0,,
2018-03-01,2018,3,Mar,Inflation_Non-Food (%) Year-on-Year,11.8,real_sector,https://www.bog.gov.gh/economic-data/real-sector/,0,,
2018-04-01,2018,4,Apr,Inflation_Non-Food (%) Year-on-Year,10.58,real_sector,https://www.bog.gov.gh/economic-data/real-sector/,0,,
2018-05-01,2018,5,May,Inflation_Non-Food (%) Year-on-Year,10.85,real_sector,https://www.bog.gov.gh/economic-data/real-sector/,0,,
2018-06-01,2018,6,Jun,Inflation_Non-Food (%) Year-on-Year,11.24,real_sector,https://www.bog.gov.gh/economic-data/real-sector/,0,,
2018-07-01,2018,7,Jul,Inflation_Non-Food (%) Year-on-Year,10.66,real_sector,https://www.bog.gov.gh/economic-data/real-sector/,0,,
2018-08-01,2018,8,Aug,Inflation_Non-Food (%) Year-on-Year,10.75,real_sector,https://www.bog.gov.gh/economic-data/real-sector/,0,,
2018-09-01,2018,9,Sep,Inflation_Non-Food (%) Year-on-Year,10.3,real_sector,https://www.bog.gov.gh/economic-data/real-sector/,0,,
2018-10-01,2018,10,Oct,Inflation_Non-Food (%) Year-on-Year,9.78,real_sector,https://www.bog.gov.gh/economic-data/real-sector/,0,,
2018-11-01,2018,11,Nov,Inflation_Non-Food (%) Year-on-Year,9.65,real_sector,https://www.bog.gov.gh/economic-data/real-sector/,0,,
2018-12-01,2018,12,Dec,Inflation_Non-Food (%) Year-on-Year,9.75,real_sector,https://www.bog.gov.gh/economic-data/real-sector/,0,,
2018-12-31,2018,,,Inflation_Non-Food (%) Year-on-Year,12.02,real_sector,https://www.bog.gov.gh/economic-data/real-sector/,0,,
2019-01-01,2019,1,Jan,Inflation_Non-Food (%) Year-on-Year,9.45,real_sector,https://www.bog.gov.gh/economic-data/real-sector/,0,,
2019-02-01,2019,2,Feb,Inflation_Non-Food (%) Year-on-Year,9.65,real_sector,https://www.bog.gov.gh/economic-data/real-sector/,0,,
2019-03-01,2019,3,Mar,Inflation_Non-Food (%) Year-on-Year,9.69,real_sector,https://www.bog.gov.gh/economic-data/real-sector/,0,,
2019-04-01,2019,4,Apr,Inflation_Non-Food (%) Year-on-Year,10.44,real_sector,https://www.bog.gov.gh/economic-data/real-sector/,0,,
2019-05-01,2019,5,May,Inflation_Non-Food (%) Year-on-Year,10.62,real_sector,https://www.bog.gov.gh/economic-data/real-sector/,0,,
2019-06-01,2019,6,Jun,Inflation_Non-Food (%) Year-on-Year,10.34,real_sector,https://www.bog.gov.gh/economic-data/real-sector/,0,,
2019-07-01,2019,7,Jul,Inflation_Non-Food (%) Year-on-Year,10.72,real_sector,https://www.bog.gov.gh/economic-data/real-sector/,0,,
2019-08-01,2019,8,Aug,Inflation_Non-Food (%) Year-on-Year,7.4,real_sector,https://www.bog.gov.gh/economic-data/real-sector/,0,,
2019-09-01,2019,9,Sep,Inflation_Non-Food (%) Year-on-Year,7.0,real_sector,https://www.bog.gov.gh/economic-data/real-sector/,0,,
2019-10-01,2019,10,Oct,Inflation_Non-Food (%) Year-on-Year,8.2,real_sector,https://www.bog.gov.gh/economic-data/real-sector/,0,,
2019-11-01,2019,11,Nov,Inflation_Non-Food (%) Year-on-Year,8.0,real_sector,https://www.bog.gov.gh/economic-data/real-sector/,0,,
2019-12-01,2019,12,Dec,Inflation_Non-Food (%) Year-on-Year,8.5,real_sector,https://www.bog.gov.gh/economic-data/real-sector/,0,,
2019-12-31,2019,,,Inflation_Non-Food (%) Year-on-Year,9.45,real_sector,https://www.bog.gov.gh/economic-data/real-sector/,0,,
2020-01-01,2020,1,Jan,Inflation_Non-Food (%) Year-on-Year,7.9,real_sector,https://www.bog.gov.gh/economic-data/real-sector/,0,,
2020-02-01,2020,2,Feb,Inflation_Non-Food (%) Year-on-Year,7.7,real_sector,https://www.bog.gov.gh/economic-data/real-sector/,0,,
2020-03-01,2020,3,Mar,Inflation_Non-Food (%) Year-on-Year,7.4,real_sector,https://www.bog.gov.gh/economic-data/real-sector/,0,,
2020-04-01,2020,4,Apr,Inflation_Non-Food (%) Year-on-Year,7.7,real_sector,https://www.bog.gov.gh/economic-data/real-sector/,0,,
2020-05-01,2020,5,May,Inflation_Non-Food (%) Year-on-Year,8.4,real_sector,https://www.bog.gov.gh/economic-data/real-sector/,0,,
2020-06-01,2020,6,Jun,Inflation_Non-Food (%) Year-on-Year,9.2,real_sector,https://www.bog.gov.gh/economic-data/real-sector/,0,,
2020-07-01,2020,7,Jul,Inflation_Non-Food (%) Year-on-Year,9.7,real_sector,https://www.bog.gov.gh/economic-data/real-sector/,0,,
2020-08-01,2020,8,Aug,Inflation_Non-Food (%) Year-on-Year,9.9,real_sector,https://www.bog.gov.gh/economic-data/real-sector/,0,,
2020-09-01,2020,9,Sep,Inflation_Non-Food (%) Year-on-Year,9.8,real_sector,https://www.bog.gov.gh/economic-data/real-sector/,0,,
2020-10-01,2020,10,Oct,Inflation_Non-Food (%) Year-on-Year,8.3,real_sector,https://www.bog.gov.gh/economic-data/real-sector/,0,,
2020-11-01,2020,11,Nov,Inflation_Non-Food (%) Year-on-Year,8.3,real_sector,https://www.bog.gov.gh/economic-data/real-sector/,0,,
2020-12-01,2020,12,Dec,Inflation_Non-Food (%) Year-on-Year,7.7,real_sector,https://www.bog.gov.gh/economic-data/real-sector/,0,,
2020-12-31,2020,,,Inflation_Non-Food (%) Year-on-Year,7.9,real_sector,https://www.bog.gov.gh/economic-data/real-sector/,0,,
2021-01-01,2021,1,Jan,Inflation_Non-Food (%) Year-on-Year,7.7,real_sector,https://www.bog.gov.gh/economic-data/real-sector/,0,,
2021-02-01,2021,2,Feb,Inflation_Non-Food (%) Year-on-Year,8.8,real_sector,https://www.bog.gov.gh/economic-data/real-sector/,0,,
2021-03-01,2021,3,Mar,Inflation_Non-Food (%) Year-on-Year,10.0,real_sector,https://www.bog.gov.gh/economic-data/real-sector/,0,,
2021-04-01,2021,4,Apr,Inflation_Non-Food (%) Year-on-Year,10.2,real_sector,https://www.bog.gov.gh/economic-data/real-sector/,0,,
2021-05-01,2021,5,May,Inflation_Non-Food (%) Year-on-Year,9.2,real_sector,https://www.bog.gov.gh/economic-data/real-sector/,0,,
2021-06-01,2021,6,Jun,Inflation_Non-Food (%) Year-on-Year,8.2,real_sector,https://www.bog.gov.gh/economic-data/real-sector/,0,,
2021-07-01,2021,7,Jul,Inflation_Non-Food (%) Year-on-Year,8.6,real_sector,https://www.bog.gov.gh/economic-data/real-sector/,0,,
2021-08-01,2021,8,Aug,Inflation_Non-Food (%) Year-on-Year,8.7,real_sector,https://www.bog.gov.gh/economic-data/real-sector/,0,,
2021-09-01,2021,9,Sep,Inflation_Non-Food (%) Year-on-Year,9.9,real_sector,https://www.bog.gov.gh/economic-data/real-sector/,0,,
2021-10-01,2021,10,Oct,Inflation_Non-Food (%) Year-on-Year,11.0,real_sector,https://www.bog.gov.gh/economic-data/real-sector/,0,,
2021-11-01,2021,11,Nov,Inflation_Non-Food (%) Year-on-Year,11.6,real_sector,https://www.bog.gov.gh/economic-data/real-sector/,0,,
2021-12-01,2021,12,Dec,Inflation_Non-Food (%) Year-on-Year,12.5,real_sector,https://www.bog.gov.gh/economic-data/real-sector/,0,,
2021-12-31,2021,,,Inflation_Non-Food (%) Year-on-Year,7.7,real_sector,https://www.bog.gov.gh/economic-data/real-sector/,0,,
2022-01-01,2022,1,Jan,Inflation_Non-Food (%) Year-on-Year,14.1,real_sector,https://www.bog.gov.gh/economic-data/real-sector/,0,,
2022-02-01,2022,2,Feb,Inflation_Non-Food (%) Year-on-Year,14.5,real_sector,https://www.bog.gov.gh/economic-data/real-sector/,0,,
2022-03-01,2022,3,Mar,Inflation_Non-Food (%) Year-on-Year,17.0,real_sector,https://www.bog.gov.gh/economic-data/real-sector/,0,,
2022-04-01,2022,4,Apr,Inflation_Non-Food (%) Year-on-Year,21.3,real_sector,https://www.bog.gov.gh/economic-data/real-sector/,0,,
2022-05-01,2022,5,May,Inflation_Non-Food (%) Year-on-Year,25.7,real_sector,https://www.bog.gov.gh/economic-data/real-sector/,0,,
2022-06-01,2022,6,Jun,Inflation_Non-Food (%) Year-on-Year,29.1,real_sector,https://www.bog.gov.gh/economic-data/real-sector/,0,,
2022-07-01,2022,7,Jul,Inflation_Non-Food (%) Year-on-Year,31.3,real_sector,https://www.bog.gov.gh/economic-data/real-sector/,0,,
2022-08-01,2022,8,Aug,Inflation_Non-Food (%) Year-on-Year,33.6,real_sector,https://www.bog.gov.gh/economic-data/real-sector/,0,,
2022-09-01,2022,9,Sep,Inflation_Non-Food (%) Year-on-Year,36.8,real_sector,https://www.bog.gov.gh/economic-data/real-sector/,0,,
2022-10-01,2022,10,Oct,Inflation_Non-Food (%) Year-on-Year,37.8,real_sector,https://www.bog.gov.gh/economic-data/real-sector/,0,,
2022-11-01,2022,11,Nov,Inflation_Non-Food (%) Year-on-Year,46.5,real_sector,https://www.bog.gov.gh/economic-data/real-sector/,0,,
2022-12-01,2022,12,Dec,Inflation_Non-Food (%) Year-on-Year,49.9,real_sector,https://www.bog.gov.gh/economic-data/real-sector/,0,,
2022-12-31,2022,,,Inflation_Non-Food (%) Year-on-Year,14.1,real_sector,https://www.bog.gov.gh/economic-data/real-sector/,0,,
2023-01-01,2023,1,Jan,Inflation_Non-Food (%) Year-on-Year,47.9,real_sector,https://www.bog.gov.gh/economic-data/real-sector/,0,,
2023-02-01,2023,2,Feb,Inflation_Non-Food (%) Year-on-Year,47.9,real_sector,https://www.bog.gov.gh/economic-data/real-sector/,0,,
2023-03-01,2023,3,Mar,Inflation_Non-Food (%) Year-on-Year,40.6,real_sector,https://www.bog.gov.gh/economic-data/real-sector/,0,,
2023-04-01,2023,4,Apr,Inflation_Non-Food (%) Year-on-Year,35.4,real_sector,https://www.bog.gov.gh/economic-data/real-sector/,0,,
2023-05-01,2023,5,May,Inflation_Non-Food (%) Year-on-Year,0.0,real_sector,https://www.bog.gov.gh/economic-data/real-sector/,0,,
2023-06-01,2023,6,Jun,Inflation_Non-Food (%) Year-on-Year,0.0,real_sector,https://www.bog.gov.gh/economic-data/real-sector/,0,,
2023-07-01,2023,7,Jul,Inflation_Non-Food (%) Year-on-Year,0.0,real_sector,https://www.bog.gov.gh/economic-data/real-sector/,0,,
2023-08-01,2023,8,Aug,Inflation_Non-Food (%) Year-on-Year,0.0,real_sector,https://www.bog.gov.gh/economic-data/real-sector/,0,,
2023-09-01,2023,9,Sep,Inflation_Non-Food (%) Year-on-Year,0.0,real_sector,https://www.bog.gov.gh/economic-data/real-sector/,0,,
2023-10-01,2023,10,Oct,Inflation_Non-Food (%) Year-on-Year,0.0,real_sector,https://www.bog.gov.gh/economic-data/real-sector/,0,,
2023-11-01,2023,11,Nov,Inflation_Non-Food (%) Year-on-Year,0.0,real_sector,https://www.bog.gov.gh/economic-data/real-sector/,0,,
2023-12-01,2023,12,Dec,Inflation_Non-Food (%) Year-on-Year,0.0,real_sector,https://www.bog.gov.gh/economic-data/real-sector/,0,,
2023-12-31,2023,,,Inflation_Non-Food (%) Year-on-Year,47.9,real_sector,https://www.bog.gov.gh/economic-data/real-sector/,0,,
