date,year,month,month_name,variable,value,source_page,source_url,datatable_index,quarter,quarter_name
2001-01-01,2001,1,Jan,Bank of Ghana Composite Index of Economic Activity (Nominal Growth) (%),0.0,real_sector,https://www.bog.gov.gh/economic-data/real-sector/,0,,
2001-02-01,2001,2,Feb,Bank of Ghana Composite Index of Economic Activity (Nominal Growth) (%),30.37,real_sector,https://www.bog.gov.gh/economic-data/real-sector/,0,,
2001-03-01,2001,3,Mar,Bank of Ghana Composite Index of Economic Activity (Nominal Growth) (%),36.4,real_sector,https://www.bog.gov.gh/economic-data/real-sector/,0,,
2001-04-01,2001,4,Apr,Bank of Ghana Composite Index of Economic Activity (Nominal Growth) (%),26.77,real_sector,https://www.bog.gov.gh/economic-data/real-sector/,0,,
2001-05-01,2001,5,May,Bank of Ghana Composite Index of Economic Activity (Nominal Growth) (%),26.7,real_sector,https://www.bog.gov.gh/economic-data/real-sector/,0,,
2001-06-01,2001,6,Jun,Bank of Ghana Composite Index of Economic Activity (Nominal Growth) (%),19.65,real_sector,https://www.bog.gov.gh/economic-data/real-sector/,0,,
2001-07-01,2001,7,Jul,Bank of Ghana Composite Index of Economic Activity (Nominal Growth) (%),16.88,real_sector,https://www.bog.gov.gh/economic-data/real-sector/,0,,
2001-08-01,2001,8,Aug,Bank of Ghana Composite Index of Economic Activity (Nominal Growth) (%),17.98,real_sector,https://www.bog.gov.gh/economic-data/real-sector/,0,,
2001-09-01,2001,9,Sep,Bank of Ghana Composite Index of Economic Activity (Nominal Growth) (%),14.02,real_sector,https://www.bog.gov.gh/economic-data/real-sector/,0,,
2001-10-01,2001,10,Oct,Bank of Ghana Composite Index of Economic Activity (Nominal Growth) (%),18.54,real_sector,https://www.bog.gov.gh/economic-data/real-sector/,0,,
2001-11-01,2001,11,Nov,Bank of Ghana Composite Index of Economic Activity (Nominal Growth) (%),15.21,real_sector,https://www.bog.gov.gh/economic-data/real-sector/,0,,
2001-12-01,2001,12,Dec,Bank of Ghana Composite Index of Economic Activity (Nominal Growth) (%),14.5,real_sector,https://www.bog.gov.gh/economic-data/real-sector/,0,,
2001-12-31,2001,,,Bank of Ghana Composite Index of Economic Activity (Nominal Growth) (%),0.0,real_sector,https://www.bog.gov.gh/economic-data/real-sector/,0,,
2002-01-01,2002,1,Jan,Bank of Ghana Composite Index of Economic Activity (Nominal Growth) (%),11.6,real_sector,https://www.bog.gov.gh/economic-data/real-sector/,0,,
2002-02-01,2002,2,Feb,Bank of Ghana Composite Index of Economic Activity (Nominal Growth) (%),9.87,real_sector,https://www.bog.gov.gh/economic-data/real-sector/,0,,
2002-03-01,2002,3,Mar,Bank of Ghana Composite Index of Economic Activity (Nominal Growth) (%),8.73,real_sector,https://www.bog.gov.gh/economic-data/real-sector/,0,,
2002-04-01,2002,4,Apr,Bank of Ghana Composite Index of Economic Activity (Nominal Growth) (%),16.83,real_sector,https://www.bog.gov.gh/economic-data/real-sector/,0,,
2002-05-01,2002,5,May,Bank of Ghana Composite Index of Economic Activity (Nominal Growth) (%),12.33,real_sector,https://www.bog.gov.gh/economic-data/real-sector/,0,,
2002-06-01,2002,6,Jun,Bank of Ghana Composite Index of Economic Activity (Nominal Growth) (%),15.74,real_sector,https://www.bog.gov.gh/economic-data/real-sector/,0,,
2002-07-01,2002,7,Jul,Bank of Ghana Composite Index of Economic Activity (Nominal Growth) (%),20.6,real_sector,https://www.bog.gov.gh/economic-data/real-sector/,0,,
2002-08-01,2002,8,Aug,Bank of Ghana Composite Index of Economic Activity (Nominal Growth) (%),12.21,real_sector,https://www.bog.gov.gh/economic-data/real-sector/,0,,
2002-09-01,2002,9,Sep,Bank of Ghana Composite Index of Economic Activity (Nominal Growth) (%),23.01,real_sector,https://www.bog.gov.gh/economic-data/real-sector/,0,,
2002-10-01,2002,10,Oct,Bank of Ghana Composite Index of Economic Activity (Nominal Growth) (%),18.37,real_sector,https://www.bog.gov.gh/economic-data/real-sector/,0,,
2002-11-01,2002,11,Nov,Bank of Ghana Composite Index of Economic Activity (Nominal Growth) (%),26.97,real_sector,https://www.bog.gov.gh/economic-data/real-sector/,0,,
2002-12-01,2002,12,Dec,Bank of Ghana Composite Index of Economic Activity (Nominal Growth) (%),25.17,real_sector,https://www.bog.gov.gh/economic-data/real-sector/,0,,
2002-12-31,2002,,,Bank of Ghana Composite Index of Economic Activity (Nominal Growth) (%),11.6,real_sector,https://www.bog.gov.gh/economic-data/real-sector/,0,,
2003-01-01,2003,1,Jan,Bank of Ghana Composite Index of Economic Activity (Nominal Growth) (%),23.92,real_sector,https://www.bog.gov.gh/economic-data/real-sector/,0,,
2003-02-01,2003,2,Feb,Bank of Ghana Composite Index of Economic Activity (Nominal Growth) (%),24.45,real_sector,https://www.bog.gov.gh/economic-data/real-sector/,0,,
2003-03-01,2003,3,Mar,Bank of Ghana Composite Index of Economic Activity (Nominal Growth) (%),20.56,real_sector,https://www.bog.gov.gh/economic-data/real-sector/,0,,
2003-04-01,2003,4,Apr,Bank of Ghana Composite Index of Economic Activity (Nominal Growth) (%),17.27,real_sector,https://www.bog.gov.gh/economic-data/real-sector/,0,,
2003-05-01,2003,5,May,Bank of Ghana Composite Index of Economic Activity (Nominal Growth) (%),19.92,real_sector,https://www.bog.gov.gh/economic-data/real-sector/,0,,
2003-06-01,2003,6,Jun,Bank of Ghana Composite Index of Economic Activity (Nominal Growth) (%),22.05,real_sector,https://www.bog.gov.gh/economic-data/real-sector/,0,,
2003-07-01,2003,7,Jul,Bank of Ghana Composite Index of Economic Activity (Nominal Growth) (%),24.77,real_sector,https://www.bog.gov.gh/economic-data/real-sector/,0,,
2003-08-01,2003,8,Aug,Bank of Ghana Composite Index of Economic Activity (Nominal Growth) (%),27.88,real_sector,https://www.bog.gov.gh/economic-data/real-sector/,0,,
2003-09-01,2003,9,Sep,Bank of Ghana Composite Index of Economic Activity (Nominal Growth) (%),24.19,real_sector,https://www.bog.gov.gh/economic-data/real-sector/,0,,
2003-10-01,2003,10,Oct,Bank of Ghana Composite Index of Economic Activity (Nominal Growth) (%),28.13,real_sector,https://www.bog.gov.gh/economic-data/real-sector/,0,,
2003-11-01,2003,11,Nov,Bank of Ghana Composite Index of Economic Activity (Nominal Growth) (%),17.11,real_sector,https://www.bog.gov.gh/economic-data/real-sector/,0,,
2003-12-01,2003,12,Dec,Bank of Ghana Composite Index of Economic Activity (Nominal Growth) (%),24.13,real_sector,https://www.bog.gov.gh/economic-data/real-sector/,0,,
2003-12-31,2003,,,Bank of Ghana Composite Index of Economic Activity (Nominal Growth) (%),23.92,real_sector,https://www.bog.gov.gh/economic-data/real-sector/,0,,
2004-01-01,2004,1,Jan,Bank of Ghana Composite Index of Economic Activity (Nominal Growth) (%),22.78,real_sector,https://www.bog.gov.gh/economic-data/real-sector/,0,,
2004-02-01,2004,2,Feb,Bank of Ghana Composite Index of Economic Activity (Nominal Growth) (%),28.75,real_sector,https://www.bog.gov.gh/economic-data/real-sector/,0,,
2004-03-01,2004,3,Mar,Bank of Ghana Composite Index of Economic Activity (Nominal Growth) (%),29.83,real_sector,https://www.bog.gov.gh/economic-data/real-sector/,0,,
2004-04-01,2004,4,Apr,Bank of Ghana Composite Index of Economic Activity (Nominal Growth) (%),33.42,real_sector,https://www.bog.gov.gh/economic-data/real-sector/,0,,
2004-05-01,2004,5,May,Bank of Ghana Composite Index of Economic Activity (Nominal Growth) (%),27.49,real_sector,https://www.bog.gov.gh/economic-data/real-sector/,0,,
2004-06-01,2004,6,Jun,Bank of Ghana Composite Index of Economic Activity (Nominal Growth) (%),29.44,real_sector,https://www.bog.gov.gh/economic-data/real-sector/,0,,
2004-07-01,2004,7,Jul,Bank of Ghana Composite Index of Economic Activity (Nominal Growth) (%),31.3,real_sector,https://www.bog.gov.gh/economic-data/real-sector/,0,,
2004-08-01,2004,8,Aug,Bank of Ghana Composite Index of Economic Activity (Nominal Growth) (%),22.06,real_sector,https://www.bog.gov.gh/economic-data/real-sector/,0,,
2004-09-01,2004,9,Sep,Bank of Ghana Composite Index of Economic Activity (Nominal Growth) (%),23.35,real_sector,https://www.bog.gov.gh/economic-data/real-sector/,0,,
2004-10-01,2004,10,Oct,Bank of Ghana Composite Index of Economic Activity (Nominal Growth) (%),23.74,real_sector,https://www.bog.gov.gh/economic-data/real-sector/,0,,
2004-11-01,2004,11,Nov,Bank of Ghana Composite Index of Economic Activity (Nominal Growth) (%),26.43,real_sector,https://www.bog.gov.gh/economic-data/real-sector/,0,,
2004-12-01,2004,12,Dec,Bank of Ghana Composite Index of Economic Activity (Nominal Growth) (%),16.49,real_sector,https://www.bog.gov.gh/economic-data/real-sector/,0,,
2004-12-31,2004,,,Bank of Ghana Composite Index of Economic Activity (Nominal Growth) (%),22.78,real_sector,https://www.bog.gov.gh/economic-data/real-sector/,0,,
2005-01-01,2005,1,Jan,Bank of Ghana Composite Index of Economic Activity (Nominal Growth) (%),18.45,real_sector,https://www.bog.gov.gh/economic-data/real-sector/,0,,
2005-02-01,2005,2,Feb,Bank of Ghana Composite Index of Economic Activity (Nominal Growth) (%),18.41,real_sector,https://www.bog.gov.gh/economic-data/real-sector/,0,,
2005-03-01,2005,3,Mar,Bank of Ghana Composite Index of Economic Activity (Nominal Growth) (%),17.96,real_sector,https://www.bog.gov.gh/economic-data/real-sector/,0,,
2005-04-01,2005,4,Apr,Bank of Ghana Composite Index of Economic Activity (Nominal Growth) (%),17.8,real_sector,https://www.bog.gov.gh/economic-data/real-sector/,0,,
2005-05-01,2005,5,May,Bank of Ghana Composite Index of Economic Activity (Nominal Growth) (%),18.2,real_sector,https://www.bog.gov.gh/economic-data/real-sector/,0,,
2005-06-01,2005,6,Jun,Bank of Ghana Composite Index of Economic Activity (Nominal Growth) (%),14.51,real_sector,https://www.bog.gov.gh/economic-data/real-sector/,0,,
2005-07-01,2005,7,Jul,Bank of Ghana Composite Index of Economic Activity (Nominal Growth) (%),12.12,real_sector,https://www.bog.gov.gh/economic-data/real-sector/,0,,
2005-08-01,2005,8,Aug,Bank of Ghana Composite Index of Economic Activity (Nominal Growth) (%),20.5,real_sector,https://www.bog.gov.gh/economic-data/real-sector/,0,,
2005-09-01,2005,9,Sep,Bank of Ghana Composite Index of Economic Activity (Nominal Growth) (%),17.11,real_sector,https://www.bog.gov.gh/economic-data/real-sector/,0,,
2005-10-01,2005,10,Oct,Bank of Ghana Composite Index of Economic Activity (Nominal Growth) (%),13.59,real_sector,https://www.bog.gov.gh/economic-data/real-sector/,0,,
2005-11-01,2005,11,Nov,Bank of Ghana Composite Index of Economic Activity (Nominal Growth) (%),19.76,real_sector,https://www.bog.gov.gh/economic-data/real-sector/,0,,
2005-12-01,2005,12,Dec,Bank of Ghana Composite Index of Economic Activity (Nominal Growth) (%),19.64,real_sector,https://www.bog.gov.gh/economic-data/real-sector/,0,,
2005-12-31,2005,,,Bank of Ghana Composite Index of Economic Activity (Nominal Growth) (%),18.45,real_sector,https://www.bog.gov.gh/economic-data/real-sector/,0,,
2006-01-01,2006,1,Jan,Bank of Ghana Composite Index of Economic Activity (Nominal Growth) (%),23.09,real_sector,https://www.bog.gov.gh/economic-data/real-sector/,0,,
2006-02-01,2006,2,Feb,Bank of Ghana Composite Index of Economic Activity (Nominal Growth) (%),21.14,real_sector,https://www.bog.gov.gh/economic-data/real-sector/,0,,
2006-03-01,2006,3,Mar,Bank of Ghana Composite Index of Economic Activity (Nominal Growth) (%),18.4,real_sector,https://www.bog.gov.gh/economic-data/real-sector/,0,,
2006-04-01,2006,4,Apr,Bank of Ghana Composite Index of Economic Activity (Nominal Growth) (%),14.33,real_sector,https://www.bog.gov.gh/economic-data/real-sector/,0,,
2006-05-01,2006,5,May,Bank of Ghana Composite Index of Economic Activity (Nominal Growth) (%),23.21,real_sector,https://www.bog.gov.gh/economic-data/real-sector/,0,,
2006-06-01,2006,6,Jun,Bank of Ghana Composite Index of Economic Activity (Nominal Growth) (%),26.45,real_sector,https://www.bog.gov.gh/economic-data/real-sector/,0,,
2006-07-01,2006,7,Jul,Bank of Ghana Composite Index of Economic Activity (Nominal Growth) (%),20.09,real_sector,https://www.bog.gov.gh/economic-data/real-sector/,0,,
2006-08-01,2006,8,Aug,Bank of Ghana Composite Index of Economic Activity (Nominal Growth) (%),23.0,real_sector,https://www.bog.gov.gh/economic-data/real-sector/,0,,
2006-09-01,2006,9,Sep,Bank of Ghana Composite Index of Economic Activity (Nominal Growth) (%),15.97,real_sector,https://www.bog.gov.gh/economic-data/real-sector/,0,,
2006-10-01,2006,10,Oct,Bank of Ghana Composite Index of Economic Activity (Nominal Growth) (%),24.89,real_sector,https://www.bog.gov.gh/economic-data/real-sector/,0,,
2006-11-01,2006,11,Nov,Bank of Ghana Composite Index of Economic Activity (Nominal Growth) (%),27.71,real_sector,https://www.bog.gov.gh/economic-data/real-sector/,0,,
2006-12-01,2006,12,Dec,Bank of Ghana Composite Index of Economic Activity (Nominal Growth) (%),25.19,real_sector,https://www.bog.gov.gh/economic-data/real-sector/,0,,
2006-12-31,2006,,,Bank of Ghana Composite Index of Economic Activity (Nominal Growth) (%),23.09,real_sector,https://www.bog.gov.gh/economic-data/real-sector/,0,,
2007-01-01,2007,1,Jan,Bank of Ghana Composite Index of Economic Activity (Nominal Growth) (%),20.76,real_sector,https://www.bog.gov.gh/economic-data/real-sector/,0,,
2007-02-01,2007,2,Feb,Bank of Ghana Composite Index of Economic Activity (Nominal Growth) (%),25.86,real_sector,https://www.bog.gov.gh/economic-data/real-sector/,0,,
2007-03-01,2007,3,Mar,Bank of Ghana Composite Index of Economic Activity (Nominal Growth) (%),23.47,real_sector,https://www.bog.gov.gh/economic-data/real-sector/,0,,
2007-04-01,2007,4,Apr,Bank of Ghana Composite Index of Economic Activity (Nominal Growth) (%),30.53,real_sector,https://www.bog.gov.gh/economic-data/real-sector/,0,,
2007-05-01,2007,5,May,Bank of Ghana Composite Index of Economic Activity (Nominal Growth) (%),26.51,real_sector,https://www.bog.gov.gh/economic-data/real-sector/,0,,
2007-06-01,2007,6,Jun,Bank of Ghana Composite Index of Economic Activity (Nominal Growth) (%),21.84,real_sector,https://www.bog.gov.gh/economic-data/real-sector/,0,,
2007-07-01,2007,7,Jul,Bank of Ghana Composite Index of Economic Activity (Nominal Growth) (%),25.69,real_sector,https://www.bog.gov.gh/economic-data/real-sector/,0,,
2007-08-01,2007,8,Aug,Bank of Ghana Composite Index of Economic Activity (Nominal Growth) (%),29.71,real_sector,https://www.bog.gov.gh/economic-data/real-sector/,0,,
2007-09-01,2007,9,Sep,Bank of Ghana Composite Index of Economic Activity (Nominal Growth) (%),34.55,real_sector,https://www.bog.gov.gh/economic-data/real-sector/,0,,
2007-10-01,2007,10,Oct,Bank of Ghana Composite Index of Economic Activity (Nominal Growth) (%),31.38,real_sector,https://www.bog.gov.gh/economic-data/real-sector/,0,,
2007-11-01,2007,11,Nov,Bank of Ghana Composite Index of Economic Activity (Nominal Growth) (%),29.22,real_sector,https://www.bog.gov.gh/economic-data/real-sector/,0,,
2007-12-01,2007,12,Dec,Bank of Ghana Composite Index of Economic Activity (Nominal Growth) (%),30.03,real_sector,https://www.bog.gov.gh/economic-data/real-sector/,0,,
2007-12-31,2007,,,Bank of Ghana Composite Index of Economic Activity (Nominal Growth) (%),20.76,real_sector,https://www.bog.gov.gh/economic-data/real-sector/,0,,
2008-01-01,2008,1,Jan,Bank of Ghana Composite Index of Economic Activity (Nominal Growth) (%),37.94,real_sector,https://www.bog.gov.gh/economic-data/real-sector/,0,,
2008-02-01,2008,2,Feb,Bank of Ghana Composite Index of Economic Activity (Nominal Growth) (%),33.78,real_sector,https://www.bog.gov.gh/economic-data/real-sector/,0,,
2008-03-01,2008,3,Mar,Bank of Ghana Composite Index of Economic Activity (Nominal Growth) (%),33.22,real_sector,https://www.bog.gov.gh/economic-data/real-sector/,0,,
2008-04-01,2008,4,Apr,Bank of Ghana Composite Index of Economic Activity (Nominal Growth) (%),36.77,real_sector,https://www.bog.gov.gh/economic-data/real-sector/,0,,
2008-05-01,2008,5,May,Bank of Ghana Composite Index of Economic Activity (Nominal Growth) (%),34.41,real_sector,https://www.bog.gov.gh/economic-data/real-sector/,0,,
2008-06-01,2008,6,Jun,Bank of Ghana Composite Index of Economic Activity (Nominal Growth) (%),35.79,real_sector,https://www.bog.gov.gh/economic-data/real-sector/,0,,
2008-07-01,2008,7,Jul,Bank of Ghana Composite Index of Economic Activity (Nominal Growth) (%),44.07,real_sector,https://www.bog.gov.gh/economic-data/real-sector/,0,,
2008-08-01,2008,8,Aug,Bank of Ghana Composite Index of Economic Activity (Nominal Growth) (%),26.88,real_sector,https://www.bog.gov.gh/economic-data/real-sector/,0,,
2008-09-01,2008,9,Sep,Bank of Ghana Composite Index of Economic Activity (Nominal Growth) (%),28.38,real_sector,https://www.bog.gov.gh/economic-data/real-sector/,0,,
2008-10-01,2008,10,Oct,Bank of Ghana Composite Index of Economic Activity (Nominal Growth) (%),33.89,real_sector,https://www.bog.gov.gh/economic-data/real-sector/,0,,
2008-11-01,2008,11,Nov,Bank of Ghana Composite Index of Economic Activity (Nominal Growth) (%),27.19,real_sector,https://www.bog.gov.gh/economic-data/real-sector/,0,,
2008-12-01,2008,12,Dec,Bank of Ghana Composite Index of Economic Activity (Nominal Growth) (%),22.63,real_sector,https://www.bog.gov.gh/economic-data/real-sector/,0,,
2008-12-31,2008,,,Bank of Ghana Composite Index of Economic Activity (Nominal Growth) (%),37.94,real_sector,https://www.bog.gov.gh/economic-data/real-sector/,0,,
2009-01-01,2009,1,Jan,Bank of Ghana Composite Index of Economic Activity (Nominal Growth) (%),24.69,real_sector,https://www.bog.gov.gh/economic-data/real-sector/,0,,
2009-02-01,2009,2,Feb,Bank of Ghana Composite Index of Economic Activity (Nominal Growth) (%),18.67,real_sector,https://www.bog.gov.gh/economic-data/real-sector/,0,,
2009-03-01,2009,3,Mar,Bank of Ghana Composite Index of Economic Activity (Nominal Growth) (%),23.05,real_sector,https://www.bog.gov.gh/economic-data/real-sector/,0,,
2009-04-01,2009,4,Apr,Bank of Ghana Composite Index of Economic Activity (Nominal Growth) (%),19.91,real_sector,https://www.bog.gov.gh/economic-data/real-sector/,0,,
2009-05-01,2009,5,May,Bank of Ghana Composite Index of Economic Activity (Nominal Growth) (%),16.1,real_sector,https://www.bog.gov.gh/economic-data/real-sector/,0,,
2009-06-01,2009,6,Jun,Bank of Ghana Composite Index of Economic Activity (Nominal Growth) (%),17.36,real_sector,https://www.bog.gov.gh/economic-data/real-sector/,0,,
2009-07-01,2009,7,Jul,Bank of Ghana Composite Index of Economic Activity (Nominal Growth) (%),11.7,real_sector,https://www.bog.gov.gh/economic-data/real-sector/,0,,
2009-08-01,2009,8,Aug,Bank of Ghana Composite Index of Economic Activity (Nominal Growth) (%),11.81,real_sector,https://www.bog.gov.gh/economic-data/real-sector/,0,,
2009-09-01,2009,9,Sep,Bank of Ghana Composite Index of Economic Activity (Nominal Growth) (%),14.59,real_sector,https://www.bog.gov.gh/economic-data/real-sector/,0,,
2009-10-01,2009,10,Oct,Bank of Ghana Composite Index of Economic Activity (Nominal Growth) (%),12.9,real_sector,https://www.bog.gov.gh/economic-data/real-sector/,0,,
2009-11-01,2009,11,Nov,Bank of Ghana Composite Index of Economic Activity (Nominal Growth) (%),9.42,real_sector,https://www.bog.gov.gh/economic-data/real-sector/,0,,
2009-12-01,2009,12,Dec,Bank of Ghana Composite Index of Economic Activity (Nominal Growth) (%),21.42,real_sector,https://www.bog.gov.gh/economic-data/real-sector/,0,,
2009-12-31,2009,,,Bank of Ghana Composite Index of Economic Activity (Nominal Growth) (%),24.69,real_sector,https://www.bog.gov.gh/economic-data/real-sector/,0,,
2010-01-01,2010,1,Jan,Bank of Ghana Composite Index of Economic Activity (Nominal Growth) (%),14.1,real_sector,https://www.bog.gov.gh/economic-data/real-sector/,0,,
2010-02-01,2010,2,Feb,Bank of Ghana Composite Index of Economic Activity (Nominal Growth) (%),13.46,real_sector,https://www.bog.gov.gh/economic-data/real-sector/,0,,
2010-03-01,2010,3,Mar,Bank of Ghana Composite Index of Economic Activity (Nominal Growth) (%),12.34,real_sector,https://www.bog.gov.gh/economic-data/real-sector/,0,,
2010-04-01,2010,4,Apr,Bank of Ghana Composite Index of Economic Activity (Nominal Growth) (%),12.16,real_sector,https://www.bog.gov.gh/economic-data/real-sector/,0,,
2010-05-01,2010,5,May,Bank of Ghana Composite Index of Economic Activity (Nominal Growth) (%),14.09,real_sector,https://www.bog.gov.gh/economic-data/real-sector/,0,,
2010-06-01,2010,6,Jun,Bank of Ghana Composite Index of Economic Activity (Nominal Growth) (%),17.24,real_sector,https://www.bog.gov.gh/economic-data/real-sector/,0,,
2010-07-01,2010,7,Jul,Bank of Ghana Composite Index of Economic Activity (Nominal Growth) (%),10.33,real_sector,https://www.bog.gov.gh/economic-data/real-sector/,0,,
2010-08-01,2010,8,Aug,Bank of Ghana Composite Index of Economic Activity (Nominal Growth) (%),21.42,real_sector,https://www.bog.gov.gh/economic-data/real-sector/,0,,
2010-09-01,2010,9,Sep,Bank of Ghana Composite Index of Economic Activity (Nominal Growth) (%),19.74,real_sector,https://www.bog.gov.gh/economic-data/real-sector/,0,,
2010-10-01,2010,10,Oct,Bank of Ghana Composite Index of Economic Activity (Nominal Growth) (%),15.69,real_sector,https://www.bog.gov.gh/economic-data/real-sector/,0,,
2010-11-01,2010,11,Nov,Bank of Ghana Composite Index of Economic Activity (Nominal Growth) (%),20.68,real_sector,https://www.bog.gov.gh/economic-data/real-sector/,0,,
2010-12-01,2010,12,Dec,Bank of Ghana Composite Index of Economic Activity (Nominal Growth) (%),15.48,real_sector,https://www.bog.gov.gh/economic-data/real-sector/,0,,
2010-12-31,2010,,,Bank of Ghana Composite Index of Economic Activity (Nominal Growth) (%),14.1,real_sector,https://www.bog.gov.gh/economic-data/real-sector/,0,,
2011-01-01,2011,1,Jan,Bank of Ghana Composite Index of Economic Activity (Nominal Growth) (%),19.6,real_sector,https://www.bog.gov.gh/economic-data/real-sector/,0,,
2011-02-01,2011,2,Feb,Bank of Ghana Composite Index of Economic Activity (Nominal Growth) (%),17.91,real_sector,https://www.bog.gov.gh/economic-data/real-sector/,0,,
2011-03-01,2011,3,Mar,Bank of Ghana Composite Index of Economic Activity (Nominal Growth) (%),26.22,real_sector,https://www.bog.gov.gh/economic-data/real-sector/,0,,
2011-04-01,2011,4,Apr,Bank of Ghana Composite Index of Economic Activity (Nominal Growth) (%),26.12,real_sector,https://www.bog.gov.gh/economic-data/real-sector/,0,,
2011-05-01,2011,5,May,Bank of Ghana Composite Index of Economic Activity (Nominal Growth) (%),22.12,real_sector,https://www.bog.gov.gh/economic-data/real-sector/,0,,
2011-06-01,2011,6,Jun,Bank of Ghana Composite Index of Economic Activity (Nominal Growth) (%),23.68,real_sector,https://www.bog.gov.gh/economic-data/real-sector/,0,,
2011-07-01,2011,7,Jul,Bank of Ghana Composite Index of Economic Activity (Nominal Growth) (%),26.73,real_sector,https://www.bog.gov.gh/economic-data/real-sector/,0,,
2011-08-01,2011,8,Aug,Bank of Ghana Composite Index of Economic Activity (Nominal Growth) (%),23.07,real_sector,https://www.bog.gov.gh/economic-data/real-sector/,0,,
2011-09-01,2011,9,Sep,Bank of Ghana Composite Index of Economic Activity (Nominal Growth) (%),26.75,real_sector,https://www.bog.gov.gh/economic-data/real-sector/,0,,
2011-10-01,2011,10,Oct,Bank of Ghana Composite Index of Economic Activity (Nominal Growth) (%),23.31,real_sector,https://www.bog.gov.gh/economic-data/real-sector/,0,,
2011-11-01,2011,11,Nov,Bank of Ghana Composite Index of Economic Activity (Nominal Growth) (%),22.35,real_sector,https://www.bog.gov.gh/economic-data/real-sector/,0,,
2011-12-01,2011,12,Dec,Bank of Ghana Composite Index of Economic Activity (Nominal Growth) (%),20.46,real_sector,https://www.bog.gov.gh/economic-data/real-sector/,0,,
2011-12-31,2011,,,Bank of Ghana Composite Index of Economic Activity (Nominal Growth) (%),19.6,real_sector,https://www.bog.gov.gh/economic-data/real-sector/,0,,
2012-01-01,2012,1,Jan,Bank of Ghana Composite Index of Economic Activity (Nominal Growth) (%),21.69,real_sector,https://www.bog.gov.gh/economic-data/real-sector/,0,,
2012-02-01,2012,2,Feb,Bank of Ghana Composite Index of Economic Activity (Nominal Growth) (%),32.19,real_sector,https://www.bog.gov.gh/economic-data/real-sector/,0,,
2012-03-01,2012,3,Mar,Bank of Ghana Composite Index of Economic Activity (Nominal Growth) (%),21.17,real_sector,https://www.bog.gov.gh/economic-data/real-sector/,0,,
2012-04-01,2012,4,Apr,Bank of Ghana Composite Index of Economic Activity (Nominal Growth) (%),16.13,real_sector,https://www.bog.gov.gh/economic-data/real-sector/,0,,
2012-05-01,2012,5,May,Bank of Ghana Composite Index of Economic Activity (Nominal Growth) (%),24.37,real_sector,https://www.bog.gov.gh/economic-data/real-sector/,0,,
2012-06-01,2012,6,Jun,Bank of Ghana Composite Index of Economic Activity (Nominal Growth) (%),17.45,real_sector,https://www.bog.gov.gh/economic-data/real-sector/,0,,
2012-07-01,2012,7,Jul,Bank of Ghana Composite Index of Economic Activity (Nominal Growth) (%),19.89,real_sector,https://www.bog.gov.gh/economic-data/real-sector/,0,,
2012-08-01,2012,8,Aug,Bank of Ghana Composite Index of Economic Activity (Nominal Growth) (%),16.84,real_sector,https://www.bog.gov.gh/economic-data/real-sector/,0,,
2012-09-01,2012,9,Sep,Bank of Ghana Composite Index of Economic Activity (Nominal Growth) (%),12.56,real_sector,https://www.bog.gov.gh/economic-data/real-sector/,0,,
2012-10-01,2012,10,Oct,Bank of Ghana Composite Index of Economic Activity (Nominal Growth) (%),20.51,real_sector,https://www.bog.gov.gh/economic-data/real-sector/,0,,
2012-11-01,2012,11,Nov,Bank of Ghana Composite Index of Economic Activity (Nominal Growth) (%),19.51,real_sector,https://www.bog.gov.gh/economic-data/real-sector/,0,,
2012-12-01,2012,12,Dec,Bank of Ghana Composite Index of Economic Activity (Nominal Growth) (%),14.33,real_sector,https://www.bog.gov.gh/economic-data/real-sector/,0,,
2012-12-31,2012,,,Bank of Ghana Composite Index of Economic Activity (Nominal Growth) (%),21.69,real_sector,https://www.bog.gov.gh/economic-data/real-sector/,0,,
2013-01-01,2013,1,Jan,Bank of Ghana Composite Index of Economic Activity (Nominal Growth) (%),17.08,real_sector,https://www.bog.gov.gh/economic-data/real-sector/,0,,
2013-02-01,2013,2,Feb,Bank of Ghana Composite Index of Economic Activity (Nominal Growth) (%),5.37,real_sector,https://www.bog.gov.gh/economic-data/real-sector/,0,,
2013-03-01,2013,3,Mar,Bank of Ghana Composite Index of Economic Activity (Nominal Growth) (%),7.8,real_sector,https://www.bog.gov.gh/economic-data/real-sector/,0,,
2013-04-01,2013,4,Apr,Bank of Ghana Composite Index of Economic Activity (Nominal Growth) (%),16.5,real_sector,https://www.bog.gov.gh/economic-data/real-sector/,0,,
2013-05-01,2013,5,May,Bank of Ghana Composite Index of Economic Activity (Nominal Growth) (%),13.26,real_sector,https://www.bog.gov.gh/economic-data/real-sector/,0,,
2013-06-01,2013,6,Jun,Bank of Ghana Composite Index of Economic Activity (Nominal Growth) (%),11.53,real_sector,https://www.bog.gov.gh/economic-data/real-sector/,0,,
2013-07-01,2013,7,Jul,Bank of Ghana Composite Index of Economic Activity (Nominal Growth) (%),11.27,real_sector,https://www.bog.gov.gh/economic-data/real-sector/,0,,
2013-08-01,2013,8,Aug,Bank of Ghana Composite Index of Economic Activity (Nominal Growth) (%),14.25,real_sector,https://www.bog.gov.gh/economic-data/real-sector/,0,,
2013-09-01,2013,9,Sep,Bank of Ghana Composite Index of Economic Activity (Nominal Growth) (%),15.69,real_sector,https://www.bog.gov.gh/economic-data/real-sector/,0,,
2013-10-01,2013,10,Oct,Bank of Ghana Composite Index of Economic Activity (Nominal Growth) (%),13.24,real_sector,https://www.bog.gov.gh/economic-data/real-sector/,0,,
2013-11-01,2013,11,Nov,Bank of Ghana Composite Index of Economic Activity (Nominal Growth) (%),10.7,real_sector,https://www.bog.gov.gh/economic-data/real-sector/,0,,
2013-12-01,2013,12,Dec,Bank of Ghana Composite Index of Economic Activity (Nominal Growth) (%),12.65,real_sector,https://www.bog.gov.gh/economic-data/real-sector/,0,,
2013-12-31,2013,,,Bank of Ghana Composite Index of Economic Activity (Nominal Growth) (%),17.08,real_sector,https://www.bog.gov.gh/economic-data/real-sector/,0,,
2014-01-01,2014,1,Jan,Bank of Ghana Composite Index of Economic Activity (Nominal Growth) (%),14.28,real_sector,https://www.bog.gov.gh/economic-data/real-sector/,0,,
2014-02-01,2014,2,Feb,Bank of Ghana Composite Index of Economic Activity (Nominal Growth) (%),21.25,real_sector,https://www.bog.gov.gh/economic-data/real-sector/,0,,
2014-03-01,2014,3,Mar,Bank of Ghana Composite Index of Economic Activity (Nominal Growth) (%),21.86,real_sector,https://www.bog.gov.gh/economic-data/real-sector/,0,,
2014-04-01,2014,4,Apr,Bank of Ghana Composite Index of Economic Activity (Nominal Growth) (%),16.08,real_sector,https://www.bog.gov.gh/economic-data/real-sector/,0,,
2014-05-01,2014,5,May,Bank of Ghana Composite Index of Economic Activity (Nominal Growth) (%),21.44,real_sector,https://www.bog.gov.gh/economic-data/real-sector/,0,,
2014-06-01,2014,6,Jun,Bank of Ghana Composite Index of Economic Activity (Nominal Growth) (%),21.81,real_sector,https://www.bog.gov.gh/economic-data/real-sector/,0,,
2014-07-01,2014,7,Jul,Bank of Ghana Composite Index of Economic Activity (Nominal Growth) (%),23.95,real_sector,https://www.bog.gov.gh/economic-data/real-sector/,0,,
2014-08-01,2014,8,Aug,Bank of Ghana Composite Index of Economic Activity (Nominal Growth) (%),17.42,real_sector,https://www.bog.gov.gh/economic-data/real-sector/,0,,
2014-09-01,2014,9,Sep,Bank of Ghana Composite Index of Economic Activity (Nominal Growth) (%),17.31,real_sector,https://www.bog.gov.gh/economic-data/real-sector/,0,,
2014-10-01,2014,10,Oct,Bank of Ghana Composite Index of Economic Activity (Nominal Growth) (%),15.11,real_sector,https://www.bog.gov.gh/economic-data/real-sector/,0,,
2014-11-01,2014,11,Nov,Bank of Ghana Composite Index of Economic Activity (Nominal Growth) (%),18.92,real_sector,https://www.bog.gov.gh/economic-data/real-sector/,0,,
2014-12-01,2014,12,Dec,Bank of Ghana Composite Index of Economic Activity (Nominal Growth) (%),20.56,real_sector,https://www.bog.gov.gh/economic-data/real-sector/,0,,
2014-12-31,2014,,,Bank of Ghana Composite Index of Economic Activity (Nominal Growth) (%),14.28,real_sector,https://www.bog.gov.gh/economic-data/real-sector/,0,,
2015-01-01,2015,1,Jan,Bank of Ghana Composite Index of Economic Activity (Nominal Growth) (%),13.66,real_sector,https://www.bog.gov.gh/economic-data/real-sector/,0,,
2015-02-01,2015,2,Feb,Bank of Ghana Composite Index of Economic Activity (Nominal Growth) (%),13.53,real_sector,https://www.bog.gov.gh/economic-data/real-sector/,0,,
2015-03-01,2015,3,Mar,Bank of Ghana Composite Index of Economic Activity (Nominal Growth) (%),14.55,real_sector,https://www.bog.gov.gh/economic-data/real-sector/,0,,
2015-04-01,2015,4,Apr,Bank of Ghana Composite Index of Economic Activity (Nominal Growth) (%),18.81,real_sector,https://www.bog.gov.gh/economic-data/real-sector/,0,,
2015-05-01,2015,5,May,Bank of Ghana Composite Index of Economic Activity (Nominal Growth) (%),10.36,real_sector,https://www.bog.gov.gh/economic-data/real-sector/,0,,
2015-06-01,2015,6,Jun,Bank of Ghana Composite Index of Economic Activity (Nominal Growth) (%),13.58,real_sector,https://www.bog.gov.gh/economic-data/real-sector/,0,,
2015-07-01,2015,7,Jul,Bank of Ghana Composite Index of Economic Activity (Nominal Growth) (%),8.04,real_sector,https://www.bog.gov.gh/economic-data/real-sector/,0,,
2015-08-01,2015,8,Aug,Bank of Ghana Composite Index of Economic Activity (Nominal Growth) (%),14.46,real_sector,https://www.bog.gov.gh/economic-data/real-sector/,0,,
2015-09-01,2015,9,Sep,Bank of Ghana Composite Index of Economic Activity (Nominal Growth) (%),13.26,real_sector,https://www.bog.gov.gh/economic-data/real-sector/,0,,
2015-10-01,2015,10,Oct,Bank of Ghana Composite Index of Economic Activity (Nominal Growth) (%),17.66,real_sector,https://www.bog.gov.gh/economic-data/real-sector/,0,,
2015-11-01,2015,11,Nov,Bank of Ghana Composite Index of Economic Activity (Nominal Growth) (%),15.27,real_sector,https://www.bog.gov.gh/economic-data/real-sector/,0,,
2015-12-01,2015,12,Dec,Bank of Ghana Composite Index of Economic Activity (Nominal Growth) (%),15.3,real_sector,https://www.bog.gov.gh/economic-data/real-sector/,0,,
2015-12-31,2015,,,Bank of Ghana Composite Index of Economic Activity (Nominal Growth) (%),13.66,real_sector,https://www.bog.gov.gh/economic-data/real-sector/,0,,
2016-01-01,2016,1,Jan,Bank of Ghana Composite Index of Economic Activity (Nominal Growth) (%),16.48,real_sector,https://www.bog.gov.gh/economic-data/real-sector/,0,,
2016-02-01,2016,2,Feb,Bank of Ghana Composite Index of Economic Activity (Nominal Growth) (%),20.98,real_sector,https://www.bog.gov.gh/economic-data/real-sector/,0,,
2016-03-01,2016,3,Mar,Bank of Ghana Composite Index of Economic Activity (Nominal Growth) (%),12.65,real_sector,https://www.bog.gov.gh/economic-data/real-sector/,0,,
2016-04-01,2016,4,Apr,Bank of Ghana Composite Index of Economic Activity (Nominal Growth) (%),7.85,real_sector,https://www.bog.gov.gh/economic-data/real-sector/,0,,
2016-05-01,2016,5,May,Bank of Ghana Composite Index of Economic Activity (Nominal Growth) (%),15.16,real_sector,https://www.bog.gov.gh/economic-data/real-sector/,0,,
2016-06-01,2016,6,Jun,Bank of Ghana Composite Index of Economic Activity (Nominal Growth) (%),13.41,real_sector,https://www.bog.gov.gh/economic-data/real-sector/,0,,
2016-07-01,2016,7,Jul,Bank of Ghana Composite Index of Economic Activity (Nominal Growth) (%),16.25,real_sector,https://www.bog.gov.gh/economic-data/real-sector/,0,,
2016-08-01,2016,8,Aug,Bank of Ghana Composite Index of Economic Activity (Nominal Growth) (%),13.55,real_sector,https://www.bog.gov.gh/economic-data/real-sector/,0,,
2016-09-01,2016,9,Sep,Bank of Ghana Composite Index of Economic Activity (Nominal Growth) (%),11.84,real_sector,https://www.bog.gov.gh/economic-data/real-sector/,0,,
2016-10-01,2016,10,Oct,Bank of Ghana Composite Index of Economic Activity (Nominal Growth) (%),4.1,real_sector,https://www.bog.gov.gh/economic-data/real-sector/,0,,
2016-11-01,2016,11,Nov,Bank of Ghana Composite Index of Economic Activity (Nominal Growth) (%),7.31,real_sector,https://www.bog.gov.gh/economic-data/real-sector/,0,,
2016-12-01,2016,12,Dec,Bank of Ghana Composite Index of Economic Activity (Nominal Growth) (%),10.8,real_sector,https://www.bog.gov.gh/economic-data/real-sector/,0,,
2016-12-31,2016,,,Bank of Ghana Composite Index of Economic Activity (Nominal Growth) (%),16.48,real_sector,https://www.bog.gov.gh/economic-data/real-sector/,0,,
2017-01-01,2017,1,Jan,Bank of Ghana Composite Index of Economic Activity (Nominal Growth) (%),13.66,real_sector,https://www.bog.gov.gh/economic-data/real-sector/,0,,
2017-02-01,2017,2,Feb,Bank of Ghana Composite Index of Economic Activity (Nominal Growth) (%),8.78,real_sector,https://www.bog.gov.gh/economic-data/real-sector/,0,,
2017-03-01,2017,3,Mar,Bank of Ghana Composite Index of Economic Activity (Nominal Growth) (%),13.21,real_sector,https://www.bog.gov.gh/economic-data/real-sector/,0,,
2017-04-01,2017,4,Apr,Bank of Ghana Composite Index of Economic Activity (Nominal Growth) (%),15.58,real_sector,https://www.bog.gov.gh/economic-data/real-sector/,0,,
2017-05-01,2017,5,May,Bank of Ghana Composite Index of Economic Activity (Nominal Growth) (%),11.02,real_sector,https://www.bog.gov.gh/economic-data/real-sector/,0,,
2017-06-01,2017,6,Jun,Bank of Ghana Composite Index of Economic Activity (Nominal Growth) (%),9.73,real_sector,https://www.bog.gov.gh/economic-data/real-sector/,0,,
2017-07-01,2017,7,Jul,Bank of Ghana Composite Index of Economic Activity (Nominal Growth) (%),11.02,real_sector,https://www.bog.gov.gh/economic-data/real-sector/,0,,
2017-08-01,2017,8,Aug,Bank of Ghana Composite Index of Economic Activity (Nominal Growth) (%),11.14,real_sector,https://www.bog.gov.gh/economic-data/real-sector/,0,,
2017-09-01,2017,9,Sep,Bank of Ghana Composite Index of Economic Activity (Nominal Growth) (%),9.84,real_sector,https://www.bog.gov.gh/economic-data/real-sector/,0,,
2017-10-01,2017,10,Oct,Bank of Ghana Composite Index of Economic Activity (Nominal Growth) (%),14.04,real_sector,https://www.bog.gov.gh/economic-data/real-sector/,0,,
2017-11-01,2017,11,Nov,Bank of Ghana Composite Index of Economic Activity (Nominal Growth) (%),15.54,real_sector,https://www.bog.gov.gh/economic-data/real-sector/,0,,
2017-12-01,2017,12,Dec,Bank of Ghana Composite Index of Economic Activity (Nominal Growth) (%),13.09,real_sector,https://www.bog.gov.gh/economic-data/real-sector/,0,,
2017-12-31,2017,,,Bank of Ghana Composite Index of Economic Activity (Nominal Growth) (%),13.66,real_sector,https://www.bog.gov.gh/economic-data/real-sector/,0,,
2018-01-01,2018,1,Jan,Bank of Ghana Composite Index of Economic Activity (Nominal Growth) (%),9.19,real_sector,https://www.bog.gov.gh/economic-data/real-sector/,0,,
2018-02-01,2018,2,Feb,Bank of Ghana Composite Index of Economic Activity (Nominal Growth) (%),9.36,real_sector,https://www.bog.gov.gh/economic-data/real-sector/,0,,
2018-03-01,2018,3,Mar,Bank of Ghana Composite Index of Economic Activity (Nominal Growth) (%),7.82,real_sector,https://www.bog.gov.gh/economic-data/real-sector/,0,,
2018-04-01,2018,4,Apr,Bank of Ghana Composite Index of Economic Activity (Nominal Growth) (%),7.63,real_sector,https://www.bog.gov.gh/economic-data/real-sector/,0,,
2018-05-01,2018,5,May,Bank of Ghana Composite Index of Economic Activity (Nominal Growth) (%),7.39,real_sector,https://www.bog.gov.gh/economic-data/real-sector/,0,,
2018-06-01,2018,6,Jun,Bank of Ghana Composite Index of Economic Activity (Nominal Growth) (%),8.03,real_sector,https://www.bog.gov.gh/economic-data/real-sector/,0,,
2018-07-01,2018,7,Jul,Bank of Ghana Composite Index of Economic Activity (Nominal Growth) (%),8.19,real_sector,https://www.bog.gov.gh/economic-data/real-sector/,0,,
2018-08-01,2018,8,Aug,Bank of Ghana Composite Index of Economic Activity (Nominal Growth) (%),2.64,real_sector,https://www.bog.gov.gh/economic-data/real-sector/,0,,
2018-09-01,2018,9,Sep,Bank of Ghana Composite Index of Economic Activity (Nominal Growth) (%),6.56,real_sector,https://www.bog.gov.gh/economic-data/real-sector/,0,,
2018-10-01,2018,10,Oct,Bank of Ghana Composite Index of Economic Activity (Nominal Growth) (%),5.73,real_sector,https://www.bog.gov.gh/economic-data/real-sector/,0,,
2018-11-01,2018,11,Nov,Bank of Ghana Composite Index of Economic Activity (Nominal Growth) (%),4.51,real_sector,https://www.bog.gov.gh/economic-data/real-sector/,0,,
2018-12-01,2018,12,Dec,Bank of Ghana Composite Index of Economic Activity (Nominal Growth) (%),2.75,real_sector,https://www.bog.gov.gh/economic-data/real-sector/,0,,
2018-12-31,2018,,,Bank of Ghana Composite Index of Economic Activity (Nominal Growth) (%),9.19,real_sector,https://www.bog.gov.gh/economic-data/real-sector/,0,,
2019-01-01,2019,1,Jan,Bank of Ghana Composite Index of Economic Activity (Nominal Growth) (%),3.74,real_sector,https://www.bog.gov.gh/economic-data/real-sector/,0,,
2019-02-01,2019,2,Feb,Bank of Ghana Composite Index of Economic Activity (Nominal Growth) (%),5.47,real_sector,https://www.bog.gov.gh/economic-data/real-sector/,0,,
2019-03-01,2019,3,Mar,Bank of Ghana Composite Index of Economic Activity (Nominal Growth) (%),5.56,real_sector,https://www.bog.gov.gh/economic-data/real-sector/,0,,
2019-04-01,2019,4,Apr,Bank of Ghana Composite Index of Economic Activity (Nominal Growth) (%),4.45,real_sector,https://www.bog.gov.gh/economic-data/real-sector/,0,,
2019-05-01,2019,5,May,Bank of Ghana Composite Index of Economic Activity (Nominal Growth) (%),5.42,real_sector,https://www.bog.gov.gh/economic-data/real-sector/,0,,
2019-06-01,2019,6,Jun,Bank of Ghana Composite Index of Economic Activity (Nominal Growth) (%),3.95,real_sector,https://www.bog.gov.gh/economic-data/real-sector/,0,,
2019-07-01,2019,7,Jul,Bank of Ghana Composite Index of Economic Activity (Nominal Growth) (%),4.32,real_sector,https://www.bog.gov.gh/economic-data/real-sector/,0,,
2019-08-01,2019,8,Aug,Bank of Ghana Composite Index of Economic Activity (Nominal Growth) (%),7.91,real_sector,https://www.bog.gov.gh/economic-data/real-sector/,0,,
2019-09-01,2019,9,Sep,Bank of Ghana Composite Index of Economic Activity (Nominal Growth) (%),8.47,real_sector,https://www.bog.gov.gh/economic-data/real-sector/,0,,
2019-10-01,2019,10,Oct,Bank of Ghana Composite Index of Economic Activity (Nominal Growth) (%),11.94,real_sector,https://www.bog.gov.gh/economic-data/real-sector/,0,,
2019-11-01,2019,11,Nov,Bank of Ghana Composite Index of Economic Activity (Nominal Growth) (%),9.39,real_sector,https://www.bog.gov.gh/economic-data/real-sector/,0,,
2019-12-01,2019,12,Dec,Bank of Ghana Composite Index of Economic Activity (Nominal Growth) (%),18.18,real_sector,https://www.bog.gov.gh/economic-data/real-sector/,0,,
2019-12-31,2019,,,Bank of Ghana Composite Index of Economic Activity (Nominal Growth) (%),3.74,real_sector,https://www.bog.gov.gh/economic-data/real-sector/,0,,
2020-01-01,2020,1,Jan,Bank of Ghana Composite Index of Economic Activity (Nominal Growth) (%),10.78,real_sector,https://www.bog.gov.gh/economic-data/real-sector/,0,,
2020-02-01,2020,2,Feb,Bank of Ghana Composite Index of Economic Activity (Nominal Growth) (%),13.32,real_sector,https://www.bog.gov.gh/economic-data/real-sector/,0,,
2020-03-01,2020,3,Mar,Bank of Ghana Composite Index of Economic Activity (Nominal Growth) (%),4.82,real_sector,https://www.bog.gov.gh/economic-data/real-sector/,0,,
2020-04-01,2020,4,Apr,Bank of Ghana Composite Index of Economic Activity (Nominal Growth) (%),-1.71,real_sector,https://www.bog.gov.gh/economic-data/real-sector/,0,,
2020-05-01,2020,5,May,Bank of Ghana Composite Index of Economic Activity (Nominal Growth) (%),-1.52,real_sector,https://www.bog.gov.gh/economic-data/real-sector/,0,,
2020-06-01,2020,6,Jun,Bank of Ghana Composite Index of Economic Activity (Nominal Growth) (%),10.01,real_sector,https://www.bog.gov.gh/economic-data/real-sector/,0,,
2020-07-01,2020,7,Jul,Bank of Ghana Composite Index of Economic Activity (Nominal Growth) (%),9.77,real_sector,https://www.bog.gov.gh/economic-data/real-sector/,0,,
2020-08-01,2020,8,Aug,Bank of Ghana Composite Index of Economic Activity (Nominal Growth) (%),11.9,real_sector,https://www.bog.gov.gh/economic-data/real-sector/,0,,
2020-09-01,2020,9,Sep,Bank of Ghana Composite Index of Economic Activity (Nominal Growth) (%),14.75,real_sector,https://www.bog.gov.gh/economic-data/real-sector/,0,,
2020-10-01,2020,10,Oct,Bank of Ghana Composite Index of Economic Activity (Nominal Growth) (%),14.95,real_sector,https://www.bog.gov.gh/economic-data/real-sector/,0,,
2020-11-01,2020,11,Nov,Bank of Ghana Composite Index of Economic Activity (Nominal Growth) (%),14.9,real_sector,https://www.bog.gov.gh/economic-data/real-sector/,0,,
2020-12-01,2020,12,Dec,Bank of Ghana Composite Index of Economic Activity (Nominal Growth) (%),12.25,real_sector,https://www.bog.gov.gh/economic-data/real-sector/,0,,
2020-12-31,2020,,,Bank of Ghana Composite Index of Economic Activity (Nominal Growth) (%),10.78,real_sector,https://www.bog.gov.gh/economic-data/real-sector/,0,,
2021-01-01,2021,1,Jan,Bank of Ghana Composite Index of Economic Activity (Nominal Growth) (%),15.91,real_sector,https://www.bog.gov.gh/economic-data/real-sector/,0,,
2021-02-01,2021,2,Feb,Bank of Ghana Composite Index of Economic Activity (Nominal Growth) (%),14.67,real_sector,https://www.bog.gov.gh/economic-data/real-sector/,0,,
2021-03-01,2021,3,Mar,Bank of Ghana Composite Index of Economic Activity (Nominal Growth) (%),26.1,real_sector,https://www.bog.gov.gh/economic-data/real-sector/,0,,
2021-04-01,2021,4,Apr,Bank of Ghana Composite Index of Economic Activity (Nominal Growth) (%),35.5,real_sector,https://www.bog.gov.gh/economic-data/real-sector/,0,,
2021-05-01,2021,5,May,Bank of Ghana Composite Index of Economic Activity (Nominal Growth) (%),30.29,real_sector,https://www.bog.gov.gh/economic-data/real-sector/,0,,
2021-06-01,2021,6,Jun,Bank of Ghana Composite Index of Economic Activity (Nominal Growth) (%),20.38,real_sector,https://www.bog.gov.gh/economic-data/real-sector/,0,,
2021-07-01,2021,7,Jul,Bank of Ghana Composite Index of Economic Activity (Nominal Growth) (%),21.56,real_sector,https://www.bog.gov.gh/economic-data/real-sector/,0,,
2021-08-01,2021,8,Aug,Bank of Ghana Composite Index of Economic Activity (Nominal Growth) (%),17.46,real_sector,https://www.bog.gov.gh/economic-data/real-sector/,0,,
2021-09-01,2021,9,Sep,Bank of Ghana Composite Index of Economic Activity (Nominal Growth) (%),15.1,real_sector,https://www.bog.gov.gh/economic-data/real-sector/,0,,
2021-10-01,2021,10,Oct,Bank of Ghana Composite Index of Economic Activity (Nominal Growth) (%),9.92,real_sector,https://www.bog.gov.gh/economic-data/real-sector/,0,,
2021-11-01,2021,11,Nov,Bank of Ghana Composite Index of Economic Activity (Nominal Growth) (%),14.81,real_sector,https://www.bog.gov.gh/economic-data/real-sector/,0,,
2021-12-01,2021,12,Dec,Bank of Ghana Composite Index of Economic Activity (Nominal Growth) (%),10.71,real_sector,https://www.bog.gov.gh/economic-data/real-sector/,0,,
2021-12-31,2021,,,Bank of Ghana Composite Index of Economic Activity (Nominal Growth) (%),15.91,real_sector,https://www.bog.gov.gh/economic-data/real-sector/,0,,
2022-01-01,2022,1,Jan,Bank of Ghana Composite Index of Economic Activity (Nominal Growth) (%),11.13,real_sector,https://www.bog.gov.gh/economic-data/real-sector/,0,,
2022-02-01,2022,2,Feb,Bank of Ghana Composite Index of Economic Activity (Nominal Growth) (%),12.57,real_sector,https://www.bog.gov.gh/economic-data/real-sector/,0,,
2022-03-01,2022,3,Mar,Bank of Ghana Composite Index of Economic Activity (Nominal Growth) (%),15.76,real_sector,https://www.bog.gov.gh/economic-data/real-sector/,0,,
2022-04-01,2022,4,Apr,Bank of Ghana Composite Index of Economic Activity (Nominal Growth) (%),15.37,real_sector,https://www.bog.gov.gh/economic-data/real-sector/,0,,
2022-05-01,2022,5,May,Bank of Ghana Composite Index of Economic Activity (Nominal Growth) (%),16.32,real_sector,https://www.bog.gov.gh/economic-data/real-sector/,0,,
2022-06-01,2022,6,Jun,Bank of Ghana Composite Index of Economic Activity (Nominal Growth) (%),17.79,real_sector,https://www.bog.gov.gh/economic-data/real-sector/,0,,
2022-07-01,2022,7,Jul,Bank of Ghana Composite Index of Economic Activity (Nominal Growth) (%),17.21,real_sector,https://www.bog.gov.gh/economic-data/real-sector/,0,,
2022-08-01,2022,8,Aug,Bank of Ghana Composite Index of Economic Activity (Nominal Growth) (%),16.97,real_sector,https://www.bog.gov.gh/economic-data/real-sector/,0,,
2022-09-01,2022,9,Sep,Bank of Ghana Composite Index of Economic Activity (Nominal Growth) (%),18.4,real_sector,https://www.bog.gov.gh/economic-data/real-sector/,0,,
2022-10-01,2022,10,Oct,Bank of Ghana Composite Index of Economic Activity (Nominal Growth) (%),22.22,real_sector,https://www.bog.gov.gh/economic-data/real-sector/,0,,
2022-11-01,2022,11,Nov,Bank of Ghana Composite Index of Economic Activity (Nominal Growth) (%),20.1,real_sector,https://www.bog.gov.gh/economic-data/real-sector/,0,,
2022-12-01,2022,12,Dec,Bank of Ghana Composite Index of Economic Activity (Nominal Growth) (%),0.0,real_sector,https://www.bog.gov.gh/economic-data/real-sector/,0,,
2022-12-31,2022,,,Bank of Ghana Composite Index of Economic Activity (Nominal Growth) (%),11.13,real_sector,https://www.bog.gov.gh/economic-data/real-sector/,0,,
2023-01-01,2023,1,Jan,Bank of Ghana Composite Index of Economic Activity (Nominal Growth) (%),16.15,real_sector,https://www.bog.gov.gh/economic-data/real-sector/,0,,
2023-02-01,2023,2,Feb,Bank of Ghana Composite Index of Economic Activity (Nominal Growth) (%),15.02,real_sector,https://www.bog.gov.gh/economic-data/real-sector/,0,,
2023-03-01,2023,3,Mar,Bank of Ghana Composite Index of Economic Activity (Nominal Growth) (%),12.78,real_sector,https://www.bog.gov.gh/economic-data/real-sector/,0,,
2023-04-01,2023,4,Apr,Bank of Ghana Composite Index of Economic Activity (Nominal Growth) (%),0.0,real_sector,https://www.bog.gov.gh/economic-data/real-sector/,0,,
2023-05-01,2023,5,May,Bank of Ghana Composite Index of Economic Activity (Nominal Growth) (%),0.0,real_sector,https://www.bog.gov.gh/economic-data/real-sector/,0,,
2023-06-01,2023,6,Jun,Bank of Ghana Composite Index of Economic Activity (Nominal Growth) (%),0.0,real_sector,https://www.bog.gov.gh/economic-data/real-sector/,0,,
2023-07-01,2023,7,Jul,Bank of Ghana Composite Index of Economic Activity (Nominal Growth) (%),0.0,real_sector,https://www.bog.gov.gh/economic-data/real-sector/,0,,
2023-08-01,2023,8,Aug,Bank of Ghana Composite Index of Economic Activity (Nominal Growth) (%),0.0,real_sector,https://www.bog.gov.gh/economic-data/real-sector/,0,,
2023-09-01,2023,9,Sep,Bank of Ghana Composite Index of Economic Activity (Nominal Growth) (%),0.0,real_sector,https://www.bog.gov.gh/economic-data/real-sector/,0,,
2023-10-01,2023,10,Oct,Bank of Ghana Composite Index of Economic Activity (Nominal Growth) (%),0.0,real_sector,https://www.bog.gov.gh/economic-data/real-sector/,0,,
2023-11-01,2023,11,Nov,Bank of Ghana Composite Index of Economic Activity (Nominal Growth) (%),0.0,real_sector,https://www.bog.gov.gh/economic-data/real-sector/,0,,
2023-12-01,2023,12,Dec,Bank of Ghana Composite Index of Economic Activity (Nominal Growth) (%),0.0,real_sector,https://www.bog.gov.gh/economic-data/real-sector/,0,,
2023-12-31,2023,,,Bank of Ghana Composite Index of Economic Activity (Nominal Growth) (%),16.15,real_sector,https://www.bog.gov.gh/economic-data/real-sector/,0,,
2000-01-01,2000,1,Jan,Bank of Ghana Composite Index of Economic Activity (Nominal),1.37,real_sector,https://www.bog.gov.gh/economic-data/real-sector/,0,,
2000-02-01,2000,2,Feb,Bank of Ghana Composite Index of Economic Activity (Nominal),70.26,real_sector,https://www.bog.gov.gh/economic-data/real-sector/,0,,
2000-03-01,2000,3,Mar,Bank of Ghana Composite Index of Economic Activity (Nominal),75.06,real_sector,https://www.bog.gov.gh/economic-data/real-sector/,0,,
2000-04-01,2000,4,Apr,Bank of Ghana Composite Index of Economic Activity (Nominal),74.59,real_sector,https://www.bog.gov.gh/economic-data/real-sector/,0,,
2000-05-01,2000,5,May,Bank of Ghana Composite Index of Economic Activity (Nominal),80.12,real_sector,https://www.bog.gov.gh/economic-data/real-sector/,0,,
2000-06-01,2000,6,Jun,Bank of Ghana Composite Index of Economic Activity (Nominal),82.52,real_sector,https://www.bog.gov.gh/economic-data/real-sector/,0,,
2000-07-01,2000,7,Jul,Bank of Ghana Composite Index of Economic Activity (Nominal),83.08,real_sector,https://www.bog.gov.gh/economic-data/real-sector/,0,,
2000-08-01,2000,8,Aug,Bank of Ghana Composite Index of Economic Activity (Nominal),89.91,real_sector,https://www.bog.gov.gh/economic-data/real-sector/,0,,
2000-09-01,2000,9,Sep,Bank of Ghana Composite Index of Economic Activity (Nominal),88.24,real_sector,https://www.bog.gov.gh/economic-data/real-sector/,0,,
2000-10-01,2000,10,Oct,Bank of Ghana Composite Index of Economic Activity (Nominal),85.75,real_sector,https://www.bog.gov.gh/economic-data/real-sector/,0,,
2000-11-01,2000,11,Nov,Bank of Ghana Composite Index of Economic Activity (Nominal),88.28,real_sector,https://www.bog.gov.gh/economic-data/real-sector/,0,,
2000-12-01,2000,12,Dec,Bank of Ghana Composite Index of Economic Activity (Nominal),95.59,real_sector,https://www.bog.gov.gh/economic-data/real-sector/,0,,
2000-12-31,2000,,,Bank of Ghana Composite Index of Economic Activity (Nominal),1.37,real_sector,https://www.bog.gov.gh/economic-data/real-sector/,0,,
2001-01-01,2001,1,Jan,Bank of Ghana Composite Index of Economic Activity (Nominal),94.63,real_sector,https://www.bog.gov.gh/economic-data/real-sector/,0,,
2001-02-01,2001,2,Feb,Bank of Ghana Composite Index of Economic Activity (Nominal),91.6,real_sector,https://www.bog.gov.gh/economic-data/real-sector/,0,,
2001-03-01,2001,3,Mar,Bank of Ghana Composite Index of Economic Activity (Nominal),102.38,real_sector,https://www.bog.gov.gh/economic-data/real-sector/,0,,
2001-04-01,2001,4,Apr,Bank of Ghana Composite Index of Economic Activity (Nominal),94.56,real_sector,https://www.bog.gov.gh/economic-data/real-sector/,0,,
2001-05-01,2001,5,May,Bank of Ghana Composite Index of Economic Activity (Nominal),101.51,real_sector,https://www.bog.gov.gh/economic-data/real-sector/,0,,
2001-06-01,2001,6,Jun,Bank of Ghana Composite Index of Economic Activity (Nominal),98.73,real_sector,https://www.bog.gov.gh/economic-data/real-sector/,0,,
2001-07-01,2001,7,Jul,Bank of Ghana Composite Index of Economic Activity (Nominal),97.1,real_sector,https://www.bog.gov.gh/economic-data/real-sector/,0,,
2001-08-01,2001,8,Aug,Bank of Ghana Composite Index of Economic Activity (Nominal),106.07,real_sector,https://www.bog.gov.gh/economic-data/real-sector/,0,,
2001-09-01,2001,9,Sep,Bank of Ghana Composite Index of Economic Activity (Nominal),100.62,real_sector,https://www.bog.gov.gh/economic-data/real-sector/,0,,
2001-10-01,2001,10,Oct,Bank of Ghana Composite Index of Economic Activity (Nominal),101.64,real_sector,https://www.bog.gov.gh/economic-data/real-sector/,0,,
2001-11-01,2001,11,Nov,Bank of Ghana Composite Index of Economic Activity (Nominal),101.71,real_sector,https://www.bog.gov.gh/economic-data/real-sector/,0,,
2001-12-01,2001,12,Dec,Bank of Ghana Composite Index of Economic Activity (Nominal),109.44,real_sector,https://www.bog.gov.gh/economic-data/real-sector/,0,,
2001-12-31,2001,,,Bank of Ghana Composite Index of Economic Activity (Nominal),94.63,real_sector,https://www.bog.gov.gh/economic-data/real-sector/,0,,
2002-01-01,2002,1,Jan,Bank of Ghana Composite Index of Economic Activity (Nominal),105.61,real_sector,https://www.bog.gov.gh/economic-data/real-sector/,0,,
2002-02-01,2002,2,Feb,Bank of Ghana Composite Index of Economic Activity (Nominal),100.64,real_sector,https://www.bog.gov.gh/economic-data/real-sector/,0,,
2002-03-01,2002,3,Mar,Bank of Ghana Composite Index of Economic Activity (Nominal),111.32,real_sector,https://www.bog.gov.gh/economic-data/real-sector/,0,,
2002-04-01,2002,4,Apr,Bank of Ghana Composite Index of Economic Activity (Nominal),110.48,real_sector,https://www.bog.gov.gh/economic-data/real-sector/,0,,
2002-05-01,2002,5,May,Bank of Ghana Composite Index of Economic Activity (Nominal),114.03,real_sector,https://www.bog.gov.gh/economic-data/real-sector/,0,,
2002-06-01,2002,6,Jun,Bank of Ghana Composite Index of Economic Activity (Nominal),114.28,real_sector,https://www.bog.gov.gh/economic-data/real-sector/,0,,
2002-07-01,2002,7,Jul,Bank of Ghana Composite Index of Economic Activity (Nominal),117.11,real_sector,https://www.bog.gov.gh/economic-data/real-sector/,0,,
2002-08-01,2002,8,Aug,Bank of Ghana Composite Index of Economic Activity (Nominal),119.03,real_sector,https://www.bog.gov.gh/economic-data/real-sector/,0,,
2002-09-01,2002,9,Sep,Bank of Ghana Composite Index of Economic Activity (Nominal),123.77,real_sector,https://www.bog.gov.gh/economic-data/real-sector/,0,,
2002-10-01,2002,10,Oct,Bank of Ghana Composite Index of Economic Activity (Nominal),120.31,real_sector,https://www.bog.gov.gh/economic-data/real-sector/,0,,
2002-11-01,2002,11,Nov,Bank of Ghana Composite Index of Economic Activity (Nominal),129.14,real_sector,https://www.bog.gov.gh/economic-data/real-sector/,0,,
2002-12-01,2002,12,Dec,Bank of Ghana Composite Index of Economic Activity (Nominal),136.98,real_sector,https://www.bog.gov.gh/economic-data/real-sector/,0,,
2002-12-31,2002,,,Bank of Ghana Composite Index of Economic Activity (Nominal),105.61,real_sector,https://www.bog.gov.gh/economic-data/real-sector/,0,,
2003-01-01,2003,1,Jan,Bank of Ghana Composite Index of Economic Activity (Nominal),130.87,real_sector,https://www.bog.gov.gh/economic-data/real-sector/,0,,
2003-02-01,2003,2,Feb,Bank of Ghana Composite Index of Economic Activity (Nominal),125.25,real_sector,https://www.bog.gov.gh/economic-data/real-sector/,0,,
2003-03-01,2003,3,Mar,Bank of Ghana Composite Index of Economic Activity (Nominal),134.21,real_sector,https://www.bog.gov.gh/economic-data/real-sector/,0,,
2003-04-01,2003,4,Apr,Bank of Ghana Composite Index of Economic Activity (Nominal),129.55,real_sector,https://www.bog.gov.gh/economic-data/real-sector/,0,,
2003-05-01,2003,5,May,Bank of Ghana Composite Index of Economic Activity (Nominal),136.75,real_sector,https://www.bog.gov.gh/economic-data/real-sector/,0,,
2003-06-01,2003,6,Jun,Bank of Ghana Composite Index of Economic Activity (Nominal),139.47,real_sector,https://www.bog.gov.gh/economic-data/real-sector/,0,,
2003-07-01,2003,7,Jul,Bank of Ghana Composite Index of Economic Activity (Nominal),146.12,real_sector,https://www.bog.gov.gh/economic-data/real-sector/,0,,
2003-08-01,2003,8,Aug,Bank of Ghana Composite Index of Economic Activity (Nominal),152.21,real_sector,https://www.bog.gov.gh/economic-data/real-sector/,0,,
2003-09-01,2003,9,Sep,Bank of Ghana Composite Index of Economic Activity (Nominal),153.7,real_sector,https://www.bog.gov.gh/economic-data/real-sector/,0,,
2003-10-01,2003,10,Oct,Bank of Ghana Composite Index of Economic Activity (Nominal),154.16,real_sector,https://www.bog.gov.gh/economic-data/real-sector/,0,,
2003-11-01,2003,11,Nov,Bank of Ghana Composite Index of Economic Activity (Nominal),151.24,real_sector,https://www.bog.gov.gh/economic-data/real-sector/,0,,
2003-12-01,2003,12,Dec,Bank of Ghana Composite Index of Economic Activity (Nominal),170.04,real_sector,https://www.bog.gov.gh/economic-data/real-sector/,0,,
2003-12-31,2003,,,Bank of Ghana Composite Index of Economic Activity (Nominal),130.87,real_sector,https://www.bog.gov.gh/economic-data/real-sector/,0,,
2004-01-01,2004,1,Jan,Bank of Ghana Composite Index of Economic Activity (Nominal),160.68,real_sector,https://www.bog.gov.gh/economic-data/real-sector/,0,,
2004-02-01,2004,2,Feb,Bank of Ghana Composite Index of Economic Activity (Nominal),161.26,real_sector,https://www.bog.gov.gh/economic-data/real-sector/,0,,
2004-03-01,2004,3,Mar,Bank of Ghana Composite Index of Economic Activity (Nominal),174.24,real_sector,https://www.bog.gov.gh/economic-data/real-sector/,0,,
2004-04-01,2004,4,Apr,Bank of Ghana Composite Index of Economic Activity (Nominal),172.85,real_sector,https://www.bog.gov.gh/economic-data/real-sector/,0,,
2004-05-01,2004,5,May,Bank of Ghana Composite Index of Economic Activity (Nominal),174.35,real_sector,https://www.bog.gov.gh/economic-data/real-sector/,0,,
2004-06-01,2004,6,Jun,Bank of Ghana Composite Index of Economic Activity (Nominal),180.54,real_sector,https://www.bog.gov.gh/economic-data/real-sector/,0,,
2004-07-01,2004,7,Jul,Bank of Ghana Composite Index of Economic Activity (Nominal),191.86,real_sector,https://www.bog.gov.gh/economic-data/real-sector/,0,,
2004-08-01,2004,8,Aug,Bank of Ghana Composite Index of Economic Activity (Nominal),185.79,real_sector,https://www.bog.gov.gh/economic-data/real-sector/,0,,
2004-09-01,2004,9,Sep,Bank of Ghana Composite Index of Economic Activity (Nominal),189.59,real_sector,https://www.bog.gov.gh/economic-data/real-sector/,0,,
2004-10-01,2004,10,Oct,Bank of Ghana Composite Index of Economic Activity (Nominal),190.75,real_sector,https://www.bog.gov.gh/economic-data/real-sector/,0,,
2004-11-01,2004,11,Nov,Bank of Ghana Composite Index of Economic Activity (Nominal),191.22,real_sector,https://www.bog.gov.gh/economic-data/real-sector/,0,,
2004-12-01,2004,12,Dec,Bank of Ghana Composite Index of Economic Activity (Nominal),198.08,real_sector,https://www.bog.gov.gh/economic-data/real-sector/,0,,
2004-12-31,2004,,,Bank of Ghana Composite Index of Economic Activity (Nominal),160.68,real_sector,https://www.bog.gov.gh/economic-data/real-sector/,0,,
2005-01-01,2005,1,Jan,Bank of Ghana Composite Index of Economic Activity (Nominal),190.33,real_sector,https://www.bog.gov.gh/economic-data/real-sector/,0,,
2005-02-01,2005,2,Feb,Bank of Ghana Composite Index of Economic Activity (Nominal),190.94,real_sector,https://www.bog.gov.gh/economic-data/real-sector/,0,,
2005-03-01,2005,3,Mar,Bank of Ghana Composite Index of Economic Activity (Nominal),205.54,real_sector,https://www.bog.gov.gh/economic-data/real-sector/,0,,
2005-04-01,2005,4,Apr,Bank of Ghana Composite Index of Economic Activity (Nominal),203.62,real_sector,https://www.bog.gov.gh/economic-data/real-sector/,0,,
2005-05-01,2005,5,May,Bank of Ghana Composite Index of Economic Activity (Nominal),206.08,real_sector,https://www.bog.gov.gh/economic-data/real-sector/,0,,
2005-06-01,2005,6,Jun,Bank of Ghana Composite Index of Economic Activity (Nominal),206.73,real_sector,https://www.bog.gov.gh/economic-data/real-sector/,0,,
2005-07-01,2005,7,Jul,Bank of Ghana Composite Index of Economic Activity (Nominal),215.12,real_sector,https://www.bog.gov.gh/economic-data/real-sector/,0,,
2005-08-01,2005,8,Aug,Bank of Ghana Composite Index of Economic Activity (Nominal),223.88,real_sector,https://www.bog.gov.gh/economic-data/real-sector/,0,,
2005-09-01,2005,9,Sep,Bank of Ghana Composite Index of Economic Activity (Nominal),222.04,real_sector,https://www.bog.gov.gh/economic-data/real-sector/,0,,
2005-10-01,2005,10,Oct,Bank of Ghana Composite Index of Economic Activity (Nominal),216.66,real_sector,https://www.bog.gov.gh/economic-data/real-sector/,0,,
2005-11-01,2005,11,Nov,Bank of Ghana Composite Index of Economic Activity (Nominal),229.01,real_sector,https://www.bog.gov.gh/economic-data/real-sector/,0,,
2005-12-01,2005,12,Dec,Bank of Ghana Composite Index of Economic Activity (Nominal),236.99,real_sector,https://www.bog.gov.gh/economic-data/real-sector/,0,,
2005-12-31,2005,,,Bank of Ghana Composite Index of Economic Activity (Nominal),190.33,real_sector,https://www.bog.gov.gh/economic-data/real-sector/,0,,
2006-01-01,2006,1,Jan,Bank of Ghana Composite Index of Economic Activity (Nominal),234.26,real_sector,https://www.bog.gov.gh/economic-data/real-sector/,0,,
2006-02-01,2006,2,Feb,Bank of Ghana Composite Index of Economic Activity (Nominal),231.31,real_sector,https://www.bog.gov.gh/economic-data/real-sector/,0,,
2006-03-01,2006,3,Mar,Bank of Ghana Composite Index of Economic Activity (Nominal),243.37,real_sector,https://www.bog.gov.gh/economic-data/real-sector/,0,,
2006-04-01,2006,4,Apr,Bank of Ghana Composite Index of Economic Activity (Nominal),232.8,real_sector,https://www.bog.gov.gh/economic-data/real-sector/,0,,
2006-05-01,2006,5,May,Bank of Ghana Composite Index of Economic Activity (Nominal),253.92,real_sector,https://www.bog.gov.gh/economic-data/real-sector/,0,,
2006-06-01,2006,6,Jun,Bank of Ghana Composite Index of Economic Activity (Nominal),261.41,real_sector,https://www.bog.gov.gh/economic-data/real-sector/,0,,
2006-07-01,2006,7,Jul,Bank of Ghana Composite Index of Economic Activity (Nominal),258.32,real_sector,https://www.bog.gov.gh/economic-data/real-sector/,0,,
2006-08-01,2006,8,Aug,Bank of Ghana Composite Index of Economic Activity (Nominal),275.38,real_sector,https://www.bog.gov.gh/economic-data/real-sector/,0,,
2006-09-01,2006,9,Sep,Bank of Ghana Composite Index of Economic Activity (Nominal),257.5,real_sector,https://www.bog.gov.gh/economic-data/real-sector/,0,,
2006-10-01,2006,10,Oct,Bank of Ghana Composite Index of Economic Activity (Nominal),270.59,real_sector,https://www.bog.gov.gh/economic-data/real-sector/,0,,
2006-11-01,2006,11,Nov,Bank of Ghana Composite Index of Economic Activity (Nominal),292.47,real_sector,https://www.bog.gov.gh/economic-data/real-sector/,0,,
2006-12-01,2006,12,Dec,Bank of Ghana Composite Index of Economic Activity (Nominal),296.69,real_sector,https://www.bog.gov.gh/economic-data/real-sector/,0,,
2006-12-31,2006,,,Bank of Ghana Composite Index of Economic Activity (Nominal),234.26,real_sector,https://www.bog.gov.gh/economic-data/real-sector/,0,,
2007-01-01,2007,1,Jan,Bank of Ghana Composite Index of Economic Activity (Nominal),282.91,real_sector,https://www.bog.gov.gh/economic-data/real-sector/,0,,
2007-02-01,2007,2,Feb,Bank of Ghana Composite Index of Economic Activity (Nominal),291.14,real_sector,https://www.bog.gov.gh/economic-data/real-sector/,0,,
2007-03-01,2007,3,Mar,Bank of Ghana Composite Index of Economic Activity (Nominal),300.49,real_sector,https://www.bog.gov.gh/economic-data/real-sector/,0,,
2007-04-01,2007,4,Apr,Bank of Ghana Composite Index of Economic Activity (Nominal),303.88,real_sector,https://www.bog.gov.gh/economic-data/real-sector/,0,,
2007-05-01,2007,5,May,Bank of Ghana Composite Index of Economic Activity (Nominal),321.22,real_sector,https://www.bog.gov.gh/economic-data/real-sector/,0,,
2007-06-01,2007,6,Jun,Bank of Ghana Composite Index of Economic Activity (Nominal),318.5,real_sector,https://www.bog.gov.gh/economic-data/real-sector/,0,,
2007-07-01,2007,7,Jul,Bank of Ghana Composite Index of Economic Activity (Nominal),324.69,real_sector,https://www.bog.gov.gh/economic-data/real-sector/,0,,
2007-08-01,2007,8,Aug,Bank of Ghana Composite Index of Economic Activity (Nominal),357.18,real_sector,https://www.bog.gov.gh/economic-data/real-sector/,0,,
2007-09-01,2007,9,Sep,Bank of Ghana Composite Index of Economic Activity (Nominal),346.45,real_sector,https://www.bog.gov.gh/economic-data/real-sector/,0,,
2007-10-01,2007,10,Oct,Bank of Ghana Composite Index of Economic Activity (Nominal),355.5,real_sector,https://www.bog.gov.gh/economic-data/real-sector/,0,,
2007-11-01,2007,11,Nov,Bank of Ghana Composite Index of Economic Activity (Nominal),377.93,real_sector,https://www.bog.gov.gh/economic-data/real-sector/,0,,
2007-12-01,2007,12,Dec,Bank of Ghana Composite Index of Economic Activity (Nominal),385.78,real_sector,https://www.bog.gov.gh/economic-data/real-sector/,0,,
2007-12-31,2007,,,Bank of Ghana Composite Index of Economic Activity (Nominal),282.91,real_sector,https://www.bog.gov.gh/economic-data/real-sector/,0,,
2008-01-01,2008,1,Jan,Bank of Ghana Composite Index of Economic Activity (Nominal),390.23,real_sector,https://www.bog.gov.gh/economic-data/real-sector/,0,,
2008-02-01,2008,2,Feb,Bank of Ghana Composite Index of Economic Activity (Nominal),389.48,real_sector,https://www.bog.gov.gh/economic-data/real-sector/,0,,
2008-03-01,2008,3,Mar,Bank of Ghana Composite Index of Economic Activity (Nominal),400.31,real_sector,https://www.bog.gov.gh/economic-data/real-sector/,0,,
2008-04-01,2008,4,Apr,Bank of Ghana Composite Index of Economic Activity (Nominal),415.61,real_sector,https://www.bog.gov.gh/economic-data/real-sector/,0,,
2008-05-01,2008,5,May,Bank of Ghana Composite Index of Economic Activity (Nominal),431.75,real_sector,https://www.bog.gov.gh/economic-data/real-sector/,0,,
2008-06-01,2008,6,Jun,Bank of Ghana Composite Index of Economic Activity (Nominal),432.49,real_sector,https://www.bog.gov.gh/economic-data/real-sector/,0,,
2008-07-01,2008,7,Jul,Bank of Ghana Composite Index of Economic Activity (Nominal),467.79,real_sector,https://www.bog.gov.gh/economic-data/real-sector/,0,,
2008-08-01,2008,8,Aug,Bank of Ghana Composite Index of Economic Activity (Nominal),453.2,real_sector,https://www.bog.gov.gh/economic-data/real-sector/,0,,
2008-09-01,2008,9,Sep,Bank of Ghana Composite Index of Economic Activity (Nominal),444.77,real_sector,https://www.bog.gov.gh/economic-data/real-sector/,0,,
2008-10-01,2008,10,Oct,Bank of Ghana Composite Index of Economic Activity (Nominal),475.96,real_sector,https://www.bog.gov.gh/economic-data/real-sector/,0,,
2008-11-01,2008,11,Nov,Bank of Ghana Composite Index of Economic Activity (Nominal),480.68,real_sector,https://www.bog.gov.gh/economic-data/real-sector/,0,,
2008-12-01,2008,12,Dec,Bank of Ghana Composite Index of Economic Activity (Nominal),473.07,real_sector,https://www.bog.gov.gh/economic-data/real-sector/,0,,
2008-12-31,2008,,,Bank of Ghana Composite Index of Economic Activity (Nominal),390.23,real_sector,https://www.bog.gov.gh/economic-data/real-sector/,0,,
2009-01-01,2009,1,Jan,Bank of Ghana Composite Index of Economic Activity (Nominal),486.56,real_sector,https://www.bog.gov.gh/economic-data/real-sector/,0,,
2009-02-01,2009,2,Feb,Bank of Ghana Composite Index of Economic Activity (Nominal),462.2,real_sector,https://www.bog.gov.gh/economic-data/real-sector/,0,,
2009-03-01,2009,3,Mar,Bank of Ghana Composite Index of Economic Activity (Nominal),492.57,real_sector,https://www.bog.gov.gh/economic-data/real-sector/,0,,
2009-04-01,2009,4,Apr,Bank of Ghana Composite Index of Economic Activity (Nominal),498.35,real_sector,https://www.bog.gov.gh/economic-data/real-sector/,0,,
2009-05-01,2009,5,May,Bank of Ghana Composite Index of Economic Activity (Nominal),501.25,real_sector,https://www.bog.gov.gh/economic-data/real-sector/,0,,
2009-06-01,2009,6,Jun,Bank of Ghana Composite Index of Economic Activity (Nominal),507.58,real_sector,https://www.bog.gov.gh/economic-data/real-sector/,0,,
2009-07-01,2009,7,Jul,Bank of Ghana Composite Index of Economic Activity (Nominal),522.51,real_sector,https://www.bog.gov.gh/economic-data/real-sector/,0,,
2009-08-01,2009,8,Aug,Bank of Ghana Composite Index of Economic Activity (Nominal),506.72,real_sector,https://www.bog.gov.gh/economic-data/real-sector/,0,,
2009-09-01,2009,9,Sep,Bank of Ghana Composite Index of Economic Activity (Nominal),509.68,real_sector,https://www.bog.gov.gh/economic-data/real-sector/,0,,
2009-10-01,2009,10,Oct,Bank of Ghana Composite Index of Economic Activity (Nominal),537.34,real_sector,https://www.bog.gov.gh/economic-data/real-sector/,0,,
2009-11-01,2009,11,Nov,Bank of Ghana Composite Index of Economic Activity (Nominal),525.96,real_sector,https://www.bog.gov.gh/economic-data/real-sector/,0,,
2009-12-01,2009,12,Dec,Bank of Ghana Composite Index of Economic Activity (Nominal),574.4,real_sector,https://www.bog.gov.gh/economic-data/real-sector/,0,,
2009-12-31,2009,,,Bank of Ghana Composite Index of Economic Activity (Nominal),486.56,real_sector,https://www.bog.gov.gh/economic-data/real-sector/,0,,
2010-01-01,2010,1,Jan,Bank of Ghana Composite Index of Economic Activity (Nominal),555.19,real_sector,https://www.bog.gov.gh/economic-data/real-sector/,0,,
2010-02-01,2010,2,Feb,Bank of Ghana Composite Index of Economic Activity (Nominal),524.42,real_sector,https://www.bog.gov.gh/economic-data/real-sector/,0,,
2010-03-01,2010,3,Mar,Bank of Ghana Composite Index of Economic Activity (Nominal),553.36,real_sector,https://www.bog.gov.gh/economic-data/real-sector/,0,,
2010-04-01,2010,4,Apr,Bank of Ghana Composite Index of Economic Activity (Nominal),558.93,real_sector,https://www.bog.gov.gh/economic-data/real-sector/,0,,
2010-05-01,2010,5,May,Bank of Ghana Composite Index of Economic Activity (Nominal),571.86,real_sector,https://www.bog.gov.gh/economic-data/real-sector/,0,,
2010-06-01,2010,6,Jun,Bank of Ghana Composite Index of Economic Activity (Nominal),595.08,real_sector,https://www.bog.gov.gh/economic-data/real-sector/,0,,
2010-07-01,2010,7,Jul,Bank of Ghana Composite Index of Economic Activity (Nominal),576.48,real_sector,https://www.bog.gov.gh/economic-data/real-sector/,0,,
2010-08-01,2010,8,Aug,Bank of Ghana Composite Index of Economic Activity (Nominal),615.24,real_sector,https://www.bog.gov.gh/economic-data/real-sector/,0,,
2010-09-01,2010,9,Sep,Bank of Ghana Composite Index of Economic Activity (Nominal),610.3,real_sector,https://www.bog.gov.gh/economic-data/real-sector/,0,,
2010-10-01,2010,10,Oct,Bank of Ghana Composite Index of Economic Activity (Nominal),621.65,real_sector,https://www.bog.gov.gh/economic-data/real-sector/,0,,
2010-11-01,2010,11,Nov,Bank of Ghana Composite Index of Economic Activity (Nominal),634.74,real_sector,https://www.bog.gov.gh/economic-data/real-sector/,0,,
2010-12-01,2010,12,Dec,Bank of Ghana Composite Index of Economic Activity (Nominal),663.34,real_sector,https://www.bog.gov.gh/economic-data/real-sector/,0,,
2010-12-31,2010,,,Bank of Ghana Composite Index of Economic Activity (Nominal),555.19,real_sector,https://www.bog.gov.gh/economic-data/real-sector/,0,,
2011-01-01,2011,1,Jan,Bank of Ghana Composite Index of Economic Activity (Nominal),663.99,real_sector,https://www.bog.gov.gh/economic-data/real-sector/,0,,
2011-02-01,2011,2,Feb,Bank of Ghana Composite Index of Economic Activity (Nominal),618.33,real_sector,https://www.bog.gov.gh/economic-data/real-sector/,0,,
2011-03-01,2011,3,Mar,Bank of Ghana Composite Index of Economic Activity (Nominal),698.47,real_sector,https://www.bog.gov.gh/economic-data/real-sector/,0,,
2011-04-01,2011,4,Apr,Bank of Ghana Composite Index of Economic Activity (Nominal),704.9,real_sector,https://www.bog.gov.gh/economic-data/real-sector/,0,,
2011-05-01,2011,5,May,Bank of Ghana Composite Index of Economic Activity (Nominal),698.37,real_sector,https://www.bog.gov.gh/economic-data/real-sector/,0,,
2011-06-01,2011,6,Jun,Bank of Ghana Composite Index of Economic Activity (Nominal),736.0,real_sector,https://www.bog.gov.gh/economic-data/real-sector/,0,,
2011-07-01,2011,7,Jul,Bank of Ghana Composite Index of Economic Activity (Nominal),730.56,real_sector,https://www.bog.gov.gh/economic-data/real-sector/,0,,
2011-08-01,2011,8,Aug,Bank of Ghana Composite Index of Economic Activity (Nominal),757.18,real_sector,https://www.bog.gov.gh/economic-data/real-sector/,0,,
2011-09-01,2011,9,Sep,Bank of Ghana Composite Index of Economic Activity (Nominal),773.57,real_sector,https://www.bog.gov.gh/economic-data/real-sector/,0,,
2011-10-01,2011,10,Oct,Bank of Ghana Composite Index of Economic Activity (Nominal),766.58,real_sector,https://www.bog.gov.gh/economic-data/real-sector/,0,,
2011-11-01,2011,11,Nov,Bank of Ghana Composite Index of Economic Activity (Nominal),776.6,real_sector,https://www.bog.gov.gh/economic-data/real-sector/,0,,
2011-12-01,2011,12,Dec,Bank of Ghana Composite Index of Economic Activity (Nominal),799.05,real_sector,https://www.bog.gov.gh/economic-data/real-sector/,0,,
2011-12-31,2011,,,Bank of Ghana Composite Index of Economic Activity (Nominal),663.99,real_sector,https://www.bog.gov.gh/economic-data/real-sector/,0,,
2012-01-01,2012,1,Jan,Bank of Ghana Composite Index of Economic Activity (Nominal),808.03,real_sector,https://www.bog.gov.gh/economic-data/real-sector/,0,,
2012-02-01,2012,2,Feb,Bank of Ghana Composite Index of Economic Activity (Nominal),817.35,real_sector,https://www.bog.gov.gh/economic-data/real-sector/,0,,
2012-03-01,2012,3,Mar,Bank of Ghana Composite Index of Economic Activity (Nominal),846.32,real_sector,https://www.bog.gov.gh/economic-data/real-sector/,0,,
2012-04-01,2012,4,Apr,Bank of Ghana Composite Index of Economic Activity (Nominal),818.63,real_sector,https://www.bog.gov.gh/economic-data/real-sector/,0,,
2012-05-01,2012,5,May,Bank of Ghana Composite Index of Economic Activity (Nominal),868.55,real_sector,https://www.bog.gov.gh/economic-data/real-sector/,0,,
2012-06-01,2012,6,Jun,Bank of Ghana Composite Index of Economic Activity (Nominal),864.46,real_sector,https://www.bog.gov.gh/economic-data/real-sector/,0,,
2012-07-01,2012,7,Jul,Bank of Ghana Composite Index of Economic Activity (Nominal),875.87,real_sector,https://www.bog.gov.gh/economic-data/real-sector/,0,,
2012-08-01,2012,8,Aug,Bank of Ghana Composite Index of Economic Activity (Nominal),884.67,real_sector,https://www.bog.gov.gh/economic-data/real-sector/,0,,
2012-09-01,2012,9,Sep,Bank of Ghana Composite Index of Economic Activity (Nominal),870.76,real_sector,https://www.bog.gov.gh/economic-data/real-sector/,0,,
2012-10-01,2012,10,Oct,Bank of Ghana Composite Index of Economic Activity (Nominal),923.77,real_sector,https://www.bog.gov.gh/economic-data/real-sector/,0,,
2012-11-01,2012,11,Nov,Bank of Ghana Composite Index of Economic Activity (Nominal),928.08,real_sector,https://www.bog.gov.gh/economic-data/real-sector/,0,,
2012-12-01,2012,12,Dec,Bank of Ghana Composite Index of Economic Activity (Nominal),913.54,real_sector,https://www.bog.gov.gh/economic-data/real-sector/,0,,
2012-12-31,2012,,,Bank of Ghana Composite Index of Economic Activity (Nominal),808.03,real_sector,https://www.bog.gov.gh/economic-data/real-sector/,0,,
2013-01-01,2013,1,Jan,Bank of Ghana Composite Index of Economic Activity (Nominal),946.08,real_sector,https://www.bog.gov.gh/economic-data/real-sector/,0,,
2013-02-01,2013,2,Feb,Bank of Ghana Composite Index of Economic Activity (Nominal),861.27,real_sector,https://www.bog.gov.gh/economic-data/real-sector/,0,,
2013-03-01,2013,3,Mar,Bank of Ghana Composite Index of Economic Activity (Nominal),912.3,real_sector,https://www.bog.gov.gh/economic-data/real-sector/,0,,
2013-04-01,2013,4,Apr,Bank of Ghana Composite Index of Economic Activity (Nominal),953.73,real_sector,https://www.bog.gov.gh/economic-data/real-sector/,0,,
2013-05-01,2013,5,May,Bank of Ghana Composite Index of Economic Activity (Nominal),983.69,real_sector,https://www.bog.gov.gh/economic-data/real-sector/,0,,
2013-06-01,2013,6,Jun,Bank of Ghana Composite Index of Economic Activity (Nominal),964.16,real_sector,https://www.bog.gov.gh/economic-data/real-sector/,0,,
2013-07-01,2013,7,Jul,Bank of Ghana Composite Index of Economic Activity (Nominal),974.62,real_sector,https://www.bog.gov.gh/economic-data/real-sector/,0,,
2013-08-01,2013,8,Aug,Bank of Ghana Composite Index of Economic Activity (Nominal),1010.7,real_sector,https://www.bog.gov.gh/economic-data/real-sector/,0,,
2013-09-01,2013,9,Sep,Bank of Ghana Composite Index of Economic Activity (Nominal),1007.37,real_sector,https://www.bog.gov.gh/economic-data/real-sector/,0,,
2013-10-01,2013,10,Oct,Bank of Ghana Composite Index of Economic Activity (Nominal),1046.05,real_sector,https://www.bog.gov.gh/economic-data/real-sector/,0,,
2013-11-01,2013,11,Nov,Bank of Ghana Composite Index of Economic Activity (Nominal),1027.42,real_sector,https://www.bog.gov.gh/economic-data/real-sector/,0,,
2013-12-01,2013,12,Dec,Bank of Ghana Composite Index of Economic Activity (Nominal),1029.14,real_sector,https://www.bog.gov.gh/economic-data/real-sector/,0,,
2013-12-31,2013,,,Bank of Ghana Composite Index of Economic Activity (Nominal),946.08,real_sector,https://www.bog.gov.gh/economic-data/real-sector/,0,,
2014-01-01,2014,1,Jan,Bank of Ghana Composite Index of Economic Activity (Nominal),1081.14,real_sector,https://www.bog.gov.gh/economic-data/real-sector/,0,,
2014-02-01,2014,2,Feb,Bank of Ghana Composite Index of Economic Activity (Nominal),1044.26,real_sector,https://www.bog.gov.gh/economic-data/real-sector/,0,,
2014-03-01,2014,3,Mar,Bank of Ghana Composite Index of Economic Activity (Nominal),1111.69,real_sector,https://www.bog.gov.gh/economic-data/real-sector/,0,,
2014-04-01,2014,4,Apr,Bank of Ghana Composite Index of Economic Activity (Nominal),1107.09,real_sector,https://www.bog.gov.gh/economic-data/real-sector/,0,,
2014-05-01,2014,5,May,Bank of Ghana Composite Index of Economic Activity (Nominal),1194.6,real_sector,https://www.bog.gov.gh/economic-data/real-sector/,0,,
2014-06-01,2014,6,Jun,Bank of Ghana Composite Index of Economic Activity (Nominal),1174.43,real_sector,https://www.bog.gov.gh/economic-data/real-sector/,0,,
2014-07-01,2014,7,Jul,Bank of Ghana Composite Index of Economic Activity (Nominal),1208.08,real_sector,https://www.bog.gov.gh/economic-data/real-sector/,0,,
2014-08-01,2014,8,Aug,Bank of Ghana Composite Index of Economic Activity (Nominal),1186.72,real_sector,https://www.bog.gov.gh/economic-data/real-sector/,0,,
2014-09-01,2014,9,Sep,Bank of Ghana Composite Index of Economic Activity (Nominal),1181.7,real_sector,https://www.bog.gov.gh/economic-data/real-sector/,0,,
2014-10-01,2014,10,Oct,Bank of Ghana Composite Index of Economic Activity (Nominal),1204.1,real_sector,https://www.bog.gov.gh/economic-data/real-sector/,0,,
2014-11-01,2014,11,Nov,Bank of Ghana Composite Index of Economic Activity (Nominal),1221.81,real_sector,https://www.bog.gov.gh/economic-data/real-sector/,0,,
2014-12-01,2014,12,Dec,Bank of Ghana Composite Index of Economic Activity (Nominal),1240.74,real_sector,https://www.bog.gov.gh/economic-data/real-sector/,0,,
2014-12-31,2014,,,Bank of Ghana Composite Index of Economic Activity (Nominal),1081.14,real_sector,https://www.bog.gov.gh/economic-data/real-sector/,0,,
2015-01-01,2015,1,Jan,Bank of Ghana Composite Index of Economic Activity (Nominal),1228.8,real_sector,https://www.bog.gov.gh/economic-data/real-sector/,0,,
2015-02-01,2015,2,Feb,Bank of Ghana Composite Index of Economic Activity (Nominal),1185.51,real_sector,https://www.bog.gov.gh/economic-data/real-sector/,0,,
2015-03-01,2015,3,Mar,Bank of Ghana Composite Index of Economic Activity (Nominal),1273.45,real_sector,https://www.bog.gov.gh/economic-data/real-sector/,0,,
2015-04-01,2015,4,Apr,Bank of Ghana Composite Index of Economic Activity (Nominal),1315.38,real_sector,https://www.bog.gov.gh/economic-data/real-sector/,0,,
2015-05-01,2015,5,May,Bank of Ghana Composite Index of Economic Activity (Nominal),1318.3,real_sector,https://www.bog.gov.gh/economic-data/real-sector/,0,,
2015-06-01,2015,6,Jun,Bank of Ghana Composite Index of Economic Activity (Nominal),1333.9,real_sector,https://www.bog.gov.gh/economic-data/real-sector/,0,,
2015-07-01,2015,7,Jul,Bank of Ghana Composite Index of Economic Activity (Nominal),1305.19,real_sector,https://www.bog.gov.gh/economic-data/real-sector/,0,,
2015-08-01,2015,8,Aug,Bank of Ghana Composite Index of Economic Activity (Nominal),1358.28,real_sector,https://www.bog.gov.gh/economic-data/real-sector/,0,,
2015-09-01,2015,9,Sep,Bank of Ghana Composite Index of Economic Activity (Nominal),1338.35,real_sector,https://www.bog.gov.gh/economic-data/real-sector/,0,,
2015-10-01,2015,10,Oct,Bank of Ghana Composite Index of Economic Activity (Nominal),1416.69,real_sector,https://www.bog.gov.gh/economic-data/real-sector/,0,,
2015-11-01,2015,11,Nov,Bank of Ghana Composite Index of Economic Activity (Nominal),1408.39,real_sector,https://www.bog.gov.gh/economic-data/real-sector/,0,,
2015-12-01,2015,12,Dec,Bank of Ghana Composite Index of Economic Activity (Nominal),1430.58,real_sector,https://www.bog.gov.gh/economic-data/real-sector/,0,,
2015-12-31,2015,,,Bank of Ghana Composite Index of Economic Activity (Nominal),1228.8,real_sector,https://www.bog.gov.gh/economic-data/real-sector/,0,,
2016-01-01,2016,1,Jan,Bank of Ghana Composite Index of Economic Activity (Nominal),1431.36,real_sector,https://www.bog.gov.gh/economic-data/real-sector/,0,,
2016-02-01,2016,2,Feb,Bank of Ghana Composite Index of Economic Activity (Nominal),1434.29,real_sector,https://www.bog.gov.gh/economic-data/real-sector/,0,,
2016-03-01,2016,3,Mar,Bank of Ghana Composite Index of Economic Activity (Nominal),1434.58,real_sector,https://www.bog.gov.gh/economic-data/real-sector/,0,,
2016-04-01,2016,4,Apr,Bank of Ghana Composite Index of Economic Activity (Nominal),1418.58,real_sector,https://www.bog.gov.gh/economic-data/real-sector/,0,,
2016-05-01,2016,5,May,Bank of Ghana Composite Index of Economic Activity (Nominal),1518.12,real_sector,https://www.bog.gov.gh/economic-data/real-sector/,0,,
2016-06-01,2016,6,Jun,Bank of Ghana Composite Index of Economic Activity (Nominal),1512.81,real_sector,https://www.bog.gov.gh/economic-data/real-sector/,0,,
2016-07-01,2016,7,Jul,Bank of Ghana Composite Index of Economic Activity (Nominal),1517.32,real_sector,https://www.bog.gov.gh/economic-data/real-sector/,0,,
2016-08-01,2016,8,Aug,Bank of Ghana Composite Index of Economic Activity (Nominal),1542.35,real_sector,https://www.bog.gov.gh/economic-data/real-sector/,0,,
2016-09-01,2016,9,Sep,Bank of Ghana Composite Index of Economic Activity (Nominal),1496.74,real_sector,https://www.bog.gov.gh/economic-data/real-sector/,0,,
2016-10-01,2016,10,Oct,Bank of Ghana Composite Index of Economic Activity (Nominal),1474.7,real_sector,https://www.bog.gov.gh/economic-data/real-sector/,0,,
2016-11-01,2016,11,Nov,Bank of Ghana Composite Index of Economic Activity (Nominal),1511.31,real_sector,https://www.bog.gov.gh/economic-data/real-sector/,0,,
2016-12-01,2016,12,Dec,Bank of Ghana Composite Index of Economic Activity (Nominal),1585.1,real_sector,https://www.bog.gov.gh/economic-data/real-sector/,0,,
2016-12-31,2016,,,Bank of Ghana Composite Index of Economic Activity (Nominal),1431.36,real_sector,https://www.bog.gov.gh/economic-data/real-sector/,0,,
2017-01-01,2017,1,Jan,Bank of Ghana Composite Index of Economic Activity (Nominal),1626.9,real_sector,https://www.bog.gov.gh/economic-data/real-sector/,0,,
2017-02-01,2017,2,Feb,Bank of Ghana Composite Index of Economic Activity (Nominal),1560.25,real_sector,https://www.bog.gov.gh/economic-data/real-sector/,0,,
2017-03-01,2017,3,Mar,Bank of Ghana Composite Index of Economic Activity (Nominal),1624.14,real_sector,https://www.bog.gov.gh/economic-data/real-sector/,0,,
2017-04-01,2017,4,Apr,Bank of Ghana Composite Index of Economic Activity (Nominal),1639.56,real_sector,https://www.bog.gov.gh/economic-data/real-sector/,0,,
2017-05-01,2017,5,May,Bank of Ghana Composite Index of Economic Activity (Nominal),1685.44,real_sector,https://www.bog.gov.gh/economic-data/real-sector/,0,,
2017-06-01,2017,6,Jun,Bank of Ghana Composite Index of Economic Activity (Nominal),1660.0,real_sector,https://www.bog.gov.gh/economic-data/real-sector/,0,,
2017-07-01,2017,7,Jul,Bank of Ghana Composite Index of Economic Activity (Nominal),1684.6,real_sector,https://www.bog.gov.gh/economic-data/real-sector/,0,,
2017-08-01,2017,8,Aug,Bank of Ghana Composite Index of Economic Activity (Nominal),1714.19,real_sector,https://www.bog.gov.gh/economic-data/real-sector/,0,,
2017-09-01,2017,9,Sep,Bank of Ghana Composite Index of Economic Activity (Nominal),1644.03,real_sector,https://www.bog.gov.gh/economic-data/real-sector/,0,,
2017-10-01,2017,10,Oct,Bank of Ghana Composite Index of Economic Activity (Nominal),1681.76,real_sector,https://www.bog.gov.gh/economic-data/real-sector/,0,,
2017-11-01,2017,11,Nov,Bank of Ghana Composite Index of Economic Activity (Nominal),1746.23,real_sector,https://www.bog.gov.gh/economic-data/real-sector/,0,,
2017-12-01,2017,12,Dec,Bank of Ghana Composite Index of Economic Activity (Nominal),1792.6,real_sector,https://www.bog.gov.gh/economic-data/real-sector/,0,,
2017-12-31,2017,,,Bank of Ghana Composite Index of Economic Activity (Nominal),1626.9,real_sector,https://www.bog.gov.gh/economic-data/real-sector/,0,,
2018-01-01,2018,1,Jan,Bank of Ghana Composite Index of Economic Activity (Nominal),1776.34,real_sector,https://www.bog.gov.gh/economic-data/real-sector/,0,,
2018-02-01,2018,2,Feb,Bank of Ghana Composite Index of Economic Activity (Nominal),1706.34,real_sector,https://www.bog.gov.gh/economic-data/real-sector/,0,,
2018-03-01,2018,3,Mar,Bank of Ghana Composite Index of Economic Activity (Nominal),1751.11,real_sector,https://www.bog.gov.gh/economic-data/real-sector/,0,,
2018-04-01,2018,4,Apr,Bank of Ghana Composite Index of Economic Activity (Nominal),1764.66,real_sector,https://www.bog.gov.gh/economic-data/real-sector/,0,,
2018-05-01,2018,5,May,Bank of Ghana Composite Index of Economic Activity (Nominal),1809.96,real_sector,https://www.bog.gov.gh/economic-data/real-sector/,0,,
2018-06-01,2018,6,Jun,Bank of Ghana Composite Index of Economic Activity (Nominal),1793.27,real_sector,https://www.bog.gov.gh/economic-data/real-sector/,0,,
2018-07-01,2018,7,Jul,Bank of Ghana Composite Index of Economic Activity (Nominal),1822.53,real_sector,https://www.bog.gov.gh/economic-data/real-sector/,0,,
2018-08-01,2018,8,Aug,Bank of Ghana Composite Index of Economic Activity (Nominal),1759.53,real_sector,https://www.bog.gov.gh/economic-data/real-sector/,0,,
2018-09-01,2018,9,Sep,Bank of Ghana Composite Index of Economic Activity (Nominal),1751.81,real_sector,https://www.bog.gov.gh/economic-data/real-sector/,0,,
2018-10-01,2018,10,Oct,Bank of Ghana Composite Index of Economic Activity (Nominal),1778.18,real_sector,https://www.bog.gov.gh/economic-data/real-sector/,0,,
2018-11-01,2018,11,Nov,Bank of Ghana Composite Index of Economic Activity (Nominal),1825.0,real_sector,https://www.bog.gov.gh/economic-data/real-sector/,0,,
2018-12-01,2018,12,Dec,Bank of Ghana Composite Index of Economic Activity (Nominal),1841.87,real_sector,https://www.bog.gov.gh/economic-data/real-sector/,0,,
2018-12-31,2018,,,Bank of Ghana Composite Index of Economic Activity (Nominal),1776.34,real_sector,https://www.bog.gov.gh/economic-data/real-sector/,0,,
2019-01-01,2019,1,Jan,Bank of Ghana Composite Index of Economic Activity (Nominal),1842.79,real_sector,https://www.bog.gov.gh/economic-data/real-sector/,0,,
2019-02-01,2019,2,Feb,Bank of Ghana Composite Index of Economic Activity (Nominal),1799.7,real_sector,https://www.bog.gov.gh/economic-data/real-sector/,0,,
2019-03-01,2019,3,Mar,Bank of Ghana Composite Index of Economic Activity (Nominal),1848.47,real_sector,https://www.bog.gov.gh/economic-data/real-sector/,0,,
2019-04-01,2019,4,Apr,Bank of Ghana Composite Index of Economic Activity (Nominal),1843.23,real_sector,https://www.bog.gov.gh/economic-data/real-sector/,0,,
2019-05-01,2019,5,May,Bank of Ghana Composite Index of Economic Activity (Nominal),1907.98,real_sector,https://www.bog.gov.gh/economic-data/real-sector/,0,,
2019-06-01,2019,6,Jun,Bank of Ghana Composite Index of Economic Activity (Nominal),1864.15,real_sector,https://www.bog.gov.gh/economic-data/real-sector/,0,,
2019-07-01,2019,7,Jul,Bank of Ghana Composite Index of Economic Activity (Nominal),1901.28,real_sector,https://www.bog.gov.gh/economic-data/real-sector/,0,,
2019-08-01,2019,8,Aug,Bank of Ghana Composite Index of Economic Activity (Nominal),1898.7,real_sector,https://www.bog.gov.gh/economic-data/real-sector/,0,,
2019-09-01,2019,9,Sep,Bank of Ghana Composite Index of Economic Activity (Nominal),1900.26,real_sector,https://www.bog.gov.gh/economic-data/real-sector/,0,,
2019-10-01,2019,10,Oct,Bank of Ghana Composite Index of Economic Activity (Nominal),1990.54,real_sector,https://www.bog.gov.gh/economic-data/real-sector/,0,,
2019-11-01,2019,11,Nov,Bank of Ghana Composite Index of Economic Activity (Nominal),1996.34,real_sector,https://www.bog.gov.gh/economic-data/real-sector/,0,,
2019-12-01,2019,12,Dec,Bank of Ghana Composite Index of Economic Activity (Nominal),2176.69,real_sector,https://www.bog.gov.gh/economic-data/real-sector/,0,,
2019-12-31,2019,,,Bank of Ghana Composite Index of Economic Activity (Nominal),1842.79,real_sector,https://www.bog.gov.gh/economic-data/real-sector/,0,,
2020-01-01,2020,1,Jan,Bank of Ghana Composite Index of Economic Activity (Nominal),2041.38,real_sector,https://www.bog.gov.gh/economic-data/real-sector/,0,,
2020-02-01,2020,2,Feb,Bank of Ghana Composite Index of Economic Activity (Nominal),2039.5,real_sector,https://www.bog.gov.gh/economic-data/real-sector/,0,,
2020-03-01,2020,3,Mar,Bank of Ghana Composite Index of Economic Activity (Nominal),1937.52,real_sector,https://www.bog.gov.gh/economic-data/real-sector/,0,,
2020-04-01,2020,4,Apr,Bank of Ghana Composite Index of Economic Activity (Nominal),1811.78,real_sector,https://www.bog.gov.gh/economic-data/real-sector/,0,,
2020-05-01,2020,5,May,Bank of Ghana Composite Index of Economic Activity (Nominal),1879.0,real_sector,https://www.bog.gov.gh/economic-data/real-sector/,0,,
2020-06-01,2020,6,Jun,Bank of Ghana Composite Index of Economic Activity (Nominal),2053.5,real_sector,https://www.bog.gov.gh/economic-data/real-sector/,0,,
2020-07-01,2020,7,Jul,Bank of Ghana Composite Index of Economic Activity (Nominal),2089.86,real_sector,https://www.bog.gov.gh/economic-data/real-sector/,0,,
2020-08-01,2020,8,Aug,Bank of Ghana Composite Index of Economic Activity (Nominal),2127.4,real_sector,https://www.bog.gov.gh/economic-data/real-sector/,0,,
2020-09-01,2020,9,Sep,Bank of Ghana Composite Index of Economic Activity (Nominal),2183.56,real_sector,https://www.bog.gov.gh/economic-data/real-sector/,0,,
2020-10-01,2020,10,Oct,Bank of Ghana Composite Index of Economic Activity (Nominal),2291.07,real_sector,https://www.bog.gov.gh/economic-data/real-sector/,0,,
2020-11-01,2020,11,Nov,Bank of Ghana Composite Index of Economic Activity (Nominal),2296.84,real_sector,https://www.bog.gov.gh/economic-data/real-sector/,0,,
2020-12-01,2020,12,Dec,Bank of Ghana Composite Index of Economic Activity (Nominal),2446.56,real_sector,https://www.bog.gov.gh/economic-data/real-sector/,0,,
2020-12-31,2020,,,Bank of Ghana Composite Index of Economic Activity (Nominal),2041.38,real_sector,https://www.bog.gov.gh/economic-data/real-sector/,0,,
2021-01-01,2021,1,Jan,Bank of Ghana Composite Index of Economic Activity (Nominal),2369.53,real_sector,https://www.bog.gov.gh/economic-data/real-sector/,0,,
2021-02-01,2021,2,Feb,Bank of Ghana Composite Index of Economic Activity (Nominal),2341.82,real_sector,https://www.bog.gov.gh/economic-data/real-sector/,0,,
2021-03-01,2021,3,Mar,Bank of Ghana Composite Index of Economic Activity (Nominal),2446.73,real_sector,https://www.bog.gov.gh/economic-data/real-sector/,0,,
2021-04-01,2021,4,Apr,Bank of Ghana Composite Index of Economic Activity (Nominal),2458.68,real_sector,https://www.bog.gov.gh/economic-data/real-sector/,0,,
2021-05-01,2021,5,May,Bank of Ghana Composite Index of Economic Activity (Nominal),2451.64,real_sector,https://www.bog.gov.gh/economic-data/real-sector/,0,,
2021-06-01,2021,6,Jun,Bank of Ghana Composite Index of Economic Activity (Nominal),2472.04,real_sector,https://www.bog.gov.gh/economic-data/real-sector/,0,,
2021-07-01,2021,7,Jul,Bank of Ghana Composite Index of Economic Activity (Nominal),2540.37,real_sector,https://www.bog.gov.gh/economic-data/real-sector/,0,,
2021-08-01,2021,8,Aug,Bank of Ghana Composite Index of Economic Activity (Nominal),2498.84,real_sector,https://www.bog.gov.gh/economic-data/real-sector/,0,,
2021-09-01,2021,9,Sep,Bank of Ghana Composite Index of Economic Activity (Nominal),2513.31,real_sector,https://www.bog.gov.gh/economic-data/real-sector/,0,,
2021-10-01,2021,10,Oct,Bank of Ghana Composite Index of Economic Activity (Nominal),2518.31,real_sector,https://www.bog.gov.gh/economic-data/real-sector/,0,,
2021-11-01,2021,11,Nov,Bank of Ghana Composite Index of Economic Activity (Nominal),2637.07,real_sector,https://www.bog.gov.gh/economic-data/real-sector/,0,,
2021-12-01,2021,12,Dec,Bank of Ghana Composite Index of Economic Activity (Nominal),2708.62,real_sector,https://www.bog.gov.gh/economic-data/real-sector/,0,,
2021-12-31,2021,,,Bank of Ghana Composite Index of Economic Activity (Nominal),2369.53,real_sector,https://www.bog.gov.gh/economic-data/real-sector/,0,,
2022-01-01,2022,1,Jan,Bank of Ghana Composite Index of Economic Activity (Nominal),2633.3,real_sector,https://www.bog.gov.gh/economic-data/real-sector/,0,,
2022-02-01,2022,2,Feb,Bank of Ghana Composite Index of Economic Activity (Nominal),2636.15,real_sector,https://www.bog.gov.gh/economic-data/real-sector/,0,,
2022-03-01,2022,3,Mar,Bank of Ghana Composite Index of Economic Activity (Nominal),2832.38,real_sector,https://www.bog.gov.gh/economic-data/real-sector/,0,,
2022-04-01,2022,4,Apr,Bank of Ghana Composite Index of Economic Activity (Nominal),2836.46,real_sector,https://www.bog.gov.gh/economic-data/real-sector/,0,,
2022-05-01,2022,5,May,Bank of Ghana Composite Index of Economic Activity (Nominal),2851.62,real_sector,https://www.bog.gov.gh/economic-data/real-sector/,0,,
2022-06-01,2022,6,Jun,Bank of Ghana Composite Index of Economic Activity (Nominal),2911.72,real_sector,https://www.bog.gov.gh/economic-data/real-sector/,0,,
2022-07-01,2022,7,Jul,Bank of Ghana Composite Index of Economic Activity (Nominal),2977.69,real_sector,https://www.bog.gov.gh/economic-data/real-sector/,0,,
2022-08-01,2022,8,Aug,Bank of Ghana Composite Index of Economic Activity (Nominal),2922.91,real_sector,https://www.bog.gov.gh/economic-data/real-sector/,0,,
2022-09-01,2022,9,Sep,Bank of Ghana Composite Index of Economic Activity (Nominal),2975.85,real_sector,https://www.bog.gov.gh/economic-data/real-sector/,0,,
2022-10-01,2022,10,Oct,Bank of Ghana Composite Index of Economic Activity (Nominal),3077.77,real_sector,https://www.bog.gov.gh/economic-data/real-sector/,0,,
2022-11-01,2022,11,Nov,Bank of Ghana Composite Index of Economic Activity (Nominal),3167.23,real_sector,https://www.bog.gov.gh/economic-data/real-sector/,0,,
2022-12-01,2022,12,Dec,Bank of Ghana Composite Index of Economic Activity (Nominal),0.0,real_sector,https://www.bog.gov.gh/economic-data/real-sector/,0,,
2022-12-31,2022,,,Bank of Ghana Composite Index of Economic Activity (Nominal),2633.3,real_sector,https://www.bog.gov.gh/economic-data/real-sector/,0,,
2023-01-01,2023,1,Jan,Bank of Ghana Composite Index of Economic Activity (Nominal),3058.46,real_sector,https://www.bog.gov.gh/economic-data/real-sector/,0,,
2023-02-01,2023,2,Feb,Bank of Ghana Composite Index of Economic Activity (Nominal),3032.01,real_sector,https://www.bog.gov.gh/economic-data/real-sector/,0,,
2023-03-01,2023,3,Mar,Bank of Ghana Composite Index of Economic Activity (Nominal),3194.28,real_sector,https://www.bog.gov.gh/economic-data/real-sector/,0,,
2023-04-01,2023,4,Apr,Bank of Ghana Composite Index of Economic Activity (Nominal),0.0,real_sector,https://www.bog.gov.gh/economic-data/real-sector/,0,,
2023-05-01,2023,5,May,Bank of Ghana Composite Index of Economic Activity (Nominal),0.0,real_sector,https://www.bog.gov.gh/economic-data/real-sector/,0,,
2023-06-01,2023,6,Jun,Bank of Ghana Composite Index of Economic Activity (Nominal),0.0,real_sector,https://www.bog.gov.gh/economic-data/real-sector/,0,,
2023-07-01,2023,7,Jul,Bank of Ghana Composite Index of Economic Activity (Nominal),0.0,real_sector,https://www.bog.gov.gh/economic-data/real-sector/,0,,
2023-08-01,2023,8,Aug,Bank of Ghana Composite Index of Economic Activity (Nominal),0.0,real_sector,https://www.bog.gov.gh/economic-data/real-sector/,0,,
2023-09-01,2023,9,Sep,Bank of Ghana Composite Index of Economic Activity (Nominal),0.0,real_sector,https://www.bog.gov.gh/economic-data/real-sector/,0,,
2023-10-01,2023,10,Oct,Bank of Ghana Composite Index of Economic Activity (Nominal),0.0,real_sector,https://www.bog.gov.gh/economic-data/real-sector/,0,,
2023-11-01,2023,11,Nov,Bank of Ghana Composite Index of Economic Activity (Nominal),0.0,real_sector,https://www.bog.gov.gh/economic-data/real-sector/,0,,
2023-12-01,2023,12,Dec,Bank of Ghana Composite Index of Economic Activity (Nominal),0.0,real_sector,https://www.bog.gov.gh/economic-data/real-sector/,0,,
2023-12-31,2023,,,Bank of Ghana Composite Index of Economic Activity (Nominal),3058.46,real_sector,https://www.bog.gov.gh/economic-data/real-sector/,0,,
2001-01-01,2001,1,Jan,Bank of Ghana Composite Index of Economic Activity (Real Growth) (%),0.0,real_sector,https://www.bog.gov.gh/economic-data/real-sector/,0,,
2001-02-01,2001,2,Feb,Bank of Ghana Composite Index of Economic Activity (Real Growth) (%),4.31,real_sector,https://www.bog.gov.gh/economic-data/real-sector/,0,,
2001-03-01,2001,3,Mar,Bank of Ghana Composite Index of Economic Activity (Real Growth) (%),10.6,real_sector,https://www.bog.gov.gh/economic-data/real-sector/,0,,
2001-04-01,2001,4,Apr,Bank of Ghana Composite Index of Economic Activity (Real Growth) (%),3.09,real_sector,https://www.bog.gov.gh/economic-data/real-sector/,0,,
2001-05-01,2001,5,May,Bank of Ghana Composite Index of Economic Activity (Real Growth) (%),5.2,real_sector,https://www.bog.gov.gh/economic-data/real-sector/,0,,
2001-06-01,2001,6,Jun,Bank of Ghana Composite Index of Economic Activity (Real Growth) (%),0.4,real_sector,https://www.bog.gov.gh/economic-data/real-sector/,0,,
2001-07-01,2001,7,Jul,Bank of Ghana Composite Index of Economic Activity (Real Growth) (%),-0.85,real_sector,https://www.bog.gov.gh/economic-data/real-sector/,0,,
2001-08-01,2001,8,Aug,Bank of Ghana Composite Index of Economic Activity (Real Growth) (%),3.4,real_sector,https://www.bog.gov.gh/economic-data/real-sector/,0,,
2001-09-01,2001,9,Sep,Bank of Ghana Composite Index of Economic Activity (Real Growth) (%),0.46,real_sector,https://www.bog.gov.gh/economic-data/real-sector/,0,,
2001-10-01,2001,10,Oct,Bank of Ghana Composite Index of Economic Activity (Real Growth) (%),5.4,real_sector,https://www.bog.gov.gh/economic-data/real-sector/,0,,
2001-11-01,2001,11,Nov,Bank of Ghana Composite Index of Economic Activity (Real Growth) (%),3.32,real_sector,https://www.bog.gov.gh/economic-data/real-sector/,0,,
2001-12-01,2001,12,Dec,Bank of Ghana Composite Index of Economic Activity (Real Growth) (%),4.47,real_sector,https://www.bog.gov.gh/economic-data/real-sector/,0,,
2001-12-31,2001,,,Bank of Ghana Composite Index of Economic Activity (Real Growth) (%),0.0,real_sector,https://www.bog.gov.gh/economic-data/real-sector/,0,,
2002-01-01,2002,1,Jan,Bank of Ghana Composite Index of Economic Activity (Real Growth) (%),-1.38,real_sector,https://www.bog.gov.gh/economic-data/real-sector/,0,,
2002-02-01,2002,2,Feb,Bank of Ghana Composite Index of Economic Activity (Real Growth) (%),-1.05,real_sector,https://www.bog.gov.gh/economic-data/real-sector/,0,,
2002-03-01,2002,3,Mar,Bank of Ghana Composite Index of Economic Activity (Real Growth) (%),-1.5,real_sector,https://www.bog.gov.gh/economic-data/real-sector/,0,,
2002-04-01,2002,4,Apr,Bank of Ghana Composite Index of Economic Activity (Real Growth) (%),7.89,real_sector,https://www.bog.gov.gh/economic-data/real-sector/,0,,
2002-05-01,2002,5,May,Bank of Ghana Composite Index of Economic Activity (Real Growth) (%),2.52,real_sector,https://www.bog.gov.gh/economic-data/real-sector/,0,,
2002-06-01,2002,6,Jun,Bank of Ghana Composite Index of Economic Activity (Real Growth) (%),6.18,real_sector,https://www.bog.gov.gh/economic-data/real-sector/,0,,
2002-07-01,2002,7,Jul,Bank of Ghana Composite Index of Economic Activity (Real Growth) (%),12.24,real_sector,https://www.bog.gov.gh/economic-data/real-sector/,0,,
2002-08-01,2002,8,Aug,Bank of Ghana Composite Index of Economic Activity (Real Growth) (%),2.59,real_sector,https://www.bog.gov.gh/economic-data/real-sector/,0,,
2002-09-01,2002,9,Sep,Bank of Ghana Composite Index of Economic Activity (Real Growth) (%),13.68,real_sector,https://www.bog.gov.gh/economic-data/real-sector/,0,,
2002-10-01,2002,10,Oct,Bank of Ghana Composite Index of Economic Activity (Real Growth) (%),8.85,real_sector,https://www.bog.gov.gh/economic-data/real-sector/,0,,
2002-11-01,2002,11,Nov,Bank of Ghana Composite Index of Economic Activity (Real Growth) (%),17.91,real_sector,https://www.bog.gov.gh/economic-data/real-sector/,0,,
2002-12-01,2002,12,Dec,Bank of Ghana Composite Index of Economic Activity (Real Growth) (%),14.8,real_sector,https://www.bog.gov.gh/economic-data/real-sector/,0,,
2002-12-31,2002,,,Bank of Ghana Composite Index of Economic Activity (Real Growth) (%),-1.38,real_sector,https://www.bog.gov.gh/economic-data/real-sector/,0,,
2003-01-01,2003,1,Jan,Bank of Ghana Composite Index of Economic Activity (Real Growth) (%),14.69,real_sector,https://www.bog.gov.gh/economic-data/real-sector/,0,,
2003-02-01,2003,2,Feb,Bank of Ghana Composite Index of Economic Activity (Real Growth) (%),13.22,real_sector,https://www.bog.gov.gh/economic-data/real-sector/,0,,
2003-03-01,2003,3,Mar,Bank of Ghana Composite Index of Economic Activity (Real Growth) (%),7.01,real_sector,https://www.bog.gov.gh/economic-data/real-sector/,0,,
2003-04-01,2003,4,Apr,Bank of Ghana Composite Index of Economic Activity (Real Growth) (%),3.67,real_sector,https://www.bog.gov.gh/economic-data/real-sector/,0,,
2003-05-01,2003,5,May,Bank of Ghana Composite Index of Economic Activity (Real Growth) (%),5.09,real_sector,https://www.bog.gov.gh/economic-data/real-sector/,0,,
2003-06-01,2003,6,Jun,Bank of Ghana Composite Index of Economic Activity (Real Growth) (%),6.76,real_sector,https://www.bog.gov.gh/economic-data/real-sector/,0,,
2003-07-01,2003,7,Jul,Bank of Ghana Composite Index of Economic Activity (Real Growth) (%),9.87,real_sector,https://www.bog.gov.gh/economic-data/real-sector/,0,,
2003-08-01,2003,8,Aug,Bank of Ghana Composite Index of Economic Activity (Real Growth) (%),11.69,real_sector,https://www.bog.gov.gh/economic-data/real-sector/,0,,
2003-09-01,2003,9,Sep,Bank of Ghana Composite Index of Economic Activity (Real Growth) (%),9.21,real_sector,https://www.bog.gov.gh/economic-data/real-sector/,0,,
2003-10-01,2003,10,Oct,Bank of Ghana Composite Index of Economic Activity (Real Growth) (%),12.47,real_sector,https://www.bog.gov.gh/economic-data/real-sector/,0,,
2003-11-01,2003,11,Nov,Bank of Ghana Composite Index of Economic Activity (Real Growth) (%),-0.64,real_sector,https://www.bog.gov.gh/economic-data/real-sector/,0,,
2003-12-01,2003,12,Dec,Bank of Ghana Composite Index of Economic Activity (Real Growth) (%),6.76,real_sector,https://www.bog.gov.gh/economic-data/real-sector/,0,,
2003-12-31,2003,,,Bank of Ghana Composite Index of Economic Activity (Real Growth) (%),14.69,real_sector,https://www.bog.gov.gh/economic-data/real-sector/,0,,
2004-01-01,2004,1,Jan,Bank of Ghana Composite Index of Economic Activity (Real Growth) (%),8.54,real_sector,https://www.bog.gov.gh/economic-data/real-sector/,0,,
2004-02-01,2004,2,Feb,Bank of Ghana Composite Index of Economic Activity (Real Growth) (%),15.09,real_sector,https://www.bog.gov.gh/economic-data/real-sector/,0,,
2004-03-01,2004,3,Mar,Bank of Ghana Composite Index of Economic Activity (Real Growth) (%),18.96,real_sector,https://www.bog.gov.gh/economic-data/real-sector/,0,,
2004-04-01,2004,4,Apr,Bank of Ghana Composite Index of Economic Activity (Real Growth) (%),21.47,real_sector,https://www.bog.gov.gh/economic-data/real-sector/,0,,
2004-05-01,2004,5,May,Bank of Ghana Composite Index of Economic Activity (Real Growth) (%),15.3,real_sector,https://www.bog.gov.gh/economic-data/real-sector/,0,,
2004-06-01,2004,6,Jun,Bank of Ghana Composite Index of Economic Activity (Real Growth) (%),18.17,real_sector,https://www.bog.gov.gh/economic-data/real-sector/,0,,
2004-07-01,2004,7,Jul,Bank of Ghana Composite Index of Economic Activity (Real Growth) (%),20.97,real_sector,https://www.bog.gov.gh/economic-data/real-sector/,0,,
2004-08-01,2004,8,Aug,Bank of Ghana Composite Index of Economic Activity (Real Growth) (%),11.01,real_sector,https://www.bog.gov.gh/economic-data/real-sector/,0,,
2004-09-01,2004,9,Sep,Bank of Ghana Composite Index of Economic Activity (Real Growth) (%),11.65,real_sector,https://www.bog.gov.gh/economic-data/real-sector/,0,,
2004-10-01,2004,10,Oct,Bank of Ghana Composite Index of Economic Activity (Real Growth) (%),12.0,real_sector,https://www.bog.gov.gh/economic-data/real-sector/,0,,
2004-11-01,2004,11,Nov,Bank of Ghana Composite Index of Economic Activity (Real Growth) (%),17.85,real_sector,https://www.bog.gov.gh/economic-data/real-sector/,0,,
2004-12-01,2004,12,Dec,Bank of Ghana Composite Index of Economic Activity (Real Growth) (%),6.84,real_sector,https://www.bog.gov.gh/economic-data/real-sector/,0,,
2004-12-31,2004,,,Bank of Ghana Composite Index of Economic Activity (Real Growth) (%),8.54,real_sector,https://www.bog.gov.gh/economic-data/real-sector/,0,,
2005-01-01,2005,1,Jan,Bank of Ghana Composite Index of Economic Activity (Real Growth) (%),6.23,real_sector,https://www.bog.gov.gh/economic-data/real-sector/,0,,
2005-02-01,2005,2,Feb,Bank of Ghana Composite Index of Economic Activity (Real Growth) (%),8.05,real_sector,https://www.bog.gov.gh/economic-data/real-sector/,0,,
2005-03-01,2005,3,Mar,Bank of Ghana Composite Index of Economic Activity (Real Growth) (%),6.46,real_sector,https://www.bog.gov.gh/economic-data/real-sector/,0,,
2005-04-01,2005,4,Apr,Bank of Ghana Composite Index of Economic Activity (Real Growth) (%),6.05,real_sector,https://www.bog.gov.gh/economic-data/real-sector/,0,,
2005-05-01,2005,5,May,Bank of Ghana Composite Index of Economic Activity (Real Growth) (%),7.45,real_sector,https://www.bog.gov.gh/economic-data/real-sector/,0,,
2005-06-01,2005,6,Jun,Bank of Ghana Composite Index of Economic Activity (Real Growth) (%),3.93,real_sector,https://www.bog.gov.gh/economic-data/real-sector/,0,,
2005-07-01,2005,7,Jul,Bank of Ghana Composite Index of Economic Activity (Real Growth) (%),-0.25,real_sector,https://www.bog.gov.gh/economic-data/real-sector/,0,,
2005-08-01,2005,8,Aug,Bank of Ghana Composite Index of Economic Activity (Real Growth) (%),10.48,real_sector,https://www.bog.gov.gh/economic-data/real-sector/,0,,
2005-09-01,2005,9,Sep,Bank of Ghana Composite Index of Economic Activity (Real Growth) (%),6.27,real_sector,https://www.bog.gov.gh/economic-data/real-sector/,0,,
2005-10-01,2005,10,Oct,Bank of Ghana Composite Index of Economic Activity (Real Growth) (%),2.9,real_sector,https://www.bog.gov.gh/economic-data/real-sector/,0,,
2005-11-01,2005,11,Nov,Bank of Ghana Composite Index of Economic Activity (Real Growth) (%),8.83,real_sector,https://www.bog.gov.gh/economic-data/real-sector/,0,,
2005-12-01,2005,12,Dec,Bank of Ghana Composite Index of Economic Activity (Real Growth) (%),8.45,real_sector,https://www.bog.gov.gh/economic-data/real-sector/,0,,
2005-12-31,2005,,,Bank of Ghana Composite Index of Economic Activity (Real Growth) (%),6.23,real_sector,https://www.bog.gov.gh/economic-data/real-sector/,0,,
2006-01-01,2006,1,Jan,Bank of Ghana Composite Index of Economic Activity (Real Growth) (%),14.53,real_sector,https://www.bog.gov.gh/economic-data/real-sector/,0,,
2006-02-01,2006,2,Feb,Bank of Ghana Composite Index of Economic Activity (Real Growth) (%),12.51,real_sector,https://www.bog.gov.gh/economic-data/real-sector/,0,,
2006-03-01,2006,3,Mar,Bank of Ghana Composite Index of Economic Activity (Real Growth) (%),9.55,real_sector,https://www.bog.gov.gh/economic-data/real-sector/,0,,
2006-04-01,2006,4,Apr,Bank of Ghana Composite Index of Economic Activity (Real Growth) (%),5.33,real_sector,https://www.bog.gov.gh/economic-data/real-sector/,0,,
2006-05-01,2006,5,May,Bank of Ghana Composite Index of Economic Activity (Real Growth) (%),14.61,real_sector,https://www.bog.gov.gh/economic-data/real-sector/,0,,
2006-06-01,2006,6,Jun,Bank of Ghana Composite Index of Economic Activity (Real Growth) (%),17.54,real_sector,https://www.bog.gov.gh/economic-data/real-sector/,0,,
2006-07-01,2006,7,Jul,Bank of Ghana Composite Index of Economic Activity (Real Growth) (%),10.96,real_sector,https://www.bog.gov.gh/economic-data/real-sector/,0,,
2006-08-01,2006,8,Aug,Bank of Ghana Composite Index of Economic Activity (Real Growth) (%),14.12,real_sector,https://www.bog.gov.gh/economic-data/real-sector/,0,,
2006-09-01,2006,9,Sep,Bank of Ghana Composite Index of Economic Activity (Real Growth) (%),5.25,real_sector,https://www.bog.gov.gh/economic-data/real-sector/,0,,
2006-10-01,2006,10,Oct,Bank of Ghana Composite Index of Economic Activity (Real Growth) (%),16.01,real_sector,https://www.bog.gov.gh/economic-data/real-sector/,0,,
2006-11-01,2006,11,Nov,Bank of Ghana Composite Index of Economic Activity (Real Growth) (%),18.73,real_sector,https://www.bog.gov.gh/economic-data/real-sector/,0,,
2006-12-01,2006,12,Dec,Bank of Ghana Composite Index of Economic Activity (Real Growth) (%),15.57,real_sector,https://www.bog.gov.gh/economic-data/real-sector/,0,,
2006-12-31,2006,,,Bank of Ghana Composite Index of Economic Activity (Real Growth) (%),14.53,real_sector,https://www.bog.gov.gh/economic-data/real-sector/,0,,
2007-01-01,2007,1,Jan,Bank of Ghana Composite Index of Economic Activity (Real Growth) (%),9.52,real_sector,https://www.bog.gov.gh/economic-data/real-sector/,0,,
2007-02-01,2007,2,Feb,Bank of Ghana Composite Index of Economic Activity (Real Growth) (%),14.34,real_sector,https://www.bog.gov.gh/economic-data/real-sector/,0,,
2007-03-01,2007,3,Mar,Bank of Ghana Composite Index of Economic Activity (Real Growth) (%),11.18,real_sector,https://www.bog.gov.gh/economic-data/real-sector/,0,,
2007-04-01,2007,4,Apr,Bank of Ghana Composite Index of Economic Activity (Real Growth) (%),19.63,real_sector,https://www.bog.gov.gh/economic-data/real-sector/,0,,
2007-05-01,2007,5,May,Bank of Ghana Composite Index of Economic Activity (Real Growth) (%),16.06,real_sector,https://www.bog.gov.gh/economic-data/real-sector/,0,,
2007-06-01,2007,6,Jun,Bank of Ghana Composite Index of Economic Activity (Real Growth) (%),9.73,real_sector,https://www.bog.gov.gh/economic-data/real-sector/,0,,
2007-07-01,2007,7,Jul,Bank of Ghana Composite Index of Economic Activity (Real Growth) (%),13.33,real_sector,https://www.bog.gov.gh/economic-data/real-sector/,0,,
2007-08-01,2007,8,Aug,Bank of Ghana Composite Index of Economic Activity (Real Growth) (%),17.73,real_sector,https://www.bog.gov.gh/economic-data/real-sector/,0,,
2007-09-01,2007,9,Sep,Bank of Ghana Composite Index of Economic Activity (Real Growth) (%),24.0,real_sector,https://www.bog.gov.gh/economic-data/real-sector/,0,,
2007-10-01,2007,10,Oct,Bank of Ghana Composite Index of Economic Activity (Real Growth) (%),19.81,real_sector,https://www.bog.gov.gh/economic-data/real-sector/,0,,
2007-11-01,2007,11,Nov,Bank of Ghana Composite Index of Economic Activity (Real Growth) (%),17.18,real_sector,https://www.bog.gov.gh/economic-data/real-sector/,0,,
2007-12-01,2007,12,Dec,Bank of Ghana Composite Index of Economic Activity (Real Growth) (%),16.74,real_sector,https://www.bog.gov.gh/economic-data/real-sector/,0,,
2007-12-31,2007,,,Bank of Ghana Composite Index of Economic Activity (Real Growth) (%),9.52,real_sector,https://www.bog.gov.gh/economic-data/real-sector/,0,,
2008-01-01,2008,1,Jan,Bank of Ghana Composite Index of Economic Activity (Real Growth) (%),25.89,real_sector,https://www.bog.gov.gh/economic-data/real-sector/,0,,
2008-02-01,2008,2,Feb,Bank of Ghana Composite Index of Economic Activity (Real Growth) (%),21.48,real_sector,https://www.bog.gov.gh/economic-data/real-sector/,0,,
2008-03-01,2008,3,Mar,Bank of Ghana Composite Index of Economic Activity (Real Growth) (%),20.37,real_sector,https://www.bog.gov.gh/economic-data/real-sector/,0,,
2008-04-01,2008,4,Apr,Bank of Ghana Composite Index of Economic Activity (Real Growth) (%),23.59,real_sector,https://www.bog.gov.gh/economic-data/real-sector/,0,,
2008-05-01,2008,5,May,Bank of Ghana Composite Index of Economic Activity (Real Growth) (%),20.06,real_sector,https://www.bog.gov.gh/economic-data/real-sector/,0,,
2008-06-01,2008,6,Jun,Bank of Ghana Composite Index of Economic Activity (Real Growth) (%),21.89,real_sector,https://www.bog.gov.gh/economic-data/real-sector/,0,,
2008-07-01,2008,7,Jul,Bank of Ghana Composite Index of Economic Activity (Real Growth) (%),30.75,real_sector,https://www.bog.gov.gh/economic-data/real-sector/,0,,
2008-08-01,2008,8,Aug,Bank of Ghana Composite Index of Economic Activity (Real Growth) (%),11.35,real_sector,https://www.bog.gov.gh/economic-data/real-sector/,0,,
2008-09-01,2008,9,Sep,Bank of Ghana Composite Index of Economic Activity (Real Growth) (%),13.41,real_sector,https://www.bog.gov.gh/economic-data/real-sector/,0,,
2008-10-01,2008,10,Oct,Bank of Ghana Composite Index of Economic Activity (Real Growth) (%),20.32,real_sector,https://www.bog.gov.gh/economic-data/real-sector/,0,,
2008-11-01,2008,11,Nov,Bank of Ghana Composite Index of Economic Activity (Real Growth) (%),13.4,real_sector,https://www.bog.gov.gh/economic-data/real-sector/,0,,
2008-12-01,2008,12,Dec,Bank of Ghana Composite Index of Economic Activity (Real Growth) (%),8.38,real_sector,https://www.bog.gov.gh/economic-data/real-sector/,0,,
2008-12-31,2008,,,Bank of Ghana Composite Index of Economic Activity (Real Growth) (%),25.89,real_sector,https://www.bog.gov.gh/economic-data/real-sector/,0,,
2009-01-01,2009,1,Jan,Bank of Ghana Composite Index of Economic Activity (Real Growth) (%),10.18,real_sector,https://www.bog.gov.gh/economic-data/real-sector/,0,,
2009-02-01,2009,2,Feb,Bank of Ghana Composite Index of Economic Activity (Real Growth) (%),3.17,real_sector,https://www.bog.gov.gh/economic-data/real-sector/,0,,
2009-03-01,2009,3,Mar,Bank of Ghana Composite Index of Economic Activity (Real Growth) (%),7.34,real_sector,https://www.bog.gov.gh/economic-data/real-sector/,0,,
2009-04-01,2009,4,Apr,Bank of Ghana Composite Index of Economic Activity (Real Growth) (%),4.56,real_sector,https://www.bog.gov.gh/economic-data/real-sector/,0,,
2009-05-01,2009,5,May,Bank of Ghana Composite Index of Economic Activity (Real Growth) (%),1.54,real_sector,https://www.bog.gov.gh/economic-data/real-sector/,0,,
2009-06-01,2009,6,Jun,Bank of Ghana Composite Index of Economic Activity (Real Growth) (%),2.53,real_sector,https://www.bog.gov.gh/economic-data/real-sector/,0,,
2009-07-01,2009,7,Jul,Bank of Ghana Composite Index of Economic Activity (Real Growth) (%),-2.14,real_sector,https://www.bog.gov.gh/economic-data/real-sector/,0,,
2009-08-01,2009,8,Aug,Bank of Ghana Composite Index of Economic Activity (Real Growth) (%),-0.98,real_sector,https://www.bog.gov.gh/economic-data/real-sector/,0,,
2009-09-01,2009,9,Sep,Bank of Ghana Composite Index of Economic Activity (Real Growth) (%),3.63,real_sector,https://www.bog.gov.gh/economic-data/real-sector/,0,,
2009-10-01,2009,10,Oct,Bank of Ghana Composite Index of Economic Activity (Real Growth) (%),2.92,real_sector,https://www.bog.gov.gh/economic-data/real-sector/,0,,
2009-11-01,2009,11,Nov,Bank of Ghana Composite Index of Economic Activity (Real Growth) (%),-0.68,real_sector,https://www.bog.gov.gh/economic-data/real-sector/,0,,
2009-12-01,2009,12,Dec,Bank of Ghana Composite Index of Economic Activity (Real Growth) (%),14.79,real_sector,https://www.bog.gov.gh/economic-data/real-sector/,0,,
2009-12-31,2009,,,Bank of Ghana Composite Index of Economic Activity (Real Growth) (%),10.18,real_sector,https://www.bog.gov.gh/economic-data/real-sector/,0,,
2010-01-01,2010,1,Jan,Bank of Ghana Composite Index of Economic Activity (Real Growth) (%),6.86,real_sector,https://www.bog.gov.gh/economic-data/real-sector/,0,,
2010-02-01,2010,2,Feb,Bank of Ghana Composite Index of Economic Activity (Real Growth) (%),7.04,real_sector,https://www.bog.gov.gh/economic-data/real-sector/,0,,
2010-03-01,2010,3,Mar,Bank of Ghana Composite Index of Economic Activity (Real Growth) (%),7.42,real_sector,https://www.bog.gov.gh/economic-data/real-sector/,0,,
2010-04-01,2010,4,Apr,Bank of Ghana Composite Index of Economic Activity (Real Growth) (%),8.68,real_sector,https://www.bog.gov.gh/economic-data/real-sector/,0,,
2010-05-01,2010,5,May,Bank of Ghana Composite Index of Economic Activity (Real Growth) (%),10.82,real_sector,https://www.bog.gov.gh/economic-data/real-sector/,0,,
2010-06-01,2010,6,Jun,Bank of Ghana Composite Index of Economic Activity (Real Growth) (%),14.86,real_sector,https://www.bog.gov.gh/economic-data/real-sector/,0,,
2010-07-01,2010,7,Jul,Bank of Ghana Composite Index of Economic Activity (Real Growth) (%),7.24,real_sector,https://www.bog.gov.gh/economic-data/real-sector/,0,,
2010-08-01,2010,8,Aug,Bank of Ghana Composite Index of Economic Activity (Real Growth) (%),19.93,real_sector,https://www.bog.gov.gh/economic-data/real-sector/,0,,
2010-09-01,2010,9,Sep,Bank of Ghana Composite Index of Economic Activity (Real Growth) (%),17.91,real_sector,https://www.bog.gov.gh/economic-data/real-sector/,0,,
2010-10-01,2010,10,Oct,Bank of Ghana Composite Index of Economic Activity (Real Growth) (%),12.4,real_sector,https://www.bog.gov.gh/economic-data/real-sector/,0,,
2010-11-01,2010,11,Nov,Bank of Ghana Composite Index of Economic Activity (Real Growth) (%),17.7,real_sector,https://www.bog.gov.gh/economic-data/real-sector/,0,,
2010-12-01,2010,12,Dec,Bank of Ghana Composite Index of Economic Activity (Real Growth) (%),10.54,real_sector,https://www.bog.gov.gh/economic-data/real-sector/,0,,
2010-12-31,2010,,,Bank of Ghana Composite Index of Economic Activity (Real Growth) (%),6.86,real_sector,https://www.bog.gov.gh/economic-data/real-sector/,0,,
2011-01-01,2011,1,Jan,Bank of Ghana Composite Index of Economic Activity (Real Growth) (%),15.3,real_sector,https://www.bog.gov.gh/economic-data/real-sector/,0,,
2011-02-01,2011,2,Feb,Bank of Ghana Composite Index of Economic Activity (Real Growth) (%),15.13,real_sector,https://www.bog.gov.gh/economic-data/real-sector/,0,,
2011-03-01,2011,3,Mar,Bank of Ghana Composite Index of Economic Activity (Real Growth) (%),25.0,real_sector,https://www.bog.gov.gh/economic-data/real-sector/,0,,
2011-04-01,2011,4,Apr,Bank of Ghana Composite Index of Economic Activity (Real Growth) (%),22.65,real_sector,https://www.bog.gov.gh/economic-data/real-sector/,0,,
2011-05-01,2011,5,May,Bank of Ghana Composite Index of Economic Activity (Real Growth) (%),18.04,real_sector,https://www.bog.gov.gh/economic-data/real-sector/,0,,
2011-06-01,2011,6,Jun,Bank of Ghana Composite Index of Economic Activity (Real Growth) (%),20.35,real_sector,https://www.bog.gov.gh/economic-data/real-sector/,0,,
2011-07-01,2011,7,Jul,Bank of Ghana Composite Index of Economic Activity (Real Growth) (%),22.65,real_sector,https://www.bog.gov.gh/economic-data/real-sector/,0,,
2011-08-01,2011,8,Aug,Bank of Ghana Composite Index of Economic Activity (Real Growth) (%),18.83,real_sector,https://www.bog.gov.gh/economic-data/real-sector/,0,,
2011-09-01,2011,9,Sep,Bank of Ghana Composite Index of Economic Activity (Real Growth) (%),22.34,real_sector,https://www.bog.gov.gh/economic-data/real-sector/,0,,
2011-10-01,2011,10,Oct,Bank of Ghana Composite Index of Economic Activity (Real Growth) (%),17.94,real_sector,https://www.bog.gov.gh/economic-data/real-sector/,0,,
2011-11-01,2011,11,Nov,Bank of Ghana Composite Index of Economic Activity (Real Growth) (%),17.11,real_sector,https://www.bog.gov.gh/economic-data/real-sector/,0,,
2011-12-01,2011,12,Dec,Bank of Ghana Composite Index of Economic Activity (Real Growth) (%),14.62,real_sector,https://www.bog.gov.gh/economic-data/real-sector/,0,,
2011-12-31,2011,,,Bank of Ghana Composite Index of Economic Activity (Real Growth) (%),15.3,real_sector,https://www.bog.gov.gh/economic-data/real-sector/,0,,
2012-01-01,2012,1,Jan,Bank of Ghana Composite Index of Economic Activity (Real Growth) (%),59.05,real_sector,https://www.bog.gov.gh/economic-data/real-sector/,0,,
2012-02-01,2012,2,Feb,Bank of Ghana Composite Index of Economic Activity (Real Growth) (%),73.36,real_sector,https://www.bog.gov.gh/economic-data/real-sector/,0,,
2012-03-01,2012,3,Mar,Bank of Ghana Composite Index of Economic Activity (Real Growth) (%),55.13,real_sector,https://www.bog.gov.gh/economic-data/real-sector/,0,,
2012-04-01,2012,4,Apr,Bank of Ghana Composite Index of Economic Activity (Real Growth) (%),49.25,real_sector,https://www.bog.gov.gh/economic-data/real-sector/,0,,
2012-05-01,2012,5,May,Bank of Ghana Composite Index of Economic Activity (Real Growth) (%),61.4,real_sector,https://www.bog.gov.gh/economic-data/real-sector/,0,,
2012-06-01,2012,6,Jun,Bank of Ghana Composite Index of Economic Activity (Real Growth) (%),50.45,real_sector,https://www.bog.gov.gh/economic-data/real-sector/,0,,
2012-07-01,2012,7,Jul,Bank of Ghana Composite Index of Economic Activity (Real Growth) (%),53.32,real_sector,https://www.bog.gov.gh/economic-data/real-sector/,0,,
2012-08-01,2012,8,Aug,Bank of Ghana Composite Index of Economic Activity (Real Growth) (%),47.73,real_sector,https://www.bog.gov.gh/economic-data/real-sector/,0,,
2012-09-01,2012,9,Sep,Bank of Ghana Composite Index of Economic Activity (Real Growth) (%),41.21,real_sector,https://www.bog.gov.gh/economic-data/real-sector/,0,,
2012-10-01,2012,10,Oct,Bank of Ghana Composite Index of Economic Activity (Real Growth) (%),53.73,real_sector,https://www.bog.gov.gh/economic-data/real-sector/,0,,
2012-11-01,2012,11,Nov,Bank of Ghana Composite Index of Economic Activity (Real Growth) (%),53.52,real_sector,https://www.bog.gov.gh/economic-data/real-sector/,0,,
2012-12-01,2012,12,Dec,Bank of Ghana Composite Index of Economic Activity (Real Growth) (%),46.75,real_sector,https://www.bog.gov.gh/economic-data/real-sector/,0,,
2012-12-31,2012,,,Bank of Ghana Composite Index of Economic Activity (Real Growth) (%),59.05,real_sector,https://www.bog.gov.gh/economic-data/real-sector/,0,,
2013-01-01,2013,1,Jan,Bank of Ghana Composite Index of Economic Activity (Real Growth) (%),9.16,real_sector,https://www.bog.gov.gh/economic-data/real-sector/,0,,
2013-02-01,2013,2,Feb,Bank of Ghana Composite Index of Economic Activity (Real Growth) (%),-4.26,real_sector,https://www.bog.gov.gh/economic-data/real-sector/,0,,
2013-03-01,2013,3,Mar,Bank of Ghana Composite Index of Economic Activity (Real Growth) (%),-1.49,real_sector,https://www.bog.gov.gh/economic-data/real-sector/,0,,
2013-04-01,2013,4,Apr,Bank of Ghana Composite Index of Economic Activity (Real Growth) (%),7.92,real_sector,https://www.bog.gov.gh/economic-data/real-sector/,0,,
2013-05-01,2013,5,May,Bank of Ghana Composite Index of Economic Activity (Real Growth) (%),4.04,real_sector,https://www.bog.gov.gh/economic-data/real-sector/,0,,
2013-06-01,2013,6,Jun,Bank of Ghana Composite Index of Economic Activity (Real Growth) (%),1.39,real_sector,https://www.bog.gov.gh/economic-data/real-sector/,0,,
2013-07-01,2013,7,Jul,Bank of Ghana Composite Index of Economic Activity (Real Growth) (%),2.14,real_sector,https://www.bog.gov.gh/economic-data/real-sector/,0,,
2013-08-01,2013,8,Aug,Bank of Ghana Composite Index of Economic Activity (Real Growth) (%),6.21,real_sector,https://www.bog.gov.gh/economic-data/real-sector/,0,,
2013-09-01,2013,9,Sep,Bank of Ghana Composite Index of Economic Activity (Real Growth) (%),7.67,real_sector,https://www.bog.gov.gh/economic-data/real-sector/,0,,
2013-10-01,2013,10,Oct,Bank of Ghana Composite Index of Economic Activity (Real Growth) (%),4.67,real_sector,https://www.bog.gov.gh/economic-data/real-sector/,0,,
2013-11-01,2013,11,Nov,Bank of Ghana Composite Index of Economic Activity (Real Growth) (%),1.47,real_sector,https://www.bog.gov.gh/economic-data/real-sector/,0,,
2013-12-01,2013,12,Dec,Bank of Ghana Composite Index of Economic Activity (Real Growth) (%),2.97,real_sector,https://www.bog.gov.gh/economic-data/real-sector/,0,,
2013-12-31,2013,,,Bank of Ghana Composite Index of Economic Activity (Real Growth) (%),9.16,real_sector,https://www.bog.gov.gh/economic-data/real-sector/,0,,
2014-01-01,2014,1,Jan,Bank of Ghana Composite Index of Economic Activity (Real Growth) (%),3.66,real_sector,https://www.bog.gov.gh/economic-data/real-sector/,0,,
2014-02-01,2014,2,Feb,Bank of Ghana Composite Index of Economic Activity (Real Growth) (%),10.61,real_sector,https://www.bog.gov.gh/economic-data/real-sector/,0,,
2014-03-01,2014,3,Mar,Bank of Ghana Composite Index of Economic Activity (Real Growth) (%),9.94,real_sector,https://www.bog.gov.gh/economic-data/real-sector/,0,,
2014-04-01,2014,4,Apr,Bank of Ghana Composite Index of Economic Activity (Real Growth) (%),2.39,real_sector,https://www.bog.gov.gh/economic-data/real-sector/,0,,
2014-05-01,2014,5,May,Bank of Ghana Composite Index of Economic Activity (Real Growth) (%),8.24,real_sector,https://www.bog.gov.gh/economic-data/real-sector/,0,,
2014-06-01,2014,6,Jun,Bank of Ghana Composite Index of Economic Activity (Real Growth) (%),9.08,real_sector,https://www.bog.gov.gh/economic-data/real-sector/,0,,
2014-07-01,2014,7,Jul,Bank of Ghana Composite Index of Economic Activity (Real Growth) (%),11.14,real_sector,https://www.bog.gov.gh/economic-data/real-sector/,0,,
2014-08-01,2014,8,Aug,Bank of Ghana Composite Index of Economic Activity (Real Growth) (%),3.06,real_sector,https://www.bog.gov.gh/economic-data/real-sector/,0,,
2014-09-01,2014,9,Sep,Bank of Ghana Composite Index of Economic Activity (Real Growth) (%),2.8,real_sector,https://www.bog.gov.gh/economic-data/real-sector/,0,,
2014-10-01,2014,10,Oct,Bank of Ghana Composite Index of Economic Activity (Real Growth) (%),0.4,real_sector,https://www.bog.gov.gh/economic-data/real-sector/,0,,
2014-11-01,2014,11,Nov,Bank of Ghana Composite Index of Economic Activity (Real Growth) (%),4.32,real_sector,https://www.bog.gov.gh/economic-data/real-sector/,0,,
2014-12-01,2014,12,Dec,Bank of Ghana Composite Index of Economic Activity (Real Growth) (%),7.37,real_sector,https://www.bog.gov.gh/economic-data/real-sector/,0,,
2014-12-31,2014,,,Bank of Ghana Composite Index of Economic Activity (Real Growth) (%),3.66,real_sector,https://www.bog.gov.gh/economic-data/real-sector/,0,,
2015-01-01,2015,1,Jan,Bank of Ghana Composite Index of Economic Activity (Real Growth) (%),1.33,real_sector,https://www.bog.gov.gh/economic-data/real-sector/,0,,
2015-02-01,2015,2,Feb,Bank of Ghana Composite Index of Economic Activity (Real Growth) (%),0.86,real_sector,https://www.bog.gov.gh/economic-data/real-sector/,0,,
2015-03-01,2015,3,Mar,Bank of Ghana Composite Index of Economic Activity (Real Growth) (%),2.1,real_sector,https://www.bog.gov.gh/economic-data/real-sector/,0,,
2015-04-01,2015,4,Apr,Bank of Ghana Composite Index of Economic Activity (Real Growth) (%),7.64,real_sector,https://www.bog.gov.gh/economic-data/real-sector/,0,,
2015-05-01,2015,5,May,Bank of Ghana Composite Index of Economic Activity (Real Growth) (%),-1.35,real_sector,https://www.bog.gov.gh/economic-data/real-sector/,0,,
2015-06-01,2015,6,Jun,Bank of Ghana Composite Index of Economic Activity (Real Growth) (%),1.24,real_sector,https://www.bog.gov.gh/economic-data/real-sector/,0,,
2015-07-01,2015,7,Jul,Bank of Ghana Composite Index of Economic Activity (Real Growth) (%),-3.08,real_sector,https://www.bog.gov.gh/economic-data/real-sector/,0,,
2015-08-01,2015,8,Aug,Bank of Ghana Composite Index of Economic Activity (Real Growth) (%),3.77,real_sector,https://www.bog.gov.gh/economic-data/real-sector/,0,,
2015-09-01,2015,9,Sep,Bank of Ghana Composite Index of Economic Activity (Real Growth) (%),3.35,real_sector,https://www.bog.gov.gh/economic-data/real-sector/,0,,
2015-10-01,2015,10,Oct,Bank of Ghana Composite Index of Economic Activity (Real Growth) (%),8.09,real_sector,https://www.bog.gov.gh/economic-data/real-sector/,0,,
2015-11-01,2015,11,Nov,Bank of Ghana Composite Index of Economic Activity (Real Growth) (%),5.89,real_sector,https://www.bog.gov.gh/economic-data/real-sector/,0,,
2015-12-01,2015,12,Dec,Bank of Ghana Composite Index of Economic Activity (Real Growth) (%),4.86,real_sector,https://www.bog.gov.gh/economic-data/real-sector/,0,,
2015-12-31,2015,,,Bank of Ghana Composite Index of Economic Activity (Real Growth) (%),1.33,real_sector,https://www.bog.gov.gh/economic-data/real-sector/,0,,
2016-01-01,2016,1,Jan,Bank of Ghana Composite Index of Economic Activity (Real Growth) (%),5.58,real_sector,https://www.bog.gov.gh/economic-data/real-sector/,0,,
2016-02-01,2016,2,Feb,Bank of Ghana Composite Index of Economic Activity (Real Growth) (%),12.39,real_sector,https://www.bog.gov.gh/economic-data/real-sector/,0,,
2016-03-01,2016,3,Mar,Bank of Ghana Composite Index of Economic Activity (Real Growth) (%),4.24,real_sector,https://www.bog.gov.gh/economic-data/real-sector/,0,,
2016-04-01,2016,4,Apr,Bank of Ghana Composite Index of Economic Activity (Real Growth) (%),-1.23,real_sector,https://www.bog.gov.gh/economic-data/real-sector/,0,,
2016-05-01,2016,5,May,Bank of Ghana Composite Index of Economic Activity (Real Growth) (%),7.47,real_sector,https://www.bog.gov.gh/economic-data/real-sector/,0,,
2016-06-01,2016,6,Jun,Bank of Ghana Composite Index of Economic Activity (Real Growth) (%),6.28,real_sector,https://www.bog.gov.gh/economic-data/real-sector/,0,,
2016-07-01,2016,7,Jul,Bank of Ghana Composite Index of Economic Activity (Real Growth) (%),8.36,real_sector,https://www.bog.gov.gh/economic-data/real-sector/,0,,
2016-08-01,2016,8,Aug,Bank of Ghana Composite Index of Economic Activity (Real Growth) (%),6.14,real_sector,https://www.bog.gov.gh/economic-data/real-sector/,0,,
2016-09-01,2016,9,Sep,Bank of Ghana Composite Index of Economic Activity (Real Growth) (%),3.98,real_sector,https://www.bog.gov.gh/economic-data/real-sector/,0,,
2016-10-01,2016,10,Oct,Bank of Ghana Composite Index of Economic Activity (Real Growth) (%),-4.52,real_sector,https://www.bog.gov.gh/economic-data/real-sector/,0,,
2016-11-01,2016,11,Nov,Bank of Ghana Composite Index of Economic Activity (Real Growth) (%),-0.93,real_sector,https://www.bog.gov.gh/economic-data/real-sector/,0,,
2016-12-01,2016,12,Dec,Bank of Ghana Composite Index of Economic Activity (Real Growth) (%),2.98,real_sector,https://www.bog.gov.gh/economic-data/real-sector/,0,,
2016-12-31,2016,,,Bank of Ghana Composite Index of Economic Activity (Real Growth) (%),5.58,real_sector,https://www.bog.gov.gh/economic-data/real-sector/,0,,
2017-01-01,2017,1,Jan,Bank of Ghana Composite Index of Economic Activity (Real Growth) (%),7.08,real_sector,https://www.bog.gov.gh/economic-data/real-sector/,0,,
2017-02-01,2017,2,Feb,Bank of Ghana Composite Index of Economic Activity (Real Growth) (%),0.8,real_sector,https://www.bog.gov.gh/economic-data/real-sector/,0,,
2017-03-01,2017,3,Mar,Bank of Ghana Composite Index of Economic Activity (Real Growth) (%),5.71,real_sector,https://www.bog.gov.gh/economic-data/real-sector/,0,,
2017-04-01,2017,4,Apr,Bank of Ghana Composite Index of Economic Activity (Real Growth) (%),9.38,real_sector,https://www.bog.gov.gh/economic-data/real-sector/,0,,
2017-05-01,2017,5,May,Bank of Ghana Composite Index of Economic Activity (Real Growth) (%),3.96,real_sector,https://www.bog.gov.gh/economic-data/real-sector/,0,,
2017-06-01,2017,6,Jun,Bank of Ghana Composite Index of Economic Activity (Real Growth) (%),3.06,real_sector,https://www.bog.gov.gh/economic-data/real-sector/,0,,
2017-07-01,2017,7,Jul,Bank of Ghana Composite Index of Economic Activity (Real Growth) (%),4.62,real_sector,https://www.bog.gov.gh/economic-data/real-sector/,0,,
2017-08-01,2017,8,Aug,Bank of Ghana Composite Index of Economic Activity (Real Growth) (%),6.22,real_sector,https://www.bog.gov.gh/economic-data/real-sector/,0,,
2017-09-01,2017,9,Sep,Bank of Ghana Composite Index of Economic Activity (Real Growth) (%),4.28,real_sector,https://www.bog.gov.gh/economic-data/real-sector/,0,,
2017-10-01,2017,10,Oct,Bank of Ghana Composite Index of Economic Activity (Real Growth) (%),8.32,real_sector,https://www.bog.gov.gh/economic-data/real-sector/,0,,
2017-11-01,2017,11,Nov,Bank of Ghana Composite Index of Economic Activity (Real Growth) (%),10.75,real_sector,https://www.bog.gov.gh/economic-data/real-sector/,0,,
2017-12-01,2017,12,Dec,Bank of Ghana Composite Index of Economic Activity (Real Growth) (%),7.32,real_sector,https://www.bog.gov.gh/economic-data/real-sector/,0,,
2017-12-31,2017,,,Bank of Ghana Composite Index of Economic Activity (Real Growth) (%),7.08,real_sector,https://www.bog.gov.gh/economic-data/real-sector/,0,,
2018-01-01,2018,1,Jan,Bank of Ghana Composite Index of Economic Activity (Real Growth) (%),3.11,real_sector,https://www.bog.gov.gh/economic-data/real-sector/,0,,
2018-02-01,2018,2,Feb,Bank of Ghana Composite Index of Economic Activity (Real Growth) (%),5.68,real_sector,https://www.bog.gov.gh/economic-data/real-sector/,0,,
2018-03-01,2018,3,Mar,Bank of Ghana Composite Index of Economic Activity (Real Growth) (%),4.34,real_sector,https://www.bog.gov.gh/economic-data/real-sector/,0,,
2018-04-01,2018,4,Apr,Bank of Ghana Composite Index of Economic Activity (Real Growth) (%),3.65,real_sector,https://www.bog.gov.gh/economic-data/real-sector/,0,,
2018-05-01,2018,5,May,Bank of Ghana Composite Index of Economic Activity (Real Growth) (%),3.55,real_sector,https://www.bog.gov.gh/economic-data/real-sector/,0,,
2018-06-01,2018,6,Jun,Bank of Ghana Composite Index of Economic Activity (Real Growth) (%),4.2,real_sector,https://www.bog.gov.gh/economic-data/real-sector/,0,,
2018-07-01,2018,7,Jul,Bank of Ghana Composite Index of Economic Activity (Real Growth) (%),3.99,real_sector,https://www.bog.gov.gh/economic-data/real-sector/,0,,
2018-08-01,2018,8,Aug,Bank of Ghana Composite Index of Economic Activity (Real Growth) (%),-1.21,real_sector,https://www.bog.gov.gh/economic-data/real-sector/,0,,
2018-09-01,2018,9,Sep,Bank of Ghana Composite Index of Economic Activity (Real Growth) (%),2.83,real_sector,https://www.bog.gov.gh/economic-data/real-sector/,0,,
2018-10-01,2018,10,Oct,Bank of Ghana Composite Index of Economic Activity (Real Growth) (%),3.47,real_sector,https://www.bog.gov.gh/economic-data/real-sector/,0,,
2018-11-01,2018,11,Nov,Bank of Ghana Composite Index of Economic Activity (Real Growth) (%),2.06,real_sector,https://www.bog.gov.gh/economic-data/real-sector/,0,,
2018-12-01,2018,12,Dec,Bank of Ghana Composite Index of Economic Activity (Real Growth) (%),0.55,real_sector,https://www.bog.gov.gh/economic-data/real-sector/,0,,
2018-12-31,2018,,,Bank of Ghana Composite Index of Economic Activity (Real Growth) (%),3.11,real_sector,https://www.bog.gov.gh/economic-data/real-sector/,0,,
2019-01-01,2019,1,Jan,Bank of Ghana Composite Index of Economic Activity (Real Growth) (%),3.27,real_sector,https://www.bog.gov.gh/economic-data/real-sector/,0,,
2019-02-01,2019,2,Feb,Bank of Ghana Composite Index of Economic Activity (Real Growth) (%),2.8,real_sector,https://www.bog.gov.gh/economic-data/real-sector/,0,,
2019-03-01,2019,3,Mar,Bank of Ghana Composite Index of Economic Activity (Real Growth) (%),2.35,real_sector,https://www.bog.gov.gh/economic-data/real-sector/,0,,
2019-04-01,2019,4,Apr,Bank of Ghana Composite Index of Economic Activity (Real Growth) (%),1.46,real_sector,https://www.bog.gov.gh/economic-data/real-sector/,0,,
2019-05-01,2019,5,May,Bank of Ghana Composite Index of Economic Activity (Real Growth) (%),2.48,real_sector,https://www.bog.gov.gh/economic-data/real-sector/,0,,
2019-06-01,2019,6,Jun,Bank of Ghana Composite Index of Economic Activity (Real Growth) (%),1.0,real_sector,https://www.bog.gov.gh/economic-data/real-sector/,0,,
2019-07-01,2019,7,Jul,Bank of Ghana Composite Index of Economic Activity (Real Growth) (%),2.11,real_sector,https://www.bog.gov.gh/economic-data/real-sector/,0,,
2019-08-01,2019,8,Aug,Bank of Ghana Composite Index of Economic Activity (Real Growth) (%),3.4,real_sector,https://www.bog.gov.gh/economic-data/real-sector/,0,,
2019-09-01,2019,9,Sep,Bank of Ghana Composite Index of Economic Activity (Real Growth) (%),4.21,real_sector,https://www.bog.gov.gh/economic-data/real-sector/,0,,
2019-10-01,2019,10,Oct,Bank of Ghana Composite Index of Economic Activity (Real Growth) (%),7.92,real_sector,https://www.bog.gov.gh/economic-data/real-sector/,0,,
2019-11-01,2019,11,Nov,Bank of Ghana Composite Index of Economic Activity (Real Growth) (%),3.38,real_sector,https://www.bog.gov.gh/economic-data/real-sector/,0,,
2019-12-01,2019,12,Dec,Bank of Ghana Composite Index of Economic Activity (Real Growth) (%),13.95,real_sector,https://www.bog.gov.gh/economic-data/real-sector/,0,,
2019-12-31,2019,,,Bank of Ghana Composite Index of Economic Activity (Real Growth) (%),3.27,real_sector,https://www.bog.gov.gh/economic-data/real-sector/,0,,
2020-01-01,2020,1,Jan,Bank of Ghana Composite Index of Economic Activity (Real Growth) (%),3.36,real_sector,https://www.bog.gov.gh/economic-data/real-sector/,0,,
2020-02-01,2020,2,Feb,Bank of Ghana Composite Index of Economic Activity (Real Growth) (%),7.15,real_sector,https://www.bog.gov.gh/economic-data/real-sector/,0,,
2020-03-01,2020,3,Mar,Bank of Ghana Composite Index of Economic Activity (Real Growth) (%),-1.87,real_sector,https://www.bog.gov.gh/economic-data/real-sector/,0,,
2020-04-01,2020,4,Apr,Bank of Ghana Composite Index of Economic Activity (Real Growth) (%),-10.47,real_sector,https://www.bog.gov.gh/economic-data/real-sector/,0,,
2020-05-01,2020,5,May,Bank of Ghana Composite Index of Economic Activity (Real Growth) (%),-10.23,real_sector,https://www.bog.gov.gh/economic-data/real-sector/,0,,
2020-06-01,2020,6,Jun,Bank of Ghana Composite Index of Economic Activity (Real Growth) (%),4.13,real_sector,https://www.bog.gov.gh/economic-data/real-sector/,0,,
2020-07-01,2020,7,Jul,Bank of Ghana Composite Index of Economic Activity (Real Growth) (%),3.93,real_sector,https://www.bog.gov.gh/economic-data/real-sector/,0,,
2020-08-01,2020,8,Aug,Bank of Ghana Composite Index of Economic Activity (Real Growth) (%),6.54,real_sector,https://www.bog.gov.gh/economic-data/real-sector/,0,,
2020-09-01,2020,9,Sep,Bank of Ghana Composite Index of Economic Activity (Real Growth) (%),10.75,real_sector,https://www.bog.gov.gh/economic-data/real-sector/,0,,
2020-10-01,2020,10,Oct,Bank of Ghana Composite Index of Economic Activity (Real Growth) (%),10.89,real_sector,https://www.bog.gov.gh/economic-data/real-sector/,0,,
2020-11-01,2020,11,Nov,Bank of Ghana Composite Index of Economic Activity (Real Growth) (%),11.88,real_sector,https://www.bog.gov.gh/economic-data/real-sector/,0,,
2020-12-01,2020,12,Dec,Bank of Ghana Composite Index of Economic Activity (Real Growth) (%),8.33,real_sector,https://www.bog.gov.gh/economic-data/real-sector/,0,,
2020-12-31,2020,,,Bank of Ghana Composite Index of Economic Activity (Real Growth) (%),3.36,real_sector,https://www.bog.gov.gh/economic-data/real-sector/,0,,
2021-01-01,2021,1,Jan,Bank of Ghana Composite Index of Economic Activity (Real Growth) (%),13.9,real_sector,https://www.bog.gov.gh/economic-data/real-sector/,0,,
2021-02-01,2021,2,Feb,Bank of Ghana Composite Index of Economic Activity (Real Growth) (%),12.36,real_sector,https://www.bog.gov.gh/economic-data/real-sector/,0,,
2021-03-01,2021,3,Mar,Bank of Ghana Composite Index of Economic Activity (Real Growth) (%),26.76,real_sector,https://www.bog.gov.gh/economic-data/real-sector/,0,,
2021-04-01,2021,4,Apr,Bank of Ghana Composite Index of Economic Activity (Real Growth) (%),39.42,real_sector,https://www.bog.gov.gh/economic-data/real-sector/,0,,
2021-05-01,2021,5,May,Bank of Ghana Composite Index of Economic Activity (Real Growth) (%),33.14,real_sector,https://www.bog.gov.gh/economic-data/real-sector/,0,,
2021-06-01,2021,6,Jun,Bank of Ghana Composite Index of Economic Activity (Real Growth) (%),20.21,real_sector,https://www.bog.gov.gh/economic-data/real-sector/,0,,
2021-07-01,2021,7,Jul,Bank of Ghana Composite Index of Economic Activity (Real Growth) (%),20.0,real_sector,https://www.bog.gov.gh/economic-data/real-sector/,0,,
2021-08-01,2021,8,Aug,Bank of Ghana Composite Index of Economic Activity (Real Growth) (%),15.01,real_sector,https://www.bog.gov.gh/economic-data/real-sector/,0,,
2021-09-01,2021,9,Sep,Bank of Ghana Composite Index of Economic Activity (Real Growth) (%),11.15,real_sector,https://www.bog.gov.gh/economic-data/real-sector/,0,,
2021-10-01,2021,10,Oct,Bank of Ghana Composite Index of Economic Activity (Real Growth) (%),4.95,real_sector,https://www.bog.gov.gh/economic-data/real-sector/,0,,
2021-11-01,2021,11,Nov,Bank of Ghana Composite Index of Economic Activity (Real Growth) (%),10.23,real_sector,https://www.bog.gov.gh/economic-data/real-sector/,0,,
2021-12-01,2021,12,Dec,Bank of Ghana Composite Index of Economic Activity (Real Growth) (%),4.97,real_sector,https://www.bog.gov.gh/economic-data/real-sector/,0,,
2021-12-31,2021,,,Bank of Ghana Composite Index of Economic Activity (Real Growth) (%),13.9,real_sector,https://www.bog.gov.gh/economic-data/real-sector/,0,,
2022-01-01,2022,1,Jan,Bank of Ghana Composite Index of Economic Activity (Real Growth) (%),4.15,real_sector,https://www.bog.gov.gh/economic-data/real-sector/,0,,
2022-02-01,2022,2,Feb,Bank of Ghana Composite Index of Economic Activity (Real Growth) (%),4.39,real_sector,https://www.bog.gov.gh/economic-data/real-sector/,0,,
2022-03-01,2022,3,Mar,Bank of Ghana Composite Index of Economic Activity (Real Growth) (%),4.63,real_sector,https://www.bog.gov.gh/economic-data/real-sector/,0,,
2022-04-01,2022,4,Apr,Bank of Ghana Composite Index of Economic Activity (Real Growth) (%),2.55,real_sector,https://www.bog.gov.gh/economic-data/real-sector/,0,,
2022-05-01,2022,5,May,Bank of Ghana Composite Index of Economic Activity (Real Growth) (%),1.72,real_sector,https://www.bog.gov.gh/economic-data/real-sector/,0,,
2022-06-01,2022,6,Jun,Bank of Ghana Composite Index of Economic Activity (Real Growth) (%),1.64,real_sector,https://www.bog.gov.gh/economic-data/real-sector/,0,,
2022-07-01,2022,7,Jul,Bank of Ghana Composite Index of Economic Activity (Real Growth) (%),0.46,real_sector,https://www.bog.gov.gh/economic-data/real-sector/,0,,
2022-08-01,2022,8,Aug,Bank of Ghana Composite Index of Economic Activity (Real Growth) (%),-1.12,real_sector,https://www.bog.gov.gh/economic-data/real-sector/,0,,
2022-09-01,2022,9,Sep,Bank of Ghana Composite Index of Economic Activity (Real Growth) (%),-1.21,real_sector,https://www.bog.gov.gh/economic-data/real-sector/,0,,
2022-10-01,2022,10,Oct,Bank of Ghana Composite Index of Economic Activity (Real Growth) (%),-0.96,real_sector,https://www.bog.gov.gh/economic-data/real-sector/,0,,
2022-11-01,2022,11,Nov,Bank of Ghana Composite Index of Economic Activity (Real Growth) (%),-6.16,real_sector,https://www.bog.gov.gh/economic-data/real-sector/,0,,
2022-12-01,2022,12,Dec,Bank of Ghana Composite Index of Economic Activity (Real Growth) (%),0.0,real_sector,https://www.bog.gov.gh/economic-data/real-sector/,0,,
2022-12-31,2022,,,Bank of Ghana Composite Index of Economic Activity (Real Growth) (%),4.15,real_sector,https://www.bog.gov.gh/economic-data/real-sector/,0,,
2023-01-01,2023,1,Jan,Bank of Ghana Composite Index of Economic Activity (Real Growth) (%),-7.57,real_sector,https://www.bog.gov.gh/economic-data/real-sector/,0,,
2023-02-01,2023,2,Feb,Bank of Ghana Composite Index of Economic Activity (Real Growth) (%),-7.22,real_sector,https://www.bog.gov.gh/economic-data/real-sector/,0,,
2023-03-01,2023,3,Mar,Bank of Ghana Composite Index of Economic Activity (Real Growth) (%),-6.37,real_sector,https://www.bog.gov.gh/economic-data/real-sector/,0,,
2023-04-01,2023,4,Apr,Bank of Ghana Composite Index of Economic Activity (Real Growth) (%),0.0,real_sector,https://www.bog.gov.gh/economic-data/real-sector/,0,,
2023-05-01,2023,5,May,Bank of Ghana Composite Index of Economic Activity (Real Growth) (%),0.0,real_sector,https://www.bog.gov.gh/economic-data/real-sector/,0,,
2023-06-01,2023,6,Jun,Bank of Ghana Composite Index of Economic Activity (Real Growth) (%),0.0,real_sector,https://www.bog.gov.gh/economic-data/real-sector/,0,,
2023-07-01,2023,7,Jul,Bank of Ghana Composite Index of Economic Activity (Real Growth) (%),0.0,real_sector,https://www.bog.gov.gh/economic-data/real-sector/,0,,
2023-08-01,2023,8,Aug,Bank of Ghana Composite Index of Economic Activity (Real Growth) (%),0.0,real_sector,https://www.bog.gov.gh/economic-data/real-sector/,0,,
2023-09-01,2023,9,Sep,Bank of Ghana Composite Index of Economic Activity (Real Growth) (%),0.0,real_sector,https://www.bog.gov.gh/economic-data/real-sector/,0,,
2023-10-01,2023,10,Oct,Bank of Ghana Composite Index of Economic Activity (Real Growth) (%),0.0,real_sector,https://www.bog.gov.gh/economic-data/real-sector/,0,,
2023-11-01,2023,11,Nov,Bank of Ghana Composite Index of Economic Activity (Real Growth) (%),0.0,real_sector,https://www.bog.gov.gh/economic-data/real-sector/,0,,
2023-12-01,2023,12,Dec,Bank of Ghana Composite Index of Economic Activity (Real Growth) (%),0.0,real_sector,https://www.bog.gov.gh/economic-data/real-sector/,0,,
2023-12-31,2023,,,Bank of Ghana Composite Index of Economic Activity (Real Growth) (%),-7.57,real_sector,https://www.bog.gov.gh/economic-data/real-sector/,0,,
2000-01-01,2000,1,Jan,Bank of Ghana Composite Index of Economic Activity (Real),1.05,real_sector,https://www.bog.gov.gh/economic-data/real-sector/,0,,
2000-02-01,2000,2,Feb,Bank of Ghana Composite Index of Economic Activity (Real),89.63,real_sector,https://www.bog.gov.gh/economic-data/real-sector/,0,,
2000-03-01,2000,3,Mar,Bank of Ghana Composite Index of Economic Activity (Real),96.07,real_sector,https://www.bog.gov.gh/economic-data/real-sector/,0,,
2000-04-01,2000,4,Apr,Bank of Ghana Composite Index of Economic Activity (Real),92.16,real_sector,https://www.bog.gov.gh/economic-data/real-sector/,0,,
2000-05-01,2000,5,May,Bank of Ghana Composite Index of Economic Activity (Real),98.03,real_sector,https://www.bog.gov.gh/economic-data/real-sector/,0,,
2000-06-01,2000,6,Jun,Bank of Ghana Composite Index of Economic Activity (Real),98.67,real_sector,https://www.bog.gov.gh/economic-data/real-sector/,0,,
2000-07-01,2000,7,Jul,Bank of Ghana Composite Index of Economic Activity (Real),96.62,real_sector,https://www.bog.gov.gh/economic-data/real-sector/,0,,
2000-08-01,2000,8,Aug,Bank of Ghana Composite Index of Economic Activity (Real),102.67,real_sector,https://www.bog.gov.gh/economic-data/real-sector/,0,,
2000-09-01,2000,9,Sep,Bank of Ghana Composite Index of Economic Activity (Real),98.36,real_sector,https://www.bog.gov.gh/economic-data/real-sector/,0,,
2000-10-01,2000,10,Oct,Bank of Ghana Composite Index of Economic Activity (Real),92.8,real_sector,https://www.bog.gov.gh/economic-data/real-sector/,0,,
2000-11-01,2000,11,Nov,Bank of Ghana Composite Index of Economic Activity (Real),94.3,real_sector,https://www.bog.gov.gh/economic-data/real-sector/,0,,
2000-12-01,2000,12,Dec,Bank of Ghana Composite Index of Economic Activity (Real),102.31,real_sector,https://www.bog.gov.gh/economic-data/real-sector/,0,,
2000-12-31,2000,,,Bank of Ghana Composite Index of Economic Activity (Real),1.05,real_sector,https://www.bog.gov.gh/economic-data/real-sector/,0,,
2001-01-01,2001,1,Jan,Bank of Ghana Composite Index of Economic Activity (Real),100.14,real_sector,https://www.bog.gov.gh/economic-data/real-sector/,0,,
2001-02-01,2001,2,Feb,Bank of Ghana Composite Index of Economic Activity (Real),93.49,real_sector,https://www.bog.gov.gh/economic-data/real-sector/,0,,
2001-03-01,2001,3,Mar,Bank of Ghana Composite Index of Economic Activity (Real),106.26,real_sector,https://www.bog.gov.gh/economic-data/real-sector/,0,,
2001-04-01,2001,4,Apr,Bank of Ghana Composite Index of Economic Activity (Real),95.01,real_sector,https://www.bog.gov.gh/economic-data/real-sector/,0,,
2001-05-01,2001,5,May,Bank of Ghana Composite Index of Economic Activity (Real),103.12,real_sector,https://www.bog.gov.gh/economic-data/real-sector/,0,,
2001-06-01,2001,6,Jun,Bank of Ghana Composite Index of Economic Activity (Real),99.06,real_sector,https://www.bog.gov.gh/economic-data/real-sector/,0,,
2001-07-01,2001,7,Jul,Bank of Ghana Composite Index of Economic Activity (Real),95.8,real_sector,https://www.bog.gov.gh/economic-data/real-sector/,0,,
2001-08-01,2001,8,Aug,Bank of Ghana Composite Index of Economic Activity (Real),106.17,real_sector,https://www.bog.gov.gh/economic-data/real-sector/,0,,
2001-09-01,2001,9,Sep,Bank of Ghana Composite Index of Economic Activity (Real),98.82,real_sector,https://www.bog.gov.gh/economic-data/real-sector/,0,,
2001-10-01,2001,10,Oct,Bank of Ghana Composite Index of Economic Activity (Real),97.81,real_sector,https://www.bog.gov.gh/economic-data/real-sector/,0,,
2001-11-01,2001,11,Nov,Bank of Ghana Composite Index of Economic Activity (Real),97.43,real_sector,https://www.bog.gov.gh/economic-data/real-sector/,0,,
2001-12-01,2001,12,Dec,Bank of Ghana Composite Index of Economic Activity (Real),106.89,real_sector,https://www.bog.gov.gh/economic-data/real-sector/,0,,
2001-12-31,2001,,,Bank of Ghana Composite Index of Economic Activity (Real),100.14,real_sector,https://www.bog.gov.gh/economic-data/real-sector/,0,,
2002-01-01,2002,1,Jan,Bank of Ghana Composite Index of Economic Activity (Real),98.76,real_sector,https://www.bog.gov.gh/economic-data/real-sector/,0,,
2002-02-01,2002,2,Feb,Bank of Ghana Composite Index of Economic Activity (Real),92.51,real_sector,https://www.bog.gov.gh/economic-data/real-sector/,0,,
2002-03-01,2002,3,Mar,Bank of Ghana Composite Index of Economic Activity (Real),104.66,real_sector,https://www.bog.gov.gh/economic-data/real-sector/,0,,
2002-04-01,2002,4,Apr,Bank of Ghana Composite Index of Economic Activity (Real),102.5,real_sector,https://www.bog.gov.gh/economic-data/real-sector/,0,,
2002-05-01,2002,5,May,Bank of Ghana Composite Index of Economic Activity (Real),105.72,real_sector,https://www.bog.gov.gh/economic-data/real-sector/,0,,
2002-06-01,2002,6,Jun,Bank of Ghana Composite Index of Economic Activity (Real),105.19,real_sector,https://www.bog.gov.gh/economic-data/real-sector/,0,,
2002-07-01,2002,7,Jul,Bank of Ghana Composite Index of Economic Activity (Real),107.53,real_sector,https://www.bog.gov.gh/economic-data/real-sector/,0,,
2002-08-01,2002,8,Aug,Bank of Ghana Composite Index of Economic Activity (Real),108.92,real_sector,https://www.bog.gov.gh/economic-data/real-sector/,0,,
2002-09-01,2002,9,Sep,Bank of Ghana Composite Index of Economic Activity (Real),112.33,real_sector,https://www.bog.gov.gh/economic-data/real-sector/,0,,
2002-10-01,2002,10,Oct,Bank of Ghana Composite Index of Economic Activity (Real),106.47,real_sector,https://www.bog.gov.gh/economic-data/real-sector/,0,,
2002-11-01,2002,11,Nov,Bank of Ghana Composite Index of Economic Activity (Real),114.89,real_sector,https://www.bog.gov.gh/economic-data/real-sector/,0,,
2002-12-01,2002,12,Dec,Bank of Ghana Composite Index of Economic Activity (Real),122.7,real_sector,https://www.bog.gov.gh/economic-data/real-sector/,0,,
2002-12-31,2002,,,Bank of Ghana Composite Index of Economic Activity (Real),98.76,real_sector,https://www.bog.gov.gh/economic-data/real-sector/,0,,
2003-01-01,2003,1,Jan,Bank of Ghana Composite Index of Economic Activity (Real),113.27,real_sector,https://www.bog.gov.gh/economic-data/real-sector/,0,,
2003-02-01,2003,2,Feb,Bank of Ghana Composite Index of Economic Activity (Real),104.74,real_sector,https://www.bog.gov.gh/economic-data/real-sector/,0,,
2003-03-01,2003,3,Mar,Bank of Ghana Composite Index of Economic Activity (Real),111.99,real_sector,https://www.bog.gov.gh/economic-data/real-sector/,0,,
2003-04-01,2003,4,Apr,Bank of Ghana Composite Index of Economic Activity (Real),106.27,real_sector,https://www.bog.gov.gh/economic-data/real-sector/,0,,
2003-05-01,2003,5,May,Bank of Ghana Composite Index of Economic Activity (Real),111.09,real_sector,https://www.bog.gov.gh/economic-data/real-sector/,0,,
2003-06-01,2003,6,Jun,Bank of Ghana Composite Index of Economic Activity (Real),112.3,real_sector,https://www.bog.gov.gh/economic-data/real-sector/,0,,
2003-07-01,2003,7,Jul,Bank of Ghana Composite Index of Economic Activity (Real),118.14,real_sector,https://www.bog.gov.gh/economic-data/real-sector/,0,,
2003-08-01,2003,8,Aug,Bank of Ghana Composite Index of Economic Activity (Real),121.66,real_sector,https://www.bog.gov.gh/economic-data/real-sector/,0,,
2003-09-01,2003,9,Sep,Bank of Ghana Composite Index of Economic Activity (Real),122.68,real_sector,https://www.bog.gov.gh/economic-data/real-sector/,0,,
2003-10-01,2003,10,Oct,Bank of Ghana Composite Index of Economic Activity (Real),119.75,real_sector,https://www.bog.gov.gh/economic-data/real-sector/,0,,
2003-11-01,2003,11,Nov,Bank of Ghana Composite Index of Economic Activity (Real),114.15,real_sector,https://www.bog.gov.gh/economic-data/real-sector/,0,,
2003-12-01,2003,12,Dec,Bank of Ghana Composite Index of Economic Activity (Real),131.0,real_sector,https://www.bog.gov.gh/economic-data/real-sector/,0,,
2003-12-31,2003,,,Bank of Ghana Composite Index of Economic Activity (Real),113.27,real_sector,https://www.bog.gov.gh/economic-data/real-sector/,0,,
2004-01-01,2004,1,Jan,Bank of Ghana Composite Index of Economic Activity (Real),122.95,real_sector,https://www.bog.gov.gh/economic-data/real-sector/,0,,
2004-02-01,2004,2,Feb,Bank of Ghana Composite Index of Economic Activity (Real),120.54,real_sector,https://www.bog.gov.gh/economic-data/real-sector/,0,,
2004-03-01,2004,3,Mar,Bank of Ghana Composite Index of Economic Activity (Real),133.23,real_sector,https://www.bog.gov.gh/economic-data/real-sector/,0,,
2004-04-01,2004,4,Apr,Bank of Ghana Composite Index of Economic Activity (Real),129.08,real_sector,https://www.bog.gov.gh/economic-data/real-sector/,0,,
2004-05-01,2004,5,May,Bank of Ghana Composite Index of Economic Activity (Real),128.09,real_sector,https://www.bog.gov.gh/economic-data/real-sector/,0,,
2004-06-01,2004,6,Jun,Bank of Ghana Composite Index of Economic Activity (Real),132.71,real_sector,https://www.bog.gov.gh/economic-data/real-sector/,0,,
2004-07-01,2004,7,Jul,Bank of Ghana Composite Index of Economic Activity (Real),142.92,real_sector,https://www.bog.gov.gh/economic-data/real-sector/,0,,
2004-08-01,2004,8,Aug,Bank of Ghana Composite Index of Economic Activity (Real),135.06,real_sector,https://www.bog.gov.gh/economic-data/real-sector/,0,,
2004-09-01,2004,9,Sep,Bank of Ghana Composite Index of Economic Activity (Real),136.97,real_sector,https://www.bog.gov.gh/economic-data/real-sector/,0,,
2004-10-01,2004,10,Oct,Bank of Ghana Composite Index of Economic Activity (Real),134.11,real_sector,https://www.bog.gov.gh/economic-data/real-sector/,0,,
2004-11-01,2004,11,Nov,Bank of Ghana Composite Index of Economic Activity (Real),134.52,real_sector,https://www.bog.gov.gh/economic-data/real-sector/,0,,
2004-12-01,2004,12,Dec,Bank of Ghana Composite Index of Economic Activity (Real),139.97,real_sector,https://www.bog.gov.gh/economic-data/real-sector/,0,,
2004-12-31,2004,,,Bank of Ghana Composite Index of Economic Activity (Real),122.95,real_sector,https://www.bog.gov.gh/economic-data/real-sector/,0,,
2005-01-01,2005,1,Jan,Bank of Ghana Composite Index of Economic Activity (Real),130.6,real_sector,https://www.bog.gov.gh/economic-data/real-sector/,0,,
2005-02-01,2005,2,Feb,Bank of Ghana Composite Index of Economic Activity (Real),130.25,real_sector,https://www.bog.gov.gh/economic-data/real-sector/,0,,
2005-03-01,2005,3,Mar,Bank of Ghana Composite Index of Economic Activity (Real),141.83,real_sector,https://www.bog.gov.gh/economic-data/real-sector/,0,,
2005-04-01,2005,4,Apr,Bank of Ghana Composite Index of Economic Activity (Real),136.89,real_sector,https://www.bog.gov.gh/economic-data/real-sector/,0,,
2005-05-01,2005,5,May,Bank of Ghana Composite Index of Economic Activity (Real),137.63,real_sector,https://www.bog.gov.gh/economic-data/real-sector/,0,,
2005-06-01,2005,6,Jun,Bank of Ghana Composite Index of Economic Activity (Real),137.92,real_sector,https://www.bog.gov.gh/economic-data/real-sector/,0,,
2005-07-01,2005,7,Jul,Bank of Ghana Composite Index of Economic Activity (Real),142.56,real_sector,https://www.bog.gov.gh/economic-data/real-sector/,0,,
2005-08-01,2005,8,Aug,Bank of Ghana Composite Index of Economic Activity (Real),149.22,real_sector,https://www.bog.gov.gh/economic-data/real-sector/,0,,
2005-09-01,2005,9,Sep,Bank of Ghana Composite Index of Economic Activity (Real),145.55,real_sector,https://www.bog.gov.gh/economic-data/real-sector/,0,,
2005-10-01,2005,10,Oct,Bank of Ghana Composite Index of Economic Activity (Real),138.01,real_sector,https://www.bog.gov.gh/economic-data/real-sector/,0,,
2005-11-01,2005,11,Nov,Bank of Ghana Composite Index of Economic Activity (Real),146.41,real_sector,https://www.bog.gov.gh/economic-data/real-sector/,0,,
2005-12-01,2005,12,Dec,Bank of Ghana Composite Index of Economic Activity (Real),151.79,real_sector,https://www.bog.gov.gh/economic-data/real-sector/,0,,
2005-12-31,2005,,,Bank of Ghana Composite Index of Economic Activity (Real),130.6,real_sector,https://www.bog.gov.gh/economic-data/real-sector/,0,,
2006-01-01,2006,1,Jan,Bank of Ghana Composite Index of Economic Activity (Real),149.57,real_sector,https://www.bog.gov.gh/economic-data/real-sector/,0,,
2006-02-01,2006,2,Feb,Bank of Ghana Composite Index of Economic Activity (Real),146.54,real_sector,https://www.bog.gov.gh/economic-data/real-sector/,0,,
2006-03-01,2006,3,Mar,Bank of Ghana Composite Index of Economic Activity (Real),155.37,real_sector,https://www.bog.gov.gh/economic-data/real-sector/,0,,
2006-04-01,2006,4,Apr,Bank of Ghana Composite Index of Economic Activity (Real),144.19,real_sector,https://www.bog.gov.gh/economic-data/real-sector/,0,,
2006-05-01,2006,5,May,Bank of Ghana Composite Index of Economic Activity (Real),157.74,real_sector,https://www.bog.gov.gh/economic-data/real-sector/,0,,
2006-06-01,2006,6,Jun,Bank of Ghana Composite Index of Economic Activity (Real),162.12,real_sector,https://www.bog.gov.gh/economic-data/real-sector/,0,,
2006-07-01,2006,7,Jul,Bank of Ghana Composite Index of Economic Activity (Real),158.18,real_sector,https://www.bog.gov.gh/economic-data/real-sector/,0,,
2006-08-01,2006,8,Aug,Bank of Ghana Composite Index of Economic Activity (Real),170.29,real_sector,https://www.bog.gov.gh/economic-data/real-sector/,0,,
2006-09-01,2006,9,Sep,Bank of Ghana Composite Index of Economic Activity (Real),153.19,real_sector,https://www.bog.gov.gh/economic-data/real-sector/,0,,
2006-10-01,2006,10,Oct,Bank of Ghana Composite Index of Economic Activity (Real),160.1,real_sector,https://www.bog.gov.gh/economic-data/real-sector/,0,,
2006-11-01,2006,11,Nov,Bank of Ghana Composite Index of Economic Activity (Real),173.83,real_sector,https://www.bog.gov.gh/economic-data/real-sector/,0,,
2006-12-01,2006,12,Dec,Bank of Ghana Composite Index of Economic Activity (Real),175.43,real_sector,https://www.bog.gov.gh/economic-data/real-sector/,0,,
2006-12-31,2006,,,Bank of Ghana Composite Index of Economic Activity (Real),149.57,real_sector,https://www.bog.gov.gh/economic-data/real-sector/,0,,
2007-01-01,2007,1,Jan,Bank of Ghana Composite Index of Economic Activity (Real),163.81,real_sector,https://www.bog.gov.gh/economic-data/real-sector/,0,,
2007-02-01,2007,2,Feb,Bank of Ghana Composite Index of Economic Activity (Real),167.55,real_sector,https://www.bog.gov.gh/economic-data/real-sector/,0,,
2007-03-01,2007,3,Mar,Bank of Ghana Composite Index of Economic Activity (Real),172.74,real_sector,https://www.bog.gov.gh/economic-data/real-sector/,0,,
2007-04-01,2007,4,Apr,Bank of Ghana Composite Index of Economic Activity (Real),172.49,real_sector,https://www.bog.gov.gh/economic-data/real-sector/,0,,
2007-05-01,2007,5,May,Bank of Ghana Composite Index of Economic Activity (Real),183.08,real_sector,https://www.bog.gov.gh/economic-data/real-sector/,0,,
2007-06-01,2007,6,Jun,Bank of Ghana Composite Index of Economic Activity (Real),177.9,real_sector,https://www.bog.gov.gh/economic-data/real-sector/,0,,
2007-07-01,2007,7,Jul,Bank of Ghana Composite Index of Economic Activity (Real),179.26,real_sector,https://www.bog.gov.gh/economic-data/real-sector/,0,,
2007-08-01,2007,8,Aug,Bank of Ghana Composite Index of Economic Activity (Real),200.48,real_sector,https://www.bog.gov.gh/economic-data/real-sector/,0,,
2007-09-01,2007,9,Sep,Bank of Ghana Composite Index of Economic Activity (Real),189.96,real_sector,https://www.bog.gov.gh/economic-data/real-sector/,0,,
2007-10-01,2007,10,Oct,Bank of Ghana Composite Index of Economic Activity (Real),191.82,real_sector,https://www.bog.gov.gh/economic-data/real-sector/,0,,
2007-11-01,2007,11,Nov,Bank of Ghana Composite Index of Economic Activity (Real),203.7,real_sector,https://www.bog.gov.gh/economic-data/real-sector/,0,,
2007-12-01,2007,12,Dec,Bank of Ghana Composite Index of Economic Activity (Real),204.8,real_sector,https://www.bog.gov.gh/economic-data/real-sector/,0,,
2007-12-31,2007,,,Bank of Ghana Composite Index of Economic Activity (Real),163.81,real_sector,https://www.bog.gov.gh/economic-data/real-sector/,0,,
2008-01-01,2008,1,Jan,Bank of Ghana Composite Index of Economic Activity (Real),206.22,real_sector,https://www.bog.gov.gh/economic-data/real-sector/,0,,
2008-02-01,2008,2,Feb,Bank of Ghana Composite Index of Economic Activity (Real),203.54,real_sector,https://www.bog.gov.gh/economic-data/real-sector/,0,,
2008-03-01,2008,3,Mar,Bank of Ghana Composite Index of Economic Activity (Real),207.93,real_sector,https://www.bog.gov.gh/economic-data/real-sector/,0,,
2008-04-01,2008,4,Apr,Bank of Ghana Composite Index of Economic Activity (Real),213.19,real_sector,https://www.bog.gov.gh/economic-data/real-sector/,0,,
2008-05-01,2008,5,May,Bank of Ghana Composite Index of Economic Activity (Real),219.81,real_sector,https://www.bog.gov.gh/economic-data/real-sector/,0,,
2008-06-01,2008,6,Jun,Bank of Ghana Composite Index of Economic Activity (Real),216.84,real_sector,https://www.bog.gov.gh/economic-data/real-sector/,0,,
2008-07-01,2008,7,Jul,Bank of Ghana Composite Index of Economic Activity (Real),234.37,real_sector,https://www.bog.gov.gh/economic-data/real-sector/,0,,
2008-08-01,2008,8,Aug,Bank of Ghana Composite Index of Economic Activity (Real),223.24,real_sector,https://www.bog.gov.gh/economic-data/real-sector/,0,,
2008-09-01,2008,9,Sep,Bank of Ghana Composite Index of Economic Activity (Real),215.44,real_sector,https://www.bog.gov.gh/economic-data/real-sector/,0,,
2008-10-01,2008,10,Oct,Bank of Ghana Composite Index of Economic Activity (Real),230.8,real_sector,https://www.bog.gov.gh/economic-data/real-sector/,0,,
2008-11-01,2008,11,Nov,Bank of Ghana Composite Index of Economic Activity (Real),231.0,real_sector,https://www.bog.gov.gh/economic-data/real-sector/,0,,
2008-12-01,2008,12,Dec,Bank of Ghana Composite Index of Economic Activity (Real),221.96,real_sector,https://www.bog.gov.gh/economic-data/real-sector/,0,,
2008-12-31,2008,,,Bank of Ghana Composite Index of Economic Activity (Real),206.22,real_sector,https://www.bog.gov.gh/economic-data/real-sector/,0,,
2009-01-01,2009,1,Jan,Bank of Ghana Composite Index of Economic Activity (Real),227.21,real_sector,https://www.bog.gov.gh/economic-data/real-sector/,0,,
2009-02-01,2009,2,Feb,Bank of Ghana Composite Index of Economic Activity (Real),210.0,real_sector,https://www.bog.gov.gh/economic-data/real-sector/,0,,
2009-03-01,2009,3,Mar,Bank of Ghana Composite Index of Economic Activity (Real),223.19,real_sector,https://www.bog.gov.gh/economic-data/real-sector/,0,,
2009-04-01,2009,4,Apr,Bank of Ghana Composite Index of Economic Activity (Real),222.9,real_sector,https://www.bog.gov.gh/economic-data/real-sector/,0,,
2009-05-01,2009,5,May,Bank of Ghana Composite Index of Economic Activity (Real),223.19,real_sector,https://www.bog.gov.gh/economic-data/real-sector/,0,,
2009-06-01,2009,6,Jun,Bank of Ghana Composite Index of Economic Activity (Real),222.32,real_sector,https://www.bog.gov.gh/economic-data/real-sector/,0,,
2009-07-01,2009,7,Jul,Bank of Ghana Composite Index of Economic Activity (Real),229.36,real_sector,https://www.bog.gov.gh/economic-data/real-sector/,0,,
2009-08-01,2009,8,Aug,Bank of Ghana Composite Index of Economic Activity (Real),221.07,real_sector,https://www.bog.gov.gh/economic-data/real-sector/,0,,
2009-09-01,2009,9,Sep,Bank of Ghana Composite Index of Economic Activity (Real),223.26,real_sector,https://www.bog.gov.gh/economic-data/real-sector/,0,,
2009-10-01,2009,10,Oct,Bank of Ghana Composite Index of Economic Activity (Real),237.54,real_sector,https://www.bog.gov.gh/economic-data/real-sector/,0,,
2009-11-01,2009,11,Nov,Bank of Ghana Composite Index of Economic Activity (Real),229.43,real_sector,https://www.bog.gov.gh/economic-data/real-sector/,0,,
2009-12-01,2009,12,Dec,Bank of Ghana Composite Index of Economic Activity (Real),254.8,real_sector,https://www.bog.gov.gh/economic-data/real-sector/,0,,
2009-12-31,2009,,,Bank of Ghana Composite Index of Economic Activity (Real),227.21,real_sector,https://www.bog.gov.gh/economic-data/real-sector/,0,,
2010-01-01,2010,1,Jan,Bank of Ghana Composite Index of Economic Activity (Real),242.8,real_sector,https://www.bog.gov.gh/economic-data/real-sector/,0,,
2010-02-01,2010,2,Feb,Bank of Ghana Composite Index of Economic Activity (Real),224.79,real_sector,https://www.bog.gov.gh/economic-data/real-sector/,0,,
2010-03-01,2010,3,Mar,Bank of Ghana Composite Index of Economic Activity (Real),239.76,real_sector,https://www.bog.gov.gh/economic-data/real-sector/,0,,
2010-04-01,2010,4,Apr,Bank of Ghana Composite Index of Economic Activity (Real),242.25,real_sector,https://www.bog.gov.gh/economic-data/real-sector/,0,,
2010-05-01,2010,5,May,Bank of Ghana Composite Index of Economic Activity (Real),247.34,real_sector,https://www.bog.gov.gh/economic-data/real-sector/,0,,
2010-06-01,2010,6,Jun,Bank of Ghana Composite Index of Economic Activity (Real),255.37,real_sector,https://www.bog.gov.gh/economic-data/real-sector/,0,,
2010-07-01,2010,7,Jul,Bank of Ghana Composite Index of Economic Activity (Real),245.97,real_sector,https://www.bog.gov.gh/economic-data/real-sector/,0,,
2010-08-01,2010,8,Aug,Bank of Ghana Composite Index of Economic Activity (Real),265.13,real_sector,https://www.bog.gov.gh/economic-data/real-sector/,0,,
2010-09-01,2010,9,Sep,Bank of Ghana Composite Index of Economic Activity (Real),263.25,real_sector,https://www.bog.gov.gh/economic-data/real-sector/,0,,
2010-10-01,2010,10,Oct,Bank of Ghana Composite Index of Economic Activity (Real),266.99,real_sector,https://www.bog.gov.gh/economic-data/real-sector/,0,,
2010-11-01,2010,11,Nov,Bank of Ghana Composite Index of Economic Activity (Real),270.04,real_sector,https://www.bog.gov.gh/economic-data/real-sector/,0,,
2010-12-01,2010,12,Dec,Bank of Ghana Composite Index of Economic Activity (Real),281.66,real_sector,https://www.bog.gov.gh/economic-data/real-sector/,0,,
2010-12-31,2010,,,Bank of Ghana Composite Index of Economic Activity (Real),242.8,real_sector,https://www.bog.gov.gh/economic-data/real-sector/,0,,
2011-01-01,2011,1,Jan,Bank of Ghana Composite Index of Economic Activity (Real),279.95,real_sector,https://www.bog.gov.gh/economic-data/real-sector/,0,,
2011-02-01,2011,2,Feb,Bank of Ghana Composite Index of Economic Activity (Real),258.82,real_sector,https://www.bog.gov.gh/economic-data/real-sector/,0,,
2011-03-01,2011,3,Mar,Bank of Ghana Composite Index of Economic Activity (Real),299.69,real_sector,https://www.bog.gov.gh/economic-data/real-sector/,0,,
2011-04-01,2011,4,Apr,Bank of Ghana Composite Index of Economic Activity (Real),297.13,real_sector,https://www.bog.gov.gh/economic-data/real-sector/,0,,
2011-05-01,2011,5,May,Bank of Ghana Composite Index of Economic Activity (Real),291.95,real_sector,https://www.bog.gov.gh/economic-data/real-sector/,0,,
2011-06-01,2011,6,Jun,Bank of Ghana Composite Index of Economic Activity (Real),307.35,real_sector,https://www.bog.gov.gh/economic-data/real-sector/,0,,
2011-07-01,2011,7,Jul,Bank of Ghana Composite Index of Economic Activity (Real),301.67,real_sector,https://www.bog.gov.gh/economic-data/real-sector/,0,,
2011-08-01,2011,8,Aug,Bank of Ghana Composite Index of Economic Activity (Real),315.05,real_sector,https://www.bog.gov.gh/economic-data/real-sector/,0,,
2011-09-01,2011,9,Sep,Bank of Ghana Composite Index of Economic Activity (Real),322.07,real_sector,https://www.bog.gov.gh/economic-data/real-sector/,0,,
2011-10-01,2011,10,Oct,Bank of Ghana Composite Index of Economic Activity (Real),314.9,real_sector,https://www.bog.gov.gh/economic-data/real-sector/,0,,
2011-11-01,2011,11,Nov,Bank of Ghana Composite Index of Economic Activity (Real),316.23,real_sector,https://www.bog.gov.gh/economic-data/real-sector/,0,,
2011-12-01,2011,12,Dec,Bank of Ghana Composite Index of Economic Activity (Real),322.84,real_sector,https://www.bog.gov.gh/economic-data/real-sector/,0,,
2011-12-31,2011,,,Bank of Ghana Composite Index of Economic Activity (Real),279.95,real_sector,https://www.bog.gov.gh/economic-data/real-sector/,0,,
2012-01-01,2012,1,Jan,Bank of Ghana Composite Index of Economic Activity (Real),445.26,real_sector,https://www.bog.gov.gh/economic-data/real-sector/,0,,
2012-02-01,2012,2,Feb,Bank of Ghana Composite Index of Economic Activity (Real),448.68,real_sector,https://www.bog.gov.gh/economic-data/real-sector/,0,,
2012-03-01,2012,3,Mar,Bank of Ghana Composite Index of Economic Activity (Real),464.89,real_sector,https://www.bog.gov.gh/economic-data/real-sector/,0,,
2012-04-01,2012,4,Apr,Bank of Ghana Composite Index of Economic Activity (Real),443.47,real_sector,https://www.bog.gov.gh/economic-data/real-sector/,0,,
2012-05-01,2012,5,May,Bank of Ghana Composite Index of Economic Activity (Real),471.2,real_sector,https://www.bog.gov.gh/economic-data/real-sector/,0,,
2012-06-01,2012,6,Jun,Bank of Ghana Composite Index of Economic Activity (Real),462.39,real_sector,https://www.bog.gov.gh/economic-data/real-sector/,0,,
2012-07-01,2012,7,Jul,Bank of Ghana Composite Index of Economic Activity (Real),462.54,real_sector,https://www.bog.gov.gh/economic-data/real-sector/,0,,
2012-08-01,2012,8,Aug,Bank of Ghana Composite Index of Economic Activity (Real),465.43,real_sector,https://www.bog.gov.gh/economic-data/real-sector/,0,,
2012-09-01,2012,9,Sep,Bank of Ghana Composite Index of Economic Activity (Real),454.8,real_sector,https://www.bog.gov.gh/economic-data/real-sector/,0,,
2012-10-01,2012,10,Oct,Bank of Ghana Composite Index of Economic Activity (Real),484.11,real_sector,https://www.bog.gov.gh/economic-data/real-sector/,0,,
2012-11-01,2012,11,Nov,Bank of Ghana Composite Index of Economic Activity (Real),485.47,real_sector,https://www.bog.gov.gh/economic-data/real-sector/,0,,
2012-12-01,2012,12,Dec,Bank of Ghana Composite Index of Economic Activity (Real),473.76,real_sector,https://www.bog.gov.gh/economic-data/real-sector/,0,,
2012-12-31,2012,,,Bank of Ghana Composite Index of Economic Activity (Real),445.26,real_sector,https://www.bog.gov.gh/economic-data/real-sector/,0,,
2013-01-01,2013,1,Jan,Bank of Ghana Composite Index of Economic Activity (Real),486.03,real_sector,https://www.bog.gov.gh/economic-data/real-sector/,0,,
2013-02-01,2013,2,Feb,Bank of Ghana Composite Index of Economic Activity (Real),429.56,real_sector,https://www.bog.gov.gh/economic-data/real-sector/,0,,
2013-03-01,2013,3,Mar,Bank of Ghana Composite Index of Economic Activity (Real),457.98,real_sector,https://www.bog.gov.gh/economic-data/real-sector/,0,,
2013-04-01,2013,4,Apr,Bank of Ghana Composite Index of Economic Activity (Real),478.6,real_sector,https://www.bog.gov.gh/economic-data/real-sector/,0,,
2013-05-01,2013,5,May,Bank of Ghana Composite Index of Economic Activity (Real),490.26,real_sector,https://www.bog.gov.gh/economic-data/real-sector/,0,,
2013-06-01,2013,6,Jun,Bank of Ghana Composite Index of Economic Activity (Real),468.83,real_sector,https://www.bog.gov.gh/economic-data/real-sector/,0,,
2013-07-01,2013,7,Jul,Bank of Ghana Composite Index of Economic Activity (Real),472.42,real_sector,https://www.bog.gov.gh/economic-data/real-sector/,0,,
2013-08-01,2013,8,Aug,Bank of Ghana Composite Index of Economic Activity (Real),494.33,real_sector,https://www.bog.gov.gh/economic-data/real-sector/,0,,
2013-09-01,2013,9,Sep,Bank of Ghana Composite Index of Economic Activity (Real),489.7,real_sector,https://www.bog.gov.gh/economic-data/real-sector/,0,,
2013-10-01,2013,10,Oct,Bank of Ghana Composite Index of Economic Activity (Real),506.72,real_sector,https://www.bog.gov.gh/economic-data/real-sector/,0,,
2013-11-01,2013,11,Nov,Bank of Ghana Composite Index of Economic Activity (Real),492.62,real_sector,https://www.bog.gov.gh/economic-data/real-sector/,0,,
2013-12-01,2013,12,Dec,Bank of Ghana Composite Index of Economic Activity (Real),487.83,real_sector,https://www.bog.gov.gh/economic-data/real-sector/,0,,
2013-12-31,2013,,,Bank of Ghana Composite Index of Economic Activity (Real),486.03,real_sector,https://www.bog.gov.gh/economic-data/real-sector/,0,,
2014-01-01,2014,1,Jan,Bank of Ghana Composite Index of Economic Activity (Real),503.82,real_sector,https://www.bog.gov.gh/economic-data/real-sector/,0,,
2014-02-01,2014,2,Feb,Bank of Ghana Composite Index of Economic Activity (Real),475.14,real_sector,https://www.bog.gov.gh/economic-data/real-sector/,0,,
2014-03-01,2014,3,Mar,Bank of Ghana Composite Index of Economic Activity (Real),503.48,real_sector,https://www.bog.gov.gh/economic-data/real-sector/,0,,
2014-04-01,2014,4,Apr,Bank of Ghana Composite Index of Economic Activity (Real),490.05,real_sector,https://www.bog.gov.gh/economic-data/real-sector/,0,,
2014-05-01,2014,5,May,Bank of Ghana Composite Index of Economic Activity (Real),530.64,real_sector,https://www.bog.gov.gh/economic-data/real-sector/,0,,
2014-06-01,2014,6,Jun,Bank of Ghana Composite Index of Economic Activity (Real),511.39,real_sector,https://www.bog.gov.gh/economic-data/real-sector/,0,,
2014-07-01,2014,7,Jul,Bank of Ghana Composite Index of Economic Activity (Real),525.03,real_sector,https://www.bog.gov.gh/economic-data/real-sector/,0,,
2014-08-01,2014,8,Aug,Bank of Ghana Composite Index of Economic Activity (Real),509.43,real_sector,https://www.bog.gov.gh/economic-data/real-sector/,0,,
2014-09-01,2014,9,Sep,Bank of Ghana Composite Index of Economic Activity (Real),503.43,real_sector,https://www.bog.gov.gh/economic-data/real-sector/,0,,
2014-10-01,2014,10,Oct,Bank of Ghana Composite Index of Economic Activity (Real),508.73,real_sector,https://www.bog.gov.gh/economic-data/real-sector/,0,,
2014-11-01,2014,11,Nov,Bank of Ghana Composite Index of Economic Activity (Real),513.89,real_sector,https://www.bog.gov.gh/economic-data/real-sector/,0,,
2014-12-01,2014,12,Dec,Bank of Ghana Composite Index of Economic Activity (Real),523.79,real_sector,https://www.bog.gov.gh/economic-data/real-sector/,0,,
2014-12-31,2014,,,Bank of Ghana Composite Index of Economic Activity (Real),503.82,real_sector,https://www.bog.gov.gh/economic-data/real-sector/,0,,
2015-01-01,2015,1,Jan,Bank of Ghana Composite Index of Economic Activity (Real),510.53,real_sector,https://www.bog.gov.gh/economic-data/real-sector/,0,,
2015-02-01,2015,2,Feb,Bank of Ghana Composite Index of Economic Activity (Real),479.21,real_sector,https://www.bog.gov.gh/economic-data/real-sector/,0,,
2015-03-01,2015,3,Mar,Bank of Ghana Composite Index of Economic Activity (Real),514.03,real_sector,https://www.bog.gov.gh/economic-data/real-sector/,0,,
2015-04-01,2015,4,Apr,Bank of Ghana Composite Index of Economic Activity (Real),527.47,real_sector,https://www.bog.gov.gh/economic-data/real-sector/,0,,
2015-05-01,2015,5,May,Bank of Ghana Composite Index of Economic Activity (Real),523.46,real_sector,https://www.bog.gov.gh/economic-data/real-sector/,0,,
2015-06-01,2015,6,Jun,Bank of Ghana Composite Index of Economic Activity (Real),517.71,real_sector,https://www.bog.gov.gh/economic-data/real-sector/,0,,
2015-07-01,2015,7,Jul,Bank of Ghana Composite Index of Economic Activity (Real),508.88,real_sector,https://www.bog.gov.gh/economic-data/real-sector/,0,,
2015-08-01,2015,8,Aug,Bank of Ghana Composite Index of Economic Activity (Real),528.66,real_sector,https://www.bog.gov.gh/economic-data/real-sector/,0,,
2015-09-01,2015,9,Sep,Bank of Ghana Composite Index of Economic Activity (Real),520.28,real_sector,https://www.bog.gov.gh/economic-data/real-sector/,0,,
2015-10-01,2015,10,Oct,Bank of Ghana Composite Index of Economic Activity (Real),549.88,real_sector,https://www.bog.gov.gh/economic-data/real-sector/,0,,
2015-11-01,2015,11,Nov,Bank of Ghana Composite Index of Economic Activity (Real),544.15,real_sector,https://www.bog.gov.gh/economic-data/real-sector/,0,,
2015-12-01,2015,12,Dec,Bank of Ghana Composite Index of Economic Activity (Real),549.26,real_sector,https://www.bog.gov.gh/economic-data/real-sector/,0,,
2015-12-31,2015,,,Bank of Ghana Composite Index of Economic Activity (Real),510.53,real_sector,https://www.bog.gov.gh/economic-data/real-sector/,0,,
2016-01-01,2016,1,Jan,Bank of Ghana Composite Index of Economic Activity (Real),539.01,real_sector,https://www.bog.gov.gh/economic-data/real-sector/,0,,
2016-02-01,2016,2,Feb,Bank of Ghana Composite Index of Economic Activity (Real),538.57,real_sector,https://www.bog.gov.gh/economic-data/real-sector/,0,,
2016-03-01,2016,3,Mar,Bank of Ghana Composite Index of Economic Activity (Real),535.83,real_sector,https://www.bog.gov.gh/economic-data/real-sector/,0,,
2016-04-01,2016,4,Apr,Bank of Ghana Composite Index of Economic Activity (Real),521.01,real_sector,https://www.bog.gov.gh/economic-data/real-sector/,0,,
2016-05-01,2016,5,May,Bank of Ghana Composite Index of Economic Activity (Real),562.58,real_sector,https://www.bog.gov.gh/economic-data/real-sector/,0,,
2016-06-01,2016,6,Jun,Bank of Ghana Composite Index of Economic Activity (Real),550.23,real_sector,https://www.bog.gov.gh/economic-data/real-sector/,0,,
2016-07-01,2016,7,Jul,Bank of Ghana Composite Index of Economic Activity (Real),551.4,real_sector,https://www.bog.gov.gh/economic-data/real-sector/,0,,
2016-08-01,2016,8,Aug,Bank of Ghana Composite Index of Economic Activity (Real),561.15,real_sector,https://www.bog.gov.gh/economic-data/real-sector/,0,,
2016-09-01,2016,9,Sep,Bank of Ghana Composite Index of Economic Activity (Real),540.98,real_sector,https://www.bog.gov.gh/economic-data/real-sector/,0,,
2016-10-01,2016,10,Oct,Bank of Ghana Composite Index of Economic Activity (Real),525.02,real_sector,https://www.bog.gov.gh/economic-data/real-sector/,0,,
2016-11-01,2016,11,Nov,Bank of Ghana Composite Index of Economic Activity (Real),539.1,real_sector,https://www.bog.gov.gh/economic-data/real-sector/,0,,
2016-12-01,2016,12,Dec,Bank of Ghana Composite Index of Economic Activity (Real),565.65,real_sector,https://www.bog.gov.gh/economic-data/real-sector/,0,,
2016-12-31,2016,,,Bank of Ghana Composite Index of Economic Activity (Real),539.01,real_sector,https://www.bog.gov.gh/economic-data/real-sector/,0,,
2017-01-01,2017,1,Jan,Bank of Ghana Composite Index of Economic Activity (Real),577.16,real_sector,https://www.bog.gov.gh/economic-data/real-sector/,0,,
2017-02-01,2017,2,Feb,Bank of Ghana Composite Index of Economic Activity (Real),542.88,real_sector,https://www.bog.gov.gh/economic-data/real-sector/,0,,
2017-03-01,2017,3,Mar,Bank of Ghana Composite Index of Economic Activity (Real),566.41,real_sector,https://www.bog.gov.gh/economic-data/real-sector/,0,,
2017-04-01,2017,4,Apr,Bank of Ghana Composite Index of Economic Activity (Real),569.85,real_sector,https://www.bog.gov.gh/economic-data/real-sector/,0,,
2017-05-01,2017,5,May,Bank of Ghana Composite Index of Economic Activity (Real),584.85,real_sector,https://www.bog.gov.gh/economic-data/real-sector/,0,,
2017-06-01,2017,6,Jun,Bank of Ghana Composite Index of Economic Activity (Real),567.08,real_sector,https://www.bog.gov.gh/economic-data/real-sector/,0,,
2017-07-01,2017,7,Jul,Bank of Ghana Composite Index of Economic Activity (Real),576.89,real_sector,https://www.bog.gov.gh/economic-data/real-sector/,0,,
2017-08-01,2017,8,Aug,Bank of Ghana Composite Index of Economic Activity (Real),596.06,real_sector,https://www.bog.gov.gh/economic-data/real-sector/,0,,
2017-09-01,2017,9,Sep,Bank of Ghana Composite Index of Economic Activity (Real),564.11,real_sector,https://www.bog.gov.gh/economic-data/real-sector/,0,,
2017-10-01,2017,10,Oct,Bank of Ghana Composite Index of Economic Activity (Real),568.68,real_sector,https://www.bog.gov.gh/economic-data/real-sector/,0,,
2017-11-01,2017,11,Nov,Bank of Ghana Composite Index of Economic Activity (Real),597.08,real_sector,https://www.bog.gov.gh/economic-data/real-sector/,0,,
2017-12-01,2017,12,Dec,Bank of Ghana Composite Index of Economic Activity (Real),607.07,real_sector,https://www.bog.gov.gh/economic-data/real-sector/,0,,
2017-12-31,2017,,,Bank of Ghana Composite Index of Economic Activity (Real),577.16,real_sector,https://www.bog.gov.gh/economic-data/real-sector/,0,,
2018-01-01,2018,1,Jan,Bank of Ghana Composite Index of Economic Activity (Real),595.12,real_sector,https://www.bog.gov.gh/economic-data/real-sector/,0,,
2018-02-01,2018,2,Feb,Bank of Ghana Composite Index of Economic Activity (Real),573.72,real_sector,https://www.bog.gov.gh/economic-data/real-sector/,0,,
2018-03-01,2018,3,Mar,Bank of Ghana Composite Index of Economic Activity (Real),591.0,real_sector,https://www.bog.gov.gh/economic-data/real-sector/,0,,
2018-04-01,2018,4,Apr,Bank of Ghana Composite Index of Economic Activity (Real),590.65,real_sector,https://www.bog.gov.gh/economic-data/real-sector/,0,,
2018-05-01,2018,5,May,Bank of Ghana Composite Index of Economic Activity (Real),605.59,real_sector,https://www.bog.gov.gh/economic-data/real-sector/,0,,
2018-06-01,2018,6,Jun,Bank of Ghana Composite Index of Economic Activity (Real),590.89,real_sector,https://www.bog.gov.gh/economic-data/real-sector/,0,,
2018-07-01,2018,7,Jul,Bank of Ghana Composite Index of Economic Activity (Real),599.92,real_sector,https://www.bog.gov.gh/economic-data/real-sector/,0,,
2018-08-01,2018,8,Aug,Bank of Ghana Composite Index of Economic Activity (Real),588.87,real_sector,https://www.bog.gov.gh/economic-data/real-sector/,0,,
2018-09-01,2018,9,Sep,Bank of Ghana Composite Index of Economic Activity (Real),580.1,real_sector,https://www.bog.gov.gh/economic-data/real-sector/,0,,
2018-10-01,2018,10,Oct,Bank of Ghana Composite Index of Economic Activity (Real),588.39,real_sector,https://www.bog.gov.gh/economic-data/real-sector/,0,,
2018-11-01,2018,11,Nov,Bank of Ghana Composite Index of Economic Activity (Real),609.38,real_sector,https://www.bog.gov.gh/economic-data/real-sector/,0,,
2018-12-01,2018,12,Dec,Bank of Ghana Composite Index of Economic Activity (Real),610.4,real_sector,https://www.bog.gov.gh/economic-data/real-sector/,0,,
2018-12-31,2018,,,Bank of Ghana Composite Index of Economic Activity (Real),595.12,real_sector,https://www.bog.gov.gh/economic-data/real-sector/,0,,
2019-01-01,2019,1,Jan,Bank of Ghana Composite Index of Economic Activity (Real),614.6,real_sector,https://www.bog.gov.gh/economic-data/real-sector/,0,,
2019-02-01,2019,2,Feb,Bank of Ghana Composite Index of Economic Activity (Real),589.78,real_sector,https://www.bog.gov.gh/economic-data/real-sector/,0,,
2019-03-01,2019,3,Mar,Bank of Ghana Composite Index of Economic Activity (Real),604.9,real_sector,https://www.bog.gov.gh/economic-data/real-sector/,0,,
2019-04-01,2019,4,Apr,Bank of Ghana Composite Index of Economic Activity (Real),599.28,real_sector,https://www.bog.gov.gh/economic-data/real-sector/,0,,
2019-05-01,2019,5,May,Bank of Ghana Composite Index of Economic Activity (Real),620.64,real_sector,https://www.bog.gov.gh/economic-data/real-sector/,0,,
2019-06-01,2019,6,Jun,Bank of Ghana Composite Index of Economic Activity (Real),596.78,real_sector,https://www.bog.gov.gh/economic-data/real-sector/,0,,
2019-07-01,2019,7,Jul,Bank of Ghana Composite Index of Economic Activity (Real),612.59,real_sector,https://www.bog.gov.gh/economic-data/real-sector/,0,,
2019-08-01,2019,8,Aug,Bank of Ghana Composite Index of Economic Activity (Real),608.86,real_sector,https://www.bog.gov.gh/economic-data/real-sector/,0,,
2019-09-01,2019,9,Sep,Bank of Ghana Composite Index of Economic Activity (Real),604.51,real_sector,https://www.bog.gov.gh/economic-data/real-sector/,0,,
2019-10-01,2019,10,Oct,Bank of Ghana Composite Index of Economic Activity (Real),634.99,real_sector,https://www.bog.gov.gh/economic-data/real-sector/,0,,
2019-11-01,2019,11,Nov,Bank of Ghana Composite Index of Economic Activity (Real),629.95,real_sector,https://www.bog.gov.gh/economic-data/real-sector/,0,,
2019-12-01,2019,12,Dec,Bank of Ghana Composite Index of Economic Activity (Real),695.57,real_sector,https://www.bog.gov.gh/economic-data/real-sector/,0,,
2019-12-31,2019,,,Bank of Ghana Composite Index of Economic Activity (Real),614.6,real_sector,https://www.bog.gov.gh/economic-data/real-sector/,0,,
2020-01-01,2020,1,Jan,Bank of Ghana Composite Index of Economic Activity (Real),635.26,real_sector,https://www.bog.gov.gh/economic-data/real-sector/,0,,
2020-02-01,2020,2,Feb,Bank of Ghana Composite Index of Economic Activity (Real),631.95,real_sector,https://www.bog.gov.gh/economic-data/real-sector/,0,,
2020-03-01,2020,3,Mar,Bank of Ghana Composite Index of Economic Activity (Real),593.56,real_sector,https://www.bog.gov.gh/economic-data/real-sector/,0,,
2020-04-01,2020,4,Apr,Bank of Ghana Composite Index of Economic Activity (Real),536.51,real_sector,https://www.bog.gov.gh/economic-data/real-sector/,0,,
2020-05-01,2020,5,May,Bank of Ghana Composite Index of Economic Activity (Real),557.16,real_sector,https://www.bog.gov.gh/economic-data/real-sector/,0,,
2020-06-01,2020,6,Jun,Bank of Ghana Composite Index of Economic Activity (Real),621.48,real_sector,https://www.bog.gov.gh/economic-data/real-sector/,0,,
2020-07-01,2020,7,Jul,Bank of Ghana Composite Index of Economic Activity (Real),636.7,real_sector,https://www.bog.gov.gh/economic-data/real-sector/,0,,
2020-08-01,2020,8,Aug,Bank of Ghana Composite Index of Economic Activity (Real),648.77,real_sector,https://www.bog.gov.gh/economic-data/real-sector/,0,,
2020-09-01,2020,9,Sep,Bank of Ghana Composite Index of Economic Activity (Real),669.54,real_sector,https://www.bog.gov.gh/economic-data/real-sector/,0,,
2020-10-01,2020,10,Oct,Bank of Ghana Composite Index of Economic Activity (Real),704.2,real_sector,https://www.bog.gov.gh/economic-data/real-sector/,0,,
2020-11-01,2020,11,Nov,Bank of Ghana Composite Index of Economic Activity (Real),704.85,real_sector,https://www.bog.gov.gh/economic-data/real-sector/,0,,
2020-12-01,2020,12,Dec,Bank of Ghana Composite Index of Economic Activity (Real),753.58,real_sector,https://www.bog.gov.gh/economic-data/real-sector/,0,,
2020-12-31,2020,,,Bank of Ghana Composite Index of Economic Activity (Real),635.26,real_sector,https://www.bog.gov.gh/economic-data/real-sector/,0,,
2021-01-01,2021,1,Jan,Bank of Ghana Composite Index of Economic Activity (Real),723.61,real_sector,https://www.bog.gov.gh/economic-data/real-sector/,0,,
2021-02-01,2021,2,Feb,Bank of Ghana Composite Index of Economic Activity (Real),710.13,real_sector,https://www.bog.gov.gh/economic-data/real-sector/,0,,
2021-03-01,2021,3,Mar,Bank of Ghana Composite Index of Economic Activity (Real),752.5,real_sector,https://www.bog.gov.gh/economic-data/real-sector/,0,,
2021-04-01,2021,4,Apr,Bank of Ghana Composite Index of Economic Activity (Real),748.07,real_sector,https://www.bog.gov.gh/economic-data/real-sector/,0,,
2021-05-01,2021,5,May,Bank of Ghana Composite Index of Economic Activity (Real),741.88,real_sector,https://www.bog.gov.gh/economic-data/real-sector/,0,,
2021-06-01,2021,6,Jun,Bank of Ghana Composite Index of Economic Activity (Real),747.06,real_sector,https://www.bog.gov.gh/economic-data/real-sector/,0,,
2021-07-01,2021,7,Jul,Bank of Ghana Composite Index of Economic Activity (Real),764.05,real_sector,https://www.bog.gov.gh/economic-data/real-sector/,0,,
2021-08-01,2021,8,Aug,Bank of Ghana Composite Index of Economic Activity (Real),746.12,real_sector,https://www.bog.gov.gh/economic-data/real-sector/,0,,
2021-09-01,2021,9,Sep,Bank of Ghana Composite Index of Economic Activity (Real),744.17,real_sector,https://www.bog.gov.gh/economic-data/real-sector/,0,,
2021-10-01,2021,10,Oct,Bank of Ghana Composite Index of Economic Activity (Real),739.09,real_sector,https://www.bog.gov.gh/economic-data/real-sector/,0,,
2021-11-01,2021,11,Nov,Bank of Ghana Composite Index of Economic Activity (Real),776.95,real_sector,https://www.bog.gov.gh/economic-data/real-sector/,0,,
2021-12-01,2021,12,Dec,Bank of Ghana Composite Index of Economic Activity (Real),791.02,real_sector,https://www.bog.gov.gh/economic-data/real-sector/,0,,
2021-12-31,2021,,,Bank of Ghana Composite Index of Economic Activity (Real),723.61,real_sector,https://www.bog.gov.gh/economic-data/real-sector/,0,,
2022-01-01,2022,1,Jan,Bank of Ghana Composite Index of Economic Activity (Real),753.64,real_sector,https://www.bog.gov.gh/economic-data/real-sector/,0,,
2022-02-01,2022,2,Feb,Bank of Ghana Composite Index of Economic Activity (Real),741.29,real_sector,https://www.bog.gov.gh/economic-data/real-sector/,0,,
2022-03-01,2022,3,Mar,Bank of Ghana Composite Index of Economic Activity (Real),787.35,real_sector,https://www.bog.gov.gh/economic-data/real-sector/,0,,
2022-04-01,2022,4,Apr,Bank of Ghana Composite Index of Economic Activity (Real),767.12,real_sector,https://www.bog.gov.gh/economic-data/real-sector/,0,,
2022-05-01,2022,5,May,Bank of Ghana Composite Index of Economic Activity (Real),754.67,real_sector,https://www.bog.gov.gh/economic-data/real-sector/,0,,
2022-06-01,2022,6,Jun,Bank of Ghana Composite Index of Economic Activity (Real),759.31,real_sector,https://www.bog.gov.gh/economic-data/real-sector/,0,,
2022-07-01,2022,7,Jul,Bank of Ghana Composite Index of Economic Activity (Real),767.57,real_sector,https://www.bog.gov.gh/economic-data/real-sector/,0,,
2022-08-01,2022,8,Aug,Bank of Ghana Composite Index of Economic Activity (Real),737.77,real_sector,https://www.bog.gov.gh/economic-data/real-sector/,0,,
2022-09-01,2022,9,Sep,Bank of Ghana Composite Index of Economic Activity (Real),735.16,real_sector,https://www.bog.gov.gh/economic-data/real-sector/,0,,
2022-10-01,2022,10,Oct,Bank of Ghana Composite Index of Economic Activity (Real),731.99,real_sector,https://www.bog.gov.gh/economic-data/real-sector/,0,,
2022-11-01,2022,11,Nov,Bank of Ghana Composite Index of Economic Activity (Real),729.09,real_sector,https://www.bog.gov.gh/economic-data/real-sector/,0,,
2022-12-01,2022,12,Dec,Bank of Ghana Composite Index of Economic Activity (Real),0.0,real_sector,https://www.bog.gov.gh/economic-data/real-sector/,0,,
2022-12-31,2022,,,Bank of Ghana Composite Index of Economic Activity (Real),753.64,real_sector,https://www.bog.gov.gh/economic-data/real-sector/,0,,
2023-01-01,2023,1,Jan,Bank of Ghana Composite Index of Economic Activity (Real),696.6,real_sector,https://www.bog.gov.gh/economic-data/real-sector/,0,,
2023-02-01,2023,2,Feb,Bank of Ghana Composite Index of Economic Activity (Real),687.73,real_sector,https://www.bog.gov.gh/economic-data/real-sector/,0,,
2023-03-01,2023,3,Mar,Bank of Ghana Composite Index of Economic Activity (Real),737.17,real_sector,https://www.bog.gov.gh/economic-data/real-sector/,0,,
2023-04-01,2023,4,Apr,Bank of Ghana Composite Index of Economic Activity (Real),0.0,real_sector,https://www.bog.gov.gh/economic-data/real-sector/,0,,
2023-05-01,2023,5,May,Bank of Ghana Composite Index of Economic Activity (Real),0.0,real_sector,https://www.bog.gov.gh/economic-data/real-sector/,0,,
2023-06-01,2023,6,Jun,Bank of Ghana Composite Index of Economic Activity (Real),0.0,real_sector,https://www.bog.gov.gh/economic-data/real-sector/,0,,
2023-07-01,2023,7,Jul,Bank of Ghana Composite Index of Economic Activity (Real),0.0,real_sector,https://www.bog.gov.gh/economic-data/real-sector/,0,,
2023-08-01,2023,8,Aug,Bank of Ghana Composite Index of Economic Activity (Real),0.0,real_sector,https://www.bog.gov.gh/economic-data/real-sector/,0,,
2023-09-01,2023,9,Sep,Bank of Ghana Composite Index of Economic Activity (Real),0.0,real_sector,https://www.bog.gov.gh/economic-data/real-sector/,0,,
2023-10-01,2023,10,Oct,Bank of Ghana Composite Index of Economic Activity (Real),0.0,real_sector,https://www.bog.gov.gh/economic-data/real-sector/,0,,
2023-11-01,2023,11,Nov,Bank of Ghana Composite Index of Economic Activity (Real),0.0,real_sector,https://www.bog.gov.gh/economic-data/real-sector/,0,,
2023-12-01,2023,12,Dec,Bank of Ghana Composite Index of Economic Activity (Real),0.0,real_sector,https://www.bog.gov.gh/economic-data/real-sector/,0,,
2023-12-31,2023,,,Bank of Ghana Composite Index of Economic Activity (Real),696.6,real_sector,https://www.bog.gov.gh/economic-data/real-sector/,0,,
1983-12-31,1983,,,Gross Domestic Product Growth Rate (%),-4.84,real_sector,https://www.bog.gov.gh/economic-data/real-sector/,2,,
1984-12-31,1984,,,Gross Domestic Product Growth Rate (%),8.96,real_sector,https://www.bog.gov.gh/economic-data/real-sector/,2,,
1985-12-31,1985,,,Gross Domestic Product Growth Rate (%),5.09,real_sector,https://www.bog.gov.gh/economic-data/real-sector/,2,,
1986-12-31,1986,,,Gross Domestic Product Growth Rate (%),5.2,real_sector,https://www.bog.gov.gh/economic-data/real-sector/,2,,
1987-12-31,1987,,,Gross Domestic Product Growth Rate (%),4.79,real_sector,https://www.bog.gov.gh/economic-data/real-sector/,2,,
1988-12-31,1988,,,Gross Domestic Product Growth Rate (%),5.63,real_sector,https://www.bog.gov.gh/economic-data/real-sector/,2,,
1989-12-31,1989,,,Gross Domestic Product Growth Rate (%),5.09,real_sector,https://www.bog.gov.gh/economic-data/real-sector/,2,,
1990-12-31,1990,,,Gross Domestic Product Growth Rate (%),3.3,real_sector,https://www.bog.gov.gh/economic-data/real-sector/,2,,
1991-12-31,1991,,,Gross Domestic Product Growth Rate (%),5.3,real_sector,https://www.bog.gov.gh/economic-data/real-sector/,2,,
1992-12-31,1992,,,Gross Domestic Product Growth Rate (%),3.9,real_sector,https://www.bog.gov.gh/economic-data/real-sector/,2,,
1993-12-31,1993,,,Gross Domestic Product Growth Rate (%),4.93,real_sector,https://www.bog.gov.gh/economic-data/real-sector/,2,,
1994-12-31,1994,,,Gross Domestic Product Growth Rate (%),3.27,real_sector,https://www.bog.gov.gh/economic-data/real-sector/,2,,
1995-12-31,1995,,,Gross Domestic Product Growth Rate (%),42535.0,real_sector,https://www.bog.gov.gh/economic-data/real-sector/,2,,
1996-12-31,1996,,,Gross Domestic Product Growth Rate (%),4.6,real_sector,https://www.bog.gov.gh/economic-data/real-sector/,2,,
1997-12-31,1997,,,Gross Domestic Product Growth Rate (%),4.2,real_sector,https://www.bog.gov.gh/economic-data/real-sector/,2,,
1998-12-31,1998,,,Gross Domestic Product Growth Rate (%),4.69,real_sector,https://www.bog.gov.gh/economic-data/real-sector/,2,,
1999-12-31,1999,,,Gross Domestic Product Growth Rate (%),4.43,real_sector,https://www.bog.gov.gh/economic-data/real-sector/,2,,
2000-12-31,2000,,,Gross Domestic Product Growth Rate (%),3.73,real_sector,https://www.bog.gov.gh/economic-data/real-sector/,2,,
2001-12-31,2001,,,Gross Domestic Product Growth Rate (%),4.18,real_sector,https://www.bog.gov.gh/economic-data/real-sector/,2,,
2002-12-31,2002,,,Gross Domestic Product Growth Rate (%),4.55,real_sector,https://www.bog.gov.gh/economic-data/real-sector/,2,,
2003-12-31,2003,,,Gross Domestic Product Growth Rate (%),5.25,real_sector,https://www.bog.gov.gh/economic-data/real-sector/,2,,
2004-12-31,2004,,,Gross Domestic Product Growth Rate (%),5.58,real_sector,https://www.bog.gov.gh/economic-data/real-sector/,2,,
2005-12-31,2005,,,Gross Domestic Product Growth Rate (%),5.87,real_sector,https://www.bog.gov.gh/economic-data/real-sector/,2,,
2006-12-31,2006,,,Gross Domestic Product Growth Rate (%),7.92,real_sector,https://www.bog.gov.gh/economic-data/real-sector/,2,,
2007-03-01,2007,,,Gross Domestic Product Growth Rate (%),17967.28,real_sector,https://www.bog.gov.gh/economic-data/real-sector/,1,1,First Quarter
2007-06-01,2007,,,Gross Domestic Product Growth Rate (%),16647.84,real_sector,https://www.bog.gov.gh/economic-data/real-sector/,1,2,Second Quarter
2007-09-01,2007,,,Gross Domestic Product Growth Rate (%),19566.56,real_sector,https://www.bog.gov.gh/economic-data/real-sector/,1,3,Third Quarter
2007-12-01,2007,,,Gross Domestic Product Growth Rate (%),21486.9,real_sector,https://www.bog.gov.gh/economic-data/real-sector/,1,4,Fourth Quarter
2007-12-31,2007,,,Gross Domestic Product Growth Rate (%),17967.28,real_sector,https://www.bog.gov.gh/economic-data/real-sector/,1,,
2007-12-31,2007,,,Gross Domestic Product Growth Rate (%),4.08,real_sector,https://www.bog.gov.gh/economic-data/real-sector/,2,,
2008-03-01,2008,,,Gross Domestic Product Growth Rate (%),19410.59,real_sector,https://www.bog.gov.gh/economic-data/real-sector/,1,1,First Quarter
2008-06-01,2008,,,Gross Domestic Product Growth Rate (%),17899.27,real_sector,https://www.bog.gov.gh/economic-data/real-sector/,1,2,Second Quarter
2008-09-01,2008,,,Gross Domestic Product Growth Rate (%),22132.74,real_sector,https://www.bog.gov.gh/economic-data/real-sector/,1,3,Third Quarter
2008-12-01,2008,,,Gross Domestic Product Growth Rate (%),23038.44,real_sector,https://www.bog.gov.gh/economic-data/real-sector/,1,4,Fourth Quarter
2008-12-31,2008,,,Gross Domestic Product Growth Rate (%),19410.59,real_sector,https://www.bog.gov.gh/economic-data/real-sector/,1,,
2008-12-31,2008,,,Gross Domestic Product Growth Rate (%),9.0,real_sector,https://www.bog.gov.gh/economic-data/real-sector/,2,,
2009-03-01,2009,,,Gross Domestic Product Growth Rate (%),20086.83,real_sector,https://www.bog.gov.gh/economic-data/real-sector/,1,1,First Quarter
2009-06-01,2009,,,Gross Domestic Product Growth Rate (%),18879.37,real_sector,https://www.bog.gov.gh/economic-data/real-sector/,1,2,Second Quarter
2009-09-01,2009,,,Gross Domestic Product Growth Rate (%),22562.03,real_sector,https://www.bog.gov.gh/economic-data/real-sector/,1,3,Third Quarter
2009-12-01,2009,,,Gross Domestic Product Growth Rate (%),25638.4,real_sector,https://www.bog.gov.gh/economic-data/real-sector/,1,4,Fourth Quarter
2009-12-31,2009,,,Gross Domestic Product Growth Rate (%),20086.83,real_sector,https://www.bog.gov.gh/economic-data/real-sector/,1,,
2009-12-31,2009,,,Gross Domestic Product Growth Rate (%),5.68,real_sector,https://www.bog.gov.gh/economic-data/real-sector/,2,,
2010-03-01,2010,,,Gross Domestic Product Growth Rate (%),21408.68,real_sector,https://www.bog.gov.gh/economic-data/real-sector/,1,1,First Quarter
2010-06-01,2010,,,Gross Domestic Product Growth Rate (%),20301.44,real_sector,https://www.bog.gov.gh/economic-data/real-sector/,1,2,Second Quarter
2010-09-01,2010,,,Gross Domestic Product Growth Rate (%),25429.34,real_sector,https://www.bog.gov.gh/economic-data/real-sector/,1,3,Third Quarter
2010-12-01,2010,,,Gross Domestic Product Growth Rate (%),26807.28,real_sector,https://www.bog.gov.gh/economic-data/real-sector/,1,4,Fourth Quarter
2010-12-31,2010,,,Gross Domestic Product Growth Rate (%),21408.68,real_sector,https://www.bog.gov.gh/economic-data/real-sector/,1,,
2010-12-31,2010,,,Gross Domestic Product Growth Rate (%),7.78,real_sector,https://www.bog.gov.gh/economic-data/real-sector/,2,,
2011-03-01,2011,,,Gross Domestic Product Growth Rate (%),24392.3,real_sector,https://www.bog.gov.gh/economic-data/real-sector/,1,1,First Quarter
2011-06-01,2011,,,Gross Domestic Product Growth Rate (%),24316.57,real_sector,https://www.bog.gov.gh/economic-data/real-sector/,1,2,Second Quarter
2011-09-01,2011,,,Gross Domestic Product Growth Rate (%),28077.71,real_sector,https://www.bog.gov.gh/economic-data/real-sector/,1,3,Third Quarter
2011-12-01,2011,,,Gross Domestic Product Growth Rate (%),30270.39,real_sector,https://www.bog.gov.gh/economic-data/real-sector/,1,4,Fourth Quarter
2011-12-31,2011,,,Gross Domestic Product Growth Rate (%),24392.3,real_sector,https://www.bog.gov.gh/economic-data/real-sector/,1,,
2011-12-31,2011,,,Gross Domestic Product Growth Rate (%),13.95,real_sector,https://www.bog.gov.gh/economic-data/real-sector/,2,,
2012-03-01,2012,,,Gross Domestic Product Growth Rate (%),27631.43,real_sector,https://www.bog.gov.gh/economic-data/real-sector/,1,1,First Quarter
2012-06-01,2012,,,Gross Domestic Product Growth Rate (%),26622.47,real_sector,https://www.bog.gov.gh/economic-data/real-sector/,1,2,Second Quarter
2012-09-01,2012,,,Gross Domestic Product Growth Rate (%),29420.57,real_sector,https://www.bog.gov.gh/economic-data/real-sector/,1,3,Third Quarter
2012-12-01,2012,,,Gross Domestic Product Growth Rate (%),32398.67,real_sector,https://www.bog.gov.gh/economic-data/real-sector/,1,4,Fourth Quarter
2012-12-31,2012,,,Gross Domestic Product Growth Rate (%),27631.43,real_sector,https://www.bog.gov.gh/economic-data/real-sector/,1,,
2012-12-31,2012,,,Gross Domestic Product Growth Rate (%),8.42,real_sector,https://www.bog.gov.gh/economic-data/real-sector/,2,,
2013-03-01,2013,,,Gross Domestic Product Growth Rate (%),29807.51,real_sector,https://www.bog.gov.gh/economic-data/real-sector/,1,1,First Quarter
2013-06-01,2013,,,Gross Domestic Product Growth Rate (%),30414.75,real_sector,https://www.bog.gov.gh/economic-data/real-sector/,1,2,Second Quarter
2013-09-01,2013,,,Gross Domestic Product Growth Rate (%),30449.45,real_sector,https://www.bog.gov.gh/economic-data/real-sector/,1,3,Third Quarter
2013-12-01,2013,,,Gross Domestic Product Growth Rate (%),33805.87,real_sector,https://www.bog.gov.gh/economic-data/real-sector/,1,4,Fourth Quarter
2013-12-31,2013,,,Gross Domestic Product Growth Rate (%),29807.51,real_sector,https://www.bog.gov.gh/economic-data/real-sector/,1,,
2013-12-31,2013,,,Gross Domestic Product Growth Rate (%),7.24,real_sector,https://www.bog.gov.gh/economic-data/real-sector/,2,,
2014-03-01,2014,,,Gross Domestic Product Growth Rate (%),29478.1,real_sector,https://www.bog.gov.gh/economic-data/real-sector/,1,1,First Quarter
2014-06-01,2014,,,Gross Domestic Product Growth Rate (%),31319.09,real_sector,https://www.bog.gov.gh/economic-data/real-sector/,1,2,Second Quarter
2014-09-01,2014,,,Gross Domestic Product Growth Rate (%),32830.51,real_sector,https://www.bog.gov.gh/economic-data/real-sector/,1,3,Third Quarter
2014-12-01,2014,,,Gross Domestic Product Growth Rate (%),34405.25,real_sector,https://www.bog.gov.gh/economic-data/real-sector/,1,4,Fourth Quarter
2014-12-31,2014,,,Gross Domestic Product Growth Rate (%),29478.1,real_sector,https://www.bog.gov.gh/economic-data/real-sector/,1,,
2014-12-31,2014,,,Gross Domestic Product Growth Rate (%),2.86,real_sector,https://www.bog.gov.gh/economic-data/real-sector/,2,,
2015-03-01,2015,,,Gross Domestic Product Growth Rate (%),32668.27,real_sector,https://www.bog.gov.gh/economic-data/real-sector/,1,1,First Quarter
2015-06-01,2015,,,Gross Domestic Product Growth Rate (%),32343.21,real_sector,https://www.bog.gov.gh/economic-data/real-sector/,1,2,Second Quarter
2015-09-01,2015,,,Gross Domestic Product Growth Rate (%),31296.21,real_sector,https://www.bog.gov.gh/economic-data/real-sector/,1,3,Third Quarter
2015-12-01,2015,,,Gross Domestic Product Growth Rate (%),34440.54,real_sector,https://www.bog.gov.gh/economic-data/real-sector/,1,4,Fourth Quarter
2015-12-31,2015,,,Gross Domestic Product Growth Rate (%),32668.27,real_sector,https://www.bog.gov.gh/economic-data/real-sector/,1,,
2015-12-31,2015,,,Gross Domestic Product Growth Rate (%),2.12,real_sector,https://www.bog.gov.gh/economic-data/real-sector/,2,,
2016-03-01,2016,,,Gross Domestic Product Growth Rate (%),32528.34,real_sector,https://www.bog.gov.gh/economic-data/real-sector/,1,1,First Quarter
2016-06-01,2016,,,Gross Domestic Product Growth Rate (%),31541.84,real_sector,https://www.bog.gov.gh/economic-data/real-sector/,1,2,Second Quarter
2016-09-01,2016,,,Gross Domestic Product Growth Rate (%),34779.33,real_sector,https://www.bog.gov.gh/economic-data/real-sector/,1,3,Third Quarter
2016-12-01,2016,,,Gross Domestic Product Growth Rate (%),36309.47,real_sector,https://www.bog.gov.gh/economic-data/real-sector/,1,4,Fourth Quarter
2016-12-31,2016,,,Gross Domestic Product Growth Rate (%),32528.34,real_sector,https://www.bog.gov.gh/economic-data/real-sector/,1,,
2016-12-31,2016,,,Gross Domestic Product Growth Rate (%),3.37,real_sector,https://www.bog.gov.gh/economic-data/real-sector/,2,,
2017-03-01,2017,,,Gross Domestic Product Growth Rate (%),35011.55,real_sector,https://www.bog.gov.gh/economic-data/real-sector/,1,1,First Quarter
2017-06-01,2017,,,Gross Domestic Product Growth Rate (%),35475.5,real_sector,https://www.bog.gov.gh/economic-data/real-sector/,1,2,Second Quarter
2017-09-01,2017,,,Gross Domestic Product Growth Rate (%),37221.88,real_sector,https://www.bog.gov.gh/economic-data/real-sector/,1,3,Third Quarter
2017-12-01,2017,,,Gross Domestic Product Growth Rate (%),38436.98,real_sector,https://www.bog.gov.gh/economic-data/real-sector/,1,4,Fourth Quarter
2017-12-31,2017,,,Gross Domestic Product Growth Rate (%),35011.55,real_sector,https://www.bog.gov.gh/economic-data/real-sector/,1,,
2017-12-31,2017,,,Gross Domestic Product Growth Rate (%),8.13,real_sector,https://www.bog.gov.gh/economic-data/real-sector/,2,,
2018-03-01,2018,,,Gross Domestic Product Growth Rate (%),38822.39,real_sector,https://www.bog.gov.gh/economic-data/real-sector/,1,1,First Quarter
2018-06-01,2018,,,Gross Domestic Product Growth Rate (%),36654.03,real_sector,https://www.bog.gov.gh/economic-data/real-sector/,1,2,Second Quarter
2018-09-01,2018,,,Gross Domestic Product Growth Rate (%),39670.8,real_sector,https://www.bog.gov.gh/economic-data/real-sector/,1,3,Third Quarter
2018-12-01,2018,,,Gross Domestic Product Growth Rate (%),40059.84,real_sector,https://www.bog.gov.gh/economic-data/real-sector/,1,4,Fourth Quarter
2018-12-31,2018,,,Gross Domestic Product Growth Rate (%),38822.39,real_sector,https://www.bog.gov.gh/economic-data/real-sector/,1,,
2018-12-31,2018,,,Gross Domestic Product Growth Rate (%),6.2,real_sector,https://www.bog.gov.gh/economic-data/real-sector/,2,,
2019-03-01,2019,,,Gross Domestic Product Growth Rate (%),41103.53,real_sector,https://www.bog.gov.gh/economic-data/real-sector/,1,1,First Quarter
2019-06-01,2019,,,Gross Domestic Product Growth Rate (%),39982.22,real_sector,https://www.bog.gov.gh/economic-data/real-sector/,1,2,Second Quarter
2019-09-01,2019,,,Gross Domestic Product Growth Rate (%),41766.5,real_sector,https://www.bog.gov.gh/economic-data/real-sector/,1,3,Third Quarter
2019-12-01,2019,,,Gross Domestic Product Growth Rate (%),42455.34,real_sector,https://www.bog.gov.gh/economic-data/real-sector/,1,4,Fourth Quarter
2019-12-31,2019,,,Gross Domestic Product Growth Rate (%),41103.53,real_sector,https://www.bog.gov.gh/economic-data/real-sector/,1,,
2019-12-31,2019,,,Gross Domestic Product Growth Rate (%),6.51,real_sector,https://www.bog.gov.gh/economic-data/real-sector/,2,,
2020-03-01,2020,,,Gross Domestic Product Growth Rate (%),43742.77,real_sector,https://www.bog.gov.gh/economic-data/real-sector/,1,1,First Quarter
2020-06-01,2020,,,Gross Domestic Product Growth Rate (%),37726.3,real_sector,https://www.bog.gov.gh/economic-data/real-sector/,1,2,Second Quarter
2020-09-01,2020,,,Gross Domestic Product Growth Rate (%),40406.02,real_sector,https://www.bog.gov.gh/economic-data/real-sector/,1,3,Third Quarter
2020-12-01,2020,,,Gross Domestic Product Growth Rate (%),44282.09,real_sector,https://www.bog.gov.gh/economic-data/real-sector/,1,4,Fourth Quarter
2020-12-31,2020,,,Gross Domestic Product Growth Rate (%),43742.77,real_sector,https://www.bog.gov.gh/economic-data/real-sector/,1,,
2020-12-31,2020,,,Gross Domestic Product Growth Rate (%),0.51,real_sector,https://www.bog.gov.gh/economic-data/real-sector/,2,,
2021-03-01,2021,,,Gross Domestic Product Growth Rate (%),45330.24,real_sector,https://www.bog.gov.gh/economic-data/real-sector/,1,1,First Quarter
2021-06-01,2021,,,Gross Domestic Product Growth Rate (%),39304.57,real_sector,https://www.bog.gov.gh/economic-data/real-sector/,1,2,Second Quarter
2021-09-01,2021,,,Gross Domestic Product Growth Rate (%),43025.32,real_sector,https://www.bog.gov.gh/economic-data/real-sector/,1,3,Third Quarter
2021-12-01,2021,,,Gross Domestic Product Growth Rate (%),47397.22,real_sector,https://www.bog.gov.gh/economic-data/real-sector/,1,4,Fourth Quarter
2021-12-31,2021,,,Gross Domestic Product Growth Rate (%),45330.24,real_sector,https://www.bog.gov.gh/economic-data/real-sector/,1,,
2021-12-31,2021,,,Gross Domestic Product Growth Rate (%),5.36,real_sector,https://www.bog.gov.gh/economic-data/real-sector/,2,,
2022-03-01,2022,,,Gross Domestic Product Growth Rate (%),2.44,real_sector,https://www.bog.gov.gh/economic-data/real-sector/,1,1,First Quarter
2022-06-01,2022,,,Gross Domestic Product Growth Rate (%),3.52,real_sector,https://www.bog.gov.gh/economic-data/real-sector/,1,2,Second Quarter
2022-09-01,2022,,,Gross Domestic Product Growth Rate (%),2.67,real_sector,https://www.bog.gov.gh/economic-data/real-sector/,1,3,Third Quarter
2022-12-01,2022,,,Gross Domestic Product Growth Rate (%),3.7,real_sector,https://www.bog.gov.gh/economic-data/real-sector/,1,4,Fourth Quarter
2022-12-31,2022,,,Gross Domestic Product Growth Rate (%),2.44,real_sector,https://www.bog.gov.gh/economic-data/real-sector/,1,,
2022-12-31,2022,,,Gross Domestic Product Growth Rate (%),3.08,real_sector,https://www.bog.gov.gh/economic-data/real-sector/,2,,
2023-03-01,2023,,,Gross Domestic Product Growth Rate (%),4.24,real_sector,https://www.bog.gov.gh/economic-data/real-sector/,1,1,First Quarter
2023-06-01,2023,,,Gross Domestic Product Growth Rate (%),0.0,real_sector,https://www.bog.gov.gh/economic-data/real-sector/,1,2,Second Quarter
2023-09-01,2023,,,Gross Domestic Product Growth Rate (%),0.0,real_sector,https://www.bog.gov.gh/economic-data/real-sector/,1,3,Third Quarter
2023-12-01,2023,,,Gross Domestic Product Growth Rate (%),0.0,real_sector,https://www.bog.gov.gh/economic-data/real-sector/,1,4,Fourth Quarter
2023-12-31,2023,,,Gross Domestic Product Growth Rate (%),4.24,real_sector,https://www.bog.gov.gh/economic-data/real-sector/,1,,
1983-12-31,1983,,,Gross Domestic Product Growth Rate: Non Oil (%),-4.84,real_sector,https://www.bog.gov.gh/economic-data/real-sector/,2,,
1984-12-31,1984,,,Gross Domestic Product Growth Rate: Non Oil (%),8.96,real_sector,https://www.bog.gov.gh/economic-data/real-sector/,2,,
1985-12-31,1985,,,Gross Domestic Product Growth Rate: Non Oil (%),5.09,real_sector,https://www.bog.gov.gh/economic-data/real-sector/,2,,
1986-12-31,1986,,,Gross Domestic Product Growth Rate: Non Oil (%),5.2,real_sector,https://www.bog.gov.gh/economic-data/real-sector/,2,,
1987-12-31,1987,,,Gross Domestic Product Growth Rate: Non Oil (%),4.79,real_sector,https://www.bog.gov.gh/economic-data/real-sector/,2,,
1988-12-31,1988,,,Gross Domestic Product Growth Rate: Non Oil (%),5.63,real_sector,https://www.bog.gov.gh/economic-data/real-sector/,2,,
1989-12-31,1989,,,Gross Domestic Product Growth Rate: Non Oil (%),5.09,real_sector,https://www.bog.gov.gh/economic-data/real-sector/,2,,
1990-12-31,1990,,,Gross Domestic Product Growth Rate: Non Oil (%),3.3,real_sector,https://www.bog.gov.gh/economic-data/real-sector/,2,,
1991-12-31,1991,,,Gross Domestic Product Growth Rate: Non Oil (%),5.3,real_sector,https://www.bog.gov.gh/economic-data/real-sector/,2,,
1992-12-31,1992,,,Gross Domestic Product Growth Rate: Non Oil (%),3.9,real_sector,https://www.bog.gov.gh/economic-data/real-sector/,2,,
1993-12-31,1993,,,Gross Domestic Product Growth Rate: Non Oil (%),4.93,real_sector,https://www.bog.gov.gh/economic-data/real-sector/,2,,
1994-12-31,1994,,,Gross Domestic Product Growth Rate: Non Oil (%),3.27,real_sector,https://www.bog.gov.gh/economic-data/real-sector/,2,,
1995-12-31,1995,,,Gross Domestic Product Growth Rate: Non Oil (%),4.02,real_sector,https://www.bog.gov.gh/economic-data/real-sector/,2,,
1996-12-31,1996,,,Gross Domestic Product Growth Rate: Non Oil (%),4.6,real_sector,https://www.bog.gov.gh/economic-data/real-sector/,2,,
1997-12-31,1997,,,Gross Domestic Product Growth Rate: Non Oil (%),4.2,real_sector,https://www.bog.gov.gh/economic-data/real-sector/,2,,
1998-12-31,1998,,,Gross Domestic Product Growth Rate: Non Oil (%),4.69,real_sector,https://www.bog.gov.gh/economic-data/real-sector/,2,,
1999-12-31,1999,,,Gross Domestic Product Growth Rate: Non Oil (%),4.43,real_sector,https://www.bog.gov.gh/economic-data/real-sector/,2,,
2000-12-31,2000,,,Gross Domestic Product Growth Rate: Non Oil (%),3.73,real_sector,https://www.bog.gov.gh/economic-data/real-sector/,2,,
2001-12-31,2001,,,Gross Domestic Product Growth Rate: Non Oil (%),4.18,real_sector,https://www.bog.gov.gh/economic-data/real-sector/,2,,
2002-12-31,2002,,,Gross Domestic Product Growth Rate: Non Oil (%),4.55,real_sector,https://www.bog.gov.gh/economic-data/real-sector/,2,,
2003-12-31,2003,,,Gross Domestic Product Growth Rate: Non Oil (%),5.25,real_sector,https://www.bog.gov.gh/economic-data/real-sector/,2,,
2004-12-31,2004,,,Gross Domestic Product Growth Rate: Non Oil (%),5.58,real_sector,https://www.bog.gov.gh/economic-data/real-sector/,2,,
2005-12-31,2005,,,Gross Domestic Product Growth Rate: Non Oil (%),5.87,real_sector,https://www.bog.gov.gh/economic-data/real-sector/,2,,
2006-12-31,2006,,,Gross Domestic Product Growth Rate: Non Oil (%),7.92,real_sector,https://www.bog.gov.gh/economic-data/real-sector/,2,,
2007-03-01,2007,,,Gross Domestic Product Growth Rate: Non Oil (%),17967.28,real_sector,https://www.bog.gov.gh/economic-data/real-sector/,1,1,First Quarter
2007-06-01,2007,,,Gross Domestic Product Growth Rate: Non Oil (%),16647.84,real_sector,https://www.bog.gov.gh/economic-data/real-sector/,1,2,Second Quarter
2007-09-01,2007,,,Gross Domestic Product Growth Rate: Non Oil (%),19566.56,real_sector,https://www.bog.gov.gh/economic-data/real-sector/,1,3,Third Quarter
2007-12-01,2007,,,Gross Domestic Product Growth Rate: Non Oil (%),21486.9,real_sector,https://www.bog.gov.gh/economic-data/real-sector/,1,4,Fourth Quarter
2007-12-31,2007,,,Gross Domestic Product Growth Rate: Non Oil (%),17967.28,real_sector,https://www.bog.gov.gh/economic-data/real-sector/,1,,
2007-12-31,2007,,,Gross Domestic Product Growth Rate: Non Oil (%),4.07,real_sector,https://www.bog.gov.gh/economic-data/real-sector/,2,,
2008-03-01,2008,,,Gross Domestic Product Growth Rate: Non Oil (%),19410.59,real_sector,https://www.bog.gov.gh/economic-data/real-sector/,1,1,First Quarter
2008-06-01,2008,,,Gross Domestic Product Growth Rate: Non Oil (%),17899.27,real_sector,https://www.bog.gov.gh/economic-data/real-sector/,1,2,Second Quarter
2008-09-01,2008,,,Gross Domestic Product Growth Rate: Non Oil (%),22132.74,real_sector,https://www.bog.gov.gh/economic-data/real-sector/,1,3,Third Quarter
2008-12-01,2008,,,Gross Domestic Product Growth Rate: Non Oil (%),23038.44,real_sector,https://www.bog.gov.gh/economic-data/real-sector/,1,4,Fourth Quarter
2008-12-31,2008,,,Gross Domestic Product Growth Rate: Non Oil (%),19410.59,real_sector,https://www.bog.gov.gh/economic-data/real-sector/,1,,
2008-12-31,2008,,,Gross Domestic Product Growth Rate: Non Oil (%),9.0,real_sector,https://www.bog.gov.gh/economic-data/real-sector/,2,,
2009-03-01,2009,,,Gross Domestic Product Growth Rate: Non Oil (%),20086.83,real_sector,https://www.bog.gov.gh/economic-data/real-sector/,1,1,First Quarter
2009-06-01,2009,,,Gross Domestic Product Growth Rate: Non Oil (%),18879.37,real_sector,https://www.bog.gov.gh/economic-data/real-sector/,1,2,Second Quarter
2009-09-01,2009,,,Gross Domestic Product Growth Rate: Non Oil (%),22562.03,real_sector,https://www.bog.gov.gh/economic-data/real-sector/,1,3,Third Quarter
2009-12-01,2009,,,Gross Domestic Product Growth Rate: Non Oil (%),25638.4,real_sector,https://www.bog.gov.gh/economic-data/real-sector/,1,4,Fourth Quarter
2009-12-31,2009,,,Gross Domestic Product Growth Rate: Non Oil (%),20086.83,real_sector,https://www.bog.gov.gh/economic-data/real-sector/,1,,
2009-12-31,2009,,,Gross Domestic Product Growth Rate: Non Oil (%),5.68,real_sector,https://www.bog.gov.gh/economic-data/real-sector/,2,,
2010-03-01,2010,,,Gross Domestic Product Growth Rate: Non Oil (%),21388.8,real_sector,https://www.bog.gov.gh/economic-data/real-sector/,1,1,First Quarter
2010-06-01,2010,,,Gross Domestic Product Growth Rate: Non Oil (%),20286.76,real_sector,https://www.bog.gov.gh/economic-data/real-sector/,1,2,Second Quarter
2010-09-01,2010,,,Gross Domestic Product Growth Rate: Non Oil (%),25393.77,real_sector,https://www.bog.gov.gh/economic-data/real-sector/,1,3,Third Quarter
2010-12-01,2010,,,Gross Domestic Product Growth Rate: Non Oil (%),26659.22,real_sector,https://www.bog.gov.gh/economic-data/real-sector/,1,4,Fourth Quarter
2010-12-31,2010,,,Gross Domestic Product Growth Rate: Non Oil (%),21388.8,real_sector,https://www.bog.gov.gh/economic-data/real-sector/,1,,
2010-12-31,2010,,,Gross Domestic Product Growth Rate: Non Oil (%),7.53,real_sector,https://www.bog.gov.gh/economic-data/real-sector/,2,,
2011-03-01,2011,,,Gross Domestic Product Growth Rate: Non Oil (%),23783.32,real_sector,https://www.bog.gov.gh/economic-data/real-sector/,1,1,First Quarter
2011-06-01,2011,,,Gross Domestic Product Growth Rate: Non Oil (%),23275.27,real_sector,https://www.bog.gov.gh/economic-data/real-sector/,1,2,Second Quarter
2011-09-01,2011,,,Gross Domestic Product Growth Rate: Non Oil (%),26615.69,real_sector,https://www.bog.gov.gh/economic-data/real-sector/,1,3,Third Quarter
2011-12-01,2011,,,Gross Domestic Product Growth Rate: Non Oil (%),28749.43,real_sector,https://www.bog.gov.gh/economic-data/real-sector/,1,4,Fourth Quarter
2011-12-31,2011,,,Gross Domestic Product Growth Rate: Non Oil (%),23783.32,real_sector,https://www.bog.gov.gh/economic-data/real-sector/,1,,
2011-12-31,2011,,,Gross Domestic Product Growth Rate: Non Oil (%),9.28,real_sector,https://www.bog.gov.gh/economic-data/real-sector/,2,,
2012-03-01,2012,,,Gross Domestic Product Growth Rate: Non Oil (%),26169.05,real_sector,https://www.bog.gov.gh/economic-data/real-sector/,1,1,First Quarter
2012-06-01,2012,,,Gross Domestic Product Growth Rate: Non Oil (%),25459.42,real_sector,https://www.bog.gov.gh/economic-data/real-sector/,1,2,Second Quarter
2012-09-01,2012,,,Gross Domestic Product Growth Rate: Non Oil (%),28008.45,real_sector,https://www.bog.gov.gh/economic-data/real-sector/,1,3,Third Quarter
2012-12-01,2012,,,Gross Domestic Product Growth Rate: Non Oil (%),30802.06,real_sector,https://www.bog.gov.gh/economic-data/real-sector/,1,4,Fourth Quarter
2012-12-31,2012,,,Gross Domestic Product Growth Rate: Non Oil (%),26169.05,real_sector,https://www.bog.gov.gh/economic-data/real-sector/,1,,
2012-12-31,2012,,,Gross Domestic Product Growth Rate: Non Oil (%),7.83,real_sector,https://www.bog.gov.gh/economic-data/real-sector/,2,,
2013-03-01,2013,,,Gross Domestic Product Growth Rate: Non Oil (%),28038.91,real_sector,https://www.bog.gov.gh/economic-data/real-sector/,1,1,First Quarter
2013-06-01,2013,,,Gross Domestic Product Growth Rate: Non Oil (%),28715.7,real_sector,https://www.bog.gov.gh/economic-data/real-sector/,1,2,Second Quarter
2013-09-01,2013,,,Gross Domestic Product Growth Rate: Non Oil (%),28924.77,real_sector,https://www.bog.gov.gh/economic-data/real-sector/,1,3,Third Quarter
2013-12-01,2013,,,Gross Domestic Product Growth Rate: Non Oil (%),32149.44,real_sector,https://www.bog.gov.gh/economic-data/real-sector/,1,4,Fourth Quarter
2013-12-31,2013,,,Gross Domestic Product Growth Rate: Non Oil (%),28038.91,real_sector,https://www.bog.gov.gh/economic-data/real-sector/,1,,
2013-12-31,2013,,,Gross Domestic Product Growth Rate: Non Oil (%),6.69,real_sector,https://www.bog.gov.gh/economic-data/real-sector/,2,,
2014-03-01,2014,,,Gross Domestic Product Growth Rate: Non Oil (%),27670.02,real_sector,https://www.bog.gov.gh/economic-data/real-sector/,1,1,First Quarter
2014-06-01,2014,,,Gross Domestic Product Growth Rate: Non Oil (%),29627.06,real_sector,https://www.bog.gov.gh/economic-data/real-sector/,1,2,Second Quarter
2014-09-01,2014,,,Gross Domestic Product Growth Rate: Non Oil (%),31013.79,real_sector,https://www.bog.gov.gh/economic-data/real-sector/,1,3,Third Quarter
2014-12-01,2014,,,Gross Domestic Product Growth Rate: Non Oil (%),32455.8,real_sector,https://www.bog.gov.gh/economic-data/real-sector/,1,4,Fourth Quarter
2014-12-31,2014,,,Gross Domestic Product Growth Rate: Non Oil (%),27670.02,real_sector,https://www.bog.gov.gh/economic-data/real-sector/,1,,
2014-12-31,2014,,,Gross Domestic Product Growth Rate: Non Oil (%),2.49,real_sector,https://www.bog.gov.gh/economic-data/real-sector/,2,,
2015-03-01,2015,,,Gross Domestic Product Growth Rate: Non Oil (%),30825.46,real_sector,https://www.bog.gov.gh/economic-data/real-sector/,1,1,First Quarter
2015-06-01,2015,,,Gross Domestic Product Growth Rate: Non Oil (%),30582.89,real_sector,https://www.bog.gov.gh/economic-data/real-sector/,1,2,Second Quarter
2015-09-01,2015,,,Gross Domestic Product Growth Rate: Non Oil (%),29563.94,real_sector,https://www.bog.gov.gh/economic-data/real-sector/,1,3,Third Quarter
2015-12-01,2015,,,Gross Domestic Product Growth Rate: Non Oil (%),32363.53,real_sector,https://www.bog.gov.gh/economic-data/real-sector/,1,4,Fourth Quarter
2015-12-31,2015,,,Gross Domestic Product Growth Rate: Non Oil (%),30825.46,real_sector,https://www.bog.gov.gh/economic-data/real-sector/,1,,
2015-12-31,2015,,,Gross Domestic Product Growth Rate: Non Oil (%),2.13,real_sector,https://www.bog.gov.gh/economic-data/real-sector/,2,,
2016-03-01,2016,,,Gross Domestic Product Growth Rate: Non Oil (%),31058.9,real_sector,https://www.bog.gov.gh/economic-data/real-sector/,1,1,First Quarter
2016-06-01,2016,,,Gross Domestic Product Growth Rate: Non Oil (%),30806.99,real_sector,https://www.bog.gov.gh/economic-data/real-sector/,1,2,Second Quarter
2016-09-01,2016,,,Gross Domestic Product Growth Rate: Non Oil (%),32968.97,real_sector,https://www.bog.gov.gh/economic-data/real-sector/,1,3,Third Quarter
2016-12-01,2016,,,Gross Domestic Product Growth Rate: Non Oil (%),34069.5,real_sector,https://www.bog.gov.gh/economic-data/real-sector/,1,4,Fourth Quarter
2016-12-31,2016,,,Gross Domestic Product Growth Rate: Non Oil (%),31058.9,real_sector,https://www.bog.gov.gh/economic-data/real-sector/,1,,
2016-12-31,2016,,,Gross Domestic Product Growth Rate: Non Oil (%),4.51,real_sector,https://www.bog.gov.gh/economic-data/real-sector/,2,,
2017-03-01,2017,,,Gross Domestic Product Growth Rate: Non Oil (%),32731.28,real_sector,https://www.bog.gov.gh/economic-data/real-sector/,1,1,First Quarter
2017-06-01,2017,,,Gross Domestic Product Growth Rate: Non Oil (%),33247.96,real_sector,https://www.bog.gov.gh/economic-data/real-sector/,1,2,Second Quarter
2017-09-01,2017,,,Gross Domestic Product Growth Rate: Non Oil (%),34049.76,real_sector,https://www.bog.gov.gh/economic-data/real-sector/,1,3,Third Quarter
2017-12-01,2017,,,Gross Domestic Product Growth Rate: Non Oil (%),34838.39,real_sector,https://www.bog.gov.gh/economic-data/real-sector/,1,4,Fourth Quarter
2017-12-31,2017,,,Gross Domestic Product Growth Rate: Non Oil (%),32731.28,real_sector,https://www.bog.gov.gh/economic-data/real-sector/,1,,
2017-12-31,2017,,,Gross Domestic Product Growth Rate: Non Oil (%),4.63,real_sector,https://www.bog.gov.gh/economic-data/real-sector/,2,,
2018-03-01,2018,,,Gross Domestic Product Growth Rate: Non Oil (%),35992.53,real_sector,https://www.bog.gov.gh/economic-data/real-sector/,1,1,First Quarter
2018-06-01,2018,,,Gross Domestic Product Growth Rate: Non Oil (%),34119.63,real_sector,https://www.bog.gov.gh/economic-data/real-sector/,1,2,Second Quarter
2018-09-01,2018,,,Gross Domestic Product Growth Rate: Non Oil (%),36365.32,real_sector,https://www.bog.gov.gh/economic-data/real-sector/,1,3,Third Quarter
2018-12-01,2018,,,Gross Domestic Product Growth Rate: Non Oil (%),36554.85,real_sector,https://www.bog.gov.gh/economic-data/real-sector/,1,4,Fourth Quarter
2018-12-31,2018,,,Gross Domestic Product Growth Rate: Non Oil (%),35992.53,real_sector,https://www.bog.gov.gh/economic-data/real-sector/,1,,
2018-12-31,2018,,,Gross Domestic Product Growth Rate: Non Oil (%),6.05,real_sector,https://www.bog.gov.gh/economic-data/real-sector/,2,,
2019-03-01,2019,,,Gross Domestic Product Growth Rate: Non Oil (%),37938.65,real_sector,https://www.bog.gov.gh/economic-data/real-sector/,1,1,First Quarter
2019-06-01,2019,,,Gross Domestic Product Growth Rate: Non Oil (%),36692.29,real_sector,https://www.bog.gov.gh/economic-data/real-sector/,1,2,Second Quarter
2019-09-01,2019,,,Gross Domestic Product Growth Rate: Non Oil (%),37948.38,real_sector,https://www.bog.gov.gh/economic-data/real-sector/,1,3,Third Quarter
2019-12-01,2019,,,Gross Domestic Product Growth Rate: Non Oil (%),38795.83,real_sector,https://www.bog.gov.gh/economic-data/real-sector/,1,4,Fourth Quarter
2019-12-31,2019,,,Gross Domestic Product Growth Rate: Non Oil (%),37938.65,real_sector,https://www.bog.gov.gh/economic-data/real-sector/,1,,
2019-12-31,2019,,,Gross Domestic Product Growth Rate: Non Oil (%),5.83,real_sector,https://www.bog.gov.gh/economic-data/real-sector/,2,,
2020-03-01,2020,,,Gross Domestic Product Growth Rate: Non Oil (%),40340.47,real_sector,https://www.bog.gov.gh/economic-data/real-sector/,1,1,First Quarter
2020-06-01,2020,,,Gross Domestic Product Growth Rate: Non Oil (%),34424.08,real_sector,https://www.bog.gov.gh/economic-data/real-sector/,1,2,Second Quarter
2020-09-01,2020,,,Gross Domestic Product Growth Rate: Non Oil (%),37114.22,real_sector,https://www.bog.gov.gh/economic-data/real-sector/,1,3,Third Quarter
2020-12-01,2020,,,Gross Domestic Product Growth Rate: Non Oil (%),40990.44,real_sector,https://www.bog.gov.gh/economic-data/real-sector/,1,4,Fourth Quarter
2020-12-31,2020,,,Gross Domestic Product Growth Rate: Non Oil (%),40340.47,real_sector,https://www.bog.gov.gh/economic-data/real-sector/,1,,
2020-12-31,2020,,,Gross Domestic Product Growth Rate: Non Oil (%),0.99,real_sector,https://www.bog.gov.gh/economic-data/real-sector/,2,,
2021-03-01,2021,,,Gross Domestic Product Growth Rate: Non Oil (%),42483.16,real_sector,https://www.bog.gov.gh/economic-data/real-sector/,1,1,First Quarter
2021-06-01,2021,,,Gross Domestic Product Growth Rate: Non Oil (%),36690.04,real_sector,https://www.bog.gov.gh/economic-data/real-sector/,1,2,Second Quarter
2021-09-01,2021,,,Gross Domestic Product Growth Rate: Non Oil (%),40156.66,real_sector,https://www.bog.gov.gh/economic-data/real-sector/,1,3,Third Quarter
2021-12-01,2021,,,Gross Domestic Product Growth Rate: Non Oil (%),44100.57,real_sector,https://www.bog.gov.gh/economic-data/real-sector/,1,4,Fourth Quarter
2021-12-31,2021,,,Gross Domestic Product Growth Rate: Non Oil (%),42483.16,real_sector,https://www.bog.gov.gh/economic-data/real-sector/,1,,
2021-12-31,2021,,,Gross Domestic Product Growth Rate: Non Oil (%),6.91,real_sector,https://www.bog.gov.gh/economic-data/real-sector/,2,,
2022-03-01,2022,,,Gross Domestic Product Growth Rate: Non Oil (%),3.14,real_sector,https://www.bog.gov.gh/economic-data/real-sector/,1,1,First Quarter
2022-06-01,2022,,,Gross Domestic Product Growth Rate: Non Oil (%),4.82,real_sector,https://www.bog.gov.gh/economic-data/real-sector/,1,2,Second Quarter
2022-09-01,2022,,,Gross Domestic Product Growth Rate: Non Oil (%),3.3,real_sector,https://www.bog.gov.gh/economic-data/real-sector/,1,3,Third Quarter
2022-12-01,2022,,,Gross Domestic Product Growth Rate: Non Oil (%),4.3,real_sector,https://www.bog.gov.gh/economic-data/real-sector/,1,4,Fourth Quarter
2022-12-31,2022,,,Gross Domestic Product Growth Rate: Non Oil (%),3.14,real_sector,https://www.bog.gov.gh/economic-data/real-sector/,1,,
2022-12-31,2022,,,Gross Domestic Product Growth Rate: Non Oil (%),3.77,real_sector,https://www.bog.gov.gh/economic-data/real-sector/,2,,
2023-03-01,2023,,,Gross Domestic Product Growth Rate: Non Oil (%),5.52,real_sector,https://www.bog.gov.gh/economic-data/real-sector/,1,1,First Quarter
2023-06-01,2023,,,Gross Domestic Product Growth Rate: Non Oil (%),0.0,real_sector,https://www.bog.gov.gh/economic-data/real-sector/,1,2,Second Quarter
2023-09-01,2023,,,Gross Domestic Product Growth Rate: Non Oil (%),0.0,real_sector,https://www.bog.gov.gh/economic-data/real-sector/,1,3,Third Quarter
2023-12-01,2023,,,Gross Domestic Product Growth Rate: Non Oil (%),0.0,real_sector,https://www.bog.gov.gh/economic-data/real-sector/,1,4,Fourth Quarter
2023-12-31,2023,,,Gross Domestic Product Growth Rate: Non Oil (%),5.52,real_sector,https://www.bog.gov.gh/economic-data/real-sector/,1,,
1983-12-31,1983,,,Gross Domestic Product at Constant Prices (Millions of Ghana Cedis),6222.2,real_sector,https://www.bog.gov.gh/economic-data/real-sector/,2,,
1984-12-31,1984,,,Gross Domestic Product at Constant Prices (Millions of Ghana Cedis),6779.83,real_sector,https://www.bog.gov.gh/economic-data/real-sector/,2,,
1985-12-31,1985,,,Gross Domestic Product at Constant Prices (Millions of Ghana Cedis),7125.04,real_sector,https://www.bog.gov.gh/economic-data/real-sector/,2,,
1986-12-31,1986,,,Gross Domestic Product at Constant Prices (Millions of Ghana Cedis),7495.48,real_sector,https://www.bog.gov.gh/economic-data/real-sector/,2,,
1987-12-31,1987,,,Gross Domestic Product at Constant Prices (Millions of Ghana Cedis),7854.88,real_sector,https://www.bog.gov.gh/economic-data/real-sector/,2,,
1988-12-31,1988,,,Gross Domestic Product at Constant Prices (Millions of Ghana Cedis),8296.96,real_sector,https://www.bog.gov.gh/economic-data/real-sector/,2,,
1989-12-31,1989,,,Gross Domestic Product at Constant Prices (Millions of Ghana Cedis),8718.94,real_sector,https://www.bog.gov.gh/economic-data/real-sector/,2,,
1990-12-31,1990,,,Gross Domestic Product at Constant Prices (Millions of Ghana Cedis),34489.0,real_sector,https://www.bog.gov.gh/economic-data/real-sector/,2,,
1991-12-31,1991,,,Gross Domestic Product at Constant Prices (Millions of Ghana Cedis),36317.0,real_sector,https://www.bog.gov.gh/economic-data/real-sector/,2,,
1992-12-31,1992,,,Gross Domestic Product at Constant Prices (Millions of Ghana Cedis),37733.0,real_sector,https://www.bog.gov.gh/economic-data/real-sector/,2,,
1993-12-31,1993,,,Gross Domestic Product at Constant Prices (Millions of Ghana Cedis),39595.0,real_sector,https://www.bog.gov.gh/economic-data/real-sector/,2,,
1994-12-31,1994,,,Gross Domestic Product at Constant Prices (Millions of Ghana Cedis),40890.0,real_sector,https://www.bog.gov.gh/economic-data/real-sector/,2,,
1995-12-31,1995,,,Gross Domestic Product at Constant Prices (Millions of Ghana Cedis),1524.0,real_sector,https://www.bog.gov.gh/economic-data/real-sector/,2,,
1996-12-31,1996,,,Gross Domestic Product at Constant Prices (Millions of Ghana Cedis),44490.0,real_sector,https://www.bog.gov.gh/economic-data/real-sector/,2,,
1997-12-31,1997,,,Gross Domestic Product at Constant Prices (Millions of Ghana Cedis),46357.0,real_sector,https://www.bog.gov.gh/economic-data/real-sector/,2,,
1998-12-31,1998,,,Gross Domestic Product at Constant Prices (Millions of Ghana Cedis),48533.0,real_sector,https://www.bog.gov.gh/economic-data/real-sector/,2,,
1999-12-31,1999,,,Gross Domestic Product at Constant Prices (Millions of Ghana Cedis),50683.0,real_sector,https://www.bog.gov.gh/economic-data/real-sector/,2,,
2000-12-31,2000,,,Gross Domestic Product at Constant Prices (Millions of Ghana Cedis),52576.0,real_sector,https://www.bog.gov.gh/economic-data/real-sector/,2,,
2001-12-31,2001,,,Gross Domestic Product at Constant Prices (Millions of Ghana Cedis),54775.0,real_sector,https://www.bog.gov.gh/economic-data/real-sector/,2,,
2002-12-31,2002,,,Gross Domestic Product at Constant Prices (Millions of Ghana Cedis),57266.0,real_sector,https://www.bog.gov.gh/economic-data/real-sector/,2,,
2003-12-31,2003,,,Gross Domestic Product at Constant Prices (Millions of Ghana Cedis),60272.0,real_sector,https://www.bog.gov.gh/economic-data/real-sector/,2,,
2004-12-31,2004,,,Gross Domestic Product at Constant Prices (Millions of Ghana Cedis),63634.0,real_sector,https://www.bog.gov.gh/economic-data/real-sector/,2,,
2005-12-31,2005,,,Gross Domestic Product at Constant Prices (Millions of Ghana Cedis),67368.0,real_sector,https://www.bog.gov.gh/economic-data/real-sector/,2,,
2006-03-01,2006,,,Gross Domestic Product at Constant Prices (Millions of Ghana Cedis),16714.21,real_sector,https://www.bog.gov.gh/economic-data/real-sector/,1,1,First Quarter
2006-06-01,2006,,,Gross Domestic Product at Constant Prices (Millions of Ghana Cedis),15594.59,real_sector,https://www.bog.gov.gh/economic-data/real-sector/,1,2,Second Quarter
2006-09-01,2006,,,Gross Domestic Product at Constant Prices (Millions of Ghana Cedis),19143.1,real_sector,https://www.bog.gov.gh/economic-data/real-sector/,1,3,Third Quarter
2006-12-01,2006,,,Gross Domestic Product at Constant Prices (Millions of Ghana Cedis),21254.51,real_sector,https://www.bog.gov.gh/economic-data/real-sector/,1,4,Fourth Quarter
2006-12-31,2006,,,Gross Domestic Product at Constant Prices (Millions of Ghana Cedis),16714.21,real_sector,https://www.bog.gov.gh/economic-data/real-sector/,1,,
2006-12-31,2006,,,Gross Domestic Product at Constant Prices (Millions of Ghana Cedis),72706.0,real_sector,https://www.bog.gov.gh/economic-data/real-sector/,2,,
2007-03-01,2007,,,Gross Domestic Product at Constant Prices (Millions of Ghana Cedis),8244.62,real_sector,https://www.bog.gov.gh/economic-data/real-sector/,1,1,First Quarter
2007-06-01,2007,,,Gross Domestic Product at Constant Prices (Millions of Ghana Cedis),7378.73,real_sector,https://www.bog.gov.gh/economic-data/real-sector/,1,2,Second Quarter
2007-09-01,2007,,,Gross Domestic Product at Constant Prices (Millions of Ghana Cedis),8579.63,real_sector,https://www.bog.gov.gh/economic-data/real-sector/,1,3,Third Quarter
2007-12-01,2007,,,Gross Domestic Product at Constant Prices (Millions of Ghana Cedis),9884.85,real_sector,https://www.bog.gov.gh/economic-data/real-sector/,1,4,Fourth Quarter
2007-12-31,2007,,,Gross Domestic Product at Constant Prices (Millions of Ghana Cedis),8244.62,real_sector,https://www.bog.gov.gh/economic-data/real-sector/,1,,
2007-12-31,2007,,,Gross Domestic Product at Constant Prices (Millions of Ghana Cedis),75669.0,real_sector,https://www.bog.gov.gh/economic-data/real-sector/,2,,
2008-03-01,2008,,,Gross Domestic Product at Constant Prices (Millions of Ghana Cedis),11129.81,real_sector,https://www.bog.gov.gh/economic-data/real-sector/,1,1,First Quarter
2008-06-01,2008,,,Gross Domestic Product at Constant Prices (Millions of Ghana Cedis),9105.91,real_sector,https://www.bog.gov.gh/economic-data/real-sector/,1,2,Second Quarter
2008-09-01,2008,,,Gross Domestic Product at Constant Prices (Millions of Ghana Cedis),11520.46,real_sector,https://www.bog.gov.gh/economic-data/real-sector/,1,3,Third Quarter
2008-12-01,2008,,,Gross Domestic Product at Constant Prices (Millions of Ghana Cedis),11709.18,real_sector,https://www.bog.gov.gh/economic-data/real-sector/,1,4,Fourth Quarter
2008-12-31,2008,,,Gross Domestic Product at Constant Prices (Millions of Ghana Cedis),11129.81,real_sector,https://www.bog.gov.gh/economic-data/real-sector/,1,,
2008-12-31,2008,,,Gross Domestic Product at Constant Prices (Millions of Ghana Cedis),82481.0,real_sector,https://www.bog.gov.gh/economic-data/real-sector/,2,,
2009-03-01,2009,,,Gross Domestic Product at Constant Prices (Millions of Ghana Cedis),12716.5,real_sector,https://www.bog.gov.gh/economic-data/real-sector/,1,1,First Quarter
2009-06-01,2009,,,Gross Domestic Product at Constant Prices (Millions of Ghana Cedis),11354.24,real_sector,https://www.bog.gov.gh/economic-data/real-sector/,1,2,Second Quarter
2009-09-01,2009,,,Gross Domestic Product at Constant Prices (Millions of Ghana Cedis),12879.38,real_sector,https://www.bog.gov.gh/economic-data/real-sector/,1,3,Third Quarter
2009-12-01,2009,,,Gross Domestic Product at Constant Prices (Millions of Ghana Cedis),15267.91,real_sector,https://www.bog.gov.gh/economic-data/real-sector/,1,4,Fourth Quarter
2009-12-31,2009,,,Gross Domestic Product at Constant Prices (Millions of Ghana Cedis),12716.5,real_sector,https://www.bog.gov.gh/economic-data/real-sector/,1,,
2009-12-31,2009,,,Gross Domestic Product at Constant Prices (Millions of Ghana Cedis),87167.0,real_sector,https://www.bog.gov.gh/economic-data/real-sector/,2,,
2010-03-01,2010,,,Gross Domestic Product at Constant Prices (Millions of Ghana Cedis),17392.61,real_sector,https://www.bog.gov.gh/economic-data/real-sector/,1,1,First Quarter
2010-06-01,2010,,,Gross Domestic Product at Constant Prices (Millions of Ghana Cedis),14116.78,real_sector,https://www.bog.gov.gh/economic-data/real-sector/,1,2,Second Quarter
2010-09-01,2010,,,Gross Domestic Product at Constant Prices (Millions of Ghana Cedis),16420.82,real_sector,https://www.bog.gov.gh/economic-data/real-sector/,1,3,Third Quarter
2010-12-01,2010,,,Gross Domestic Product at Constant Prices (Millions of Ghana Cedis),17052.35,real_sector,https://www.bog.gov.gh/economic-data/real-sector/,1,4,Fourth Quarter
2010-12-31,2010,,,Gross Domestic Product at Constant Prices (Millions of Ghana Cedis),17392.61,real_sector,https://www.bog.gov.gh/economic-data/real-sector/,1,,
2010-12-31,2010,,,Gross Domestic Product at Constant Prices (Millions of Ghana Cedis),93947.0,real_sector,https://www.bog.gov.gh/economic-data/real-sector/,2,,
2011-03-01,2011,,,Gross Domestic Product at Constant Prices (Millions of Ghana Cedis),21366.61,real_sector,https://www.bog.gov.gh/economic-data/real-sector/,1,1,First Quarter
2011-06-01,2011,,,Gross Domestic Product at Constant Prices (Millions of Ghana Cedis),19663.59,real_sector,https://www.bog.gov.gh/economic-data/real-sector/,1,2,Second Quarter
2011-09-01,2011,,,Gross Domestic Product at Constant Prices (Millions of Ghana Cedis),19074.7,real_sector,https://www.bog.gov.gh/economic-data/real-sector/,1,3,Third Quarter
2011-12-01,2011,,,Gross Domestic Product at Constant Prices (Millions of Ghana Cedis),21420.77,real_sector,https://www.bog.gov.gh/economic-data/real-sector/,1,4,Fourth Quarter
2011-12-31,2011,,,Gross Domestic Product at Constant Prices (Millions of Ghana Cedis),21366.61,real_sector,https://www.bog.gov.gh/economic-data/real-sector/,1,,
2011-12-31,2011,,,Gross Domestic Product at Constant Prices (Millions of Ghana Cedis),107057.0,real_sector,https://www.bog.gov.gh/economic-data/real-sector/,2,,
2012-03-01,2012,,,Gross Domestic Product at Constant Prices (Millions of Ghana Cedis),24877.85,real_sector,https://www.bog.gov.gh/economic-data/real-sector/,1,1,First Quarter
2012-06-01,2012,,,Gross Domestic Product at Constant Prices (Millions of Ghana Cedis),23665.99,real_sector,https://www.bog.gov.gh/economic-data/real-sector/,1,2,Second Quarter
2012-09-01,2012,,,Gross Domestic Product at Constant Prices (Millions of Ghana Cedis),24337.04,real_sector,https://www.bog.gov.gh/economic-data/real-sector/,1,3,Third Quarter
2012-12-01,2012,,,Gross Domestic Product at Constant Prices (Millions of Ghana Cedis),28867.72,real_sector,https://www.bog.gov.gh/economic-data/real-sector/,1,4,Fourth Quarter
2012-12-31,2012,,,Gross Domestic Product at Constant Prices (Millions of Ghana Cedis),24877.85,real_sector,https://www.bog.gov.gh/economic-data/real-sector/,1,,
2012-12-31,2012,,,Gross Domestic Product at Constant Prices (Millions of Ghana Cedis),116073.0,real_sector,https://www.bog.gov.gh/economic-data/real-sector/,2,,
2013-03-01,2013,,,Gross Domestic Product at Constant Prices (Millions of Ghana Cedis),29807.51,real_sector,https://www.bog.gov.gh/economic-data/real-sector/,1,1,First Quarter
2013-06-01,2013,,,Gross Domestic Product at Constant Prices (Millions of Ghana Cedis),30414.75,real_sector,https://www.bog.gov.gh/economic-data/real-sector/,1,2,Second Quarter
2013-09-01,2013,,,Gross Domestic Product at Constant Prices (Millions of Ghana Cedis),30449.45,real_sector,https://www.bog.gov.gh/economic-data/real-sector/,1,3,Third Quarter
2013-12-01,2013,,,Gross Domestic Product at Constant Prices (Millions of Ghana Cedis),33805.87,real_sector,https://www.bog.gov.gh/economic-data/real-sector/,1,4,Fourth Quarter
2013-12-31,2013,,,Gross Domestic Product at Constant Prices (Millions of Ghana Cedis),29807.51,real_sector,https://www.bog.gov.gh/economic-data/real-sector/,1,,
2013-12-31,2013,,,Gross Domestic Product at Constant Prices (Millions of Ghana Cedis),124478.0,real_sector,https://www.bog.gov.gh/economic-data/real-sector/,2,,
2014-03-01,2014,,,Gross Domestic Product at Constant Prices (Millions of Ghana Cedis),33741.23,real_sector,https://www.bog.gov.gh/economic-data/real-sector/,1,1,First Quarter
2014-06-01,2014,,,Gross Domestic Product at Constant Prices (Millions of Ghana Cedis),37756.52,real_sector,https://www.bog.gov.gh/economic-data/real-sector/,1,2,Second Quarter
2014-09-01,2014,,,Gross Domestic Product at Constant Prices (Millions of Ghana Cedis),43399.66,real_sector,https://www.bog.gov.gh/economic-data/real-sector/,1,3,Third Quarter
2014-12-01,2014,,,Gross Domestic Product at Constant Prices (Millions of Ghana Cedis),43786.59,real_sector,https://www.bog.gov.gh/economic-data/real-sector/,1,4,Fourth Quarter
2014-12-31,2014,,,Gross Domestic Product at Constant Prices (Millions of Ghana Cedis),33741.23,real_sector,https://www.bog.gov.gh/economic-data/real-sector/,1,,
2014-12-31,2014,,,Gross Domestic Product at Constant Prices (Millions of Ghana Cedis),128033.0,real_sector,https://www.bog.gov.gh/economic-data/real-sector/,2,,
2015-03-01,2015,,,Gross Domestic Product at Constant Prices (Millions of Ghana Cedis),43962.08,real_sector,https://www.bog.gov.gh/economic-data/real-sector/,1,1,First Quarter
2015-06-01,2015,,,Gross Domestic Product at Constant Prices (Millions of Ghana Cedis),45446.73,real_sector,https://www.bog.gov.gh/economic-data/real-sector/,1,2,Second Quarter
2015-09-01,2015,,,Gross Domestic Product at Constant Prices (Millions of Ghana Cedis),44542.11,real_sector,https://www.bog.gov.gh/economic-data/real-sector/,1,3,Third Quarter
2015-12-01,2015,,,Gross Domestic Product at Constant Prices (Millions of Ghana Cedis),49574.73,real_sector,https://www.bog.gov.gh/economic-data/real-sector/,1,4,Fourth Quarter
2015-12-31,2015,,,Gross Domestic Product at Constant Prices (Millions of Ghana Cedis),43962.08,real_sector,https://www.bog.gov.gh/economic-data/real-sector/,1,,
2015-12-31,2015,,,Gross Domestic Product at Constant Prices (Millions of Ghana Cedis),130748.0,real_sector,https://www.bog.gov.gh/economic-data/real-sector/,2,,
2016-03-01,2016,,,Gross Domestic Product at Constant Prices (Millions of Ghana Cedis),53165.03,real_sector,https://www.bog.gov.gh/economic-data/real-sector/,1,1,First Quarter
2016-06-01,2016,,,Gross Domestic Product at Constant Prices (Millions of Ghana Cedis),52484.5,real_sector,https://www.bog.gov.gh/economic-data/real-sector/,1,2,Second Quarter
2016-09-01,2016,,,Gross Domestic Product at Constant Prices (Millions of Ghana Cedis),53848.2,real_sector,https://www.bog.gov.gh/economic-data/real-sector/,1,3,Third Quarter
2016-12-01,2016,,,Gross Domestic Product at Constant Prices (Millions of Ghana Cedis),60096.86,real_sector,https://www.bog.gov.gh/economic-data/real-sector/,1,4,Fourth Quarter
2016-12-31,2016,,,Gross Domestic Product at Constant Prices (Millions of Ghana Cedis),53165.03,real_sector,https://www.bog.gov.gh/economic-data/real-sector/,1,,
2016-12-31,2016,,,Gross Domestic Product at Constant Prices (Millions of Ghana Cedis),135159.0,real_sector,https://www.bog.gov.gh/economic-data/real-sector/,2,,
2017-03-01,2017,,,Gross Domestic Product at Constant Prices (Millions of Ghana Cedis),62269.03,real_sector,https://www.bog.gov.gh/economic-data/real-sector/,1,1,First Quarter
2017-06-01,2017,,,Gross Domestic Product at Constant Prices (Millions of Ghana Cedis),63255.46,real_sector,https://www.bog.gov.gh/economic-data/real-sector/,1,2,Second Quarter
2017-09-01,2017,,,Gross Domestic Product at Constant Prices (Millions of Ghana Cedis),68238.33,real_sector,https://www.bog.gov.gh/economic-data/real-sector/,1,3,Third Quarter
2017-12-01,2017,,,Gross Domestic Product at Constant Prices (Millions of Ghana Cedis),69035.14,real_sector,https://www.bog.gov.gh/economic-data/real-sector/,1,4,Fourth Quarter
2017-12-31,2017,,,Gross Domestic Product at Constant Prices (Millions of Ghana Cedis),62269.03,real_sector,https://www.bog.gov.gh/economic-data/real-sector/,1,,
2017-12-31,2017,,,Gross Domestic Product at Constant Prices (Millions of Ghana Cedis),146146.0,real_sector,https://www.bog.gov.gh/economic-data/real-sector/,2,,
2018-03-01,2018,,,Gross Domestic Product at Constant Prices (Millions of Ghana Cedis),77443.0,real_sector,https://www.bog.gov.gh/economic-data/real-sector/,1,1,First Quarter
2018-06-01,2018,,,Gross Domestic Product at Constant Prices (Millions of Ghana Cedis),71758.29,real_sector,https://www.bog.gov.gh/economic-data/real-sector/,1,2,Second Quarter
2018-09-01,2018,,,Gross Domestic Product at Constant Prices (Millions of Ghana Cedis),78761.65,real_sector,https://www.bog.gov.gh/economic-data/real-sector/,1,3,Third Quarter
2018-12-01,2018,,,Gross Domestic Product at Constant Prices (Millions of Ghana Cedis),80624.44,real_sector,https://www.bog.gov.gh/economic-data/real-sector/,1,4,Fourth Quarter
2018-12-31,2018,,,Gross Domestic Product at Constant Prices (Millions of Ghana Cedis),77443.0,real_sector,https://www.bog.gov.gh/economic-data/real-sector/,1,,
2018-12-31,2018,,,Gross Domestic Product at Constant Prices (Millions of Ghana Cedis),155207.0,real_sector,https://www.bog.gov.gh/economic-data/real-sector/,2,,
2019-03-01,2019,,,Gross Domestic Product at Constant Prices (Millions of Ghana Cedis),88101.54,real_sector,https://www.bog.gov.gh/economic-data/real-sector/,1,1,First Quarter
2019-06-01,2019,,,Gross Domestic Product at Constant Prices (Millions of Ghana Cedis),85908.96,real_sector,https://www.bog.gov.gh/economic-data/real-sector/,1,2,Second Quarter
2019-09-01,2019,,,Gross Domestic Product at Constant Prices (Millions of Ghana Cedis),90956.43,real_sector,https://www.bog.gov.gh/economic-data/real-sector/,1,3,Third Quarter
2019-12-01,2019,,,Gross Domestic Product at Constant Prices (Millions of Ghana Cedis),91577.34,real_sector,https://www.bog.gov.gh/economic-data/real-sector/,1,4,Fourth Quarter
2019-12-31,2019,,,Gross Domestic Product at Constant Prices (Millions of Ghana Cedis),88101.54,real_sector,https://www.bog.gov.gh/economic-data/real-sector/,1,,
2019-12-31,2019,,,Gross Domestic Product at Constant Prices (Millions of Ghana Cedis),165308.0,real_sector,https://www.bog.gov.gh/economic-data/real-sector/,2,,
2020-03-01,2020,,,Gross Domestic Product at Constant Prices (Millions of Ghana Cedis),100590.73,real_sector,https://www.bog.gov.gh/economic-data/real-sector/,1,1,First Quarter
2020-06-01,2020,,,Gross Domestic Product at Constant Prices (Millions of Ghana Cedis),88474.65,real_sector,https://www.bog.gov.gh/economic-data/real-sector/,1,2,Second Quarter
2020-09-01,2020,,,Gross Domestic Product at Constant Prices (Millions of Ghana Cedis),96339.11,real_sector,https://www.bog.gov.gh/economic-data/real-sector/,1,3,Third Quarter
2020-12-01,2020,,,Gross Domestic Product at Constant Prices (Millions of Ghana Cedis),106536.24,real_sector,https://www.bog.gov.gh/economic-data/real-sector/,1,4,Fourth Quarter
2020-12-31,2020,,,Gross Domestic Product at Constant Prices (Millions of Ghana Cedis),100590.73,real_sector,https://www.bog.gov.gh/economic-data/real-sector/,1,,
2020-12-31,2020,,,Gross Domestic Product at Constant Prices (Millions of Ghana Cedis),166157.0,real_sector,https://www.bog.gov.gh/economic-data/real-sector/,2,,
2021-03-01,2021,,,Gross Domestic Product at Constant Prices (Millions of Ghana Cedis),115691.57,real_sector,https://www.bog.gov.gh/economic-data/real-sector/,1,1,First Quarter
2021-06-01,2021,,,Gross Domestic Product at Constant Prices (Millions of Ghana Cedis),102326.49,real_sector,https://www.bog.gov.gh/economic-data/real-sector/,1,2,Second Quarter
2021-09-01,2021,,,Gross Domestic Product at Constant Prices (Millions of Ghana Cedis),112489.45,real_sector,https://www.bog.gov.gh/economic-data/real-sector/,1,3,Third Quarter
2021-12-01,2021,,,Gross Domestic Product at Constant Prices (Millions of Ghana Cedis),128623.41,real_sector,https://www.bog.gov.gh/economic-data/real-sector/,1,4,Fourth Quarter
2021-12-31,2021,,,Gross Domestic Product at Constant Prices (Millions of Ghana Cedis),115691.57,real_sector,https://www.bog.gov.gh/economic-data/real-sector/,1,,
2021-12-31,2021,,,Gross Domestic Product at Constant Prices (Millions of Ghana Cedis),175057.0,real_sector,https://www.bog.gov.gh/economic-data/real-sector/,2,,
2022-03-01,2022,,,Gross Domestic Product at Constant Prices (Millions of Ghana Cedis),46560.13,real_sector,https://www.bog.gov.gh/economic-data/real-sector/,1,1,First Quarter
2022-06-01,2022,,,Gross Domestic Product at Constant Prices (Millions of Ghana Cedis),40800.59,real_sector,https://www.bog.gov.gh/economic-data/real-sector/,1,2,Second Quarter
2022-09-01,2022,,,Gross Domestic Product at Constant Prices (Millions of Ghana Cedis),43870.92,real_sector,https://www.bog.gov.gh/economic-data/real-sector/,1,3,Third Quarter
2022-12-01,2022,,,Gross Domestic Product at Constant Prices (Millions of Ghana Cedis),48733.41,real_sector,https://www.bog.gov.gh/economic-data/real-sector/,1,4,Fourth Quarter
2022-12-31,2022,,,Gross Domestic Product at Constant Prices (Millions of Ghana Cedis),46560.13,real_sector,https://www.bog.gov.gh/economic-data/real-sector/,1,,
2022-12-31,2022,,,Gross Domestic Product at Constant Prices (Millions of Ghana Cedis),179965.56,real_sector,https://www.bog.gov.gh/economic-data/real-sector/,2,,
2023-03-01,2023,,,Gross Domestic Product at Constant Prices (Millions of Ghana Cedis),48863.74,real_sector,https://www.bog.gov.gh/economic-data/real-sector/,1,1,First Quarter
2023-06-01,2023,,,Gross Domestic Product at Constant Prices (Millions of Ghana Cedis),0.0,real_sector,https://www.bog.gov.gh/economic-data/real-sector/,1,2,Second Quarter
2023-09-01,2023,,,Gross Domestic Product at Constant Prices (Millions of Ghana Cedis),0.0,real_sector,https://www.bog.gov.gh/economic-data/real-sector/,1,3,Third Quarter
2023-12-01,2023,,,Gross Domestic Product at Constant Prices (Millions of Ghana Cedis),0.0,real_sector,https://www.bog.gov.gh/economic-data/real-sector/,1,4,Fourth Quarter
2023-12-31,2023,,,Gross Domestic Product at Constant Prices (Millions of Ghana Cedis),48863.74,real_sector,https://www.bog.gov.gh/economic-data/real-sector/,1,,
1983-12-31,1983,,,Gross Domestic Product at Constant Prices: Non-Oil (Millions of Ghana Cedis),6222.2,real_sector,https://www.bog.gov.gh/economic-data/real-sector/,2,,
1984-12-31,1984,,,Gross Domestic Product at Constant Prices: Non-Oil (Millions of Ghana Cedis),6779.83,real_sector,https://www.bog.gov.gh/economic-data/real-sector/,2,,
1985-12-31,1985,,,Gross Domestic Product at Constant Prices: Non-Oil (Millions of Ghana Cedis),7125.04,real_sector,https://www.bog.gov.gh/economic-data/real-sector/,2,,
1986-12-31,1986,,,Gross Domestic Product at Constant Prices: Non-Oil (Millions of Ghana Cedis),7495.48,real_sector,https://www.bog.gov.gh/economic-data/real-sector/,2,,
1987-12-31,1987,,,Gross Domestic Product at Constant Prices: Non-Oil (Millions of Ghana Cedis),7854.88,real_sector,https://www.bog.gov.gh/economic-data/real-sector/,2,,
1988-12-31,1988,,,Gross Domestic Product at Constant Prices: Non-Oil (Millions of Ghana Cedis),8296.96,real_sector,https://www.bog.gov.gh/economic-data/real-sector/,2,,
1989-12-31,1989,,,Gross Domestic Product at Constant Prices: Non-Oil (Millions of Ghana Cedis),8718.94,real_sector,https://www.bog.gov.gh/economic-data/real-sector/,2,,
1990-12-31,1990,,,Gross Domestic Product at Constant Prices: Non-Oil (Millions of Ghana Cedis),34489.0,real_sector,https://www.bog.gov.gh/economic-data/real-sector/,2,,
1991-12-31,1991,,,Gross Domestic Product at Constant Prices: Non-Oil (Millions of Ghana Cedis),36317.0,real_sector,https://www.bog.gov.gh/economic-data/real-sector/,2,,
1992-12-31,1992,,,Gross Domestic Product at Constant Prices: Non-Oil (Millions of Ghana Cedis),37733.0,real_sector,https://www.bog.gov.gh/economic-data/real-sector/,2,,
1993-12-31,1993,,,Gross Domestic Product at Constant Prices: Non-Oil (Millions of Ghana Cedis),39595.0,real_sector,https://www.bog.gov.gh/economic-data/real-sector/,2,,
1994-12-31,1994,,,Gross Domestic Product at Constant Prices: Non-Oil (Millions of Ghana Cedis),40890.0,real_sector,https://www.bog.gov.gh/economic-data/real-sector/,2,,
1995-12-31,1995,,,Gross Domestic Product at Constant Prices: Non-Oil (Millions of Ghana Cedis),42535.0,real_sector,https://www.bog.gov.gh/economic-data/real-sector/,2,,
1996-12-31,1996,,,Gross Domestic Product at Constant Prices: Non-Oil (Millions of Ghana Cedis),44490.0,real_sector,https://www.bog.gov.gh/economic-data/real-sector/,2,,
1997-12-31,1997,,,Gross Domestic Product at Constant Prices: Non-Oil (Millions of Ghana Cedis),46357.0,real_sector,https://www.bog.gov.gh/economic-data/real-sector/,2,,
1998-12-31,1998,,,Gross Domestic Product at Constant Prices: Non-Oil (Millions of Ghana Cedis),48533.0,real_sector,https://www.bog.gov.gh/economic-data/real-sector/,2,,
1999-12-31,1999,,,Gross Domestic Product at Constant Prices: Non-Oil (Millions of Ghana Cedis),50683.0,real_sector,https://www.bog.gov.gh/economic-data/real-sector/,2,,
2000-12-31,2000,,,Gross Domestic Product at Constant Prices: Non-Oil (Millions of Ghana Cedis),52576.0,real_sector,https://www.bog.gov.gh/economic-data/real-sector/,2,,
2001-12-31,2001,,,Gross Domestic Product at Constant Prices: Non-Oil (Millions of Ghana Cedis),54775.0,real_sector,https://www.bog.gov.gh/economic-data/real-sector/,2,,
2002-12-31,2002,,,Gross Domestic Product at Constant Prices: Non-Oil (Millions of Ghana Cedis),57266.0,real_sector,https://www.bog.gov.gh/economic-data/real-sector/,2,,
2003-12-31,2003,,,Gross Domestic Product at Constant Prices: Non-Oil (Millions of Ghana Cedis),60272.0,real_sector,https://www.bog.gov.gh/economic-data/real-sector/,2,,
2004-12-31,2004,,,Gross Domestic Product at Constant Prices: Non-Oil (Millions of Ghana Cedis),63634.0,real_sector,https://www.bog.gov.gh/economic-data/real-sector/,2,,
2005-12-31,2005,,,Gross Domestic Product at Constant Prices: Non-Oil (Millions of Ghana Cedis),67368.0,real_sector,https://www.bog.gov.gh/economic-data/real-sector/,2,,
2006-03-01,2006,,,Gross Domestic Product at Constant Prices: Non-Oil (Millions of Ghana Cedis),16714.21,real_sector,https://www.bog.gov.gh/economic-data/real-sector/,1,1,First Quarter
2006-06-01,2006,,,Gross Domestic Product at Constant Prices: Non-Oil (Millions of Ghana Cedis),15594.59,real_sector,https://www.bog.gov.gh/economic-data/real-sector/,1,2,Second Quarter
2006-09-01,2006,,,Gross Domestic Product at Constant Prices: Non-Oil (Millions of Ghana Cedis),19143.1,real_sector,https://www.bog.gov.gh/economic-data/real-sector/,1,3,Third Quarter
2006-12-01,2006,,,Gross Domestic Product at Constant Prices: Non-Oil (Millions of Ghana Cedis),21254.51,real_sector,https://www.bog.gov.gh/economic-data/real-sector/,1,4,Fourth Quarter
2006-12-31,2006,,,Gross Domestic Product at Constant Prices: Non-Oil (Millions of Ghana Cedis),16714.21,real_sector,https://www.bog.gov.gh/economic-data/real-sector/,1,,
2006-12-31,2006,,,Gross Domestic Product at Constant Prices: Non-Oil (Millions of Ghana Cedis),72706.4,real_sector,https://www.bog.gov.gh/economic-data/real-sector/,2,,
2007-03-01,2007,,,Gross Domestic Product at Constant Prices: Non-Oil (Millions of Ghana Cedis),8244.62,real_sector,https://www.bog.gov.gh/economic-data/real-sector/,1,1,First Quarter
2007-06-01,2007,,,Gross Domestic Product at Constant Prices: Non-Oil (Millions of Ghana Cedis),7378.73,real_sector,https://www.bog.gov.gh/economic-data/real-sector/,1,2,Second Quarter
2007-09-01,2007,,,Gross Domestic Product at Constant Prices: Non-Oil (Millions of Ghana Cedis),8579.63,real_sector,https://www.bog.gov.gh/economic-data/real-sector/,1,3,Third Quarter
2007-12-01,2007,,,Gross Domestic Product at Constant Prices: Non-Oil (Millions of Ghana Cedis),9884.85,real_sector,https://www.bog.gov.gh/economic-data/real-sector/,1,4,Fourth Quarter
2007-12-31,2007,,,Gross Domestic Product at Constant Prices: Non-Oil (Millions of Ghana Cedis),8244.62,real_sector,https://www.bog.gov.gh/economic-data/real-sector/,1,,
2007-12-31,2007,,,Gross Domestic Product at Constant Prices: Non-Oil (Millions of Ghana Cedis),75668.57,real_sector,https://www.bog.gov.gh/economic-data/real-sector/,2,,
2008-03-01,2008,,,Gross Domestic Product at Constant Prices: Non-Oil (Millions of Ghana Cedis),11129.81,real_sector,https://www.bog.gov.gh/economic-data/real-sector/,1,1,First Quarter
2008-06-01,2008,,,Gross Domestic Product at Constant Prices: Non-Oil (Millions of Ghana Cedis),9105.91,real_sector,https://www.bog.gov.gh/economic-data/real-sector/,1,2,Second Quarter
2008-09-01,2008,,,Gross Domestic Product at Constant Prices: Non-Oil (Millions of Ghana Cedis),11520.46,real_sector,https://www.bog.gov.gh/economic-data/real-sector/,1,3,Third Quarter
2008-12-01,2008,,,Gross Domestic Product at Constant Prices: Non-Oil (Millions of Ghana Cedis),11709.18,real_sector,https://www.bog.gov.gh/economic-data/real-sector/,1,4,Fourth Quarter
2008-12-31,2008,,,Gross Domestic Product at Constant Prices: Non-Oil (Millions of Ghana Cedis),11129.81,real_sector,https://www.bog.gov.gh/economic-data/real-sector/,1,,
2008-12-31,2008,,,Gross Domestic Product at Constant Prices: Non-Oil (Millions of Ghana Cedis),82481.04,real_sector,https://www.bog.gov.gh/economic-data/real-sector/,2,,
2009-03-01,2009,,,Gross Domestic Product at Constant Prices: Non-Oil (Millions of Ghana Cedis),12716.5,real_sector,https://www.bog.gov.gh/economic-data/real-sector/,1,1,First Quarter
2009-06-01,2009,,,Gross Domestic Product at Constant Prices: Non-Oil (Millions of Ghana Cedis),11354.24,real_sector,https://www.bog.gov.gh/economic-data/real-sector/,1,2,Second Quarter
2009-09-01,2009,,,Gross Domestic Product at Constant Prices: Non-Oil (Millions of Ghana Cedis),12879.38,real_sector,https://www.bog.gov.gh/economic-data/real-sector/,1,3,Third Quarter
2009-12-01,2009,,,Gross Domestic Product at Constant Prices: Non-Oil (Millions of Ghana Cedis),15267.91,real_sector,https://www.bog.gov.gh/economic-data/real-sector/,1,4,Fourth Quarter
2009-12-31,2009,,,Gross Domestic Product at Constant Prices: Non-Oil (Millions of Ghana Cedis),12716.5,real_sector,https://www.bog.gov.gh/economic-data/real-sector/,1,,
2009-12-31,2009,,,Gross Domestic Product at Constant Prices: Non-Oil (Millions of Ghana Cedis),87166.63,real_sector,https://www.bog.gov.gh/economic-data/real-sector/,2,,
2010-03-01,2010,,,Gross Domestic Product at Constant Prices: Non-Oil (Millions of Ghana Cedis),17367.17,real_sector,https://www.bog.gov.gh/economic-data/real-sector/,1,1,First Quarter
2010-06-01,2010,,,Gross Domestic Product at Constant Prices: Non-Oil (Millions of Ghana Cedis),14087.21,real_sector,https://www.bog.gov.gh/economic-data/real-sector/,1,2,Second Quarter
2010-09-01,2010,,,Gross Domestic Product at Constant Prices: Non-Oil (Millions of Ghana Cedis),16383.07,real_sector,https://www.bog.gov.gh/economic-data/real-sector/,1,3,Third Quarter
2010-12-01,2010,,,Gross Domestic Product at Constant Prices: Non-Oil (Millions of Ghana Cedis),16986.5,real_sector,https://www.bog.gov.gh/economic-data/real-sector/,1,4,Fourth Quarter
2010-12-31,2010,,,Gross Domestic Product at Constant Prices: Non-Oil (Millions of Ghana Cedis),17367.17,real_sector,https://www.bog.gov.gh/economic-data/real-sector/,1,,
2010-12-31,2010,,,Gross Domestic Product at Constant Prices: Non-Oil (Millions of Ghana Cedis),93728.54,real_sector,https://www.bog.gov.gh/economic-data/real-sector/,2,,
2011-03-01,2011,,,Gross Domestic Product at Constant Prices: Non-Oil (Millions of Ghana Cedis),20931.12,real_sector,https://www.bog.gov.gh/economic-data/real-sector/,1,1,First Quarter
2011-06-01,2011,,,Gross Domestic Product at Constant Prices: Non-Oil (Millions of Ghana Cedis),18885.15,real_sector,https://www.bog.gov.gh/economic-data/real-sector/,1,2,Second Quarter
2011-09-01,2011,,,Gross Domestic Product at Constant Prices: Non-Oil (Millions of Ghana Cedis),18077.99,real_sector,https://www.bog.gov.gh/economic-data/real-sector/,1,3,Third Quarter
2011-12-01,2011,,,Gross Domestic Product at Constant Prices: Non-Oil (Millions of Ghana Cedis),20284.2,real_sector,https://www.bog.gov.gh/economic-data/real-sector/,1,4,Fourth Quarter
2011-12-31,2011,,,Gross Domestic Product at Constant Prices: Non-Oil (Millions of Ghana Cedis),20931.12,real_sector,https://www.bog.gov.gh/economic-data/real-sector/,1,,
2011-12-31,2011,,,Gross Domestic Product at Constant Prices: Non-Oil (Millions of Ghana Cedis),102423.72,real_sector,https://www.bog.gov.gh/economic-data/real-sector/,2,,
2012-03-01,2012,,,Gross Domestic Product at Constant Prices: Non-Oil (Millions of Ghana Cedis),23865.22,real_sector,https://www.bog.gov.gh/economic-data/real-sector/,1,1,First Quarter
2012-06-01,2012,,,Gross Domestic Product at Constant Prices: Non-Oil (Millions of Ghana Cedis),22667.53,real_sector,https://www.bog.gov.gh/economic-data/real-sector/,1,2,Second Quarter
2012-09-01,2012,,,Gross Domestic Product at Constant Prices: Non-Oil (Millions of Ghana Cedis),22982.67,real_sector,https://www.bog.gov.gh/economic-data/real-sector/,1,3,Third Quarter
2012-12-01,2012,,,Gross Domestic Product at Constant Prices: Non-Oil (Millions of Ghana Cedis),27186.03,real_sector,https://www.bog.gov.gh/economic-data/real-sector/,1,4,Fourth Quarter
2012-12-31,2012,,,Gross Domestic Product at Constant Prices: Non-Oil (Millions of Ghana Cedis),23865.22,real_sector,https://www.bog.gov.gh/economic-data/real-sector/,1,,
2012-12-31,2012,,,Gross Domestic Product at Constant Prices: Non-Oil (Millions of Ghana Cedis),110438.99,real_sector,https://www.bog.gov.gh/economic-data/real-sector/,2,,
2013-03-01,2013,,,Gross Domestic Product at Constant Prices: Non-Oil (Millions of Ghana Cedis),28038.91,real_sector,https://www.bog.gov.gh/economic-data/real-sector/,1,1,First Quarter
2013-06-01,2013,,,Gross Domestic Product at Constant Prices: Non-Oil (Millions of Ghana Cedis),28715.7,real_sector,https://www.bog.gov.gh/economic-data/real-sector/,1,2,Second Quarter
2013-09-01,2013,,,Gross Domestic Product at Constant Prices: Non-Oil (Millions of Ghana Cedis),28924.77,real_sector,https://www.bog.gov.gh/economic-data/real-sector/,1,3,Third Quarter
2013-12-01,2013,,,Gross Domestic Product at Constant Prices: Non-Oil (Millions of Ghana Cedis),32149.44,real_sector,https://www.bog.gov.gh/economic-data/real-sector/,1,4,Fourth Quarter
2013-12-31,2013,,,Gross Domestic Product at Constant Prices: Non-Oil (Millions of Ghana Cedis),28038.91,real_sector,https://www.bog.gov.gh/economic-data/real-sector/,1,,
2013-12-31,2013,,,Gross Domestic Product at Constant Prices: Non-Oil (Millions of Ghana Cedis),117828.82,real_sector,https://www.bog.gov.gh/economic-data/real-sector/,2,,
2014-03-01,2014,,,Gross Domestic Product at Constant Prices: Non-Oil (Millions of Ghana Cedis),32301.4,real_sector,https://www.bog.gov.gh/economic-data/real-sector/,1,1,First Quarter
2014-06-01,2014,,,Gross Domestic Product at Constant Prices: Non-Oil (Millions of Ghana Cedis),35475.43,real_sector,https://www.bog.gov.gh/economic-data/real-sector/,1,2,Second Quarter
2014-09-01,2014,,,Gross Domestic Product at Constant Prices: Non-Oil (Millions of Ghana Cedis),40426.81,real_sector,https://www.bog.gov.gh/economic-data/real-sector/,1,3,Third Quarter
2014-12-01,2014,,,Gross Domestic Product at Constant Prices: Non-Oil (Millions of Ghana Cedis),40924.56,real_sector,https://www.bog.gov.gh/economic-data/real-sector/,1,4,Fourth Quarter
2014-12-31,2014,,,Gross Domestic Product at Constant Prices: Non-Oil (Millions of Ghana Cedis),32301.4,real_sector,https://www.bog.gov.gh/economic-data/real-sector/,1,,
2014-12-31,2014,,,Gross Domestic Product at Constant Prices: Non-Oil (Millions of Ghana Cedis),120766.68,real_sector,https://www.bog.gov.gh/economic-data/real-sector/,2,,
2015-03-01,2015,,,Gross Domestic Product at Constant Prices: Non-Oil (Millions of Ghana Cedis),42016.2,real_sector,https://www.bog.gov.gh/economic-data/real-sector/,1,1,First Quarter
2015-06-01,2015,,,Gross Domestic Product at Constant Prices: Non-Oil (Millions of Ghana Cedis),44003.48,real_sector,https://www.bog.gov.gh/economic-data/real-sector/,1,2,Second Quarter
2015-09-01,2015,,,Gross Domestic Product at Constant Prices: Non-Oil (Millions of Ghana Cedis),43680.66,real_sector,https://www.bog.gov.gh/economic-data/real-sector/,1,3,Third Quarter
2015-12-01,2015,,,Gross Domestic Product at Constant Prices: Non-Oil (Millions of Ghana Cedis),49133.43,real_sector,https://www.bog.gov.gh/economic-data/real-sector/,1,4,Fourth Quarter
2015-12-31,2015,,,Gross Domestic Product at Constant Prices: Non-Oil (Millions of Ghana Cedis),42016.2,real_sector,https://www.bog.gov.gh/economic-data/real-sector/,1,,
2015-12-31,2015,,,Gross Domestic Product at Constant Prices: Non-Oil (Millions of Ghana Cedis),123335.82,real_sector,https://www.bog.gov.gh/economic-data/real-sector/,2,,
2016-03-01,2016,,,Gross Domestic Product at Constant Prices: Non-Oil (Millions of Ghana Cedis),53070.62,real_sector,https://www.bog.gov.gh/economic-data/real-sector/,1,1,First Quarter
2016-06-01,2016,,,Gross Domestic Product at Constant Prices: Non-Oil (Millions of Ghana Cedis),52440.45,real_sector,https://www.bog.gov.gh/economic-data/real-sector/,1,2,Second Quarter
2016-09-01,2016,,,Gross Domestic Product at Constant Prices: Non-Oil (Millions of Ghana Cedis),53636.18,real_sector,https://www.bog.gov.gh/economic-data/real-sector/,1,3,Third Quarter
2016-12-01,2016,,,Gross Domestic Product at Constant Prices: Non-Oil (Millions of Ghana Cedis),59420.32,real_sector,https://www.bog.gov.gh/economic-data/real-sector/,1,4,Fourth Quarter
2016-12-31,2016,,,Gross Domestic Product at Constant Prices: Non-Oil (Millions of Ghana Cedis),53070.62,real_sector,https://www.bog.gov.gh/economic-data/real-sector/,1,,
2016-12-31,2016,,,Gross Domestic Product at Constant Prices: Non-Oil (Millions of Ghana Cedis),128904.36,real_sector,https://www.bog.gov.gh/economic-data/real-sector/,2,,
2017-03-01,2017,,,Gross Domestic Product at Constant Prices: Non-Oil (Millions of Ghana Cedis),60905.26,real_sector,https://www.bog.gov.gh/economic-data/real-sector/,1,1,First Quarter
2017-06-01,2017,,,Gross Domestic Product at Constant Prices: Non-Oil (Millions of Ghana Cedis),61179.15,real_sector,https://www.bog.gov.gh/economic-data/real-sector/,1,2,Second Quarter
2017-09-01,2017,,,Gross Domestic Product at Constant Prices: Non-Oil (Millions of Ghana Cedis),65329.96,real_sector,https://www.bog.gov.gh/economic-data/real-sector/,1,3,Third Quarter
2017-12-01,2017,,,Gross Domestic Product at Constant Prices: Non-Oil (Millions of Ghana Cedis),66361.01,real_sector,https://www.bog.gov.gh/economic-data/real-sector/,1,4,Fourth Quarter
2017-12-31,2017,,,Gross Domestic Product at Constant Prices: Non-Oil (Millions of Ghana Cedis),60905.26,real_sector,https://www.bog.gov.gh/economic-data/real-sector/,1,,
2017-12-31,2017,,,Gross Domestic Product at Constant Prices: Non-Oil (Millions of Ghana Cedis),134867.4,real_sector,https://www.bog.gov.gh/economic-data/real-sector/,2,,
2018-03-01,2018,,,Gross Domestic Product at Constant Prices: Non-Oil (Millions of Ghana Cedis),72938.57,real_sector,https://www.bog.gov.gh/economic-data/real-sector/,1,1,First Quarter
2018-06-01,2018,,,Gross Domestic Product at Constant Prices: Non-Oil (Millions of Ghana Cedis),67897.12,real_sector,https://www.bog.gov.gh/economic-data/real-sector/,1,2,Second Quarter
2018-09-01,2018,,,Gross Domestic Product at Constant Prices: Non-Oil (Millions of Ghana Cedis),74147.79,real_sector,https://www.bog.gov.gh/economic-data/real-sector/,1,3,Third Quarter
2018-12-01,2018,,,Gross Domestic Product at Constant Prices: Non-Oil (Millions of Ghana Cedis),76632.84,real_sector,https://www.bog.gov.gh/economic-data/real-sector/,1,4,Fourth Quarter
2018-12-31,2018,,,Gross Domestic Product at Constant Prices: Non-Oil (Millions of Ghana Cedis),72938.57,real_sector,https://www.bog.gov.gh/economic-data/real-sector/,1,,
2018-12-31,2018,,,Gross Domestic Product at Constant Prices: Non-Oil (Millions of Ghana Cedis),143032.33,real_sector,https://www.bog.gov.gh/economic-data/real-sector/,2,,
2019-03-01,2019,,,Gross Domestic Product at Constant Prices: Non-Oil (Millions of Ghana Cedis),82086.73,real_sector,https://www.bog.gov.gh/economic-data/real-sector/,1,1,First Quarter
2019-06-01,2019,,,Gross Domestic Product at Constant Prices: Non-Oil (Millions of Ghana Cedis),80556.78,real_sector,https://www.bog.gov.gh/economic-data/real-sector/,1,2,Second Quarter
2019-09-01,2019,,,Gross Domestic Product at Constant Prices: Non-Oil (Millions of Ghana Cedis),85495.59,real_sector,https://www.bog.gov.gh/economic-data/real-sector/,1,3,Third Quarter
2019-12-01,2019,,,Gross Domestic Product at Constant Prices: Non-Oil (Millions of Ghana Cedis),87070.48,real_sector,https://www.bog.gov.gh/economic-data/real-sector/,1,4,Fourth Quarter
2019-12-31,2019,,,Gross Domestic Product at Constant Prices: Non-Oil (Millions of Ghana Cedis),82086.73,real_sector,https://www.bog.gov.gh/economic-data/real-sector/,1,,
2019-12-31,2019,,,Gross Domestic Product at Constant Prices: Non-Oil (Millions of Ghana Cedis),151375.15,real_sector,https://www.bog.gov.gh/economic-data/real-sector/,2,,
2020-03-01,2020,,,Gross Domestic Product at Constant Prices: Non-Oil (Millions of Ghana Cedis),96590.19,real_sector,https://www.bog.gov.gh/economic-data/real-sector/,1,1,First Quarter
2020-06-01,2020,,,Gross Domestic Product at Constant Prices: Non-Oil (Millions of Ghana Cedis),85869.62,real_sector,https://www.bog.gov.gh/economic-data/real-sector/,1,2,Second Quarter
2020-09-01,2020,,,Gross Domestic Product at Constant Prices: Non-Oil (Millions of Ghana Cedis),92699.63,real_sector,https://www.bog.gov.gh/economic-data/real-sector/,1,3,Third Quarter
2020-12-01,2020,,,Gross Domestic Product at Constant Prices: Non-Oil (Millions of Ghana Cedis),102988.48,real_sector,https://www.bog.gov.gh/economic-data/real-sector/,1,4,Fourth Quarter
2020-12-31,2020,,,Gross Domestic Product at Constant Prices: Non-Oil (Millions of Ghana Cedis),96590.19,real_sector,https://www.bog.gov.gh/economic-data/real-sector/,1,,
2020-12-31,2020,,,Gross Domestic Product at Constant Prices: Non-Oil (Millions of Ghana Cedis),152869.21,real_sector,https://www.bog.gov.gh/economic-data/real-sector/,2,,
2021-03-01,2021,,,Gross Domestic Product at Constant Prices: Non-Oil (Millions of Ghana Cedis),111105.13,real_sector,https://www.bog.gov.gh/economic-data/real-sector/,1,1,First Quarter
2021-06-01,2021,,,Gross Domestic Product at Constant Prices: Non-Oil (Millions of Ghana Cedis),97227.92,real_sector,https://www.bog.gov.gh/economic-data/real-sector/,1,2,Second Quarter
2021-09-01,2021,,,Gross Domestic Product at Constant Prices: Non-Oil (Millions of Ghana Cedis),106999.38,real_sector,https://www.bog.gov.gh/economic-data/real-sector/,1,3,Third Quarter
2021-12-01,2021,,,Gross Domestic Product at Constant Prices: Non-Oil (Millions of Ghana Cedis),122642.75,real_sector,https://www.bog.gov.gh/economic-data/real-sector/,1,4,Fourth Quarter
2021-12-31,2021,,,Gross Domestic Product at Constant Prices: Non-Oil (Millions of Ghana Cedis),111105.13,real_sector,https://www.bog.gov.gh/economic-data/real-sector/,1,,
2021-12-31,2021,,,Gross Domestic Product at Constant Prices: Non-Oil (Millions of Ghana Cedis),163430.44,real_sector,https://www.bog.gov.gh/economic-data/real-sector/,2,,
2022-03-01,2022,,,Gross Domestic Product at Constant Prices: Non-Oil (Millions of Ghana Cedis),43796.87,real_sector,https://www.bog.gov.gh/economic-data/real-sector/,1,1,First Quarter
2022-06-01,2022,,,Gross Domestic Product at Constant Prices: Non-Oil (Millions of Ghana Cedis),38457.6,real_sector,https://www.bog.gov.gh/economic-data/real-sector/,1,2,Second Quarter
2022-09-01,2022,,,Gross Domestic Product at Constant Prices: Non-Oil (Millions of Ghana Cedis),41065.55,real_sector,https://www.bog.gov.gh/economic-data/real-sector/,1,3,Third Quarter
2022-12-01,2022,,,Gross Domestic Product at Constant Prices: Non-Oil (Millions of Ghana Cedis),45957.05,real_sector,https://www.bog.gov.gh/economic-data/real-sector/,1,4,Fourth Quarter
2022-12-31,2022,,,Gross Domestic Product at Constant Prices: Non-Oil (Millions of Ghana Cedis),43796.87,real_sector,https://www.bog.gov.gh/economic-data/real-sector/,1,,
2022-12-31,2022,,,Gross Domestic Product at Constant Prices: Non-Oil (Millions of Ghana Cedis),172889.28,real_sector,https://www.bog.gov.gh/economic-data/real-sector/,2,,
2023-03-01,2023,,,Gross Domestic Product at Constant Prices: Non-Oil (Millions of Ghana Cedis),46548.17,real_sector,https://www.bog.gov.gh/economic-data/real-sector/,1,1,First Quarter
2023-06-01,2023,,,Gross Domestic Product at Constant Prices: Non-Oil (Millions of Ghana Cedis),0.0,real_sector,https://www.bog.gov.gh/economic-data/real-sector/,1,2,Second Quarter
2023-09-01,2023,,,Gross Domestic Product at Constant Prices: Non-Oil (Millions of Ghana Cedis),0.0,real_sector,https://www.bog.gov.gh/economic-data/real-sector/,1,3,Third Quarter
2023-12-01,2023,,,Gross Domestic Product at Constant Prices: Non-Oil (Millions of Ghana Cedis),0.0,real_sector,https://www.bog.gov.gh/economic-data/real-sector/,1,4,Fourth Quarter
2023-12-31,2023,,,Gross Domestic Product at Constant Prices: Non-Oil (Millions of Ghana Cedis),46548.17,real_sector,https://www.bog.gov.gh/economic-data/real-sector/,1,,
1983-12-31,1983,,,Gross Domestic Product at Current Prices (Millions of Ghana Cedis),29.5,real_sector,https://www.bog.gov.gh/economic-data/real-sector/,2,,
1984-12-31,1984,,,Gross Domestic Product at Current Prices (Millions of Ghana Cedis),43.37,real_sector,https://www.bog.gov.gh/economic-data/real-sector/,2,,
1985-12-31,1985,,,Gross Domestic Product at Current Prices (Millions of Ghana Cedis),54.99,real_sector,https://www.bog.gov.gh/economic-data/real-sector/,2,,
1986-12-31,1986,,,Gross Domestic Product at Current Prices (Millions of Ghana Cedis),81.98,real_sector,https://www.bog.gov.gh/economic-data/real-sector/,2,,
1988-12-31,1988,,,Gross Domestic Product at Current Prices (Millions of Ghana Cedis),168.52,real_sector,https://www.bog.gov.gh/economic-data/real-sector/,2,,
1989-12-31,1989,,,Gross Domestic Product at Current Prices (Millions of Ghana Cedis),227.2,real_sector,https://www.bog.gov.gh/economic-data/real-sector/,2,,
1990-12-31,1990,,,Gross Domestic Product at Current Prices (Millions of Ghana Cedis),385.0,real_sector,https://www.bog.gov.gh/economic-data/real-sector/,2,,
1991-12-31,1991,,,Gross Domestic Product at Current Prices (Millions of Ghana Cedis),492.0,real_sector,https://www.bog.gov.gh/economic-data/real-sector/,2,,
1992-12-31,1992,,,Gross Domestic Product at Current Prices (Millions of Ghana Cedis),579.0,real_sector,https://www.bog.gov.gh/economic-data/real-sector/,2,,
1993-12-31,1993,,,Gross Domestic Product at Current Prices (Millions of Ghana Cedis),750.0,real_sector,https://www.bog.gov.gh/economic-data/real-sector/,2,,
1994-12-31,1994,,,Gross Domestic Product at Current Prices (Millions of Ghana Cedis),1016.0,real_sector,https://www.bog.gov.gh/economic-data/real-sector/,2,,
1996-12-31,1996,,,Gross Domestic Product at Current Prices (Millions of Ghana Cedis),2245.0,real_sector,https://www.bog.gov.gh/economic-data/real-sector/,2,,
1997-12-31,1997,,,Gross Domestic Product at Current Prices (Millions of Ghana Cedis),2814.0,real_sector,https://www.bog.gov.gh/economic-data/real-sector/,2,,
1998-12-31,1998,,,Gross Domestic Product at Current Prices (Millions of Ghana Cedis),3473.0,real_sector,https://www.bog.gov.gh/economic-data/real-sector/,2,,
1999-12-31,1999,,,Gross Domestic Product at Current Prices (Millions of Ghana Cedis),4161.0,real_sector,https://www.bog.gov.gh/economic-data/real-sector/,2,,
2000-12-31,2000,,,Gross Domestic Product at Current Prices (Millions of Ghana Cedis),5528.0,real_sector,https://www.bog.gov.gh/economic-data/real-sector/,2,,
2001-12-31,2001,,,Gross Domestic Product at Current Prices (Millions of Ghana Cedis),7805.0,real_sector,https://www.bog.gov.gh/economic-data/real-sector/,2,,
2002-12-31,2002,,,Gross Domestic Product at Current Prices (Millions of Ghana Cedis),10085.0,real_sector,https://www.bog.gov.gh/economic-data/real-sector/,2,,
2003-12-31,2003,,,Gross Domestic Product at Current Prices (Millions of Ghana Cedis),13748.0,real_sector,https://www.bog.gov.gh/economic-data/real-sector/,2,,
2004-12-31,2004,,,Gross Domestic Product at Current Prices (Millions of Ghana Cedis),16712.0,real_sector,https://www.bog.gov.gh/economic-data/real-sector/,2,,
2005-12-31,2005,,,Gross Domestic Product at Current Prices (Millions of Ghana Cedis),20483.0,real_sector,https://www.bog.gov.gh/economic-data/real-sector/,2,,
2006-03-01,2006,,,Gross Domestic Product at Current Prices (Millions of Ghana Cedis),0.0,real_sector,https://www.bog.gov.gh/economic-data/real-sector/,1,1,First Quarter
2006-03-01,2006,,,Gross Domestic Product at Current Prices (Millions of Ghana Cedis),7051.4,real_sector,https://www.bog.gov.gh/economic-data/real-sector/,1,1,First Quarter
2006-06-01,2006,,,Gross Domestic Product at Current Prices (Millions of Ghana Cedis),0.0,real_sector,https://www.bog.gov.gh/economic-data/real-sector/,1,2,Second Quarter
2006-06-01,2006,,,Gross Domestic Product at Current Prices (Millions of Ghana Cedis),6409.71,real_sector,https://www.bog.gov.gh/economic-data/real-sector/,1,2,Second Quarter
2006-09-01,2006,,,Gross Domestic Product at Current Prices (Millions of Ghana Cedis),0.0,real_sector,https://www.bog.gov.gh/economic-data/real-sector/,1,3,Third Quarter
2006-09-01,2006,,,Gross Domestic Product at Current Prices (Millions of Ghana Cedis),7242.83,real_sector,https://www.bog.gov.gh/economic-data/real-sector/,1,3,Third Quarter
2006-12-01,2006,,,Gross Domestic Product at Current Prices (Millions of Ghana Cedis),0.0,real_sector,https://www.bog.gov.gh/economic-data/real-sector/,1,4,Fourth Quarter
2006-12-01,2006,,,Gross Domestic Product at Current Prices (Millions of Ghana Cedis),7630.36,real_sector,https://www.bog.gov.gh/economic-data/real-sector/,1,4,Fourth Quarter
2006-12-31,2006,,,Gross Domestic Product at Current Prices (Millions of Ghana Cedis),0.0,real_sector,https://www.bog.gov.gh/economic-data/real-sector/,1,,
2006-12-31,2006,,,Gross Domestic Product at Current Prices (Millions of Ghana Cedis),7051.4,real_sector,https://www.bog.gov.gh/economic-data/real-sector/,1,,
2006-12-31,2006,,,Gross Domestic Product at Current Prices (Millions of Ghana Cedis),28334.0,real_sector,https://www.bog.gov.gh/economic-data/real-sector/,2,,
2007-03-01,2007,,,Gross Domestic Product at Current Prices (Millions of Ghana Cedis),7.5,real_sector,https://www.bog.gov.gh/economic-data/real-sector/,1,1,First Quarter
2007-06-01,2007,,,Gross Domestic Product at Current Prices (Millions of Ghana Cedis),6.75,real_sector,https://www.bog.gov.gh/economic-data/real-sector/,1,2,Second Quarter
2007-09-01,2007,,,Gross Domestic Product at Current Prices (Millions of Ghana Cedis),2.21,real_sector,https://www.bog.gov.gh/economic-data/real-sector/,1,3,Third Quarter
2007-12-01,2007,,,Gross Domestic Product at Current Prices (Millions of Ghana Cedis),1.09,real_sector,https://www.bog.gov.gh/economic-data/real-sector/,1,4,Fourth Quarter
2007-12-31,2007,,,Gross Domestic Product at Current Prices (Millions of Ghana Cedis),7.5,real_sector,https://www.bog.gov.gh/economic-data/real-sector/,1,,
2007-12-31,2007,,,Gross Domestic Product at Current Prices (Millions of Ghana Cedis),34088.0,real_sector,https://www.bog.gov.gh/economic-data/real-sector/,2,,
2008-03-01,2008,,,Gross Domestic Product at Current Prices (Millions of Ghana Cedis),8.03,real_sector,https://www.bog.gov.gh/economic-data/real-sector/,1,1,First Quarter
2008-06-01,2008,,,Gross Domestic Product at Current Prices (Millions of Ghana Cedis),7.52,real_sector,https://www.bog.gov.gh/economic-data/real-sector/,1,2,Second Quarter
2008-09-01,2008,,,Gross Domestic Product at Current Prices (Millions of Ghana Cedis),13.12,real_sector,https://www.bog.gov.gh/economic-data/real-sector/,1,3,Third Quarter
2008-12-01,2008,,,Gross Domestic Product at Current Prices (Millions of Ghana Cedis),7.22,real_sector,https://www.bog.gov.gh/economic-data/real-sector/,1,4,Fourth Quarter
2008-12-31,2008,,,Gross Domestic Product at Current Prices (Millions of Ghana Cedis),8.03,real_sector,https://www.bog.gov.gh/economic-data/real-sector/,1,,
2008-12-31,2008,,,Gross Domestic Product at Current Prices (Millions of Ghana Cedis),43465.0,real_sector,https://www.bog.gov.gh/economic-data/real-sector/,2,,
2009-03-01,2009,,,Gross Domestic Product at Current Prices (Millions of Ghana Cedis),3.48,real_sector,https://www.bog.gov.gh/economic-data/real-sector/,1,1,First Quarter
2009-06-01,2009,,,Gross Domestic Product at Current Prices (Millions of Ghana Cedis),5.48,real_sector,https://www.bog.gov.gh/economic-data/real-sector/,1,2,Second Quarter
2009-09-01,2009,,,Gross Domestic Product at Current Prices (Millions of Ghana Cedis),1.94,real_sector,https://www.bog.gov.gh/economic-data/real-sector/,1,3,Third Quarter
2009-12-01,2009,,,Gross Domestic Product at Current Prices (Millions of Ghana Cedis),11.29,real_sector,https://www.bog.gov.gh/economic-data/real-sector/,1,4,Fourth Quarter
2009-12-31,2009,,,Gross Domestic Product at Current Prices (Millions of Ghana Cedis),3.48,real_sector,https://www.bog.gov.gh/economic-data/real-sector/,1,,
2009-12-31,2009,,,Gross Domestic Product at Current Prices (Millions of Ghana Cedis),52218.0,real_sector,https://www.bog.gov.gh/economic-data/real-sector/,2,,
2010-03-01,2010,,,Gross Domestic Product at Current Prices (Millions of Ghana Cedis),6.58,real_sector,https://www.bog.gov.gh/economic-data/real-sector/,1,1,First Quarter
2010-06-01,2010,,,Gross Domestic Product at Current Prices (Millions of Ghana Cedis),7.53,real_sector,https://www.bog.gov.gh/economic-data/real-sector/,1,2,Second Quarter
2010-09-01,2010,,,Gross Domestic Product at Current Prices (Millions of Ghana Cedis),12.71,real_sector,https://www.bog.gov.gh/economic-data/real-sector/,1,3,Third Quarter
2010-12-01,2010,,,Gross Domestic Product at Current Prices (Millions of Ghana Cedis),4.56,real_sector,https://www.bog.gov.gh/economic-data/real-sector/,1,4,Fourth Quarter
2010-12-31,2010,,,Gross Domestic Product at Current Prices (Millions of Ghana Cedis),6.58,real_sector,https://www.bog.gov.gh/economic-data/real-sector/,1,,
2010-12-31,2010,,,Gross Domestic Product at Current Prices (Millions of Ghana Cedis),64983.0,real_sector,https://www.bog.gov.gh/economic-data/real-sector/,2,,
2011-03-01,2011,,,Gross Domestic Product at Current Prices (Millions of Ghana Cedis),13.94,real_sector,https://www.bog.gov.gh/economic-data/real-sector/,1,1,First Quarter
2011-06-01,2011,,,Gross Domestic Product at Current Prices (Millions of Ghana Cedis),19.78,real_sector,https://www.bog.gov.gh/economic-data/real-sector/,1,2,Second Quarter
2011-09-01,2011,,,Gross Domestic Product at Current Prices (Millions of Ghana Cedis),10.41,real_sector,https://www.bog.gov.gh/economic-data/real-sector/,1,3,Third Quarter
2011-12-01,2011,,,Gross Domestic Product at Current Prices (Millions of Ghana Cedis),12.92,real_sector,https://www.bog.gov.gh/economic-data/real-sector/,1,4,Fourth Quarter
2011-12-31,2011,,,Gross Domestic Product at Current Prices (Millions of Ghana Cedis),13.94,real_sector,https://www.bog.gov.gh/economic-data/real-sector/,1,,
2011-12-31,2011,,,Gross Domestic Product at Current Prices (Millions of Ghana Cedis),81526.0,real_sector,https://www.bog.gov.gh/economic-data/real-sector/,2,,
2012-03-01,2012,,,Gross Domestic Product at Current Prices (Millions of Ghana Cedis),13.28,real_sector,https://www.bog.gov.gh/economic-data/real-sector/,1,1,First Quarter
2012-06-01,2012,,,Gross Domestic Product at Current Prices (Millions of Ghana Cedis),9.48,real_sector,https://www.bog.gov.gh/economic-data/real-sector/,1,2,Second Quarter
2012-09-01,2012,,,Gross Domestic Product at Current Prices (Millions of Ghana Cedis),4.78,real_sector,https://www.bog.gov.gh/economic-data/real-sector/,1,3,Third Quarter
2012-12-01,2012,,,Gross Domestic Product at Current Prices (Millions of Ghana Cedis),7.03,real_sector,https://www.bog.gov.gh/economic-data/real-sector/,1,4,Fourth Quarter
2012-12-31,2012,,,Gross Domestic Product at Current Prices (Millions of Ghana Cedis),13.28,real_sector,https://www.bog.gov.gh/economic-data/real-sector/,1,,
2012-12-31,2012,,,Gross Domestic Product at Current Prices (Millions of Ghana Cedis),101749.0,real_sector,https://www.bog.gov.gh/economic-data/real-sector/,2,,
2013-03-01,2013,,,Gross Domestic Product at Current Prices (Millions of Ghana Cedis),7.88,real_sector,https://www.bog.gov.gh/economic-data/real-sector/,1,1,First Quarter
2013-06-01,2013,,,Gross Domestic Product at Current Prices (Millions of Ghana Cedis),14.24,real_sector,https://www.bog.gov.gh/economic-data/real-sector/,1,2,Second Quarter
2013-09-01,2013,,,Gross Domestic Product at Current Prices (Millions of Ghana Cedis),3.5,real_sector,https://www.bog.gov.gh/economic-data/real-sector/,1,3,Third Quarter
2013-12-01,2013,,,Gross Domestic Product at Current Prices (Millions of Ghana Cedis),4.34,real_sector,https://www.bog.gov.gh/economic-data/real-sector/,1,4,Fourth Quarter
2013-12-31,2013,,,Gross Domestic Product at Current Prices (Millions of Ghana Cedis),7.88,real_sector,https://www.bog.gov.gh/economic-data/real-sector/,1,,
2013-12-31,2013,,,Gross Domestic Product at Current Prices (Millions of Ghana Cedis),124478.0,real_sector,https://www.bog.gov.gh/economic-data/real-sector/,2,,
2014-03-01,2014,,,Gross Domestic Product at Current Prices (Millions of Ghana Cedis),-1.11,real_sector,https://www.bog.gov.gh/economic-data/real-sector/,1,1,First Quarter
2014-06-01,2014,,,Gross Domestic Product at Current Prices (Millions of Ghana Cedis),2.97,real_sector,https://www.bog.gov.gh/economic-data/real-sector/,1,2,Second Quarter
2014-09-01,2014,,,Gross Domestic Product at Current Prices (Millions of Ghana Cedis),7.82,real_sector,https://www.bog.gov.gh/economic-data/real-sector/,1,3,Third Quarter
2014-12-01,2014,,,Gross Domestic Product at Current Prices (Millions of Ghana Cedis),1.77,real_sector,https://www.bog.gov.gh/economic-data/real-sector/,1,4,Fourth Quarter
2014-12-31,2014,,,Gross Domestic Product at Current Prices (Millions of Ghana Cedis),-1.11,real_sector,https://www.bog.gov.gh/economic-data/real-sector/,1,,
2014-12-31,2014,,,Gross Domestic Product at Current Prices (Millions of Ghana Cedis),158684.0,real_sector,https://www.bog.gov.gh/economic-data/real-sector/,2,,
2015-03-01,2015,,,Gross Domestic Product at Current Prices (Millions of Ghana Cedis),10.82,real_sector,https://www.bog.gov.gh/economic-data/real-sector/,1,1,First Quarter
2015-06-01,2015,,,Gross Domestic Product at Current Prices (Millions of Ghana Cedis),3.27,real_sector,https://www.bog.gov.gh/economic-data/real-sector/,1,2,Second Quarter
2015-09-01,2015,,,Gross Domestic Product at Current Prices (Millions of Ghana Cedis),-4.67,real_sector,https://www.bog.gov.gh/economic-data/real-sector/,1,3,Third Quarter
2015-12-01,2015,,,Gross Domestic Product at Current Prices (Millions of Ghana Cedis),0.1,real_sector,https://www.bog.gov.gh/economic-data/real-sector/,1,4,Fourth Quarter
2015-12-31,2015,,,Gross Domestic Product at Current Prices (Millions of Ghana Cedis),10.82,real_sector,https://www.bog.gov.gh/economic-data/real-sector/,1,,
2015-12-31,2015,,,Gross Domestic Product at Current Prices (Millions of Ghana Cedis),183526.0,real_sector,https://www.bog.gov.gh/economic-data/real-sector/,2,,
2016-03-01,2016,,,Gross Domestic Product at Current Prices (Millions of Ghana Cedis),-0.43,real_sector,https://www.bog.gov.gh/economic-data/real-sector/,1,1,First Quarter
2016-06-01,2016,,,Gross Domestic Product at Current Prices (Millions of Ghana Cedis),-2.48,real_sector,https://www.bog.gov.gh/economic-data/real-sector/,1,2,Second Quarter
2016-09-01,2016,,,Gross Domestic Product at Current Prices (Millions of Ghana Cedis),11.13,real_sector,https://www.bog.gov.gh/economic-data/real-sector/,1,3,Third Quarter
2016-12-01,2016,,,Gross Domestic Product at Current Prices (Millions of Ghana Cedis),5.43,real_sector,https://www.bog.gov.gh/economic-data/real-sector/,1,4,Fourth Quarter
2016-12-31,2016,,,Gross Domestic Product at Current Prices (Millions of Ghana Cedis),-0.43,real_sector,https://www.bog.gov.gh/economic-data/real-sector/,1,,
2016-12-31,2016,,,Gross Domestic Product at Current Prices (Millions of Ghana Cedis),219595.0,real_sector,https://www.bog.gov.gh/economic-data/real-sector/,2,,
2017-03-01,2017,,,Gross Domestic Product at Current Prices (Millions of Ghana Cedis),7.63,real_sector,https://www.bog.gov.gh/economic-data/real-sector/,1,1,First Quarter
2017-06-01,2017,,,Gross Domestic Product at Current Prices (Millions of Ghana Cedis),12.47,real_sector,https://www.bog.gov.gh/economic-data/real-sector/,1,2,Second Quarter
2017-09-01,2017,,,Gross Domestic Product at Current Prices (Millions of Ghana Cedis),7.02,real_sector,https://www.bog.gov.gh/economic-data/real-sector/,1,3,Third Quarter
2017-12-01,2017,,,Gross Domestic Product at Current Prices (Millions of Ghana Cedis),5.86,real_sector,https://www.bog.gov.gh/economic-data/real-sector/,1,4,Fourth Quarter
2017-12-31,2017,,,Gross Domestic Product at Current Prices (Millions of Ghana Cedis),7.63,real_sector,https://www.bog.gov.gh/economic-data/real-sector/,1,,
2017-12-31,2017,,,Gross Domestic Product at Current Prices (Millions of Ghana Cedis),262798.0,real_sector,https://www.bog.gov.gh/economic-data/real-sector/,2,,
2018-03-01,2018,,,Gross Domestic Product at Current Prices (Millions of Ghana Cedis),10.88,real_sector,https://www.bog.gov.gh/economic-data/real-sector/,1,1,First Quarter
2018-06-01,2018,,,Gross Domestic Product at Current Prices (Millions of Ghana Cedis),3.32,real_sector,https://www.bog.gov.gh/economic-data/real-sector/,1,2,Second Quarter
2018-09-01,2018,,,Gross Domestic Product at Current Prices (Millions of Ghana Cedis),6.58,real_sector,https://www.bog.gov.gh/economic-data/real-sector/,1,3,Third Quarter
2018-12-01,2018,,,Gross Domestic Product at Current Prices (Millions of Ghana Cedis),4.22,real_sector,https://www.bog.gov.gh/economic-data/real-sector/,1,4,Fourth Quarter
2018-12-31,2018,,,Gross Domestic Product at Current Prices (Millions of Ghana Cedis),10.88,real_sector,https://www.bog.gov.gh/economic-data/real-sector/,1,,
2018-12-31,2018,,,Gross Domestic Product at Current Prices (Millions of Ghana Cedis),308587.0,real_sector,https://www.bog.gov.gh/economic-data/real-sector/,2,,
2019-03-01,2019,,,Gross Domestic Product at Current Prices (Millions of Ghana Cedis),5.88,real_sector,https://www.bog.gov.gh/economic-data/real-sector/,1,1,First Quarter
2019-06-01,2019,,,Gross Domestic Product at Current Prices (Millions of Ghana Cedis),9.08,real_sector,https://www.bog.gov.gh/economic-data/real-sector/,1,2,Second Quarter
2019-09-01,2019,,,Gross Domestic Product at Current Prices (Millions of Ghana Cedis),5.28,real_sector,https://www.bog.gov.gh/economic-data/real-sector/,1,3,Third Quarter
2019-12-01,2019,,,Gross Domestic Product at Current Prices (Millions of Ghana Cedis),5.98,real_sector,https://www.bog.gov.gh/economic-data/real-sector/,1,4,Fourth Quarter
2019-12-31,2019,,,Gross Domestic Product at Current Prices (Millions of Ghana Cedis),5.88,real_sector,https://www.bog.gov.gh/economic-data/real-sector/,1,,
2019-12-31,2019,,,Gross Domestic Product at Current Prices (Millions of Ghana Cedis),356544.0,real_sector,https://www.bog.gov.gh/economic-data/real-sector/,2,,
2020-03-01,2020,,,Gross Domestic Product at Current Prices (Millions of Ghana Cedis),6.42,real_sector,https://www.bog.gov.gh/economic-data/real-sector/,1,1,First Quarter
2020-06-01,2020,,,Gross Domestic Product at Current Prices (Millions of Ghana Cedis),-5.64,real_sector,https://www.bog.gov.gh/economic-data/real-sector/,1,2,Second Quarter
2020-09-01,2020,,,Gross Domestic Product at Current Prices (Millions of Ghana Cedis),-3.26,real_sector,https://www.bog.gov.gh/economic-data/real-sector/,1,3,Third Quarter
2020-12-01,2020,,,Gross Domestic Product at Current Prices (Millions of Ghana Cedis),4.3,real_sector,https://www.bog.gov.gh/economic-data/real-sector/,1,4,Fourth Quarter
2020-12-31,2020,,,Gross Domestic Product at Current Prices (Millions of Ghana Cedis),6.42,real_sector,https://www.bog.gov.gh/economic-data/real-sector/,1,,
2020-12-31,2020,,,Gross Domestic Product at Current Prices (Millions of Ghana Cedis),391941.0,real_sector,https://www.bog.gov.gh/economic-data/real-sector/,2,,
2021-03-01,2021,,,Gross Domestic Product at Current Prices (Millions of Ghana Cedis),3.63,real_sector,https://www.bog.gov.gh/economic-data/real-sector/,1,1,First Quarter
2021-06-01,2021,,,Gross Domestic Product at Current Prices (Millions of Ghana Cedis),4.18,real_sector,https://www.bog.gov.gh/economic-data/real-sector/,1,2,Second Quarter
2021-09-01,2021,,,Gross Domestic Product at Current Prices (Millions of Ghana Cedis),6.48,real_sector,https://www.bog.gov.gh/economic-data/real-sector/,1,3,Third Quarter
2021-12-01,2021,,,Gross Domestic Product at Current Prices (Millions of Ghana Cedis),7.03,real_sector,https://www.bog.gov.gh/economic-data/real-sector/,1,4,Fourth Quarter
2021-12-31,2021,,,Gross Domestic Product at Current Prices (Millions of Ghana Cedis),3.63,real_sector,https://www.bog.gov.gh/economic-data/real-sector/,1,,
2021-12-31,2021,,,Gross Domestic Product at Current Prices (Millions of Ghana Cedis),459131.0,real_sector,https://www.bog.gov.gh/economic-data/real-sector/,2,,
2022-03-01,2022,,,Gross Domestic Product at Current Prices (Millions of Ghana Cedis),141115.99,real_sector,https://www.bog.gov.gh/economic-data/real-sector/,1,1,First Quarter
2022-06-01,2022,,,Gross Domestic Product at Current Prices (Millions of Ghana Cedis),130657.52,real_sector,https://www.bog.gov.gh/economic-data/real-sector/,1,2,Second Quarter
2022-09-01,2022,,,Gross Domestic Product at Current Prices (Millions of Ghana Cedis),152394.82,real_sector,https://www.bog.gov.gh/economic-data/real-sector/,1,3,Third Quarter
2022-12-01,2022,,,Gross Domestic Product at Current Prices (Millions of Ghana Cedis),186053.96,real_sector,https://www.bog.gov.gh/economic-data/real-sector/,1,4,Fourth Quarter
2022-12-31,2022,,,Gross Domestic Product at Current Prices (Millions of Ghana Cedis),141115.99,real_sector,https://www.bog.gov.gh/economic-data/real-sector/,1,,
2022-12-31,2022,,,Gross Domestic Product at Current Prices (Millions of Ghana Cedis),610222.29,real_sector,https://www.bog.gov.gh/economic-data/real-sector/,2,,
2023-03-01,2023,,,Gross Domestic Product at Current Prices (Millions of Ghana Cedis),202628.59,real_sector,https://www.bog.gov.gh/economic-data/real-sector/,1,1,First Quarter
2023-06-01,2023,,,Gross Domestic Product at Current Prices (Millions of Ghana Cedis),0.0,real_sector,https://www.bog.gov.gh/economic-data/real-sector/,1,2,Second Quarter
2023-09-01,2023,,,Gross Domestic Product at Current Prices (Millions of Ghana Cedis),0.0,real_sector,https://www.bog.gov.gh/economic-data/real-sector/,1,3,Third Quarter
2023-12-01,2023,,,Gross Domestic Product at Current Prices (Millions of Ghana Cedis),0.0,real_sector,https://www.bog.gov.gh/economic-data/real-sector/,1,4,Fourth Quarter
2023-12-31,2023,,,Gross Domestic Product at Current Prices (Millions of Ghana Cedis),202628.59,real_sector,https://www.bog.gov.gh/economic-data/real-sector/,1,,
1983-12-31,1983,,,Gross Domestic Product at Current Prices: Non-Oil (Millions of Ghana Cedis),29.5,real_sector,https://www.bog.gov.gh/economic-data/real-sector/,2,,
1984-12-31,1984,,,Gross Domestic Product at Current Prices: Non-Oil (Millions of Ghana Cedis),43.37,real_sector,https://www.bog.gov.gh/economic-data/real-sector/,2,,
1985-12-31,1985,,,Gross Domestic Product at Current Prices: Non-Oil (Millions of Ghana Cedis),54.99,real_sector,https://www.bog.gov.gh/economic-data/real-sector/,2,,
1986-12-31,1986,,,Gross Domestic Product at Current Prices: Non-Oil (Millions of Ghana Cedis),81.98,real_sector,https://www.bog.gov.gh/economic-data/real-sector/,2,,
1987-12-31,1987,,,Gross Domestic Product at Current Prices: Non-Oil (Millions of Ghana Cedis),119.59,real_sector,https://www.bog.gov.gh/economic-data/real-sector/,2,,
1988-12-31,1988,,,Gross Domestic Product at Current Prices: Non-Oil (Millions of Ghana Cedis),168.52,real_sector,https://www.bog.gov.gh/economic-data/real-sector/,2,,
1989-12-31,1989,,,Gross Domestic Product at Current Prices: Non-Oil (Millions of Ghana Cedis),227.2,real_sector,https://www.bog.gov.gh/economic-data/real-sector/,2,,
1990-12-31,1990,,,Gross Domestic Product at Current Prices: Non-Oil (Millions of Ghana Cedis),385.0,real_sector,https://www.bog.gov.gh/economic-data/real-sector/,2,,
1991-12-31,1991,,,Gross Domestic Product at Current Prices: Non-Oil (Millions of Ghana Cedis),492.0,real_sector,https://www.bog.gov.gh/economic-data/real-sector/,2,,
1992-12-31,1992,,,Gross Domestic Product at Current Prices: Non-Oil (Millions of Ghana Cedis),579.0,real_sector,https://www.bog.gov.gh/economic-data/real-sector/,2,,
1993-12-31,1993,,,Gross Domestic Product at Current Prices: Non-Oil (Millions of Ghana Cedis),750.0,real_sector,https://www.bog.gov.gh/economic-data/real-sector/,2,,
1994-12-31,1994,,,Gross Domestic Product at Current Prices: Non-Oil (Millions of Ghana Cedis),1016.0,real_sector,https://www.bog.gov.gh/economic-data/real-sector/,2,,
1995-12-31,1995,,,Gross Domestic Product at Current Prices: Non-Oil (Millions of Ghana Cedis),1524.0,real_sector,https://www.bog.gov.gh/economic-data/real-sector/,2,,
1996-12-31,1996,,,Gross Domestic Product at Current Prices: Non-Oil (Millions of Ghana Cedis),2245.0,real_sector,https://www.bog.gov.gh/economic-data/real-sector/,2,,
1997-12-31,1997,,,Gross Domestic Product at Current Prices: Non-Oil (Millions of Ghana Cedis),2814.0,real_sector,https://www.bog.gov.gh/economic-data/real-sector/,2,,
1998-12-31,1998,,,Gross Domestic Product at Current Prices: Non-Oil (Millions of Ghana Cedis),3473.0,real_sector,https://www.bog.gov.gh/economic-data/real-sector/,2,,
1999-12-31,1999,,,Gross Domestic Product at Current Prices: Non-Oil (Millions of Ghana Cedis),4161.0,real_sector,https://www.bog.gov.gh/economic-data/real-sector/,2,,
2000-12-31,2000,,,Gross Domestic Product at Current Prices: Non-Oil (Millions of Ghana Cedis),5528.0,real_sector,https://www.bog.gov.gh/economic-data/real-sector/,2,,
2001-12-31,2001,,,Gross Domestic Product at Current Prices: Non-Oil (Millions of Ghana Cedis),7805.0,real_sector,https://www.bog.gov.gh/economic-data/real-sector/,2,,
2002-12-31,2002,,,Gross Domestic Product at Current Prices: Non-Oil (Millions of Ghana Cedis),10085.0,real_sector,https://www.bog.gov.gh/economic-data/real-sector/,2,,
2003-12-31,2003,,,Gross Domestic Product at Current Prices: Non-Oil (Millions of Ghana Cedis),13748.0,real_sector,https://www.bog.gov.gh/economic-data/real-sector/,2,,
2004-12-31,2004,,,Gross Domestic Product at Current Prices: Non-Oil (Millions of Ghana Cedis),16712.0,real_sector,https://www.bog.gov.gh/economic-data/real-sector/,2,,
2005-12-31,2005,,,Gross Domestic Product at Current Prices: Non-Oil (Millions of Ghana Cedis),20483.0,real_sector,https://www.bog.gov.gh/economic-data/real-sector/,2,,
2006-03-01,2006,,,Gross Domestic Product at Current Prices: Non-Oil (Millions of Ghana Cedis),0.0,real_sector,https://www.bog.gov.gh/economic-data/real-sector/,1,1,First Quarter
2006-03-01,2006,,,Gross Domestic Product at Current Prices: Non-Oil (Millions of Ghana Cedis),7051.4,real_sector,https://www.bog.gov.gh/economic-data/real-sector/,1,1,First Quarter
2006-06-01,2006,,,Gross Domestic Product at Current Prices: Non-Oil (Millions of Ghana Cedis),0.0,real_sector,https://www.bog.gov.gh/economic-data/real-sector/,1,2,Second Quarter
2006-06-01,2006,,,Gross Domestic Product at Current Prices: Non-Oil (Millions of Ghana Cedis),6409.71,real_sector,https://www.bog.gov.gh/economic-data/real-sector/,1,2,Second Quarter
2006-09-01,2006,,,Gross Domestic Product at Current Prices: Non-Oil (Millions of Ghana Cedis),0.0,real_sector,https://www.bog.gov.gh/economic-data/real-sector/,1,3,Third Quarter
2006-09-01,2006,,,Gross Domestic Product at Current Prices: Non-Oil (Millions of Ghana Cedis),7242.83,real_sector,https://www.bog.gov.gh/economic-data/real-sector/,1,3,Third Quarter
2006-12-01,2006,,,Gross Domestic Product at Current Prices: Non-Oil (Millions of Ghana Cedis),0.0,real_sector,https://www.bog.gov.gh/economic-data/real-sector/,1,4,Fourth Quarter
2006-12-01,2006,,,Gross Domestic Product at Current Prices: Non-Oil (Millions of Ghana Cedis),7630.36,real_sector,https://www.bog.gov.gh/economic-data/real-sector/,1,4,Fourth Quarter
2006-12-31,2006,,,Gross Domestic Product at Current Prices: Non-Oil (Millions of Ghana Cedis),0.0,real_sector,https://www.bog.gov.gh/economic-data/real-sector/,1,,
2006-12-31,2006,,,Gross Domestic Product at Current Prices: Non-Oil (Millions of Ghana Cedis),7051.4,real_sector,https://www.bog.gov.gh/economic-data/real-sector/,1,,
2006-12-31,2006,,,Gross Domestic Product at Current Prices: Non-Oil (Millions of Ghana Cedis),28334.3,real_sector,https://www.bog.gov.gh/economic-data/real-sector/,2,,
2007-03-01,2007,,,Gross Domestic Product at Current Prices: Non-Oil (Millions of Ghana Cedis),7.5,real_sector,https://www.bog.gov.gh/economic-data/real-sector/,1,1,First Quarter
2007-06-01,2007,,,Gross Domestic Product at Current Prices: Non-Oil (Millions of Ghana Cedis),6.75,real_sector,https://www.bog.gov.gh/economic-data/real-sector/,1,2,Second Quarter
2007-09-01,2007,,,Gross Domestic Product at Current Prices: Non-Oil (Millions of Ghana Cedis),2.21,real_sector,https://www.bog.gov.gh/economic-data/real-sector/,1,3,Third Quarter
2007-12-01,2007,,,Gross Domestic Product at Current Prices: Non-Oil (Millions of Ghana Cedis),1.09,real_sector,https://www.bog.gov.gh/economic-data/real-sector/,1,4,Fourth Quarter
2007-12-31,2007,,,Gross Domestic Product at Current Prices: Non-Oil (Millions of Ghana Cedis),7.5,real_sector,https://www.bog.gov.gh/economic-data/real-sector/,1,,
2007-12-31,2007,,,Gross Domestic Product at Current Prices: Non-Oil (Millions of Ghana Cedis),34087.83,real_sector,https://www.bog.gov.gh/economic-data/real-sector/,2,,
2008-03-01,2008,,,Gross Domestic Product at Current Prices: Non-Oil (Millions of Ghana Cedis),8.03,real_sector,https://www.bog.gov.gh/economic-data/real-sector/,1,1,First Quarter
2008-06-01,2008,,,Gross Domestic Product at Current Prices: Non-Oil (Millions of Ghana Cedis),7.52,real_sector,https://www.bog.gov.gh/economic-data/real-sector/,1,2,Second Quarter
2008-09-01,2008,,,Gross Domestic Product at Current Prices: Non-Oil (Millions of Ghana Cedis),13.12,real_sector,https://www.bog.gov.gh/economic-data/real-sector/,1,3,Third Quarter
2008-12-01,2008,,,Gross Domestic Product at Current Prices: Non-Oil (Millions of Ghana Cedis),7.22,real_sector,https://www.bog.gov.gh/economic-data/real-sector/,1,4,Fourth Quarter
2008-12-31,2008,,,Gross Domestic Product at Current Prices: Non-Oil (Millions of Ghana Cedis),8.03,real_sector,https://www.bog.gov.gh/economic-data/real-sector/,1,,
2008-12-31,2008,,,Gross Domestic Product at Current Prices: Non-Oil (Millions of Ghana Cedis),43465.36,real_sector,https://www.bog.gov.gh/economic-data/real-sector/,2,,
2009-03-01,2009,,,Gross Domestic Product at Current Prices: Non-Oil (Millions of Ghana Cedis),3.48,real_sector,https://www.bog.gov.gh/economic-data/real-sector/,1,1,First Quarter
2009-06-01,2009,,,Gross Domestic Product at Current Prices: Non-Oil (Millions of Ghana Cedis),5.48,real_sector,https://www.bog.gov.gh/economic-data/real-sector/,1,2,Second Quarter
2009-09-01,2009,,,Gross Domestic Product at Current Prices: Non-Oil (Millions of Ghana Cedis),1.94,real_sector,https://www.bog.gov.gh/economic-data/real-sector/,1,3,Third Quarter
2009-12-01,2009,,,Gross Domestic Product at Current Prices: Non-Oil (Millions of Ghana Cedis),11.29,real_sector,https://www.bog.gov.gh/economic-data/real-sector/,1,4,Fourth Quarter
2009-12-31,2009,,,Gross Domestic Product at Current Prices: Non-Oil (Millions of Ghana Cedis),3.48,real_sector,https://www.bog.gov.gh/economic-data/real-sector/,1,,
2009-12-31,2009,,,Gross Domestic Product at Current Prices: Non-Oil (Millions of Ghana Cedis),52218.03,real_sector,https://www.bog.gov.gh/economic-data/real-sector/,2,,
2010-03-01,2010,,,Gross Domestic Product at Current Prices: Non-Oil (Millions of Ghana Cedis),6.48,real_sector,https://www.bog.gov.gh/economic-data/real-sector/,1,1,First Quarter
2010-06-01,2010,,,Gross Domestic Product at Current Prices: Non-Oil (Millions of Ghana Cedis),7.45,real_sector,https://www.bog.gov.gh/economic-data/real-sector/,1,2,Second Quarter
2010-09-01,2010,,,Gross Domestic Product at Current Prices: Non-Oil (Millions of Ghana Cedis),12.55,real_sector,https://www.bog.gov.gh/economic-data/real-sector/,1,3,Third Quarter
2010-12-01,2010,,,Gross Domestic Product at Current Prices: Non-Oil (Millions of Ghana Cedis),3.98,real_sector,https://www.bog.gov.gh/economic-data/real-sector/,1,4,Fourth Quarter
2010-12-31,2010,,,Gross Domestic Product at Current Prices: Non-Oil (Millions of Ghana Cedis),6.48,real_sector,https://www.bog.gov.gh/economic-data/real-sector/,1,,
2010-12-31,2010,,,Gross Domestic Product at Current Prices: Non-Oil (Millions of Ghana Cedis),64823.96,real_sector,https://www.bog.gov.gh/economic-data/real-sector/,2,,
2011-03-01,2011,,,Gross Domestic Product at Current Prices: Non-Oil (Millions of Ghana Cedis),11.2,real_sector,https://www.bog.gov.gh/economic-data/real-sector/,1,1,First Quarter
2011-06-01,2011,,,Gross Domestic Product at Current Prices: Non-Oil (Millions of Ghana Cedis),14.73,real_sector,https://www.bog.gov.gh/economic-data/real-sector/,1,2,Second Quarter
2011-09-01,2011,,,Gross Domestic Product at Current Prices: Non-Oil (Millions of Ghana Cedis),4.81,real_sector,https://www.bog.gov.gh/economic-data/real-sector/,1,3,Third Quarter
2011-12-01,2011,,,Gross Domestic Product at Current Prices: Non-Oil (Millions of Ghana Cedis),7.84,real_sector,https://www.bog.gov.gh/economic-data/real-sector/,1,4,Fourth Quarter
2011-12-31,2011,,,Gross Domestic Product at Current Prices: Non-Oil (Millions of Ghana Cedis),11.2,real_sector,https://www.bog.gov.gh/economic-data/real-sector/,1,,
2011-12-31,2011,,,Gross Domestic Product at Current Prices: Non-Oil (Millions of Ghana Cedis),78178.46,real_sector,https://www.bog.gov.gh/economic-data/real-sector/,2,,
2012-03-01,2012,,,Gross Domestic Product at Current Prices: Non-Oil (Millions of Ghana Cedis),10.03,real_sector,https://www.bog.gov.gh/economic-data/real-sector/,1,1,First Quarter
2012-06-01,2012,,,Gross Domestic Product at Current Prices: Non-Oil (Millions of Ghana Cedis),9.38,real_sector,https://www.bog.gov.gh/economic-data/real-sector/,1,2,Second Quarter
2012-09-01,2012,,,Gross Domestic Product at Current Prices: Non-Oil (Millions of Ghana Cedis),5.23,real_sector,https://www.bog.gov.gh/economic-data/real-sector/,1,3,Third Quarter
2012-12-01,2012,,,Gross Domestic Product at Current Prices: Non-Oil (Millions of Ghana Cedis),7.14,real_sector,https://www.bog.gov.gh/economic-data/real-sector/,1,4,Fourth Quarter
2012-12-31,2012,,,Gross Domestic Product at Current Prices: Non-Oil (Millions of Ghana Cedis),10.03,real_sector,https://www.bog.gov.gh/economic-data/real-sector/,1,,
2012-12-31,2012,,,Gross Domestic Product at Current Prices: Non-Oil (Millions of Ghana Cedis),96701.45,real_sector,https://www.bog.gov.gh/economic-data/real-sector/,2,,
2013-03-01,2013,,,Gross Domestic Product at Current Prices: Non-Oil (Millions of Ghana Cedis),7.15,real_sector,https://www.bog.gov.gh/economic-data/real-sector/,1,1,First Quarter
2013-06-01,2013,,,Gross Domestic Product at Current Prices: Non-Oil (Millions of Ghana Cedis),12.79,real_sector,https://www.bog.gov.gh/economic-data/real-sector/,1,2,Second Quarter
2013-09-01,2013,,,Gross Domestic Product at Current Prices: Non-Oil (Millions of Ghana Cedis),3.27,real_sector,https://www.bog.gov.gh/economic-data/real-sector/,1,3,Third Quarter
2013-12-01,2013,,,Gross Domestic Product at Current Prices: Non-Oil (Millions of Ghana Cedis),4.37,real_sector,https://www.bog.gov.gh/economic-data/real-sector/,1,4,Fourth Quarter
2013-12-31,2013,,,Gross Domestic Product at Current Prices: Non-Oil (Millions of Ghana Cedis),7.15,real_sector,https://www.bog.gov.gh/economic-data/real-sector/,1,,
2013-12-31,2013,,,Gross Domestic Product at Current Prices: Non-Oil (Millions of Ghana Cedis),117828.82,real_sector,https://www.bog.gov.gh/economic-data/real-sector/,2,,
2014-03-01,2014,,,Gross Domestic Product at Current Prices: Non-Oil (Millions of Ghana Cedis),-1.32,real_sector,https://www.bog.gov.gh/economic-data/real-sector/,1,1,First Quarter
2014-06-01,2014,,,Gross Domestic Product at Current Prices: Non-Oil (Millions of Ghana Cedis),3.17,real_sector,https://www.bog.gov.gh/economic-data/real-sector/,1,2,Second Quarter
2014-09-01,2014,,,Gross Domestic Product at Current Prices: Non-Oil (Millions of Ghana Cedis),7.22,real_sector,https://www.bog.gov.gh/economic-data/real-sector/,1,3,Third Quarter
2014-12-01,2014,,,Gross Domestic Product at Current Prices: Non-Oil (Millions of Ghana Cedis),0.95,real_sector,https://www.bog.gov.gh/economic-data/real-sector/,1,4,Fourth Quarter
2014-12-31,2014,,,Gross Domestic Product at Current Prices: Non-Oil (Millions of Ghana Cedis),-1.32,real_sector,https://www.bog.gov.gh/economic-data/real-sector/,1,,
2014-12-31,2014,,,Gross Domestic Product at Current Prices: Non-Oil (Millions of Ghana Cedis),149128.19,real_sector,https://www.bog.gov.gh/economic-data/real-sector/,2,,
2015-03-01,2015,,,Gross Domestic Product at Current Prices: Non-Oil (Millions of Ghana Cedis),11.4,real_sector,https://www.bog.gov.gh/economic-data/real-sector/,1,1,First Quarter
2015-06-01,2015,,,Gross Domestic Product at Current Prices: Non-Oil (Millions of Ghana Cedis),3.23,real_sector,https://www.bog.gov.gh/economic-data/real-sector/,1,2,Second Quarter
2015-09-01,2015,,,Gross Domestic Product at Current Prices: Non-Oil (Millions of Ghana Cedis),-4.67,real_sector,https://www.bog.gov.gh/economic-data/real-sector/,1,3,Third Quarter
2015-12-01,2015,,,Gross Domestic Product at Current Prices: Non-Oil (Millions of Ghana Cedis),-0.28,real_sector,https://www.bog.gov.gh/economic-data/real-sector/,1,4,Fourth Quarter
2015-12-31,2015,,,Gross Domestic Product at Current Prices: Non-Oil (Millions of Ghana Cedis),11.4,real_sector,https://www.bog.gov.gh/economic-data/real-sector/,1,,
2015-12-31,2015,,,Gross Domestic Product at Current Prices: Non-Oil (Millions of Ghana Cedis),178833.77,real_sector,https://www.bog.gov.gh/economic-data/real-sector/,2,,
2016-03-01,2016,,,Gross Domestic Product at Current Prices: Non-Oil (Millions of Ghana Cedis),0.76,real_sector,https://www.bog.gov.gh/economic-data/real-sector/,1,1,First Quarter
2016-06-01,2016,,,Gross Domestic Product at Current Prices: Non-Oil (Millions of Ghana Cedis),0.73,real_sector,https://www.bog.gov.gh/economic-data/real-sector/,1,2,Second Quarter
2016-09-01,2016,,,Gross Domestic Product at Current Prices: Non-Oil (Millions of Ghana Cedis),11.52,real_sector,https://www.bog.gov.gh/economic-data/real-sector/,1,3,Third Quarter
2016-12-01,2016,,,Gross Domestic Product at Current Prices: Non-Oil (Millions of Ghana Cedis),5.27,real_sector,https://www.bog.gov.gh/economic-data/real-sector/,1,4,Fourth Quarter
2016-12-31,2016,,,Gross Domestic Product at Current Prices: Non-Oil (Millions of Ghana Cedis),0.76,real_sector,https://www.bog.gov.gh/economic-data/real-sector/,1,,
2016-12-31,2016,,,Gross Domestic Product at Current Prices: Non-Oil (Millions of Ghana Cedis),218567.56,real_sector,https://www.bog.gov.gh/economic-data/real-sector/,2,,
2017-03-01,2017,,,Gross Domestic Product at Current Prices: Non-Oil (Millions of Ghana Cedis),5.38,real_sector,https://www.bog.gov.gh/economic-data/real-sector/,1,1,First Quarter
2017-06-01,2017,,,Gross Domestic Product at Current Prices: Non-Oil (Millions of Ghana Cedis),7.92,real_sector,https://www.bog.gov.gh/economic-data/real-sector/,1,2,Second Quarter
2017-09-01,2017,,,Gross Domestic Product at Current Prices: Non-Oil (Millions of Ghana Cedis),3.28,real_sector,https://www.bog.gov.gh/economic-data/real-sector/,1,3,Third Quarter
2017-12-01,2017,,,Gross Domestic Product at Current Prices: Non-Oil (Millions of Ghana Cedis),2.26,real_sector,https://www.bog.gov.gh/economic-data/real-sector/,1,4,Fourth Quarter
2017-12-31,2017,,,Gross Domestic Product at Current Prices: Non-Oil (Millions of Ghana Cedis),5.38,real_sector,https://www.bog.gov.gh/economic-data/real-sector/,1,,
2017-12-31,2017,,,Gross Domestic Product at Current Prices: Non-Oil (Millions of Ghana Cedis),253775.38,real_sector,https://www.bog.gov.gh/economic-data/real-sector/,2,,
2018-03-01,2018,,,Gross Domestic Product at Current Prices: Non-Oil (Millions of Ghana Cedis),9.96,real_sector,https://www.bog.gov.gh/economic-data/real-sector/,1,1,First Quarter
2018-06-01,2018,,,Gross Domestic Product at Current Prices: Non-Oil (Millions of Ghana Cedis),2.62,real_sector,https://www.bog.gov.gh/economic-data/real-sector/,1,2,Second Quarter
2018-09-01,2018,,,Gross Domestic Product at Current Prices: Non-Oil (Millions of Ghana Cedis),6.8,real_sector,https://www.bog.gov.gh/economic-data/real-sector/,1,3,Third Quarter
2018-12-01,2018,,,Gross Domestic Product at Current Prices: Non-Oil (Millions of Ghana Cedis),4.93,real_sector,https://www.bog.gov.gh/economic-data/real-sector/,1,4,Fourth Quarter
2018-12-31,2018,,,Gross Domestic Product at Current Prices: Non-Oil (Millions of Ghana Cedis),9.96,real_sector,https://www.bog.gov.gh/economic-data/real-sector/,1,,
2018-12-31,2018,,,Gross Domestic Product at Current Prices: Non-Oil (Millions of Ghana Cedis),291616.31,real_sector,https://www.bog.gov.gh/economic-data/real-sector/,2,,
2019-03-01,2019,,,Gross Domestic Product at Current Prices: Non-Oil (Millions of Ghana Cedis),5.41,real_sector,https://www.bog.gov.gh/economic-data/real-sector/,1,1,First Quarter
2019-06-01,2019,,,Gross Domestic Product at Current Prices: Non-Oil (Millions of Ghana Cedis),7.54,real_sector,https://www.bog.gov.gh/economic-data/real-sector/,1,2,Second Quarter
2019-09-01,2019,,,Gross Domestic Product at Current Prices: Non-Oil (Millions of Ghana Cedis),4.35,real_sector,https://www.bog.gov.gh/economic-data/real-sector/,1,3,Third Quarter
2019-12-01,2019,,,Gross Domestic Product at Current Prices: Non-Oil (Millions of Ghana Cedis),6.13,real_sector,https://www.bog.gov.gh/economic-data/real-sector/,1,4,Fourth Quarter
2019-12-31,2019,,,Gross Domestic Product at Current Prices: Non-Oil (Millions of Ghana Cedis),5.41,real_sector,https://www.bog.gov.gh/economic-data/real-sector/,1,,
2019-12-31,2019,,,Gross Domestic Product at Current Prices: Non-Oil (Millions of Ghana Cedis),335209.58,real_sector,https://www.bog.gov.gh/economic-data/real-sector/,2,,
2020-03-01,2020,,,Gross Domestic Product at Current Prices: Non-Oil (Millions of Ghana Cedis),6.33,real_sector,https://www.bog.gov.gh/economic-data/real-sector/,1,1,First Quarter
2020-06-01,2020,,,Gross Domestic Product at Current Prices: Non-Oil (Millions of Ghana Cedis),-6.18,real_sector,https://www.bog.gov.gh/economic-data/real-sector/,1,2,Second Quarter
2020-09-01,2020,,,Gross Domestic Product at Current Prices: Non-Oil (Millions of Ghana Cedis),-2.2,real_sector,https://www.bog.gov.gh/economic-data/real-sector/,1,3,Third Quarter
2020-12-01,2020,,,Gross Domestic Product at Current Prices: Non-Oil (Millions of Ghana Cedis),5.66,real_sector,https://www.bog.gov.gh/economic-data/real-sector/,1,4,Fourth Quarter
2020-12-31,2020,,,Gross Domestic Product at Current Prices: Non-Oil (Millions of Ghana Cedis),6.33,real_sector,https://www.bog.gov.gh/economic-data/real-sector/,1,,
2020-12-31,2020,,,Gross Domestic Product at Current Prices: Non-Oil (Millions of Ghana Cedis),378147.92,real_sector,https://www.bog.gov.gh/economic-data/real-sector/,2,,
2021-03-01,2021,,,Gross Domestic Product at Current Prices: Non-Oil (Millions of Ghana Cedis),5.31,real_sector,https://www.bog.gov.gh/economic-data/real-sector/,1,1,First Quarter
2021-06-01,2021,,,Gross Domestic Product at Current Prices: Non-Oil (Millions of Ghana Cedis),6.58,real_sector,https://www.bog.gov.gh/economic-data/real-sector/,1,2,Second Quarter
2021-09-01,2021,,,Gross Domestic Product at Current Prices: Non-Oil (Millions of Ghana Cedis),8.2,real_sector,https://www.bog.gov.gh/economic-data/real-sector/,1,3,Third Quarter
2021-12-01,2021,,,Gross Domestic Product at Current Prices: Non-Oil (Millions of Ghana Cedis),7.59,real_sector,https://www.bog.gov.gh/economic-data/real-sector/,1,4,Fourth Quarter
2021-12-31,2021,,,Gross Domestic Product at Current Prices: Non-Oil (Millions of Ghana Cedis),5.31,real_sector,https://www.bog.gov.gh/economic-data/real-sector/,1,,
2021-12-31,2021,,,Gross Domestic Product at Current Prices: Non-Oil (Millions of Ghana Cedis),437975.17,real_sector,https://www.bog.gov.gh/economic-data/real-sector/,2,,
2022-03-01,2022,,,Gross Domestic Product at Current Prices: Non-Oil (Millions of Ghana Cedis),133234.51,real_sector,https://www.bog.gov.gh/economic-data/real-sector/,1,1,First Quarter
2022-06-01,2022,,,Gross Domestic Product at Current Prices: Non-Oil (Millions of Ghana Cedis),121411.37,real_sector,https://www.bog.gov.gh/economic-data/real-sector/,1,2,Second Quarter
2022-09-01,2022,,,Gross Domestic Product at Current Prices: Non-Oil (Millions of Ghana Cedis),142537.9,real_sector,https://www.bog.gov.gh/economic-data/real-sector/,1,3,Third Quarter
2022-12-01,2022,,,Gross Domestic Product at Current Prices: Non-Oil (Millions of Ghana Cedis),180099.18,real_sector,https://www.bog.gov.gh/economic-data/real-sector/,1,4,Fourth Quarter
2022-12-31,2022,,,Gross Domestic Product at Current Prices: Non-Oil (Millions of Ghana Cedis),133234.51,real_sector,https://www.bog.gov.gh/economic-data/real-sector/,1,,
2022-12-31,2022,,,Gross Domestic Product at Current Prices: Non-Oil (Millions of Ghana Cedis),577282.96,real_sector,https://www.bog.gov.gh/economic-data/real-sector/,2,,
2023-03-01,2023,,,Gross Domestic Product at Current Prices: Non-Oil (Millions of Ghana Cedis),193535.8,real_sector,https://www.bog.gov.gh/economic-data/real-sector/,1,1,First Quarter
2023-06-01,2023,,,Gross Domestic Product at Current Prices: Non-Oil (Millions of Ghana Cedis),0.0,real_sector,https://www.bog.gov.gh/economic-data/real-sector/,1,2,Second Quarter
2023-09-01,2023,,,Gross Domestic Product at Current Prices: Non-Oil (Millions of Ghana Cedis),0.0,real_sector,https://www.bog.gov.gh/economic-data/real-sector/,1,3,Third Quarter
2023-12-01,2023,,,Gross Domestic Product at Current Prices: Non-Oil (Millions of Ghana Cedis),0.0,real_sector,https://www.bog.gov.gh/economic-data/real-sector/,1,4,Fourth Quarter
2023-12-31,2023,,,Gross Domestic Product at Current Prices: Non-Oil (Millions of Ghana Cedis),193535.8,real_sector,https://www.bog.gov.gh/economic-data/real-sector/,1,,
1973-01-01,1973,1,Jan,Inflation Headline (%) Year-on-Year,6.0,real_sector,https://www.bog.gov.gh/economic-data/real-sector/,0,,
1973-02-01,1973,2,Feb,Inflation Headline (%) Year-on-Year,10.9,real_sector,https://www.bog.gov.gh/economic-data/real-sector/,0,,
1973-03-01,1973,3,Mar,Inflation Headline (%) Year-on-Year,11.17,real_sector,https://www.bog.gov.gh/economic-data/real-sector/,0,,
1973-04-01,1973,4,Apr,Inflation Headline (%) Year-on-Year,10.72,real_sector,https://www.bog.gov.gh/economic-data/real-sector/,0,,
1973-05-01,1973,5,May,Inflation Headline (%) Year-on-Year,12.46,real_sector,https://www.bog.gov.gh/economic-data/real-sector/,0,,
1973-06-01,1973,6,Jun,Inflation Headline (%) Year-on-Year,5.95,real_sector,https://www.bog.gov.gh/economic-data/real-sector/,0,,
1973-07-01,1973,7,Jul,Inflation Headline (%) Year-on-Year,27.3,real_sector,https://www.bog.gov.gh/economic-data/real-sector/,0,,
1973-08-01,1973,8,Aug,Inflation Headline (%) Year-on-Year,27.13,real_sector,https://www.bog.gov.gh/economic-data/real-sector/,0,,
1973-09-01,1973,9,Sep,Inflation Headline (%) Year-on-Year,25.71,real_sector,https://www.bog.gov.gh/economic-data/real-sector/,0,,
1973-10-01,1973,10,Oct,Inflation Headline (%) Year-on-Year,23.78,real_sector,https://www.bog.gov.gh/economic-data/real-sector/,0,,
1973-11-01,1973,11,Nov,Inflation Headline (%) Year-on-Year,24.42,real_sector,https://www.bog.gov.gh/economic-data/real-sector/,0,,
1973-12-01,1973,12,Dec,Inflation Headline (%) Year-on-Year,25.35,real_sector,https://www.bog.gov.gh/economic-data/real-sector/,0,,
1973-12-31,1973,,,Inflation Headline (%) Year-on-Year,6.0,real_sector,https://www.bog.gov.gh/economic-data/real-sector/,0,,
1974-01-01,1974,1,Jan,Inflation Headline (%) Year-on-Year,23.6,real_sector,https://www.bog.gov.gh/economic-data/real-sector/,0,,
1974-02-01,1974,2,Feb,Inflation Headline (%) Year-on-Year,22.9,real_sector,https://www.bog.gov.gh/economic-data/real-sector/,0,,
1974-03-01,1974,3,Mar,Inflation Headline (%) Year-on-Year,21.2,real_sector,https://www.bog.gov.gh/economic-data/real-sector/,0,,
1974-04-01,1974,4,Apr,Inflation Headline (%) Year-on-Year,19.9,real_sector,https://www.bog.gov.gh/economic-data/real-sector/,0,,
1974-05-01,1974,5,May,Inflation Headline (%) Year-on-Year,20.5,real_sector,https://www.bog.gov.gh/economic-data/real-sector/,0,,
1974-06-01,1974,6,Jun,Inflation Headline (%) Year-on-Year,19.6,real_sector,https://www.bog.gov.gh/economic-data/real-sector/,0,,
1974-07-01,1974,7,Jul,Inflation Headline (%) Year-on-Year,14.3,real_sector,https://www.bog.gov.gh/economic-data/real-sector/,0,,
1974-08-01,1974,8,Aug,Inflation Headline (%) Year-on-Year,16.5,real_sector,https://www.bog.gov.gh/economic-data/real-sector/,0,,
1974-09-01,1974,9,Sep,Inflation Headline (%) Year-on-Year,15.1,real_sector,https://www.bog.gov.gh/economic-data/real-sector/,0,,
1974-10-01,1974,10,Oct,Inflation Headline (%) Year-on-Year,16.3,real_sector,https://www.bog.gov.gh/economic-data/real-sector/,0,,
1974-11-01,1974,11,Nov,Inflation Headline (%) Year-on-Year,16.7,real_sector,https://www.bog.gov.gh/economic-data/real-sector/,0,,
1974-12-01,1974,12,Dec,Inflation Headline (%) Year-on-Year,16.1,real_sector,https://www.bog.gov.gh/economic-data/real-sector/,0,,
1974-12-31,1974,,,Inflation Headline (%) Year-on-Year,23.6,real_sector,https://www.bog.gov.gh/economic-data/real-sector/,0,,
1975-01-01,1975,1,Jan,Inflation Headline (%) Year-on-Year,20.3,real_sector,https://www.bog.gov.gh/economic-data/real-sector/,0,,
1975-02-01,1975,2,Feb,Inflation Headline (%) Year-on-Year,19.2,real_sector,https://www.bog.gov.gh/economic-data/real-sector/,0,,
1975-03-01,1975,3,Mar,Inflation Headline (%) Year-on-Year,20.3,real_sector,https://www.bog.gov.gh/economic-data/real-sector/,0,,
1975-04-01,1975,4,Apr,Inflation Headline (%) Year-on-Year,24.7,real_sector,https://www.bog.gov.gh/economic-data/real-sector/,0,,
1975-05-01,1975,5,May,Inflation Headline (%) Year-on-Year,24.6,real_sector,https://www.bog.gov.gh/economic-data/real-sector/,0,,
1975-06-01,1975,6,Jun,Inflation Headline (%) Year-on-Year,28.8,real_sector,https://www.bog.gov.gh/economic-data/real-sector/,0,,
1975-07-01,1975,7,Jul,Inflation Headline (%) Year-on-Year,28.5,real_sector,https://www.bog.gov.gh/economic-data/real-sector/,0,,
1975-08-01,1975,8,Aug,Inflation Headline (%) Year-on-Year,30.9,real_sector,https://www.bog.gov.gh/economic-data/real-sector/,0,,
1975-09-01,1975,9,Sep,Inflation Headline (%) Year-on-Year,36.4,real_sector,https://www.bog.gov.gh/economic-data/real-sector/,0,,
1975-10-01,1975,10,Oct,Inflation Headline (%) Year-on-Year,38.8,real_sector,https://www.bog.gov.gh/economic-data/real-sector/,0,,
1975-11-01,1975,11,Nov,Inflation Headline (%) Year-on-Year,39.3,real_sector,https://www.bog.gov.gh/economic-data/real-sector/,0,,
1975-12-01,1975,12,Dec,Inflation Headline (%) Year-on-Year,40.4,real_sector,https://www.bog.gov.gh/economic-data/real-sector/,0,,
1975-12-31,1975,,,Inflation Headline (%) Year-on-Year,20.3,real_sector,https://www.bog.gov.gh/economic-data/real-sector/,0,,
1976-01-01,1976,1,Jan,Inflation Headline (%) Year-on-Year,44.2,real_sector,https://www.bog.gov.gh/economic-data/real-sector/,0,,
1976-02-01,1976,2,Feb,Inflation Headline (%) Year-on-Year,48.9,real_sector,https://www.bog.gov.gh/economic-data/real-sector/,0,,
1976-03-01,1976,3,Mar,Inflation Headline (%) Year-on-Year,50.0,real_sector,https://www.bog.gov.gh/economic-data/real-sector/,0,,
1976-04-01,1976,4,Apr,Inflation Headline (%) Year-on-Year,46.4,real_sector,https://www.bog.gov.gh/economic-data/real-sector/,0,,
1976-05-01,1976,5,May,Inflation Headline (%) Year-on-Year,50.6,real_sector,https://www.bog.gov.gh/economic-data/real-sector/,0,,
1976-06-01,1976,6,Jun,Inflation Headline (%) Year-on-Year,52.4,real_sector,https://www.bog.gov.gh/economic-data/real-sector/,0,,
1976-07-01,1976,7,Jul,Inflation Headline (%) Year-on-Year,62.3,real_sector,https://www.bog.gov.gh/economic-data/real-sector/,0,,
1976-08-01,1976,8,Aug,Inflation Headline (%) Year-on-Year,62.5,real_sector,https://www.bog.gov.gh/economic-data/real-sector/,0,,
1976-09-01,1976,9,Sep,Inflation Headline (%) Year-on-Year,63.3,real_sector,https://www.bog.gov.gh/economic-data/real-sector/,0,,
1976-10-01,1976,10,Oct,Inflation Headline (%) Year-on-Year,62.0,real_sector,https://www.bog.gov.gh/economic-data/real-sector/,0,,
1976-11-01,1976,11,Nov,Inflation Headline (%) Year-on-Year,58.1,real_sector,https://www.bog.gov.gh/economic-data/real-sector/,0,,
1976-12-01,1976,12,Dec,Inflation Headline (%) Year-on-Year,67.0,real_sector,https://www.bog.gov.gh/economic-data/real-sector/,0,,
1976-12-31,1976,,,Inflation Headline (%) Year-on-Year,44.2,real_sector,https://www.bog.gov.gh/economic-data/real-sector/,0,,
1977-01-01,1977,1,Jan,Inflation Headline (%) Year-on-Year,64.2,real_sector,https://www.bog.gov.gh/economic-data/real-sector/,0,,
1977-02-01,1977,2,Feb,Inflation Headline (%) Year-on-Year,67.2,real_sector,https://www.bog.gov.gh/economic-data/real-sector/,0,,
1977-03-01,1977,3,Mar,Inflation Headline (%) Year-on-Year,80.7,real_sector,https://www.bog.gov.gh/economic-data/real-sector/,0,,
1977-04-01,1977,4,Apr,Inflation Headline (%) Year-on-Year,102.9,real_sector,https://www.bog.gov.gh/economic-data/real-sector/,0,,
1977-05-01,1977,5,May,Inflation Headline (%) Year-on-Year,112.7,real_sector,https://www.bog.gov.gh/economic-data/real-sector/,0,,
1977-06-01,1977,6,Jun,Inflation Headline (%) Year-on-Year,144.6,real_sector,https://www.bog.gov.gh/economic-data/real-sector/,0,,
1977-07-01,1977,7,Jul,Inflation Headline (%) Year-on-Year,155.4,real_sector,https://www.bog.gov.gh/economic-data/real-sector/,0,,
1977-08-01,1977,8,Aug,Inflation Headline (%) Year-on-Year,145.5,real_sector,https://www.bog.gov.gh/economic-data/real-sector/,0,,
1977-09-01,1977,9,Sep,Inflation Headline (%) Year-on-Year,141.2,real_sector,https://www.bog.gov.gh/economic-data/real-sector/,0,,
1977-10-01,1977,10,Oct,Inflation Headline (%) Year-on-Year,119.3,real_sector,https://www.bog.gov.gh/economic-data/real-sector/,0,,
1977-11-01,1977,11,Nov,Inflation Headline (%) Year-on-Year,119.3,real_sector,https://www.bog.gov.gh/economic-data/real-sector/,0,,
1977-12-01,1977,12,Dec,Inflation Headline (%) Year-on-Year,106.0,real_sector,https://www.bog.gov.gh/economic-data/real-sector/,0,,
1977-12-31,1977,,,Inflation Headline (%) Year-on-Year,64.2,real_sector,https://www.bog.gov.gh/economic-data/real-sector/,0,,
1978-01-01,1978,1,Jan,Inflation Headline (%) Year-on-Year,103.9,real_sector,https://www.bog.gov.gh/economic-data/real-sector/,0,,
1978-02-01,1978,2,Feb,Inflation Headline (%) Year-on-Year,99.4,real_sector,https://www.bog.gov.gh/economic-data/real-sector/,0,,
1978-03-01,1978,3,Mar,Inflation Headline (%) Year-on-Year,95.1,real_sector,https://www.bog.gov.gh/economic-data/real-sector/,0,,
1978-04-01,1978,4,Apr,Inflation Headline (%) Year-on-Year,77.1,real_sector,https://www.bog.gov.gh/economic-data/real-sector/,0,,
1978-05-01,1978,5,May,Inflation Headline (%) Year-on-Year,66.9,real_sector,https://www.bog.gov.gh/economic-data/real-sector/,0,,
1978-06-01,1978,6,Jun,Inflation Headline (%) Year-on-Year,42.6,real_sector,https://www.bog.gov.gh/economic-data/real-sector/,0,,
1978-07-01,1978,7,Jul,Inflation Headline (%) Year-on-Year,25.8,real_sector,https://www.bog.gov.gh/economic-data/real-sector/,0,,
1978-08-01,1978,8,Aug,Inflation Headline (%) Year-on-Year,30.3,real_sector,https://www.bog.gov.gh/economic-data/real-sector/,0,,
1978-09-01,1978,9,Sep,Inflation Headline (%) Year-on-Year,37.5,real_sector,https://www.bog.gov.gh/economic-data/real-sector/,0,,
1978-10-01,1978,10,Oct,Inflation Headline (%) Year-on-Year,64.0,real_sector,https://www.bog.gov.gh/economic-data/real-sector/,0,,
1978-11-01,1978,11,Nov,Inflation Headline (%) Year-on-Year,82.6,real_sector,https://www.bog.gov.gh/economic-data/real-sector/,0,,
1978-12-01,1978,12,Dec,Inflation Headline (%) Year-on-Year,96.7,real_sector,https://www.bog.gov.gh/economic-data/real-sector/,0,,
1978-12-31,1978,,,Inflation Headline (%) Year-on-Year,103.9,real_sector,https://www.bog.gov.gh/economic-data/real-sector/,0,,
1979-01-01,1979,1,Jan,Inflation Headline (%) Year-on-Year,103.3,real_sector,https://www.bog.gov.gh/economic-data/real-sector/,0,,
1979-02-01,1979,2,Feb,Inflation Headline (%) Year-on-Year,103.09,real_sector,https://www.bog.gov.gh/economic-data/real-sector/,0,,
1979-03-01,1979,3,Mar,Inflation Headline (%) Year-on-Year,95.91,real_sector,https://www.bog.gov.gh/economic-data/real-sector/,0,,
1979-04-01,1979,4,Apr,Inflation Headline (%) Year-on-Year,93.73,real_sector,https://www.bog.gov.gh/economic-data/real-sector/,0,,
1979-05-01,1979,5,May,Inflation Headline (%) Year-on-Year,94.43,real_sector,https://www.bog.gov.gh/economic-data/real-sector/,0,,
1979-06-01,1979,6,Jun,Inflation Headline (%) Year-on-Year,69.83,real_sector,https://www.bog.gov.gh/economic-data/real-sector/,0,,
1979-07-01,1979,7,Jul,Inflation Headline (%) Year-on-Year,42.03,real_sector,https://www.bog.gov.gh/economic-data/real-sector/,0,,
1979-08-01,1979,8,Aug,Inflation Headline (%) Year-on-Year,35.15,real_sector,https://www.bog.gov.gh/economic-data/real-sector/,0,,
1979-09-01,1979,9,Sep,Inflation Headline (%) Year-on-Year,28.01,real_sector,https://www.bog.gov.gh/economic-data/real-sector/,0,,
1979-10-01,1979,10,Oct,Inflation Headline (%) Year-on-Year,21.51,real_sector,https://www.bog.gov.gh/economic-data/real-sector/,0,,
1979-11-01,1979,11,Nov,Inflation Headline (%) Year-on-Year,18.63,real_sector,https://www.bog.gov.gh/economic-data/real-sector/,0,,
1979-12-01,1979,12,Dec,Inflation Headline (%) Year-on-Year,18.29,real_sector,https://www.bog.gov.gh/economic-data/real-sector/,0,,
1979-12-31,1979,,,Inflation Headline (%) Year-on-Year,103.3,real_sector,https://www.bog.gov.gh/economic-data/real-sector/,0,,
1980-01-01,1980,1,Jan,Inflation Headline (%) Year-on-Year,17.29,real_sector,https://www.bog.gov.gh/economic-data/real-sector/,0,,
1980-02-01,1980,2,Feb,Inflation Headline (%) Year-on-Year,13.91,real_sector,https://www.bog.gov.gh/economic-data/real-sector/,0,,
1980-03-01,1980,3,Mar,Inflation Headline (%) Year-on-Year,16.78,real_sector,https://www.bog.gov.gh/economic-data/real-sector/,0,,
1980-04-01,1980,4,Apr,Inflation Headline (%) Year-on-Year,20.15,real_sector,https://www.bog.gov.gh/economic-data/real-sector/,0,,
1980-05-01,1980,5,May,Inflation Headline (%) Year-on-Year,21.36,real_sector,https://www.bog.gov.gh/economic-data/real-sector/,0,,
1980-06-01,1980,6,Jun,Inflation Headline (%) Year-on-Year,40.55,real_sector,https://www.bog.gov.gh/economic-data/real-sector/,0,,
1980-07-01,1980,7,Jul,Inflation Headline (%) Year-on-Year,67.51,real_sector,https://www.bog.gov.gh/economic-data/real-sector/,0,,
1980-08-01,1980,8,Aug,Inflation Headline (%) Year-on-Year,78.32,real_sector,https://www.bog.gov.gh/economic-data/real-sector/,0,,
1980-09-01,1980,9,Sep,Inflation Headline (%) Year-on-Year,82.33,real_sector,https://www.bog.gov.gh/economic-data/real-sector/,0,,
1980-10-01,1980,10,Oct,Inflation Headline (%) Year-on-Year,85.18,real_sector,https://www.bog.gov.gh/economic-data/real-sector/,0,,
1980-11-01,1980,11,Nov,Inflation Headline (%) Year-on-Year,89.29,real_sector,https://www.bog.gov.gh/economic-data/real-sector/,0,,
1980-12-01,1980,12,Dec,Inflation Headline (%) Year-on-Year,87.84,real_sector,https://www.bog.gov.gh/economic-data/real-sector/,0,,
1980-12-31,1980,,,Inflation Headline (%) Year-on-Year,17.29,real_sector,https://www.bog.gov.gh/economic-data/real-sector/,0,,
1981-01-01,1981,1,Jan,Inflation Headline (%) Year-on-Year,101.71,real_sector,https://www.bog.gov.gh/economic-data/real-sector/,0,,
1981-02-01,1981,2,Feb,Inflation Headline (%) Year-on-Year,119.48,real_sector,https://www.bog.gov.gh/economic-data/real-sector/,0,,
1981-03-01,1981,3,Mar,Inflation Headline (%) Year-on-Year,122.37,real_sector,https://www.bog.gov.gh/economic-data/real-sector/,0,,
1981-04-01,1981,4,Apr,Inflation Headline (%) Year-on-Year,119.71,real_sector,https://www.bog.gov.gh/economic-data/real-sector/,0,,
1981-05-01,1981,5,May,Inflation Headline (%) Year-on-Year,119.56,real_sector,https://www.bog.gov.gh/economic-data/real-sector/,0,,
1981-06-01,1981,6,Jun,Inflation Headline (%) Year-on-Year,118.21,real_sector,https://www.bog.gov.gh/economic-data/real-sector/,0,,
1981-07-01,1981,7,Jul,Inflation Headline (%) Year-on-Year,120.85,real_sector,https://www.bog.gov.gh/economic-data/real-sector/,0,,
1981-08-01,1981,8,Aug,Inflation Headline (%) Year-on-Year,121.53,real_sector,https://www.bog.gov.gh/economic-data/real-sector/,0,,
1981-09-01,1981,9,Sep,Inflation Headline (%) Year-on-Year,123.14,real_sector,https://www.bog.gov.gh/economic-data/real-sector/,0,,
1981-10-01,1981,10,Oct,Inflation Headline (%) Year-on-Year,125.52,real_sector,https://www.bog.gov.gh/economic-data/real-sector/,0,,
1981-11-01,1981,11,Nov,Inflation Headline (%) Year-on-Year,110.12,real_sector,https://www.bog.gov.gh/economic-data/real-sector/,0,,
1981-12-01,1981,12,Dec,Inflation Headline (%) Year-on-Year,100.39,real_sector,https://www.bog.gov.gh/economic-data/real-sector/,0,,
1981-12-31,1981,,,Inflation Headline (%) Year-on-Year,101.71,real_sector,https://www.bog.gov.gh/economic-data/real-sector/,0,,
1982-01-01,1982,1,Jan,Inflation Headline (%) Year-on-Year,71.2,real_sector,https://www.bog.gov.gh/economic-data/real-sector/,0,,
1982-02-01,1982,2,Feb,Inflation Headline (%) Year-on-Year,40.86,real_sector,https://www.bog.gov.gh/economic-data/real-sector/,0,,
1982-03-01,1982,3,Mar,Inflation Headline (%) Year-on-Year,30.23,real_sector,https://www.bog.gov.gh/economic-data/real-sector/,0,,
1982-04-01,1982,4,Apr,Inflation Headline (%) Year-on-Year,24.9,real_sector,https://www.bog.gov.gh/economic-data/real-sector/,0,,
1982-05-01,1982,5,May,Inflation Headline (%) Year-on-Year,22.71,real_sector,https://www.bog.gov.gh/economic-data/real-sector/,0,,
1982-06-01,1982,6,Jun,Inflation Headline (%) Year-on-Year,17.69,real_sector,https://www.bog.gov.gh/economic-data/real-sector/,0,,
1982-07-01,1982,7,Jul,Inflation Headline (%) Year-on-Year,20.64,real_sector,https://www.bog.gov.gh/economic-data/real-sector/,0,,
1982-08-01,1982,8,Aug,Inflation Headline (%) Year-on-Year,13.73,real_sector,https://www.bog.gov.gh/economic-data/real-sector/,0,,
1982-09-01,1982,9,Sep,Inflation Headline (%) Year-on-Year,13.1,real_sector,https://www.bog.gov.gh/economic-data/real-sector/,0,,
1982-10-01,1982,10,Oct,Inflation Headline (%) Year-on-Year,11.54,real_sector,https://www.bog.gov.gh/economic-data/real-sector/,0,,
1982-11-01,1982,11,Nov,Inflation Headline (%) Year-on-Year,11.45,real_sector,https://www.bog.gov.gh/economic-data/real-sector/,0,,
1982-12-01,1982,12,Dec,Inflation Headline (%) Year-on-Year,16.69,real_sector,https://www.bog.gov.gh/economic-data/real-sector/,0,,
1982-12-31,1982,,,Inflation Headline (%) Year-on-Year,71.2,real_sector,https://www.bog.gov.gh/economic-data/real-sector/,0,,
1983-01-01,1983,1,Jan,Inflation Headline (%) Year-on-Year,32.52,real_sector,https://www.bog.gov.gh/economic-data/real-sector/,0,,
1983-02-01,1983,2,Feb,Inflation Headline (%) Year-on-Year,62.64,real_sector,https://www.bog.gov.gh/economic-data/real-sector/,0,,
1983-03-01,1983,3,Mar,Inflation Headline (%) Year-on-Year,82.52,real_sector,https://www.bog.gov.gh/economic-data/real-sector/,0,,
1983-04-01,1983,4,Apr,Inflation Headline (%) Year-on-Year,108.42,real_sector,https://www.bog.gov.gh/economic-data/real-sector/,0,,
1983-05-01,1983,5,May,Inflation Headline (%) Year-on-Year,147.69,real_sector,https://www.bog.gov.gh/economic-data/real-sector/,0,,
1983-06-01,1983,6,Jun,Inflation Headline (%) Year-on-Year,174.14,real_sector,https://www.bog.gov.gh/economic-data/real-sector/,0,,
1983-07-01,1983,7,Jul,Inflation Headline (%) Year-on-Year,141.06,real_sector,https://www.bog.gov.gh/economic-data/real-sector/,0,,
1983-08-01,1983,8,Aug,Inflation Headline (%) Year-on-Year,140.35,real_sector,https://www.bog.gov.gh/economic-data/real-sector/,0,,
1983-09-01,1983,9,Sep,Inflation Headline (%) Year-on-Year,137.76,real_sector,https://www.bog.gov.gh/economic-data/real-sector/,0,,
1983-10-01,1983,10,Oct,Inflation Headline (%) Year-on-Year,141.15,real_sector,https://www.bog.gov.gh/economic-data/real-sector/,0,,
1983-11-01,1983,11,Nov,Inflation Headline (%) Year-on-Year,145.5,real_sector,https://www.bog.gov.gh/economic-data/real-sector/,0,,
1983-12-01,1983,12,Dec,Inflation Headline (%) Year-on-Year,142.42,real_sector,https://www.bog.gov.gh/economic-data/real-sector/,0,,
1983-12-31,1983,,,Inflation Headline (%) Year-on-Year,32.52,real_sector,https://www.bog.gov.gh/economic-data/real-sector/,0,,
1984-01-01,1984,1,Jan,Inflation Headline (%) Year-on-Year,125.99,real_sector,https://www.bog.gov.gh/economic-data/real-sector/,0,,
1984-02-01,1984,2,Feb,Inflation Headline (%) Year-on-Year,117.5,real_sector,https://www.bog.gov.gh/economic-data/real-sector/,0,,
1984-03-01,1984,3,Mar,Inflation Headline (%) Year-on-Year,98.41,real_sector,https://www.bog.gov.gh/economic-data/real-sector/,0,,
1984-04-01,1984,4,Apr,Inflation Headline (%) Year-on-Year,74.17,real_sector,https://www.bog.gov.gh/economic-data/real-sector/,0,,
1984-05-01,1984,5,May,Inflation Headline (%) Year-on-Year,43.25,real_sector,https://www.bog.gov.gh/economic-data/real-sector/,0,,
1984-06-01,1984,6,Jun,Inflation Headline (%) Year-on-Year,23.88,real_sector,https://www.bog.gov.gh/economic-data/real-sector/,0,,
1984-07-01,1984,7,Jul,Inflation Headline (%) Year-on-Year,28.96,real_sector,https://www.bog.gov.gh/economic-data/real-sector/,0,,
1984-08-01,1984,8,Aug,Inflation Headline (%) Year-on-Year,24.27,real_sector,https://www.bog.gov.gh/economic-data/real-sector/,0,,
1984-09-01,1984,9,Sep,Inflation Headline (%) Year-on-Year,20.88,real_sector,https://www.bog.gov.gh/economic-data/real-sector/,0,,
1984-10-01,1984,10,Oct,Inflation Headline (%) Year-on-Year,13.8,real_sector,https://www.bog.gov.gh/economic-data/real-sector/,0,,
1984-11-01,1984,11,Nov,Inflation Headline (%) Year-on-Year,7.9,real_sector,https://www.bog.gov.gh/economic-data/real-sector/,0,,
1984-12-01,1984,12,Dec,Inflation Headline (%) Year-on-Year,5.99,real_sector,https://www.bog.gov.gh/economic-data/real-sector/,0,,
1984-12-31,1984,,,Inflation Headline (%) Year-on-Year,125.99,real_sector,https://www.bog.gov.gh/economic-data/real-sector/,0,,
1985-01-01,1985,1,Jan,Inflation Headline (%) Year-on-Year,8.66,real_sector,https://www.bog.gov.gh/economic-data/real-sector/,0,,
1985-02-01,1985,2,Feb,Inflation Headline (%) Year-on-Year,4.11,real_sector,https://www.bog.gov.gh/economic-data/real-sector/,0,,
1985-03-01,1985,3,Mar,Inflation Headline (%) Year-on-Year,3.35,real_sector,https://www.bog.gov.gh/economic-data/real-sector/,0,,
1985-04-01,1985,4,Apr,Inflation Headline (%) Year-on-Year,1.72,real_sector,https://www.bog.gov.gh/economic-data/real-sector/,0,,
1985-05-01,1985,5,May,Inflation Headline (%) Year-on-Year,1.14,real_sector,https://www.bog.gov.gh/economic-data/real-sector/,0,,
1985-06-01,1985,6,Jun,Inflation Headline (%) Year-on-Year,6.78,real_sector,https://www.bog.gov.gh/economic-data/real-sector/,0,,
1985-07-01,1985,7,Jul,Inflation Headline (%) Year-on-Year,10.18,real_sector,https://www.bog.gov.gh/economic-data/real-sector/,0,,
1985-08-01,1985,8,Aug,Inflation Headline (%) Year-on-Year,17.02,real_sector,https://www.bog.gov.gh/economic-data/real-sector/,0,,
1985-09-01,1985,9,Sep,Inflation Headline (%) Year-on-Year,17.44,real_sector,https://www.bog.gov.gh/economic-data/real-sector/,0,,
1985-10-01,1985,10,Oct,Inflation Headline (%) Year-on-Year,18.26,real_sector,https://www.bog.gov.gh/economic-data/real-sector/,0,,
1985-11-01,1985,11,Nov,Inflation Headline (%) Year-on-Year,20.47,real_sector,https://www.bog.gov.gh/economic-data/real-sector/,0,,
1985-12-01,1985,12,Dec,Inflation Headline (%) Year-on-Year,19.5,real_sector,https://www.bog.gov.gh/economic-data/real-sector/,0,,
1985-12-31,1985,,,Inflation Headline (%) Year-on-Year,8.66,real_sector,https://www.bog.gov.gh/economic-data/real-sector/,0,,
1986-01-01,1986,1,Jan,Inflation Headline (%) Year-on-Year,18.75,real_sector,https://www.bog.gov.gh/economic-data/real-sector/,0,,
1986-02-01,1986,2,Feb,Inflation Headline (%) Year-on-Year,19.56,real_sector,https://www.bog.gov.gh/economic-data/real-sector/,0,,
1986-03-01,1986,3,Mar,Inflation Headline (%) Year-on-Year,20.29,real_sector,https://www.bog.gov.gh/economic-data/real-sector/,0,,
1986-04-01,1986,4,Apr,Inflation Headline (%) Year-on-Year,21.6,real_sector,https://www.bog.gov.gh/economic-data/real-sector/,0,,
1986-05-01,1986,5,May,Inflation Headline (%) Year-on-Year,23.34,real_sector,https://www.bog.gov.gh/economic-data/real-sector/,0,,
1986-06-01,1986,6,Jun,Inflation Headline (%) Year-on-Year,23.15,real_sector,https://www.bog.gov.gh/economic-data/real-sector/,0,,
1986-07-01,1986,7,Jul,Inflation Headline (%) Year-on-Year,23.88,real_sector,https://www.bog.gov.gh/economic-data/real-sector/,0,,
1986-08-01,1986,8,Aug,Inflation Headline (%) Year-on-Year,23.93,real_sector,https://www.bog.gov.gh/economic-data/real-sector/,0,,
1986-09-01,1986,9,Sep,Inflation Headline (%) Year-on-Year,23.84,real_sector,https://www.bog.gov.gh/economic-data/real-sector/,0,,
1986-10-01,1986,10,Oct,Inflation Headline (%) Year-on-Year,28.94,real_sector,https://www.bog.gov.gh/economic-data/real-sector/,0,,
1986-11-01,1986,11,Nov,Inflation Headline (%) Year-on-Year,32.72,real_sector,https://www.bog.gov.gh/economic-data/real-sector/,0,,
1986-12-01,1986,12,Dec,Inflation Headline (%) Year-on-Year,33.34,real_sector,https://www.bog.gov.gh/economic-data/real-sector/,0,,
1986-12-31,1986,,,Inflation Headline (%) Year-on-Year,18.75,real_sector,https://www.bog.gov.gh/economic-data/real-sector/,0,,
1987-01-01,1987,1,Jan,Inflation Headline (%) Year-on-Year,33.44,real_sector,https://www.bog.gov.gh/economic-data/real-sector/,0,,
1987-02-01,1987,2,Feb,Inflation Headline (%) Year-on-Year,34.39,real_sector,https://www.bog.gov.gh/economic-data/real-sector/,0,,
1987-03-01,1987,3,Mar,Inflation Headline (%) Year-on-Year,37.49,real_sector,https://www.bog.gov.gh/economic-data/real-sector/,0,,
1987-04-01,1987,4,Apr,Inflation Headline (%) Year-on-Year,41.0,real_sector,https://www.bog.gov.gh/economic-data/real-sector/,0,,
1987-05-01,1987,5,May,Inflation Headline (%) Year-on-Year,42.34,real_sector,https://www.bog.gov.gh/economic-data/real-sector/,0,,
1987-06-01,1987,6,Jun,Inflation Headline (%) Year-on-Year,43.87,real_sector,https://www.bog.gov.gh/economic-data/real-sector/,0,,
1987-07-01,1987,7,Jul,Inflation Headline (%) Year-on-Year,45.0,real_sector,https://www.bog.gov.gh/economic-data/real-sector/,0,,
1987-08-01,1987,8,Aug,Inflation Headline (%) Year-on-Year,45.54,real_sector,https://www.bog.gov.gh/economic-data/real-sector/,0,,
1987-09-01,1987,9,Sep,Inflation Headline (%) Year-on-Year,45.91,real_sector,https://www.bog.gov.gh/economic-data/real-sector/,0,,
1987-10-01,1987,10,Oct,Inflation Headline (%) Year-on-Year,39.31,real_sector,https://www.bog.gov.gh/economic-data/real-sector/,0,,
1987-11-01,1987,11,Nov,Inflation Headline (%) Year-on-Year,35.3,real_sector,https://www.bog.gov.gh/economic-data/real-sector/,0,,
1987-12-01,1987,12,Dec,Inflation Headline (%) Year-on-Year,34.18,real_sector,https://www.bog.gov.gh/economic-data/real-sector/,0,,
1987-12-31,1987,,,Inflation Headline (%) Year-on-Year,33.44,real_sector,https://www.bog.gov.gh/economic-data/real-sector/,0,,
1988-01-01,1988,1,Jan,Inflation Headline (%) Year-on-Year,33.92,real_sector,https://www.bog.gov.gh/economic-data/real-sector/,0,,
1988-02-01,1988,2,Feb,Inflation Headline (%) Year-on-Year,34.14,real_sector,https://www.bog.gov.gh/economic-data/real-sector/,0,,
1988-03-01,1988,3,Mar,Inflation Headline (%) Year-on-Year,33.15,real_sector,https://www.bog.gov.gh/economic-data/real-sector/,0,,
1988-04-01,1988,4,Apr,Inflation Headline (%) Year-on-Year,32.48,real_sector,https://www.bog.gov.gh/economic-data/real-sector/,0,,
1988-05-01,1988,5,May,Inflation Headline (%) Year-on-Year,33.56,real_sector,https://www.bog.gov.gh/economic-data/real-sector/,0,,
1988-06-01,1988,6,Jun,Inflation Headline (%) Year-on-Year,33.35,real_sector,https://www.bog.gov.gh/economic-data/real-sector/,0,,
1988-07-01,1988,7,Jul,Inflation Headline (%) Year-on-Year,31.47,real_sector,https://www.bog.gov.gh/economic-data/real-sector/,0,,
1988-08-01,1988,8,Aug,Inflation Headline (%) Year-on-Year,30.48,real_sector,https://www.bog.gov.gh/economic-data/real-sector/,0,,
1988-09-01,1988,9,Sep,Inflation Headline (%) Year-on-Year,30.03,real_sector,https://www.bog.gov.gh/economic-data/real-sector/,0,,
1988-10-01,1988,10,Oct,Inflation Headline (%) Year-on-Year,29.92,real_sector,https://www.bog.gov.gh/economic-data/real-sector/,0,,
1988-11-01,1988,11,Nov,Inflation Headline (%) Year-on-Year,28.74,real_sector,https://www.bog.gov.gh/economic-data/real-sector/,0,,
1988-12-01,1988,12,Dec,Inflation Headline (%) Year-on-Year,26.56,real_sector,https://www.bog.gov.gh/economic-data/real-sector/,0,,
1988-12-31,1988,,,Inflation Headline (%) Year-on-Year,33.92,real_sector,https://www.bog.gov.gh/economic-data/real-sector/,0,,
1989-01-01,1989,1,Jan,Inflation Headline (%) Year-on-Year,26.28,real_sector,https://www.bog.gov.gh/economic-data/real-sector/,0,,
1989-02-01,1989,2,Feb,Inflation Headline (%) Year-on-Year,25.53,real_sector,https://www.bog.gov.gh/economic-data/real-sector/,0,,
1989-03-01,1989,3,Mar,Inflation Headline (%) Year-on-Year,24.81,real_sector,https://www.bog.gov.gh/economic-data/real-sector/,0,,
1989-04-01,1989,4,Apr,Inflation Headline (%) Year-on-Year,24.38,real_sector,https://www.bog.gov.gh/economic-data/real-sector/,0,,
1989-05-01,1989,5,May,Inflation Headline (%) Year-on-Year,23.27,real_sector,https://www.bog.gov.gh/economic-data/real-sector/,0,,
1989-06-01,1989,6,Jun,Inflation Headline (%) Year-on-Year,22.76,real_sector,https://www.bog.gov.gh/economic-data/real-sector/,0,,
1989-07-01,1989,7,Jul,Inflation Headline (%) Year-on-Year,23.54,real_sector,https://www.bog.gov.gh/economic-data/real-sector/,0,,
1989-08-01,1989,8,Aug,Inflation Headline (%) Year-on-Year,23.79,real_sector,https://www.bog.gov.gh/economic-data/real-sector/,0,,
1989-09-01,1989,9,Sep,Inflation Headline (%) Year-on-Year,24.4,real_sector,https://www.bog.gov.gh/economic-data/real-sector/,0,,
1989-10-01,1989,10,Oct,Inflation Headline (%) Year-on-Year,25.61,real_sector,https://www.bog.gov.gh/economic-data/real-sector/,0,,
1989-11-01,1989,11,Nov,Inflation Headline (%) Year-on-Year,28.05,real_sector,https://www.bog.gov.gh/economic-data/real-sector/,0,,
1989-12-01,1989,12,Dec,Inflation Headline (%) Year-on-Year,30.46,real_sector,https://www.bog.gov.gh/economic-data/real-sector/,0,,
1989-12-31,1989,,,Inflation Headline (%) Year-on-Year,26.28,real_sector,https://www.bog.gov.gh/economic-data/real-sector/,0,,
1990-01-01,1990,1,Jan,Inflation Headline (%) Year-on-Year,33.04,real_sector,https://www.bog.gov.gh/economic-data/real-sector/,0,,
1990-02-01,1990,2,Feb,Inflation Headline (%) Year-on-Year,35.95,real_sector,https://www.bog.gov.gh/economic-data/real-sector/,0,,
1990-03-01,1990,3,Mar,Inflation Headline (%) Year-on-Year,36.07,real_sector,https://www.bog.gov.gh/economic-data/real-sector/,0,,
1990-04-01,1990,4,Apr,Inflation Headline (%) Year-on-Year,36.01,real_sector,https://www.bog.gov.gh/economic-data/real-sector/,0,,
1990-05-01,1990,5,May,Inflation Headline (%) Year-on-Year,35.61,real_sector,https://www.bog.gov.gh/economic-data/real-sector/,0,,
1990-06-01,1990,6,Jun,Inflation Headline (%) Year-on-Year,36.42,real_sector,https://www.bog.gov.gh/economic-data/real-sector/,0,,
1990-07-01,1990,7,Jul,Inflation Headline (%) Year-on-Year,39.01,real_sector,https://www.bog.gov.gh/economic-data/real-sector/,0,,
1990-08-01,1990,8,Aug,Inflation Headline (%) Year-on-Year,40.21,real_sector,https://www.bog.gov.gh/economic-data/real-sector/,0,,
1990-09-01,1990,9,Sep,Inflation Headline (%) Year-on-Year,41.36,real_sector,https://www.bog.gov.gh/economic-data/real-sector/,0,,
1990-10-01,1990,10,Oct,Inflation Headline (%) Year-on-Year,39.32,real_sector,https://www.bog.gov.gh/economic-data/real-sector/,0,,
1990-11-01,1990,11,Nov,Inflation Headline (%) Year-on-Year,37.24,real_sector,https://www.bog.gov.gh/economic-data/real-sector/,0,,
1990-12-01,1990,12,Dec,Inflation Headline (%) Year-on-Year,35.9,real_sector,https://www.bog.gov.gh/economic-data/real-sector/,0,,
1990-12-31,1990,,,Inflation Headline (%) Year-on-Year,33.04,real_sector,https://www.bog.gov.gh/economic-data/real-sector/,0,,
1991-01-01,1991,1,Jan,Inflation Headline (%) Year-on-Year,30.38,real_sector,https://www.bog.gov.gh/economic-data/real-sector/,0,,
1991-02-01,1991,2,Feb,Inflation Headline (%) Year-on-Year,26.61,real_sector,https://www.bog.gov.gh/economic-data/real-sector/,0,,
1991-03-01,1991,3,Mar,Inflation Headline (%) Year-on-Year,24.88,real_sector,https://www.bog.gov.gh/economic-data/real-sector/,0,,
1991-04-01,1991,4,Apr,Inflation Headline (%) Year-on-Year,22.29,real_sector,https://www.bog.gov.gh/economic-data/real-sector/,0,,
1991-05-01,1991,5,May,Inflation Headline (%) Year-on-Year,19.77,real_sector,https://www.bog.gov.gh/economic-data/real-sector/,0,,
1991-06-01,1991,6,Jun,Inflation Headline (%) Year-on-Year,17.3,real_sector,https://www.bog.gov.gh/economic-data/real-sector/,0,,
1991-07-01,1991,7,Jul,Inflation Headline (%) Year-on-Year,15.28,real_sector,https://www.bog.gov.gh/economic-data/real-sector/,0,,
1991-08-01,1991,8,Aug,Inflation Headline (%) Year-on-Year,14.61,real_sector,https://www.bog.gov.gh/economic-data/real-sector/,0,,
1991-09-01,1991,9,Sep,Inflation Headline (%) Year-on-Year,13.22,real_sector,https://www.bog.gov.gh/economic-data/real-sector/,0,,
1991-10-01,1991,10,Oct,Inflation Headline (%) Year-on-Year,13.95,real_sector,https://www.bog.gov.gh/economic-data/real-sector/,0,,
1991-11-01,1991,11,Nov,Inflation Headline (%) Year-on-Year,12.89,real_sector,https://www.bog.gov.gh/economic-data/real-sector/,0,,
1991-12-01,1991,12,Dec,Inflation Headline (%) Year-on-Year,10.26,real_sector,https://www.bog.gov.gh/economic-data/real-sector/,0,,
1991-12-31,1991,,,Inflation Headline (%) Year-on-Year,30.38,real_sector,https://www.bog.gov.gh/economic-data/real-sector/,0,,
1992-01-01,1992,1,Jan,Inflation Headline (%) Year-on-Year,8.69,real_sector,https://www.bog.gov.gh/economic-data/real-sector/,0,,
1992-02-01,1992,2,Feb,Inflation Headline (%) Year-on-Year,7.72,real_sector,https://www.bog.gov.gh/economic-data/real-sector/,0,,
1992-03-01,1992,3,Mar,Inflation Headline (%) Year-on-Year,7.33,real_sector,https://www.bog.gov.gh/economic-data/real-sector/,0,,
1992-04-01,1992,4,Apr,Inflation Headline (%) Year-on-Year,8.21,real_sector,https://www.bog.gov.gh/economic-data/real-sector/,0,,
1992-05-01,1992,5,May,Inflation Headline (%) Year-on-Year,8.87,real_sector,https://www.bog.gov.gh/economic-data/real-sector/,0,,
1992-06-01,1992,6,Jun,Inflation Headline (%) Year-on-Year,8.37,real_sector,https://www.bog.gov.gh/economic-data/real-sector/,0,,
1992-07-01,1992,7,Jul,Inflation Headline (%) Year-on-Year,10.23,real_sector,https://www.bog.gov.gh/economic-data/real-sector/,0,,
1992-08-01,1992,8,Aug,Inflation Headline (%) Year-on-Year,11.69,real_sector,https://www.bog.gov.gh/economic-data/real-sector/,0,,
1992-09-01,1992,9,Sep,Inflation Headline (%) Year-on-Year,11.48,real_sector,https://www.bog.gov.gh/economic-data/real-sector/,0,,
1992-10-01,1992,10,Oct,Inflation Headline (%) Year-on-Year,11.72,real_sector,https://www.bog.gov.gh/economic-data/real-sector/,0,,
1992-11-01,1992,11,Nov,Inflation Headline (%) Year-on-Year,12.74,real_sector,https://www.bog.gov.gh/economic-data/real-sector/,0,,
1992-12-01,1992,12,Dec,Inflation Headline (%) Year-on-Year,13.33,real_sector,https://www.bog.gov.gh/economic-data/real-sector/,0,,
1992-12-31,1992,,,Inflation Headline (%) Year-on-Year,8.69,real_sector,https://www.bog.gov.gh/economic-data/real-sector/,0,,
1993-01-01,1993,1,Jan,Inflation Headline (%) Year-on-Year,21.46,real_sector,https://www.bog.gov.gh/economic-data/real-sector/,0,,
1993-02-01,1993,2,Feb,Inflation Headline (%) Year-on-Year,22.97,real_sector,https://www.bog.gov.gh/economic-data/real-sector/,0,,
1993-03-01,1993,3,Mar,Inflation Headline (%) Year-on-Year,23.27,real_sector,https://www.bog.gov.gh/economic-data/real-sector/,0,,
1993-04-01,1993,4,Apr,Inflation Headline (%) Year-on-Year,23.05,real_sector,https://www.bog.gov.gh/economic-data/real-sector/,0,,
1993-05-01,1993,5,May,Inflation Headline (%) Year-on-Year,23.93,real_sector,https://www.bog.gov.gh/economic-data/real-sector/,0,,
1993-06-01,1993,6,Jun,Inflation Headline (%) Year-on-Year,26.04,real_sector,https://www.bog.gov.gh/economic-data/real-sector/,0,,
1993-07-01,1993,7,Jul,Inflation Headline (%) Year-on-Year,25.18,real_sector,https://www.bog.gov.gh/economic-data/real-sector/,0,,
1993-08-01,1993,8,Aug,Inflation Headline (%) Year-on-Year,25.22,real_sector,https://www.bog.gov.gh/economic-data/real-sector/,0,,
1993-09-01,1993,9,Sep,Inflation Headline (%) Year-on-Year,26.89,real_sector,https://www.bog.gov.gh/economic-data/real-sector/,0,,
1993-10-01,1993,10,Oct,Inflation Headline (%) Year-on-Year,26.49,real_sector,https://www.bog.gov.gh/economic-data/real-sector/,0,,
1993-11-01,1993,11,Nov,Inflation Headline (%) Year-on-Year,26.61,real_sector,https://www.bog.gov.gh/economic-data/real-sector/,0,,
1993-12-01,1993,12,Dec,Inflation Headline (%) Year-on-Year,27.66,real_sector,https://www.bog.gov.gh/economic-data/real-sector/,0,,
1993-12-31,1993,,,Inflation Headline (%) Year-on-Year,21.46,real_sector,https://www.bog.gov.gh/economic-data/real-sector/,0,,
1994-01-01,1994,1,Jan,Inflation Headline (%) Year-on-Year,22.81,real_sector,https://www.bog.gov.gh/economic-data/real-sector/,0,,
1994-02-01,1994,2,Feb,Inflation Headline (%) Year-on-Year,21.96,real_sector,https://www.bog.gov.gh/economic-data/real-sector/,0,,
1994-03-01,1994,3,Mar,Inflation Headline (%) Year-on-Year,21.53,real_sector,https://www.bog.gov.gh/economic-data/real-sector/,0,,
1994-04-01,1994,4,Apr,Inflation Headline (%) Year-on-Year,21.05,real_sector,https://www.bog.gov.gh/economic-data/real-sector/,0,,
1994-05-01,1994,5,May,Inflation Headline (%) Year-on-Year,21.0,real_sector,https://www.bog.gov.gh/economic-data/real-sector/,0,,
1994-06-01,1994,6,Jun,Inflation Headline (%) Year-on-Year,20.89,real_sector,https://www.bog.gov.gh/economic-data/real-sector/,0,,
1994-07-01,1994,7,Jul,Inflation Headline (%) Year-on-Year,22.32,real_sector,https://www.bog.gov.gh/economic-data/real-sector/,0,,
1994-08-01,1994,8,Aug,Inflation Headline (%) Year-on-Year,23.68,real_sector,https://www.bog.gov.gh/economic-data/real-sector/,0,,
1994-09-01,1994,9,Sep,Inflation Headline (%) Year-on-Year,26.1,real_sector,https://www.bog.gov.gh/economic-data/real-sector/,0,,
1994-10-01,1994,10,Oct,Inflation Headline (%) Year-on-Year,29.44,real_sector,https://www.bog.gov.gh/economic-data/real-sector/,0,,
1994-11-01,1994,11,Nov,Inflation Headline (%) Year-on-Year,31.7,real_sector,https://www.bog.gov.gh/economic-data/real-sector/,0,,
1994-12-01,1994,12,Dec,Inflation Headline (%) Year-on-Year,34.18,real_sector,https://www.bog.gov.gh/economic-data/real-sector/,0,,
1994-12-31,1994,,,Inflation Headline (%) Year-on-Year,22.81,real_sector,https://www.bog.gov.gh/economic-data/real-sector/,0,,
1995-01-01,1995,1,Jan,Inflation Headline (%) Year-on-Year,35.58,real_sector,https://www.bog.gov.gh/economic-data/real-sector/,0,,
1995-02-01,1995,2,Feb,Inflation Headline (%) Year-on-Year,38.39,real_sector,https://www.bog.gov.gh/economic-data/real-sector/,0,,
1995-03-01,1995,3,Mar,Inflation Headline (%) Year-on-Year,43.59,real_sector,https://www.bog.gov.gh/economic-data/real-sector/,0,,
1995-04-01,1995,4,Apr,Inflation Headline (%) Year-on-Year,49.93,real_sector,https://www.bog.gov.gh/economic-data/real-sector/,0,,
1995-05-01,1995,5,May,Inflation Headline (%) Year-on-Year,56.12,real_sector,https://www.bog.gov.gh/economic-data/real-sector/,0,,
1995-06-01,1995,6,Jun,Inflation Headline (%) Year-on-Year,61.85,real_sector,https://www.bog.gov.gh/economic-data/real-sector/,0,,
1995-07-01,1995,7,Jul,Inflation Headline (%) Year-on-Year,67.2,real_sector,https://www.bog.gov.gh/economic-data/real-sector/,0,,
1995-08-01,1995,8,Aug,Inflation Headline (%) Year-on-Year,69.94,real_sector,https://www.bog.gov.gh/economic-data/real-sector/,0,,
1995-09-01,1995,9,Sep,Inflation Headline (%) Year-on-Year,69.8,real_sector,https://www.bog.gov.gh/economic-data/real-sector/,0,,
1995-10-01,1995,10,Oct,Inflation Headline (%) Year-on-Year,69.14,real_sector,https://www.bog.gov.gh/economic-data/real-sector/,0,,
1995-11-01,1995,11,Nov,Inflation Headline (%) Year-on-Year,70.24,real_sector,https://www.bog.gov.gh/economic-data/real-sector/,0,,
1995-12-01,1995,12,Dec,Inflation Headline (%) Year-on-Year,70.82,real_sector,https://www.bog.gov.gh/economic-data/real-sector/,0,,
1995-12-31,1995,,,Inflation Headline (%) Year-on-Year,35.58,real_sector,https://www.bog.gov.gh/economic-data/real-sector/,0,,
1996-01-01,1996,1,Jan,Inflation Headline (%) Year-on-Year,69.2,real_sector,https://www.bog.gov.gh/economic-data/real-sector/,0,,
1996-02-01,1996,2,Feb,Inflation Headline (%) Year-on-Year,68.03,real_sector,https://www.bog.gov.gh/economic-data/real-sector/,0,,
1996-03-01,1996,3,Mar,Inflation Headline (%) Year-on-Year,64.78,real_sector,https://www.bog.gov.gh/economic-data/real-sector/,0,,
1996-04-01,1996,4,Apr,Inflation Headline (%) Year-on-Year,60.26,real_sector,https://www.bog.gov.gh/economic-data/real-sector/,0,,
1996-05-01,1996,5,May,Inflation Headline (%) Year-on-Year,54.24,real_sector,https://www.bog.gov.gh/economic-data/real-sector/,0,,
1996-06-01,1996,6,Jun,Inflation Headline (%) Year-on-Year,48.42,real_sector,https://www.bog.gov.gh/economic-data/real-sector/,0,,
1996-07-01,1996,7,Jul,Inflation Headline (%) Year-on-Year,42.64,real_sector,https://www.bog.gov.gh/economic-data/real-sector/,0,,
1996-08-01,1996,8,Aug,Inflation Headline (%) Year-on-Year,39.21,real_sector,https://www.bog.gov.gh/economic-data/real-sector/,0,,
1996-09-01,1996,9,Sep,Inflation Headline (%) Year-on-Year,36.51,real_sector,https://www.bog.gov.gh/economic-data/real-sector/,0,,
1996-10-01,1996,10,Oct,Inflation Headline (%) Year-on-Year,34.29,real_sector,https://www.bog.gov.gh/economic-data/real-sector/,0,,
1996-11-01,1996,11,Nov,Inflation Headline (%) Year-on-Year,33.17,real_sector,https://www.bog.gov.gh/economic-data/real-sector/,0,,
1996-12-01,1996,12,Dec,Inflation Headline (%) Year-on-Year,32.66,real_sector,https://www.bog.gov.gh/economic-data/real-sector/,0,,
1996-12-31,1996,,,Inflation Headline (%) Year-on-Year,69.2,real_sector,https://www.bog.gov.gh/economic-data/real-sector/,0,,
1997-01-01,1997,1,Jan,Inflation Headline (%) Year-on-Year,31.51,real_sector,https://www.bog.gov.gh/economic-data/real-sector/,0,,
1997-02-01,1997,2,Feb,Inflation Headline (%) Year-on-Year,30.56,real_sector,https://www.bog.gov.gh/economic-data/real-sector/,0,,
1997-03-01,1997,3,Mar,Inflation Headline (%) Year-on-Year,29.22,real_sector,https://www.bog.gov.gh/economic-data/real-sector/,0,,
1997-04-01,1997,4,Apr,Inflation Headline (%) Year-on-Year,29.09,real_sector,https://www.bog.gov.gh/economic-data/real-sector/,0,,
1997-05-01,1997,5,May,Inflation Headline (%) Year-on-Year,29.57,real_sector,https://www.bog.gov.gh/economic-data/real-sector/,0,,
1997-06-01,1997,6,Jun,Inflation Headline (%) Year-on-Year,29.05,real_sector,https://www.bog.gov.gh/economic-data/real-sector/,0,,
1997-07-01,1997,7,Jul,Inflation Headline (%) Year-on-Year,29.17,real_sector,https://www.bog.gov.gh/economic-data/real-sector/,0,,
1997-08-01,1997,8,Aug,Inflation Headline (%) Year-on-Year,28.22,real_sector,https://www.bog.gov.gh/economic-data/real-sector/,0,,
1997-09-01,1997,9,Sep,Inflation Headline (%) Year-on-Year,27.73,real_sector,https://www.bog.gov.gh/economic-data/real-sector/,0,,
1997-10-01,1997,10,Oct,Inflation Headline (%) Year-on-Year,27.42,real_sector,https://www.bog.gov.gh/economic-data/real-sector/,0,,
1997-11-01,1997,11,Nov,Inflation Headline (%) Year-on-Year,24.19,real_sector,https://www.bog.gov.gh/economic-data/real-sector/,0,,
1997-12-01,1997,12,Dec,Inflation Headline (%) Year-on-Year,20.83,real_sector,https://www.bog.gov.gh/economic-data/real-sector/,0,,
1997-12-31,1997,,,Inflation Headline (%) Year-on-Year,31.51,real_sector,https://www.bog.gov.gh/economic-data/real-sector/,0,,
1998-01-01,1998,1,Jan,Inflation Headline (%) Year-on-Year,19.8,real_sector,https://www.bog.gov.gh/economic-data/real-sector/,0,,
1998-02-01,1998,2,Feb,Inflation Headline (%) Year-on-Year,19.6,real_sector,https://www.bog.gov.gh/economic-data/real-sector/,0,,
1998-03-01,1998,3,Mar,Inflation Headline (%) Year-on-Year,20.3,real_sector,https://www.bog.gov.gh/economic-data/real-sector/,0,,
1998-04-01,1998,4,Apr,Inflation Headline (%) Year-on-Year,23.1,real_sector,https://www.bog.gov.gh/economic-data/real-sector/,0,,
1998-05-01,1998,5,May,Inflation Headline (%) Year-on-Year,22.9,real_sector,https://www.bog.gov.gh/economic-data/real-sector/,0,,
1998-06-01,1998,6,Jun,Inflation Headline (%) Year-on-Year,21.8,real_sector,https://www.bog.gov.gh/economic-data/real-sector/,0,,
1998-07-01,1998,7,Jul,Inflation Headline (%) Year-on-Year,18.7,real_sector,https://www.bog.gov.gh/economic-data/real-sector/,0,,
1998-08-01,1998,8,Aug,Inflation Headline (%) Year-on-Year,18.6,real_sector,https://www.bog.gov.gh/economic-data/real-sector/,0,,
1998-09-01,1998,9,Sep,Inflation Headline (%) Year-on-Year,17.38,real_sector,https://www.bog.gov.gh/economic-data/real-sector/,0,,
1998-10-01,1998,10,Oct,Inflation Headline (%) Year-on-Year,17.14,real_sector,https://www.bog.gov.gh/economic-data/real-sector/,0,,
1998-11-01,1998,11,Nov,Inflation Headline (%) Year-on-Year,16.16,real_sector,https://www.bog.gov.gh/economic-data/real-sector/,0,,
1998-12-01,1998,12,Dec,Inflation Headline (%) Year-on-Year,15.75,real_sector,https://www.bog.gov.gh/economic-data/real-sector/,0,,
1998-12-31,1998,,,Inflation Headline (%) Year-on-Year,19.8,real_sector,https://www.bog.gov.gh/economic-data/real-sector/,0,,
1999-01-01,1999,1,Jan,Inflation Headline (%) Year-on-Year,15.33,real_sector,https://www.bog.gov.gh/economic-data/real-sector/,0,,
1999-02-01,1999,2,Feb,Inflation Headline (%) Year-on-Year,15.04,real_sector,https://www.bog.gov.gh/economic-data/real-sector/,0,,
1999-03-01,1999,3,Mar,Inflation Headline (%) Year-on-Year,13.74,real_sector,https://www.bog.gov.gh/economic-data/real-sector/,0,,
1999-04-01,1999,4,Apr,Inflation Headline (%) Year-on-Year,10.23,real_sector,https://www.bog.gov.gh/economic-data/real-sector/,0,,
1999-05-01,1999,5,May,Inflation Headline (%) Year-on-Year,9.4,real_sector,https://www.bog.gov.gh/economic-data/real-sector/,0,,
1999-06-01,1999,6,Jun,Inflation Headline (%) Year-on-Year,10.26,real_sector,https://www.bog.gov.gh/economic-data/real-sector/,0,,
1999-07-01,1999,7,Jul,Inflation Headline (%) Year-on-Year,12.69,real_sector,https://www.bog.gov.gh/economic-data/real-sector/,0,,
1999-08-01,1999,8,Aug,Inflation Headline (%) Year-on-Year,12.0,real_sector,https://www.bog.gov.gh/economic-data/real-sector/,0,,
1999-09-01,1999,9,Sep,Inflation Headline (%) Year-on-Year,11.79,real_sector,https://www.bog.gov.gh/economic-data/real-sector/,0,,
1999-10-01,1999,10,Oct,Inflation Headline (%) Year-on-Year,12.62,real_sector,https://www.bog.gov.gh/economic-data/real-sector/,0,,
1999-11-01,1999,11,Nov,Inflation Headline (%) Year-on-Year,13.24,real_sector,https://www.bog.gov.gh/economic-data/real-sector/,0,,
1999-12-01,1999,12,Dec,Inflation Headline (%) Year-on-Year,13.8,real_sector,https://www.bog.gov.gh/economic-data/real-sector/,0,,
1999-12-31,1999,,,Inflation Headline (%) Year-on-Year,15.33,real_sector,https://www.bog.gov.gh/economic-data/real-sector/,0,,
2000-01-01,2000,1,Jan,Inflation Headline (%) Year-on-Year,14.28,real_sector,https://www.bog.gov.gh/economic-data/real-sector/,0,,
2000-02-01,2000,2,Feb,Inflation Headline (%) Year-on-Year,14.93,real_sector,https://www.bog.gov.gh/economic-data/real-sector/,0,,
2000-03-01,2000,3,Mar,Inflation Headline (%) Year-on-Year,15.57,real_sector,https://www.bog.gov.gh/economic-data/real-sector/,0,,
2000-04-01,2000,4,Apr,Inflation Headline (%) Year-on-Year,17.51,real_sector,https://www.bog.gov.gh/economic-data/real-sector/,0,,
2000-05-01,2000,5,May,Inflation Headline (%) Year-on-Year,18.72,real_sector,https://www.bog.gov.gh/economic-data/real-sector/,0,,
2000-06-01,2000,6,Jun,Inflation Headline (%) Year-on-Year,19.84,real_sector,https://www.bog.gov.gh/economic-data/real-sector/,0,,
2000-07-01,2000,7,Jul,Inflation Headline (%) Year-on-Year,22.07,real_sector,https://www.bog.gov.gh/economic-data/real-sector/,0,,
2000-08-01,2000,8,Aug,Inflation Headline (%) Year-on-Year,26.61,real_sector,https://www.bog.gov.gh/economic-data/real-sector/,0,,
2000-09-01,2000,9,Sep,Inflation Headline (%) Year-on-Year,32.3,real_sector,https://www.bog.gov.gh/economic-data/real-sector/,0,,
2000-10-01,2000,10,Oct,Inflation Headline (%) Year-on-Year,37.38,real_sector,https://www.bog.gov.gh/economic-data/real-sector/,0,,
2000-11-01,2000,11,Nov,Inflation Headline (%) Year-on-Year,39.54,real_sector,https://www.bog.gov.gh/economic-data/real-sector/,0,,
2000-12-01,2000,12,Dec,Inflation Headline (%) Year-on-Year,40.54,real_sector,https://www.bog.gov.gh/economic-data/real-sector/,0,,
2000-12-31,2000,,,Inflation Headline (%) Year-on-Year,14.28,real_sector,https://www.bog.gov.gh/economic-data/real-sector/,0,,
2001-01-01,2001,1,Jan,Inflation Headline (%) Year-on-Year,40.93,real_sector,https://www.bog.gov.gh/economic-data/real-sector/,0,,
2001-02-01,2001,2,Feb,Inflation Headline (%) Year-on-Year,40.14,real_sector,https://www.bog.gov.gh/economic-data/real-sector/,0,,
2001-03-01,2001,3,Mar,Inflation Headline (%) Year-on-Year,41.95,real_sector,https://www.bog.gov.gh/economic-data/real-sector/,0,,
2001-04-01,2001,4,Apr,Inflation Headline (%) Year-on-Year,39.5,real_sector,https://www.bog.gov.gh/economic-data/real-sector/,0,,
2001-05-01,2001,5,May,Inflation Headline (%) Year-on-Year,37.92,real_sector,https://www.bog.gov.gh/economic-data/real-sector/,0,,
2001-06-01,2001,6,Jun,Inflation Headline (%) Year-on-Year,36.84,real_sector,https://www.bog.gov.gh/economic-data/real-sector/,0,,
2001-07-01,2001,7,Jul,Inflation Headline (%) Year-on-Year,34.89,real_sector,https://www.bog.gov.gh/economic-data/real-sector/,0,,
2001-08-01,2001,8,Aug,Inflation Headline (%) Year-on-Year,32.02,real_sector,https://www.bog.gov.gh/economic-data/real-sector/,0,,
2001-09-01,2001,9,Sep,Inflation Headline (%) Year-on-Year,28.31,real_sector,https://www.bog.gov.gh/economic-data/real-sector/,0,,
2001-10-01,2001,10,Oct,Inflation Headline (%) Year-on-Year,25.6,real_sector,https://www.bog.gov.gh/economic-data/real-sector/,0,,
2001-11-01,2001,11,Nov,Inflation Headline (%) Year-on-Year,23.68,real_sector,https://www.bog.gov.gh/economic-data/real-sector/,0,,
2001-12-01,2001,12,Dec,Inflation Headline (%) Year-on-Year,21.29,real_sector,https://www.bog.gov.gh/economic-data/real-sector/,0,,
2001-12-31,2001,,,Inflation Headline (%) Year-on-Year,40.93,real_sector,https://www.bog.gov.gh/economic-data/real-sector/,0,,
2002-01-01,2002,1,Jan,Inflation Headline (%) Year-on-Year,19.9,real_sector,https://www.bog.gov.gh/economic-data/real-sector/,0,,
2002-02-01,2002,2,Feb,Inflation Headline (%) Year-on-Year,18.3,real_sector,https://www.bog.gov.gh/economic-data/real-sector/,0,,
2002-03-01,2002,3,Mar,Inflation Headline (%) Year-on-Year,16.0,real_sector,https://www.bog.gov.gh/economic-data/real-sector/,0,,
2002-04-01,2002,4,Apr,Inflation Headline (%) Year-on-Year,14.9,real_sector,https://www.bog.gov.gh/economic-data/real-sector/,0,,
2002-05-01,2002,5,May,Inflation Headline (%) Year-on-Year,14.3,real_sector,https://www.bog.gov.gh/economic-data/real-sector/,0,,
2002-06-01,2002,6,Jun,Inflation Headline (%) Year-on-Year,13.7,real_sector,https://www.bog.gov.gh/economic-data/real-sector/,0,,
2002-07-01,2002,7,Jul,Inflation Headline (%) Year-on-Year,13.5,real_sector,https://www.bog.gov.gh/economic-data/real-sector/,0,,
2002-08-01,2002,8,Aug,Inflation Headline (%) Year-on-Year,13.1,real_sector,https://www.bog.gov.gh/economic-data/real-sector/,0,,
2002-09-01,2002,9,Sep,Inflation Headline (%) Year-on-Year,12.9,real_sector,https://www.bog.gov.gh/economic-data/real-sector/,0,,
2002-10-01,2002,10,Oct,Inflation Headline (%) Year-on-Year,13.2,real_sector,https://www.bog.gov.gh/economic-data/real-sector/,0,,
2002-11-01,2002,11,Nov,Inflation Headline (%) Year-on-Year,14.0,real_sector,https://www.bog.gov.gh/economic-data/real-sector/,0,,
2002-12-01,2002,12,Dec,Inflation Headline (%) Year-on-Year,15.2,real_sector,https://www.bog.gov.gh/economic-data/real-sector/,0,,
2002-12-31,2002,,,Inflation Headline (%) Year-on-Year,19.9,real_sector,https://www.bog.gov.gh/economic-data/real-sector/,0,,
2003-01-01,2003,1,Jan,Inflation Headline (%) Year-on-Year,13.48,real_sector,https://www.bog.gov.gh/economic-data/real-sector/,0,,
2003-02-01,2003,2,Feb,Inflation Headline (%) Year-on-Year,25.48,real_sector,https://www.bog.gov.gh/economic-data/real-sector/,0,,
2003-03-01,2003,3,Mar,Inflation Headline (%) Year-on-Year,29.84,real_sector,https://www.bog.gov.gh/economic-data/real-sector/,0,,
2003-04-01,2003,4,Apr,Inflation Headline (%) Year-on-Year,29.34,real_sector,https://www.bog.gov.gh/economic-data/real-sector/,0,,
2003-05-01,2003,5,May,Inflation Headline (%) Year-on-Year,31.61,real_sector,https://www.bog.gov.gh/economic-data/real-sector/,0,,
2003-06-01,2003,6,Jun,Inflation Headline (%) Year-on-Year,32.94,real_sector,https://www.bog.gov.gh/economic-data/real-sector/,0,,
2003-07-01,2003,7,Jul,Inflation Headline (%) Year-on-Year,33.03,real_sector,https://www.bog.gov.gh/economic-data/real-sector/,0,,
2003-08-01,2003,8,Aug,Inflation Headline (%) Year-on-Year,33.58,real_sector,https://www.bog.gov.gh/economic-data/real-sector/,0,,
2003-09-01,2003,9,Sep,Inflation Headline (%) Year-on-Year,29.79,real_sector,https://www.bog.gov.gh/economic-data/real-sector/,0,,
2003-10-01,2003,10,Oct,Inflation Headline (%) Year-on-Year,33.17,real_sector,https://www.bog.gov.gh/economic-data/real-sector/,0,,
2003-11-01,2003,11,Nov,Inflation Headline (%) Year-on-Year,33.63,real_sector,https://www.bog.gov.gh/economic-data/real-sector/,0,,
2003-12-01,2003,12,Dec,Inflation Headline (%) Year-on-Year,31.27,real_sector,https://www.bog.gov.gh/economic-data/real-sector/,0,,
2003-12-31,2003,,,Inflation Headline (%) Year-on-Year,13.48,real_sector,https://www.bog.gov.gh/economic-data/real-sector/,0,,
2004-01-01,2004,1,Jan,Inflation Headline (%) Year-on-Year,28.95,real_sector,https://www.bog.gov.gh/economic-data/real-sector/,0,,
2004-02-01,2004,2,Feb,Inflation Headline (%) Year-on-Year,18.6,real_sector,https://www.bog.gov.gh/economic-data/real-sector/,0,,
2004-03-01,2004,3,Mar,Inflation Headline (%) Year-on-Year,15.62,real_sector,https://www.bog.gov.gh/economic-data/real-sector/,0,,
2004-04-01,2004,4,Apr,Inflation Headline (%) Year-on-Year,17.26,real_sector,https://www.bog.gov.gh/economic-data/real-sector/,0,,
2004-05-01,2004,5,May,Inflation Headline (%) Year-on-Year,17.62,real_sector,https://www.bog.gov.gh/economic-data/real-sector/,0,,
2004-06-01,2004,6,Jun,Inflation Headline (%) Year-on-Year,18.0,real_sector,https://www.bog.gov.gh/economic-data/real-sector/,0,,
2004-07-01,2004,7,Jul,Inflation Headline (%) Year-on-Year,15.03,real_sector,https://www.bog.gov.gh/economic-data/real-sector/,0,,
2004-08-01,2004,8,Aug,Inflation Headline (%) Year-on-Year,17.53,real_sector,https://www.bog.gov.gh/economic-data/real-sector/,0,,
2004-09-01,2004,9,Sep,Inflation Headline (%) Year-on-Year,19.64,real_sector,https://www.bog.gov.gh/economic-data/real-sector/,0,,
2004-10-01,2004,10,Oct,Inflation Headline (%) Year-on-Year,16.9,real_sector,https://www.bog.gov.gh/economic-data/real-sector/,0,,
2004-11-01,2004,11,Nov,Inflation Headline (%) Year-on-Year,16.51,real_sector,https://www.bog.gov.gh/economic-data/real-sector/,0,,
2004-12-01,2004,12,Dec,Inflation Headline (%) Year-on-Year,16.44,real_sector,https://www.bog.gov.gh/economic-data/real-sector/,0,,
2004-12-31,2004,,,Inflation Headline (%) Year-on-Year,28.95,real_sector,https://www.bog.gov.gh/economic-data/real-sector/,0,,
2005-01-01,2005,1,Jan,Inflation Headline (%) Year-on-Year,16.83,real_sector,https://www.bog.gov.gh/economic-data/real-sector/,0,,
2005-02-01,2005,2,Feb,Inflation Headline (%) Year-on-Year,16.96,real_sector,https://www.bog.gov.gh/economic-data/real-sector/,0,,
2005-03-01,2005,3,Mar,Inflation Headline (%) Year-on-Year,17.79,real_sector,https://www.bog.gov.gh/economic-data/real-sector/,0,,
2005-04-01,2005,4,Apr,Inflation Headline (%) Year-on-Year,17.14,real_sector,https://www.bog.gov.gh/economic-data/real-sector/,0,,
2005-05-01,2005,5,May,Inflation Headline (%) Year-on-Year,14.51,real_sector,https://www.bog.gov.gh/economic-data/real-sector/,0,,
2005-06-01,2005,6,Jun,Inflation Headline (%) Year-on-Year,14.05,real_sector,https://www.bog.gov.gh/economic-data/real-sector/,0,,
2005-07-01,2005,7,Jul,Inflation Headline (%) Year-on-Year,17.34,real_sector,https://www.bog.gov.gh/economic-data/real-sector/,0,,
2005-08-01,2005,8,Aug,Inflation Headline (%) Year-on-Year,13.33,real_sector,https://www.bog.gov.gh/economic-data/real-sector/,0,,
2005-09-01,2005,9,Sep,Inflation Headline (%) Year-on-Year,14.34,real_sector,https://www.bog.gov.gh/economic-data/real-sector/,0,,
2005-10-01,2005,10,Oct,Inflation Headline (%) Year-on-Year,14.92,real_sector,https://www.bog.gov.gh/economic-data/real-sector/,0,,
2005-11-01,2005,11,Nov,Inflation Headline (%) Year-on-Year,14.65,real_sector,https://www.bog.gov.gh/economic-data/real-sector/,0,,
2005-12-01,2005,12,Dec,Inflation Headline (%) Year-on-Year,13.91,real_sector,https://www.bog.gov.gh/economic-data/real-sector/,0,,
2005-12-31,2005,,,Inflation Headline (%) Year-on-Year,16.83,real_sector,https://www.bog.gov.gh/economic-data/real-sector/,0,,
2006-01-01,2006,1,Jan,Inflation Headline (%) Year-on-Year,12.76,real_sector,https://www.bog.gov.gh/economic-data/real-sector/,0,,
2006-02-01,2006,2,Feb,Inflation Headline (%) Year-on-Year,12.27,real_sector,https://www.bog.gov.gh/economic-data/real-sector/,0,,
2006-03-01,2006,3,Mar,Inflation Headline (%) Year-on-Year,11.28,real_sector,https://www.bog.gov.gh/economic-data/real-sector/,0,,
2006-04-01,2006,4,Apr,Inflation Headline (%) Year-on-Year,11.21,real_sector,https://www.bog.gov.gh/economic-data/real-sector/,0,,
2006-05-01,2006,5,May,Inflation Headline (%) Year-on-Year,11.75,real_sector,https://www.bog.gov.gh/economic-data/real-sector/,0,,
2006-06-01,2006,6,Jun,Inflation Headline (%) Year-on-Year,11.39,real_sector,https://www.bog.gov.gh/economic-data/real-sector/,0,,
2006-07-01,2006,7,Jul,Inflation Headline (%) Year-on-Year,12.91,real_sector,https://www.bog.gov.gh/economic-data/real-sector/,0,,
2006-08-01,2006,8,Aug,Inflation Headline (%) Year-on-Year,12.56,real_sector,https://www.bog.gov.gh/economic-data/real-sector/,0,,
2006-09-01,2006,9,Sep,Inflation Headline (%) Year-on-Year,11.67,real_sector,https://www.bog.gov.gh/economic-data/real-sector/,0,,
2006-10-01,2006,10,Oct,Inflation Headline (%) Year-on-Year,10.87,real_sector,https://www.bog.gov.gh/economic-data/real-sector/,0,,
2006-11-01,2006,11,Nov,Inflation Headline (%) Year-on-Year,10.7,real_sector,https://www.bog.gov.gh/economic-data/real-sector/,0,,
2006-12-01,2006,12,Dec,Inflation Headline (%) Year-on-Year,10.92,real_sector,https://www.bog.gov.gh/economic-data/real-sector/,0,,
2006-12-31,2006,,,Inflation Headline (%) Year-on-Year,12.76,real_sector,https://www.bog.gov.gh/economic-data/real-sector/,0,,
2007-01-01,2007,1,Jan,Inflation Headline (%) Year-on-Year,10.89,real_sector,https://www.bog.gov.gh/economic-data/real-sector/,0,,
2007-02-01,2007,2,Feb,Inflation Headline (%) Year-on-Year,10.42,real_sector,https://www.bog.gov.gh/economic-data/real-sector/,0,,
2007-03-01,2007,3,Mar,Inflation Headline (%) Year-on-Year,10.19,real_sector,https://www.bog.gov.gh/economic-data/real-sector/,0,,
2007-04-01,2007,4,Apr,Inflation Headline (%) Year-on-Year,10.5,real_sector,https://www.bog.gov.gh/economic-data/real-sector/,0,,
2007-05-01,2007,5,May,Inflation Headline (%) Year-on-Year,11.02,real_sector,https://www.bog.gov.gh/economic-data/real-sector/,0,,
2007-06-01,2007,6,Jun,Inflation Headline (%) Year-on-Year,10.69,real_sector,https://www.bog.gov.gh/economic-data/real-sector/,0,,
2007-07-01,2007,7,Jul,Inflation Headline (%) Year-on-Year,10.14,real_sector,https://www.bog.gov.gh/economic-data/real-sector/,0,,
2007-08-01,2007,8,Aug,Inflation Headline (%) Year-on-Year,10.41,real_sector,https://www.bog.gov.gh/economic-data/real-sector/,0,,
2007-09-01,2007,9,Sep,Inflation Headline (%) Year-on-Year,10.19,real_sector,https://www.bog.gov.gh/economic-data/real-sector/,0,,
2007-10-01,2007,10,Oct,Inflation Headline (%) Year-on-Year,10.14,real_sector,https://www.bog.gov.gh/economic-data/real-sector/,0,,
2007-11-01,2007,11,Nov,Inflation Headline (%) Year-on-Year,11.4,real_sector,https://www.bog.gov.gh/economic-data/real-sector/,0,,
2007-12-01,2007,12,Dec,Inflation Headline (%) Year-on-Year,12.75,real_sector,https://www.bog.gov.gh/economic-data/real-sector/,0,,
2007-12-31,2007,,,Inflation Headline (%) Year-on-Year,10.89,real_sector,https://www.bog.gov.gh/economic-data/real-sector/,0,,
2008-01-01,2008,1,Jan,Inflation Headline (%) Year-on-Year,12.81,real_sector,https://www.bog.gov.gh/economic-data/real-sector/,0,,
2008-02-01,2008,2,Feb,Inflation Headline (%) Year-on-Year,13.21,real_sector,https://www.bog.gov.gh/economic-data/real-sector/,0,,
2008-03-01,2008,3,Mar,Inflation Headline (%) Year-on-Year,13.79,real_sector,https://www.bog.gov.gh/economic-data/real-sector/,0,,
2008-04-01,2008,4,Apr,Inflation Headline (%) Year-on-Year,15.29,real_sector,https://www.bog.gov.gh/economic-data/real-sector/,0,,
2008-05-01,2008,5,May,Inflation Headline (%) Year-on-Year,16.88,real_sector,https://www.bog.gov.gh/economic-data/real-sector/,0,,
2008-06-01,2008,6,Jun,Inflation Headline (%) Year-on-Year,18.41,real_sector,https://www.bog.gov.gh/economic-data/real-sector/,0,,
2008-07-01,2008,7,Jul,Inflation Headline (%) Year-on-Year,18.31,real_sector,https://www.bog.gov.gh/economic-data/real-sector/,0,,
2008-08-01,2008,8,Aug,Inflation Headline (%) Year-on-Year,18.1,real_sector,https://www.bog.gov.gh/economic-data/real-sector/,0,,
2008-09-01,2008,9,Sep,Inflation Headline (%) Year-on-Year,17.89,real_sector,https://www.bog.gov.gh/economic-data/real-sector/,0,,
2008-10-01,2008,10,Oct,Inflation Headline (%) Year-on-Year,17.3,real_sector,https://www.bog.gov.gh/economic-data/real-sector/,0,,
2008-11-01,2008,11,Nov,Inflation Headline (%) Year-on-Year,17.44,real_sector,https://www.bog.gov.gh/economic-data/real-sector/,0,,
2008-12-01,2008,12,Dec,Inflation Headline (%) Year-on-Year,18.13,real_sector,https://www.bog.gov.gh/economic-data/real-sector/,0,,
2008-12-31,2008,,,Inflation Headline (%) Year-on-Year,12.81,real_sector,https://www.bog.gov.gh/economic-data/real-sector/,0,,
2009-01-01,2009,1,Jan,Inflation Headline (%) Year-on-Year,19.86,real_sector,https://www.bog.gov.gh/economic-data/real-sector/,0,,
2009-02-01,2009,2,Feb,Inflation Headline (%) Year-on-Year,20.34,real_sector,https://www.bog.gov.gh/economic-data/real-sector/,0,,
2009-03-01,2009,3,Mar,Inflation Headline (%) Year-on-Year,20.53,real_sector,https://www.bog.gov.gh/economic-data/real-sector/,0,,
2009-04-01,2009,4,Apr,Inflation Headline (%) Year-on-Year,20.56,real_sector,https://www.bog.gov.gh/economic-data/real-sector/,0,,
2009-05-01,2009,5,May,Inflation Headline (%) Year-on-Year,20.06,real_sector,https://www.bog.gov.gh/economic-data/real-sector/,0,,
2009-06-01,2009,6,Jun,Inflation Headline (%) Year-on-Year,20.74,real_sector,https://www.bog.gov.gh/economic-data/real-sector/,0,,
2009-07-01,2009,7,Jul,Inflation Headline (%) Year-on-Year,20.5,real_sector,https://www.bog.gov.gh/economic-data/real-sector/,0,,
2009-08-01,2009,8,Aug,Inflation Headline (%) Year-on-Year,19.65,real_sector,https://www.bog.gov.gh/economic-data/real-sector/,0,,
2009-09-01,2009,9,Sep,Inflation Headline (%) Year-on-Year,18.37,real_sector,https://www.bog.gov.gh/economic-data/real-sector/,0,,
2009-10-01,2009,10,Oct,Inflation Headline (%) Year-on-Year,18.04,real_sector,https://www.bog.gov.gh/economic-data/real-sector/,0,,
2009-11-01,2009,11,Nov,Inflation Headline (%) Year-on-Year,16.92,real_sector,https://www.bog.gov.gh/economic-data/real-sector/,0,,
2009-12-01,2009,12,Dec,Inflation Headline (%) Year-on-Year,15.98,real_sector,https://www.bog.gov.gh/economic-data/real-sector/,0,,
2009-12-31,2009,,,Inflation Headline (%) Year-on-Year,19.86,real_sector,https://www.bog.gov.gh/economic-data/real-sector/,0,,
2010-01-01,2010,1,Jan,Inflation Headline (%) Year-on-Year,14.8,real_sector,https://www.bog.gov.gh/economic-data/real-sector/,0,,
2010-02-01,2010,2,Feb,Inflation Headline (%) Year-on-Year,14.2,real_sector,https://www.bog.gov.gh/economic-data/real-sector/,0,,
2010-03-01,2010,3,Mar,Inflation Headline (%) Year-on-Year,13.3,real_sector,https://www.bog.gov.gh/economic-data/real-sector/,0,,
2010-04-01,2010,4,Apr,Inflation Headline (%) Year-on-Year,11.7,real_sector,https://www.bog.gov.gh/economic-data/real-sector/,0,,
2010-05-01,2010,5,May,Inflation Headline (%) Year-on-Year,10.7,real_sector,https://www.bog.gov.gh/economic-data/real-sector/,0,,
2010-06-01,2010,6,Jun,Inflation Headline (%) Year-on-Year,9.5,real_sector,https://www.bog.gov.gh/economic-data/real-sector/,0,,
2010-07-01,2010,7,Jul,Inflation Headline (%) Year-on-Year,9.5,real_sector,https://www.bog.gov.gh/economic-data/real-sector/,0,,
2010-08-01,2010,8,Aug,Inflation Headline (%) Year-on-Year,9.4,real_sector,https://www.bog.gov.gh/economic-data/real-sector/,0,,
2010-09-01,2010,9,Sep,Inflation Headline (%) Year-on-Year,9.4,real_sector,https://www.bog.gov.gh/economic-data/real-sector/,0,,
2010-10-01,2010,10,Oct,Inflation Headline (%) Year-on-Year,9.4,real_sector,https://www.bog.gov.gh/economic-data/real-sector/,0,,
2010-11-01,2010,11,Nov,Inflation Headline (%) Year-on-Year,9.1,real_sector,https://www.bog.gov.gh/economic-data/real-sector/,0,,
2010-12-01,2010,12,Dec,Inflation Headline (%) Year-on-Year,8.6,real_sector,https://www.bog.gov.gh/economic-data/real-sector/,0,,
2010-12-31,2010,,,Inflation Headline (%) Year-on-Year,14.8,real_sector,https://www.bog.gov.gh/economic-data/real-sector/,0,,
2011-01-01,2011,1,Jan,Inflation Headline (%) Year-on-Year,9.08,real_sector,https://www.bog.gov.gh/economic-data/real-sector/,0,,
2011-02-01,2011,2,Feb,Inflation Headline (%) Year-on-Year,9.16,real_sector,https://www.bog.gov.gh/economic-data/real-sector/,0,,
2011-03-01,2011,3,Mar,Inflation Headline (%) Year-on-Year,9.13,real_sector,https://www.bog.gov.gh/economic-data/real-sector/,0,,
2011-04-01,2011,4,Apr,Inflation Headline (%) Year-on-Year,9.02,real_sector,https://www.bog.gov.gh/economic-data/real-sector/,0,,
2011-05-01,2011,5,May,Inflation Headline (%) Year-on-Year,8.9,real_sector,https://www.bog.gov.gh/economic-data/real-sector/,0,,
2011-06-01,2011,6,Jun,Inflation Headline (%) Year-on-Year,8.59,real_sector,https://www.bog.gov.gh/economic-data/real-sector/,0,,
2011-07-01,2011,7,Jul,Inflation Headline (%) Year-on-Year,8.39,real_sector,https://www.bog.gov.gh/economic-data/real-sector/,0,,
2011-08-01,2011,8,Aug,Inflation Headline (%) Year-on-Year,8.41,real_sector,https://www.bog.gov.gh/economic-data/real-sector/,0,,
2011-09-01,2011,9,Sep,Inflation Headline (%) Year-on-Year,8.4,real_sector,https://www.bog.gov.gh/economic-data/real-sector/,0,,
2011-10-01,2011,10,Oct,Inflation Headline (%) Year-on-Year,8.56,real_sector,https://www.bog.gov.gh/economic-data/real-sector/,0,,
2011-11-01,2011,11,Nov,Inflation Headline (%) Year-on-Year,8.55,real_sector,https://www.bog.gov.gh/economic-data/real-sector/,0,,
2011-12-01,2011,12,Dec,Inflation Headline (%) Year-on-Year,8.58,real_sector,https://www.bog.gov.gh/economic-data/real-sector/,0,,
2011-12-31,2011,,,Inflation Headline (%) Year-on-Year,9.08,real_sector,https://www.bog.gov.gh/economic-data/real-sector/,0,,
2012-01-01,2012,1,Jan,Inflation Headline (%) Year-on-Year,8.73,real_sector,https://www.bog.gov.gh/economic-data/real-sector/,0,,
2012-02-01,2012,2,Feb,Inflation Headline (%) Year-on-Year,8.64,real_sector,https://www.bog.gov.gh/economic-data/real-sector/,0,,
2012-03-01,2012,3,Mar,Inflation Headline (%) Year-on-Year,8.78,real_sector,https://www.bog.gov.gh/economic-data/real-sector/,0,,
2012-04-01,2012,4,Apr,Inflation Headline (%) Year-on-Year,9.11,real_sector,https://www.bog.gov.gh/economic-data/real-sector/,0,,
2012-05-01,2012,5,May,Inflation Headline (%) Year-on-Year,9.34,real_sector,https://www.bog.gov.gh/economic-data/real-sector/,0,,
2012-06-01,2012,6,Jun,Inflation Headline (%) Year-on-Year,9.44,real_sector,https://www.bog.gov.gh/economic-data/real-sector/,0,,
2012-07-01,2012,7,Jul,Inflation Headline (%) Year-on-Year,9.54,real_sector,https://www.bog.gov.gh/economic-data/real-sector/,0,,
2012-08-01,2012,8,Aug,Inflation Headline (%) Year-on-Year,9.46,real_sector,https://www.bog.gov.gh/economic-data/real-sector/,0,,
2012-09-01,2012,9,Sep,Inflation Headline (%) Year-on-Year,9.43,real_sector,https://www.bog.gov.gh/economic-data/real-sector/,0,,
2012-10-01,2012,10,Oct,Inflation Headline (%) Year-on-Year,9.24,real_sector,https://www.bog.gov.gh/economic-data/real-sector/,0,,
2012-11-01,2012,11,Nov,Inflation Headline (%) Year-on-Year,9.31,real_sector,https://www.bog.gov.gh/economic-data/real-sector/,0,,
2012-12-01,2012,12,Dec,Inflation Headline (%) Year-on-Year,8.84,real_sector,https://www.bog.gov.gh/economic-data/real-sector/,0,,
2012-12-31,2012,,,Inflation Headline (%) Year-on-Year,8.73,real_sector,https://www.bog.gov.gh/economic-data/real-sector/,0,,
2013-01-01,2013,1,Jan,Inflation Headline (%) Year-on-Year,10.09,real_sector,https://www.bog.gov.gh/economic-data/real-sector/,0,,
2013-02-01,2013,2,Feb,Inflation Headline (%) Year-on-Year,10.4,real_sector,https://www.bog.gov.gh/economic-data/real-sector/,0,,
2013-03-01,2013,3,Mar,Inflation Headline (%) Year-on-Year,10.78,real_sector,https://www.bog.gov.gh/economic-data/real-sector/,0,,
2013-04-01,2013,4,Apr,Inflation Headline (%) Year-on-Year,10.87,real_sector,https://www.bog.gov.gh/economic-data/real-sector/,0,,
2013-05-01,2013,5,May,Inflation Headline (%) Year-on-Year,11.02,real_sector,https://www.bog.gov.gh/economic-data/real-sector/,0,,
2013-06-01,2013,6,Jun,Inflation Headline (%) Year-on-Year,11.63,real_sector,https://www.bog.gov.gh/economic-data/real-sector/,0,,
2013-07-01,2013,7,Jul,Inflation Headline (%) Year-on-Year,11.79,real_sector,https://www.bog.gov.gh/economic-data/real-sector/,0,,
2013-08-01,2013,8,Aug,Inflation Headline (%) Year-on-Year,11.45,real_sector,https://www.bog.gov.gh/economic-data/real-sector/,0,,
2013-09-01,2013,9,Sep,Inflation Headline (%) Year-on-Year,11.95,real_sector,https://www.bog.gov.gh/economic-data/real-sector/,0,,
2013-10-01,2013,10,Oct,Inflation Headline (%) Year-on-Year,13.09,real_sector,https://www.bog.gov.gh/economic-data/real-sector/,0,,
2013-11-01,2013,11,Nov,Inflation Headline (%) Year-on-Year,13.22,real_sector,https://www.bog.gov.gh/economic-data/real-sector/,0,,
2013-12-01,2013,12,Dec,Inflation Headline (%) Year-on-Year,13.5,real_sector,https://www.bog.gov.gh/economic-data/real-sector/,0,,
2013-12-31,2013,,,Inflation Headline (%) Year-on-Year,10.09,real_sector,https://www.bog.gov.gh/economic-data/real-sector/,0,,
2014-01-01,2014,1,Jan,Inflation Headline (%) Year-on-Year,13.8,real_sector,https://www.bog.gov.gh/economic-data/real-sector/,0,,
2014-02-01,2014,2,Feb,Inflation Headline (%) Year-on-Year,14.03,real_sector,https://www.bog.gov.gh/economic-data/real-sector/,0,,
2014-03-01,2014,3,Mar,Inflation Headline (%) Year-on-Year,14.52,real_sector,https://www.bog.gov.gh/economic-data/real-sector/,0,,
2014-04-01,2014,4,Apr,Inflation Headline (%) Year-on-Year,14.69,real_sector,https://www.bog.gov.gh/economic-data/real-sector/,0,,
2014-05-01,2014,5,May,Inflation Headline (%) Year-on-Year,14.84,real_sector,https://www.bog.gov.gh/economic-data/real-sector/,0,,
2014-06-01,2014,6,Jun,Inflation Headline (%) Year-on-Year,14.99,real_sector,https://www.bog.gov.gh/economic-data/real-sector/,0,,
2014-07-01,2014,7,Jul,Inflation Headline (%) Year-on-Year,15.32,real_sector,https://www.bog.gov.gh/economic-data/real-sector/,0,,
2014-08-01,2014,8,Aug,Inflation Headline (%) Year-on-Year,15.9,real_sector,https://www.bog.gov.gh/economic-data/real-sector/,0,,
2014-09-01,2014,9,Sep,Inflation Headline (%) Year-on-Year,16.47,real_sector,https://www.bog.gov.gh/economic-data/real-sector/,0,,
2014-10-01,2014,10,Oct,Inflation Headline (%) Year-on-Year,16.9,real_sector,https://www.bog.gov.gh/economic-data/real-sector/,0,,
2014-11-01,2014,11,Nov,Inflation Headline (%) Year-on-Year,17.05,real_sector,https://www.bog.gov.gh/economic-data/real-sector/,0,,
2014-12-01,2014,12,Dec,Inflation Headline (%) Year-on-Year,16.99,real_sector,https://www.bog.gov.gh/economic-data/real-sector/,0,,
2014-12-31,2014,,,Inflation Headline (%) Year-on-Year,13.8,real_sector,https://www.bog.gov.gh/economic-data/real-sector/,0,,
2015-01-01,2015,1,Jan,Inflation Headline (%) Year-on-Year,16.44,real_sector,https://www.bog.gov.gh/economic-data/real-sector/,0,,
2015-02-01,2015,2,Feb,Inflation Headline (%) Year-on-Year,16.5,real_sector,https://www.bog.gov.gh/economic-data/real-sector/,0,,
2015-03-01,2015,3,Mar,Inflation Headline (%) Year-on-Year,16.64,real_sector,https://www.bog.gov.gh/economic-data/real-sector/,0,,
2015-04-01,2015,4,Apr,Inflation Headline (%) Year-on-Year,16.76,real_sector,https://www.bog.gov.gh/economic-data/real-sector/,0,,
2015-05-01,2015,5,May,Inflation Headline (%) Year-on-Year,16.91,real_sector,https://www.bog.gov.gh/economic-data/real-sector/,0,,
2015-06-01,2015,6,Jun,Inflation Headline (%) Year-on-Year,17.08,real_sector,https://www.bog.gov.gh/economic-data/real-sector/,0,,
2015-07-01,2015,7,Jul,Inflation Headline (%) Year-on-Year,17.94,real_sector,https://www.bog.gov.gh/economic-data/real-sector/,0,,
2015-08-01,2015,8,Aug,Inflation Headline (%) Year-on-Year,17.3,real_sector,https://www.bog.gov.gh/economic-data/real-sector/,0,,
2015-09-01,2015,9,Sep,Inflation Headline (%) Year-on-Year,17.36,real_sector,https://www.bog.gov.gh/economic-data/real-sector/,0,,
2015-10-01,2015,10,Oct,Inflation Headline (%) Year-on-Year,17.38,real_sector,https://www.bog.gov.gh/economic-data/real-sector/,0,,
2015-11-01,2015,11,Nov,Inflation Headline (%) Year-on-Year,17.58,real_sector,https://www.bog.gov.gh/economic-data/real-sector/,0,,
2015-12-01,2015,12,Dec,Inflation Headline (%) Year-on-Year,17.7,real_sector,https://www.bog.gov.gh/economic-data/real-sector/,0,,
2015-12-31,2015,,,Inflation Headline (%) Year-on-Year,16.44,real_sector,https://www.bog.gov.gh/economic-data/real-sector/,0,,
2016-01-01,2016,1,Jan,Inflation Headline (%) Year-on-Year,19.0,real_sector,https://www.bog.gov.gh/economic-data/real-sector/,0,,
2016-02-01,2016,2,Feb,Inflation Headline (%) Year-on-Year,18.5,real_sector,https://www.bog.gov.gh/economic-data/real-sector/,0,,
2016-03-01,2016,3,Mar,Inflation Headline (%) Year-on-Year,19.2,real_sector,https://www.bog.gov.gh/economic-data/real-sector/,0,,
2016-04-01,2016,4,Apr,Inflation Headline (%) Year-on-Year,18.7,real_sector,https://www.bog.gov.gh/economic-data/real-sector/,0,,
2016-05-01,2016,5,May,Inflation Headline (%) Year-on-Year,18.9,real_sector,https://www.bog.gov.gh/economic-data/real-sector/,0,,
2016-06-01,2016,6,Jun,Inflation Headline (%) Year-on-Year,18.4,real_sector,https://www.bog.gov.gh/economic-data/real-sector/,0,,
2016-07-01,2016,7,Jul,Inflation Headline (%) Year-on-Year,16.7,real_sector,https://www.bog.gov.gh/economic-data/real-sector/,0,,
2016-08-01,2016,8,Aug,Inflation Headline (%) Year-on-Year,16.9,real_sector,https://www.bog.gov.gh/economic-data/real-sector/,0,,
2016-09-01,2016,9,Sep,Inflation Headline (%) Year-on-Year,17.2,real_sector,https://www.bog.gov.gh/economic-data/real-sector/,0,,
2016-10-01,2016,10,Oct,Inflation Headline (%) Year-on-Year,15.8,real_sector,https://www.bog.gov.gh/economic-data/real-sector/,0,,
2016-11-01,2016,11,Nov,Inflation Headline (%) Year-on-Year,15.5,real_sector,https://www.bog.gov.gh/economic-data/real-sector/,0,,
2016-12-01,2016,12,Dec,Inflation Headline (%) Year-on-Year,15.4,real_sector,https://www.bog.gov.gh/economic-data/real-sector/,0,,
2016-12-31,2016,,,Inflation Headline (%) Year-on-Year,19.0,real_sector,https://www.bog.gov.gh/economic-data/real-sector/,0,,
2017-01-01,2017,1,Jan,Inflation Headline (%) Year-on-Year,13.3,real_sector,https://www.bog.gov.gh/economic-data/real-sector/,0,,
2017-02-01,2017,2,Feb,Inflation Headline (%) Year-on-Year,13.2,real_sector,https://www.bog.gov.gh/economic-data/real-sector/,0,,
2017-03-01,2017,3,Mar,Inflation Headline (%) Year-on-Year,12.8,real_sector,https://www.bog.gov.gh/economic-data/real-sector/,0,,
2017-04-01,2017,4,Apr,Inflation Headline (%) Year-on-Year,13.0,real_sector,https://www.bog.gov.gh/economic-data/real-sector/,0,,
2017-05-01,2017,5,May,Inflation Headline (%) Year-on-Year,12.6,real_sector,https://www.bog.gov.gh/economic-data/real-sector/,0,,
2017-06-01,2017,6,Jun,Inflation Headline (%) Year-on-Year,12.1,real_sector,https://www.bog.gov.gh/economic-data/real-sector/,0,,
2017-07-01,2017,7,Jul,Inflation Headline (%) Year-on-Year,11.9,real_sector,https://www.bog.gov.gh/economic-data/real-sector/,0,,
2017-08-01,2017,8,Aug,Inflation Headline (%) Year-on-Year,12.3,real_sector,https://www.bog.gov.gh/economic-data/real-sector/,0,,
2017-09-01,2017,9,Sep,Inflation Headline (%) Year-on-Year,12.2,real_sector,https://www.bog.gov.gh/economic-data/real-sector/,0,,
2017-10-01,2017,10,Oct,Inflation Headline (%) Year-on-Year,11.6,real_sector,https://www.bog.gov.gh/economic-data/real-sector/,0,,
2017-11-01,2017,11,Nov,Inflation Headline (%) Year-on-Year,11.7,real_sector,https://www.bog.gov.gh/economic-data/real-sector/,0,,
2017-12-01,2017,12,Dec,Inflation Headline (%) Year-on-Year,11.8,real_sector,https://www.bog.gov.gh/economic-data/real-sector/,0,,
2017-12-31,2017,,,Inflation Headline (%) Year-on-Year,13.3,real_sector,https://www.bog.gov.gh/economic-data/real-sector/,0,,
2018-01-01,2018,1,Jan,Inflation Headline (%) Year-on-Year,10.35,real_sector,https://www.bog.gov.gh/economic-data/real-sector/,0,,
2018-02-01,2018,2,Feb,Inflation Headline (%) Year-on-Year,10.58,real_sector,https://www.bog.gov.gh/economic-data/real-sector/,0,,
2018-03-01,2018,3,Mar,Inflation Headline (%) Year-on-Year,10.36,real_sector,https://www.bog.gov.gh/economic-data/real-sector/,0,,
2018-04-01,2018,4,Apr,Inflation Headline (%) Year-on-Year,9.55,real_sector,https://www.bog.gov.gh/economic-data/real-sector/,0,,
2018-05-01,2018,5,May,Inflation Headline (%) Year-on-Year,9.81,real_sector,https://www.bog.gov.gh/economic-data/real-sector/,0,,
2018-06-01,2018,6,Jun,Inflation Headline (%) Year-on-Year,9.97,real_sector,https://www.bog.gov.gh/economic-data/real-sector/,0,,
2018-07-01,2018,7,Jul,Inflation Headline (%) Year-on-Year,9.63,real_sector,https://www.bog.gov.gh/economic-data/real-sector/,0,,
2018-08-01,2018,8,Aug,Inflation Headline (%) Year-on-Year,9.86,real_sector,https://www.bog.gov.gh/economic-data/real-sector/,0,,
2018-09-01,2018,9,Sep,Inflation Headline (%) Year-on-Year,9.79,real_sector,https://www.bog.gov.gh/economic-data/real-sector/,0,,
2018-10-01,2018,10,Oct,Inflation Headline (%) Year-on-Year,9.52,real_sector,https://www.bog.gov.gh/economic-data/real-sector/,0,,
2018-11-01,2018,11,Nov,Inflation Headline (%) Year-on-Year,9.34,real_sector,https://www.bog.gov.gh/economic-data/real-sector/,0,,
2018-12-01,2018,12,Dec,Inflation Headline (%) Year-on-Year,9.43,real_sector,https://www.bog.gov.gh/economic-data/real-sector/,0,,
2018-12-31,2018,,,Inflation Headline (%) Year-on-Year,10.35,real_sector,https://www.bog.gov.gh/economic-data/real-sector/,0,,
2019-01-01,2019,1,Jan,Inflation Headline (%) Year-on-Year,9.01,real_sector,https://www.bog.gov.gh/economic-data/real-sector/,0,,
2019-02-01,2019,2,Feb,Inflation Headline (%) Year-on-Year,9.17,real_sector,https://www.bog.gov.gh/economic-data/real-sector/,0,,
2019-03-01,2019,3,Mar,Inflation Headline (%) Year-on-Year,9.28,real_sector,https://www.bog.gov.gh/economic-data/real-sector/,0,,
2019-04-01,2019,4,Apr,Inflation Headline (%) Year-on-Year,9.47,real_sector,https://www.bog.gov.gh/economic-data/real-sector/,0,,
2019-05-01,2019,5,May,Inflation Headline (%) Year-on-Year,9.41,real_sector,https://www.bog.gov.gh/economic-data/real-sector/,0,,
2019-06-01,2019,6,Jun,Inflation Headline (%) Year-on-Year,9.12,real_sector,https://www.bog.gov.gh/economic-data/real-sector/,0,,
2019-07-01,2019,7,Jul,Inflation Headline (%) Year-on-Year,9.44,real_sector,https://www.bog.gov.gh/economic-data/real-sector/,0,,
2019-08-01,2019,8,Aug,Inflation Headline (%) Year-on-Year,7.8,real_sector,https://www.bog.gov.gh/economic-data/real-sector/,0,,
2019-09-01,2019,9,Sep,Inflation Headline (%) Year-on-Year,7.6,real_sector,https://www.bog.gov.gh/economic-data/real-sector/,0,,
2019-10-01,2019,10,Oct,Inflation Headline (%) Year-on-Year,7.7,real_sector,https://www.bog.gov.gh/economic-data/real-sector/,0,,
2019-11-01,2019,11,Nov,Inflation Headline (%) Year-on-Year,8.2,real_sector,https://www.bog.gov.gh/economic-data/real-sector/,0,,
2019-12-01,2019,12,Dec,Inflation Headline (%) Year-on-Year,7.9,real_sector,https://www.bog.gov.gh/economic-data/real-sector/,0,,
2019-12-31,2019,,,Inflation Headline (%) Year-on-Year,9.01,real_sector,https://www.bog.gov.gh/economic-data/real-sector/,0,,
2020-01-01,2020,1,Jan,Inflation Headline (%) Year-on-Year,7.8,real_sector,https://www.bog.gov.gh/economic-data/real-sector/,0,,
2020-02-01,2020,2,Feb,Inflation Headline (%) Year-on-Year,7.8,real_sector,https://www.bog.gov.gh/economic-data/real-sector/,0,,
2020-03-01,2020,3,Mar,Inflation Headline (%) Year-on-Year,7.8,real_sector,https://www.bog.gov.gh/economic-data/real-sector/,0,,
2020-04-01,2020,4,Apr,Inflation Headline (%) Year-on-Year,10.6,real_sector,https://www.bog.gov.gh/economic-data/real-sector/,0,,
2020-05-01,2020,5,May,Inflation Headline (%) Year-on-Year,11.3,real_sector,https://www.bog.gov.gh/economic-data/real-sector/,0,,
2020-06-01,2020,6,Jun,Inflation Headline (%) Year-on-Year,11.2,real_sector,https://www.bog.gov.gh/economic-data/real-sector/,0,,
2020-07-01,2020,7,Jul,Inflation Headline (%) Year-on-Year,11.4,real_sector,https://www.bog.gov.gh/economic-data/real-sector/,0,,
2020-08-01,2020,8,Aug,Inflation Headline (%) Year-on-Year,10.5,real_sector,https://www.bog.gov.gh/economic-data/real-sector/,0,,
2020-09-01,2020,9,Sep,Inflation Headline (%) Year-on-Year,10.4,real_sector,https://www.bog.gov.gh/economic-data/real-sector/,0,,
2020-10-01,2020,10,Oct,Inflation Headline (%) Year-on-Year,10.1,real_sector,https://www.bog.gov.gh/economic-data/real-sector/,0,,
2020-11-01,2020,11,Nov,Inflation Headline (%) Year-on-Year,9.8,real_sector,https://www.bog.gov.gh/economic-data/real-sector/,0,,
2020-12-01,2020,12,Dec,Inflation Headline (%) Year-on-Year,10.4,real_sector,https://www.bog.gov.gh/economic-data/real-sector/,0,,
2020-12-31,2020,,,Inflation Headline (%) Year-on-Year,7.8,real_sector,https://www.bog.gov.gh/economic-data/real-sector/,0,,
2021-01-01,2021,1,Jan,Inflation Headline (%) Year-on-Year,9.9,real_sector,https://www.bog.gov.gh/economic-data/real-sector/,0,,
2021-02-01,2021,2,Feb,Inflation Headline (%) Year-on-Year,10.3,real_sector,https://www.bog.gov.gh/economic-data/real-sector/,0,,
2021-03-01,2021,3,Mar,Inflation Headline (%) Year-on-Year,10.3,real_sector,https://www.bog.gov.gh/economic-data/real-sector/,0,,
2021-04-01,2021,4,Apr,Inflation Headline (%) Year-on-Year,8.5,real_sector,https://www.bog.gov.gh/economic-data/real-sector/,0,,
2021-05-01,2021,5,May,Inflation Headline (%) Year-on-Year,7.5,real_sector,https://www.bog.gov.gh/economic-data/real-sector/,0,,
2021-06-01,2021,6,Jun,Inflation Headline (%) Year-on-Year,7.8,real_sector,https://www.bog.gov.gh/economic-data/real-sector/,0,,
2021-07-01,2021,7,Jul,Inflation Headline (%) Year-on-Year,9.0,real_sector,https://www.bog.gov.gh/economic-data/real-sector/,0,,
2021-08-01,2021,8,Aug,Inflation Headline (%) Year-on-Year,9.7,real_sector,https://www.bog.gov.gh/economic-data/real-sector/,0,,
2021-09-01,2021,9,Sep,Inflation Headline (%) Year-on-Year,10.6,real_sector,https://www.bog.gov.gh/economic-data/real-sector/,0,,
2021-10-01,2021,10,Oct,Inflation Headline (%) Year-on-Year,11.0,real_sector,https://www.bog.gov.gh/economic-data/real-sector/,0,,
2021-11-01,2021,11,Nov,Inflation Headline (%) Year-on-Year,12.2,real_sector,https://www.bog.gov.gh/economic-data/real-sector/,0,,
2021-12-01,2021,12,Dec,Inflation Headline (%) Year-on-Year,12.6,real_sector,https://www.bog.gov.gh/economic-data/real-sector/,0,,
2021-12-31,2021,,,Inflation Headline (%) Year-on-Year,9.9,real_sector,https://www.bog.gov.gh/economic-data/real-sector/,0,,
2022-01-01,2022,1,Jan,Inflation Headline (%) Year-on-Year,13.9,real_sector,https://www.bog.gov.gh/economic-data/real-sector/,0,,
2022-02-01,2022,2,Feb,Inflation Headline (%) Year-on-Year,15.7,real_sector,https://www.bog.gov.gh/economic-data/real-sector/,0,,
2022-03-01,2022,3,Mar,Inflation Headline (%) Year-on-Year,19.4,real_sector,https://www.bog.gov.gh/economic-data/real-sector/,0,,
2022-04-01,2022,4,Apr,Inflation Headline (%) Year-on-Year,23.4,real_sector,https://www.bog.gov.gh/economic-data/real-sector/,0,,
2022-05-01,2022,5,May,Inflation Headline (%) Year-on-Year,27.6,real_sector,https://www.bog.gov.gh/economic-data/real-sector/,0,,
2022-06-01,2022,6,Jun,Inflation Headline (%) Year-on-Year,29.8,real_sector,https://www.bog.gov.gh/economic-data/real-sector/,0,,
2022-07-01,2022,7,Jul,Inflation Headline (%) Year-on-Year,31.7,real_sector,https://www.bog.gov.gh/economic-data/real-sector/,0,,
2022-08-01,2022,8,Aug,Inflation Headline (%) Year-on-Year,33.9,real_sector,https://www.bog.gov.gh/economic-data/real-sector/,0,,
2022-09-01,2022,9,Sep,Inflation Headline (%) Year-on-Year,37.2,real_sector,https://www.bog.gov.gh/economic-data/real-sector/,0,,
2022-10-01,2022,10,Oct,Inflation Headline (%) Year-on-Year,40.4,real_sector,https://www.bog.gov.gh/economic-data/real-sector/,0,,
2022-11-01,2022,11,Nov,Inflation Headline (%) Year-on-Year,50.3,real_sector,https://www.bog.gov.gh/economic-data/real-sector/,0,,
2022-12-01,2022,12,Dec,Inflation Headline (%) Year-on-Year,54.1,real_sector,https://www.bog.gov.gh/economic-data/real-sector/,0,,
2022-12-31,2022,,,Inflation Headline (%) Year-on-Year,13.9,real_sector,https://www.bog.gov.gh/economic-data/real-sector/,0,,
2023-01-01,2023,1,Jan,Inflation Headline (%) Year-on-Year,53.6,real_sector,https://www.bog.gov.gh/economic-data/real-sector/,0,,
2023-02-01,2023,2,Feb,Inflation Headline (%) Year-on-Year,52.8,real_sector,https://www.bog.gov.gh/economic-data/real-sector/,0,,
2023-03-01,2023,3,Mar,Inflation Headline (%) Year-on-Year,45.0,real_sector,https://www.bog.gov.gh/economic-data/real-sector/,0,,
2023-04-01,2023,4,Apr,Inflation Headline (%) Year-on-Year,41.2,real_sector,https://www.bog.gov.gh/economic-data/real-sector/,0,,
2023-05-01,2023,5,May,Inflation Headline (%) Year-on-Year,0.0,real_sector,https://www.bog.gov.gh/economic-data/real-sector/,0,,
2023-06-01,2023,6,Jun,Inflation Headline (%) Year-on-Year,0.0,real_sector,https://www.bog.gov.gh/economic-data/real-sector/,0,,
2023-07-01,2023,7,Jul,Inflation Headline (%) Year-on-Year,0.0,real_sector,https://www.bog.gov.gh/economic-data/real-sector/,0,,
2023-08-01,2023,8,Aug,Inflation Headline (%) Year-on-Year,0.0,real_sector,https://www.bog.gov.gh/economic-data/real-sector/,0,,
2023-09-01,2023,9,Sep,Inflation Headline (%) Year-on-Year,0.0,real_sector,https://www.bog.gov.gh/economic-data/real-sector/,0,,
2023-10-01,2023,10,Oct,Inflation Headline (%) Year-on-Year,0.0,real_sector,https://www.bog.gov.gh/economic-data/real-sector/,0,,
2023-11-01,2023,11,Nov,Inflation Headline (%) Year-on-Year,0.0,real_sector,https://www.bog.gov.gh/economic-data/real-sector/,0,,
2023-12-01,2023,12,Dec,Inflation Headline (%) Year-on-Year,0.0,real_sector,https://www.bog.gov.gh/economic-data/real-sector/,0,,
2023-12-31,2023,,,Inflation Headline (%) Year-on-Year,53.6,real_sector,https://www.bog.gov.gh/economic-data/real-sector/,0,,
2013-01-01,2013,1,Jan,Inflation_Core (Adjusted for Energy & Utility) (%) Year-on-Year,9.68,real_sector,https://www.bog.gov.gh/economic-data/real-sector/,0,,
2013-02-01,2013,2,Feb,Inflation_Core (Adjusted for Energy & Utility) (%) Year-on-Year,9.75,real_sector,https://www.bog.gov.gh/economic-data/real-sector/,0,,
2013-03-01,2013,3,Mar,Inflation_Core (Adjusted for Energy & Utility) (%) Year-on-Year,10.21,real_sector,https://www.bog.gov.gh/economic-data/real-sector/,0,,
2013-04-01,2013,4,Apr,Inflation_Core (Adjusted for Energy & Utility) (%) Year-on-Year,10.36,real_sector,https://www.bog.gov.gh/economic-data/real-sector/,0,,
2013-05-01,2013,5,May,Inflation_Core (Adjusted for Energy & Utility) (%) Year-on-Year,10.68,real_sector,https://www.bog.gov.gh/economic-data/real-sector/,0,,
2013-06-01,2013,6,Jun,Inflation_Core (Adjusted for Energy & Utility) (%) Year-on-Year,11.43,real_sector,https://www.bog.gov.gh/economic-data/real-sector/,0,,
2013-07-01,2013,7,Jul,Inflation_Core (Adjusted for Energy & Utility) (%) Year-on-Year,11.49,real_sector,https://www.bog.gov.gh/economic-data/real-sector/,0,,
2013-08-01,2013,8,Aug,Inflation_Core (Adjusted for Energy & Utility) (%) Year-on-Year,11.32,real_sector,https://www.bog.gov.gh/economic-data/real-sector/,0,,
2013-09-01,2013,9,Sep,Inflation_Core (Adjusted for Energy & Utility) (%) Year-on-Year,12.25,real_sector,https://www.bog.gov.gh/economic-data/real-sector/,0,,
2013-10-01,2013,10,Oct,Inflation_Core (Adjusted for Energy & Utility) (%) Year-on-Year,11.49,real_sector,https://www.bog.gov.gh/economic-data/real-sector/,0,,
2013-11-01,2013,11,Nov,Inflation_Core (Adjusted for Energy & Utility) (%) Year-on-Year,11.44,real_sector,https://www.bog.gov.gh/economic-data/real-sector/,0,,
2013-12-01,2013,12,Dec,Inflation_Core (Adjusted for Energy & Utility) (%) Year-on-Year,11.21,real_sector,https://www.bog.gov.gh/economic-data/real-sector/,0,,
2013-12-31,2013,,,Inflation_Core (Adjusted for Energy & Utility) (%) Year-on-Year,9.68,real_sector,https://www.bog.gov.gh/economic-data/real-sector/,0,,
2014-01-01,2014,1,Jan,Inflation_Core (Adjusted for Energy & Utility) (%) Year-on-Year,10.67,real_sector,https://www.bog.gov.gh/economic-data/real-sector/,0,,
2014-02-01,2014,2,Feb,Inflation_Core (Adjusted for Energy & Utility) (%) Year-on-Year,11.24,real_sector,https://www.bog.gov.gh/economic-data/real-sector/,0,,
2014-03-01,2014,3,Mar,Inflation_Core (Adjusted for Energy & Utility) (%) Year-on-Year,11.1,real_sector,https://www.bog.gov.gh/economic-data/real-sector/,0,,
2014-04-01,2014,4,Apr,Inflation_Core (Adjusted for Energy & Utility) (%) Year-on-Year,11.0,real_sector,https://www.bog.gov.gh/economic-data/real-sector/,0,,
2014-05-01,2014,5,May,Inflation_Core (Adjusted for Energy & Utility) (%) Year-on-Year,11.12,real_sector,https://www.bog.gov.gh/economic-data/real-sector/,0,,
2014-06-01,2014,6,Jun,Inflation_Core (Adjusted for Energy & Utility) (%) Year-on-Year,10.92,real_sector,https://www.bog.gov.gh/economic-data/real-sector/,0,,
2014-07-01,2014,7,Jul,Inflation_Core (Adjusted for Energy & Utility) (%) Year-on-Year,10.09,real_sector,https://www.bog.gov.gh/economic-data/real-sector/,0,,
2014-08-01,2014,8,Aug,Inflation_Core (Adjusted for Energy & Utility) (%) Year-on-Year,10.85,real_sector,https://www.bog.gov.gh/economic-data/real-sector/,0,,
2014-09-01,2014,9,Sep,Inflation_Core (Adjusted for Energy & Utility) (%) Year-on-Year,10.55,real_sector,https://www.bog.gov.gh/economic-data/real-sector/,0,,
2014-10-01,2014,10,Oct,Inflation_Core (Adjusted for Energy & Utility) (%) Year-on-Year,13.26,real_sector,https://www.bog.gov.gh/economic-data/real-sector/,0,,
2014-11-01,2014,11,Nov,Inflation_Core (Adjusted for Energy & Utility) (%) Year-on-Year,13.42,real_sector,https://www.bog.gov.gh/economic-data/real-sector/,0,,
2014-12-01,2014,12,Dec,Inflation_Core (Adjusted for Energy & Utility) (%) Year-on-Year,13.78,real_sector,https://www.bog.gov.gh/economic-data/real-sector/,0,,
2014-12-31,2014,,,Inflation_Core (Adjusted for Energy & Utility) (%) Year-on-Year,10.67,real_sector,https://www.bog.gov.gh/economic-data/real-sector/,0,,
2015-01-01,2015,1,Jan,Inflation_Core (Adjusted for Energy & Utility) (%) Year-on-Year,14.69,real_sector,https://www.bog.gov.gh/economic-data/real-sector/,0,,
2015-02-01,2015,2,Feb,Inflation_Core (Adjusted for Energy & Utility) (%) Year-on-Year,14.75,real_sector,https://www.bog.gov.gh/economic-data/real-sector/,0,,
2015-03-01,2015,3,Mar,Inflation_Core (Adjusted for Energy & Utility) (%) Year-on-Year,15.58,real_sector,https://www.bog.gov.gh/economic-data/real-sector/,0,,
2015-04-01,2015,4,Apr,Inflation_Core (Adjusted for Energy & Utility) (%) Year-on-Year,16.0,real_sector,https://www.bog.gov.gh/economic-data/real-sector/,0,,
2015-05-01,2015,5,May,Inflation_Core (Adjusted for Energy & Utility) (%) Year-on-Year,16.16,real_sector,https://www.bog.gov.gh/economic-data/real-sector/,0,,
2015-06-01,2015,6,Jun,Inflation_Core (Adjusted for Energy & Utility) (%) Year-on-Year,16.03,real_sector,https://www.bog.gov.gh/economic-data/real-sector/,0,,
2015-07-01,2015,7,Jul,Inflation_Core (Adjusted for Energy & Utility) (%) Year-on-Year,16.67,real_sector,https://www.bog.gov.gh/economic-data/real-sector/,0,,
2015-08-01,2015,8,Aug,Inflation_Core (Adjusted for Energy & Utility) (%) Year-on-Year,17.05,real_sector,https://www.bog.gov.gh/economic-data/real-sector/,0,,
2015-09-01,2015,9,Sep,Inflation_Core (Adjusted for Energy & Utility) (%) Year-on-Year,17.9,real_sector,https://www.bog.gov.gh/economic-data/real-sector/,0,,
2015-10-01,2015,10,Oct,Inflation_Core (Adjusted for Energy & Utility) (%) Year-on-Year,18.1,real_sector,https://www.bog.gov.gh/economic-data/real-sector/,0,,
2015-11-01,2015,11,Nov,Inflation_Core (Adjusted for Energy & Utility) (%) Year-on-Year,18.3,real_sector,https://www.bog.gov.gh/economic-data/real-sector/,0,,
2015-12-01,2015,12,Dec,Inflation_Core (Adjusted for Energy & Utility) (%) Year-on-Year,18.6,real_sector,https://www.bog.gov.gh/economic-data/real-sector/,0,,
2015-12-31,2015,,,Inflation_Core (Adjusted for Energy & Utility) (%) Year-on-Year,14.69,real_sector,https://www.bog.gov.gh/economic-data/real-sector/,0,,
2016-01-01,2016,1,Jan,Inflation_Core (Adjusted for Energy & Utility) (%) Year-on-Year,17.6,real_sector,https://www.bog.gov.gh/economic-data/real-sector/,0,,
2016-02-01,2016,2,Feb,Inflation_Core (Adjusted for Energy & Utility) (%) Year-on-Year,17.2,real_sector,https://www.bog.gov.gh/economic-data/real-sector/,0,,
2016-03-01,2016,3,Mar,Inflation_Core (Adjusted for Energy & Utility) (%) Year-on-Year,18.11,real_sector,https://www.bog.gov.gh/economic-data/real-sector/,0,,
2016-04-01,2016,4,Apr,Inflation_Core (Adjusted for Energy & Utility) (%) Year-on-Year,17.72,real_sector,https://www.bog.gov.gh/economic-data/real-sector/,0,,
2016-05-01,2016,5,May,Inflation_Core (Adjusted for Energy & Utility) (%) Year-on-Year,17.87,real_sector,https://www.bog.gov.gh/economic-data/real-sector/,0,,
2016-06-01,2016,6,Jun,Inflation_Core (Adjusted for Energy & Utility) (%) Year-on-Year,17.9,real_sector,https://www.bog.gov.gh/economic-data/real-sector/,0,,
2016-07-01,2016,7,Jul,Inflation_Core (Adjusted for Energy & Utility) (%) Year-on-Year,17.83,real_sector,https://www.bog.gov.gh/economic-data/real-sector/,0,,
2016-08-01,2016,8,Aug,Inflation_Core (Adjusted for Energy & Utility) (%) Year-on-Year,16.6,real_sector,https://www.bog.gov.gh/economic-data/real-sector/,0,,
2016-09-01,2016,9,Sep,Inflation_Core (Adjusted for Energy & Utility) (%) Year-on-Year,16.9,real_sector,https://www.bog.gov.gh/economic-data/real-sector/,0,,
2016-10-01,2016,10,Oct,Inflation_Core (Adjusted for Energy & Utility) (%) Year-on-Year,15.2,real_sector,https://www.bog.gov.gh/economic-data/real-sector/,0,,
2016-11-01,2016,11,Nov,Inflation_Core (Adjusted for Energy & Utility) (%) Year-on-Year,14.7,real_sector,https://www.bog.gov.gh/economic-data/real-sector/,0,,
2016-12-01,2016,12,Dec,Inflation_Core (Adjusted for Energy & Utility) (%) Year-on-Year,14.6,real_sector,https://www.bog.gov.gh/economic-data/real-sector/,0,,
2016-12-31,2016,,,Inflation_Core (Adjusted for Energy & Utility) (%) Year-on-Year,17.6,real_sector,https://www.bog.gov.gh/economic-data/real-sector/,0,,
2017-01-01,2017,1,Jan,Inflation_Core (Adjusted for Energy & Utility) (%) Year-on-Year,14.5,real_sector,https://www.bog.gov.gh/economic-data/real-sector/,0,,
2017-02-01,2017,2,Feb,Inflation_Core (Adjusted for Energy & Utility) (%) Year-on-Year,14.0,real_sector,https://www.bog.gov.gh/economic-data/real-sector/,0,,
2017-03-01,2017,3,Mar,Inflation_Core (Adjusted for Energy & Utility) (%) Year-on-Year,13.4,real_sector,https://www.bog.gov.gh/economic-data/real-sector/,0,,
2017-04-01,2017,4,Apr,Inflation_Core (Adjusted for Energy & Utility) (%) Year-on-Year,13.7,real_sector,https://www.bog.gov.gh/economic-data/real-sector/,0,,
2017-05-01,2017,5,May,Inflation_Core (Adjusted for Energy & Utility) (%) Year-on-Year,13.3,real_sector,https://www.bog.gov.gh/economic-data/real-sector/,0,,
2017-06-01,2017,6,Jun,Inflation_Core (Adjusted for Energy & Utility) (%) Year-on-Year,12.8,real_sector,https://www.bog.gov.gh/economic-data/real-sector/,0,,
2017-07-01,2017,7,Jul,Inflation_Core (Adjusted for Energy & Utility) (%) Year-on-Year,12.64,real_sector,https://www.bog.gov.gh/economic-data/real-sector/,0,,
2017-08-01,2017,8,Aug,Inflation_Core (Adjusted for Energy & Utility) (%) Year-on-Year,13.13,real_sector,https://www.bog.gov.gh/economic-data/real-sector/,0,,
2017-09-01,2017,9,Sep,Inflation_Core (Adjusted for Energy & Utility) (%) Year-on-Year,12.8,real_sector,https://www.bog.gov.gh/economic-data/real-sector/,0,,
2017-10-01,2017,10,Oct,Inflation_Core (Adjusted for Energy & Utility) (%) Year-on-Year,12.3,real_sector,https://www.bog.gov.gh/economic-data/real-sector/,0,,
2017-11-01,2017,11,Nov,Inflation_Core (Adjusted for Energy & Utility) (%) Year-on-Year,12.5,real_sector,https://www.bog.gov.gh/economic-data/real-sector/,0,,
2017-12-01,2017,12,Dec,Inflation_Core (Adjusted for Energy & Utility) (%) Year-on-Year,12.6,real_sector,https://www.bog.gov.gh/economic-data/real-sector/,0,,
2017-12-31,2017,,,Inflation_Core (Adjusted for Energy & Utility) (%) Year-on-Year,14.5,real_sector,https://www.bog.gov.gh/economic-data/real-sector/,0,,
2018-01-01,2018,1,Jan,Inflation_Core (Adjusted for Energy & Utility) (%) Year-on-Year,11.1,real_sector,https://www.bog.gov.gh/economic-data/real-sector/,0,,
2018-02-01,2018,2,Feb,Inflation_Core (Adjusted for Energy & Utility) (%) Year-on-Year,11.3,real_sector,https://www.bog.gov.gh/economic-data/real-sector/,0,,
2018-03-01,2018,3,Mar,Inflation_Core (Adjusted for Energy & Utility) (%) Year-on-Year,11.1,real_sector,https://www.bog.gov.gh/economic-data/real-sector/,0,,
2018-04-01,2018,4,Apr,Inflation_Core (Adjusted for Energy & Utility) (%) Year-on-Year,10.4,real_sector,https://www.bog.gov.gh/economic-data/real-sector/,0,,
2018-05-01,2018,5,May,Inflation_Core (Adjusted for Energy & Utility) (%) Year-on-Year,10.7,real_sector,https://www.bog.gov.gh/economic-data/real-sector/,0,,
2018-06-01,2018,6,Jun,Inflation_Core (Adjusted for Energy & Utility) (%) Year-on-Year,10.97,real_sector,https://www.bog.gov.gh/economic-data/real-sector/,0,,
2018-07-01,2018,7,Jul,Inflation_Core (Adjusted for Energy & Utility) (%) Year-on-Year,10.56,real_sector,https://www.bog.gov.gh/economic-data/real-sector/,0,,
2018-08-01,2018,8,Aug,Inflation_Core (Adjusted for Energy & Utility) (%) Year-on-Year,10.8,real_sector,https://www.bog.gov.gh/economic-data/real-sector/,0,,
2018-09-01,2018,9,Sep,Inflation_Core (Adjusted for Energy & Utility) (%) Year-on-Year,10.8,real_sector,https://www.bog.gov.gh/economic-data/real-sector/,0,,
2018-10-01,2018,10,Oct,Inflation_Core (Adjusted for Energy & Utility) (%) Year-on-Year,10.5,real_sector,https://www.bog.gov.gh/economic-data/real-sector/,0,,
2018-11-01,2018,11,Nov,Inflation_Core (Adjusted for Energy & Utility) (%) Year-on-Year,10.3,real_sector,https://www.bog.gov.gh/economic-data/real-sector/,0,,
2018-12-01,2018,12,Dec,Inflation_Core (Adjusted for Energy & Utility) (%) Year-on-Year,10.4,real_sector,https://www.bog.gov.gh/economic-data/real-sector/,0,,
2018-12-31,2018,,,Inflation_Core (Adjusted for Energy & Utility) (%) Year-on-Year,11.1,real_sector,https://www.bog.gov.gh/economic-data/real-sector/,0,,
2019-01-01,2019,1,Jan,Inflation_Core (Adjusted for Energy & Utility) (%) Year-on-Year,5.53,real_sector,https://www.bog.gov.gh/economic-data/real-sector/,0,,
2019-02-01,2019,2,Feb,Inflation_Core (Adjusted for Energy & Utility) (%) Year-on-Year,5.73,real_sector,https://www.bog.gov.gh/economic-data/real-sector/,0,,
2019-03-01,2019,3,Mar,Inflation_Core (Adjusted for Energy & Utility) (%) Year-on-Year,6.16,real_sector,https://www.bog.gov.gh/economic-data/real-sector/,0,,
2019-04-01,2019,4,Apr,Inflation_Core (Adjusted for Energy & Utility) (%) Year-on-Year,6.12,real_sector,https://www.bog.gov.gh/economic-data/real-sector/,0,,
2019-05-01,2019,5,May,Inflation_Core (Adjusted for Energy & Utility) (%) Year-on-Year,6.74,real_sector,https://www.bog.gov.gh/economic-data/real-sector/,0,,
2019-06-01,2019,6,Jun,Inflation_Core (Adjusted for Energy & Utility) (%) Year-on-Year,7.23,real_sector,https://www.bog.gov.gh/economic-data/real-sector/,0,,
2019-07-01,2019,7,Jul,Inflation_Core (Adjusted for Energy & Utility) (%) Year-on-Year,7.08,real_sector,https://www.bog.gov.gh/economic-data/real-sector/,0,,
2019-08-01,2019,8,Aug,Inflation_Core (Adjusted for Energy & Utility) (%) Year-on-Year,7.35,real_sector,https://www.bog.gov.gh/economic-data/real-sector/,0,,
2019-09-01,2019,9,Sep,Inflation_Core (Adjusted for Energy & Utility) (%) Year-on-Year,7.3,real_sector,https://www.bog.gov.gh/economic-data/real-sector/,0,,
2019-10-01,2019,10,Oct,Inflation_Core (Adjusted for Energy & Utility) (%) Year-on-Year,7.49,real_sector,https://www.bog.gov.gh/economic-data/real-sector/,0,,
2019-11-01,2019,11,Nov,Inflation_Core (Adjusted for Energy & Utility) (%) Year-on-Year,8.03,real_sector,https://www.bog.gov.gh/economic-data/real-sector/,0,,
2019-12-01,2019,12,Dec,Inflation_Core (Adjusted for Energy & Utility) (%) Year-on-Year,7.77,real_sector,https://www.bog.gov.gh/economic-data/real-sector/,0,,
2019-12-31,2019,,,Inflation_Core (Adjusted for Energy & Utility) (%) Year-on-Year,5.53,real_sector,https://www.bog.gov.gh/economic-data/real-sector/,0,,
2020-01-01,2020,1,Jan,Inflation_Core (Adjusted for Energy & Utility) (%) Year-on-Year,7.76,real_sector,https://www.bog.gov.gh/economic-data/real-sector/,0,,
2020-02-01,2020,2,Feb,Inflation_Core (Adjusted for Energy & Utility) (%) Year-on-Year,7.77,real_sector,https://www.bog.gov.gh/economic-data/real-sector/,0,,
2020-03-01,2020,3,Mar,Inflation_Core (Adjusted for Energy & Utility) (%) Year-on-Year,7.81,real_sector,https://www.bog.gov.gh/economic-data/real-sector/,0,,
2020-04-01,2020,4,Apr,Inflation_Core (Adjusted for Energy & Utility) (%) Year-on-Year,11.06,real_sector,https://www.bog.gov.gh/economic-data/real-sector/,0,,
2020-05-01,2020,5,May,Inflation_Core (Adjusted for Energy & Utility) (%) Year-on-Year,11.96,real_sector,https://www.bog.gov.gh/economic-data/real-sector/,0,,
2020-06-01,2020,6,Jun,Inflation_Core (Adjusted for Energy & Utility) (%) Year-on-Year,11.89,real_sector,https://www.bog.gov.gh/economic-data/real-sector/,0,,
2020-07-01,2020,7,Jul,Inflation_Core (Adjusted for Energy & Utility) (%) Year-on-Year,12.06,real_sector,https://www.bog.gov.gh/economic-data/real-sector/,0,,
2020-08-01,2020,8,Aug,Inflation_Core (Adjusted for Energy & Utility) (%) Year-on-Year,11.09,real_sector,https://www.bog.gov.gh/economic-data/real-sector/,0,,
2020-09-01,2020,9,Sep,Inflation_Core (Adjusted for Energy & Utility) (%) Year-on-Year,10.95,real_sector,https://www.bog.gov.gh/economic-data/real-sector/,0,,
2020-10-01,2020,10,Oct,Inflation_Core (Adjusted for Energy & Utility) (%) Year-on-Year,10.73,real_sector,https://www.bog.gov.gh/economic-data/real-sector/,0,,
2020-11-01,2020,11,Nov,Inflation_Core (Adjusted for Energy & Utility) (%) Year-on-Year,10.21,real_sector,https://www.bog.gov.gh/economic-data/real-sector/,0,,
2020-12-01,2020,12,Dec,Inflation_Core (Adjusted for Energy & Utility) (%) Year-on-Year,10.94,real_sector,https://www.bog.gov.gh/economic-data/real-sector/,0,,
2020-12-31,2020,,,Inflation_Core (Adjusted for Energy & Utility) (%) Year-on-Year,7.76,real_sector,https://www.bog.gov.gh/economic-data/real-sector/,0,,
2021-01-01,2021,1,Jan,Inflation_Core (Adjusted for Energy & Utility) (%) Year-on-Year,10.08,real_sector,https://www.bog.gov.gh/economic-data/real-sector/,0,,
2021-02-01,2021,2,Feb,Inflation_Core (Adjusted for Energy & Utility) (%) Year-on-Year,10.44,real_sector,https://www.bog.gov.gh/economic-data/real-sector/,0,,
2021-03-01,2021,3,Mar,Inflation_Core (Adjusted for Energy & Utility) (%) Year-on-Year,10.87,real_sector,https://www.bog.gov.gh/economic-data/real-sector/,0,,
2021-04-01,2021,4,Apr,Inflation_Core (Adjusted for Energy & Utility) (%) Year-on-Year,8.63,real_sector,https://www.bog.gov.gh/economic-data/real-sector/,0,,
2021-05-01,2021,5,May,Inflation_Core (Adjusted for Energy & Utility) (%) Year-on-Year,7.34,real_sector,https://www.bog.gov.gh/economic-data/real-sector/,0,,
2021-06-01,2021,6,Jun,Inflation_Core (Adjusted for Energy & Utility) (%) Year-on-Year,7.54,real_sector,https://www.bog.gov.gh/economic-data/real-sector/,0,,
2021-07-01,2021,7,Jul,Inflation_Core (Adjusted for Energy & Utility) (%) Year-on-Year,8.85,real_sector,https://www.bog.gov.gh/economic-data/real-sector/,0,,
2021-08-01,2021,8,Aug,Inflation_Core (Adjusted for Energy & Utility) (%) Year-on-Year,9.47,real_sector,https://www.bog.gov.gh/economic-data/real-sector/,0,,
2021-09-01,2021,9,Sep,Inflation_Core (Adjusted for Energy & Utility) (%) Year-on-Year,9.98,real_sector,https://www.bog.gov.gh/economic-data/real-sector/,0,,
2021-10-01,2021,10,Oct,Inflation_Core (Adjusted for Energy & Utility) (%) Year-on-Year,10.35,real_sector,https://www.bog.gov.gh/economic-data/real-sector/,0,,
2021-11-01,2021,11,Nov,Inflation_Core (Adjusted for Energy & Utility) (%) Year-on-Year,11.41,real_sector,https://www.bog.gov.gh/economic-data/real-sector/,0,,
2021-12-01,2021,12,Dec,Inflation_Core (Adjusted for Energy & Utility) (%) Year-on-Year,11.84,real_sector,https://www.bog.gov.gh/economic-data/real-sector/,0,,
2021-12-31,2021,,,Inflation_Core (Adjusted for Energy & Utility) (%) Year-on-Year,10.08,real_sector,https://www.bog.gov.gh/economic-data/real-sector/,0,,
2022-01-01,2022,1,Jan,Inflation_Core (Adjusted for Energy & Utility) (%) Year-on-Year,13.3,real_sector,https://www.bog.gov.gh/economic-data/real-sector/,0,,
2022-02-01,2022,2,Feb,Inflation_Core (Adjusted for Energy & Utility) (%) Year-on-Year,15.4,real_sector,https://www.bog.gov.gh/economic-data/real-sector/,0,,
2022-03-01,2022,3,Mar,Inflation_Core (Adjusted for Energy & Utility) (%) Year-on-Year,18.6,real_sector,https://www.bog.gov.gh/economic-data/real-sector/,0,,
2022-04-01,2022,4,Apr,Inflation_Core (Adjusted for Energy & Utility) (%) Year-on-Year,22.5,real_sector,https://www.bog.gov.gh/economic-data/real-sector/,0,,
2022-05-01,2022,5,May,Inflation_Core (Adjusted for Energy & Utility) (%) Year-on-Year,26.6,real_sector,https://www.bog.gov.gh/economic-data/real-sector/,0,,
2022-06-01,2022,6,Jun,Inflation_Core (Adjusted for Energy & Utility) (%) Year-on-Year,28.6,real_sector,https://www.bog.gov.gh/economic-data/real-sector/,0,,
2022-07-01,2022,7,Jul,Inflation_Core (Adjusted for Energy & Utility) (%) Year-on-Year,30.5,real_sector,https://www.bog.gov.gh/economic-data/real-sector/,0,,
2022-08-01,2022,8,Aug,Inflation_Core (Adjusted for Energy & Utility) (%) Year-on-Year,32.8,real_sector,https://www.bog.gov.gh/economic-data/real-sector/,0,,
2022-09-01,2022,9,Sep,Inflation_Core (Adjusted for Energy & Utility) (%) Year-on-Year,36.2,real_sector,https://www.bog.gov.gh/economic-data/real-sector/,0,,
2022-10-01,2022,10,Oct,Inflation_Core (Adjusted for Energy & Utility) (%) Year-on-Year,39.7,real_sector,https://www.bog.gov.gh/economic-data/real-sector/,0,,
2022-11-01,2022,11,Nov,Inflation_Core (Adjusted for Energy & Utility) (%) Year-on-Year,49.7,real_sector,https://www.bog.gov.gh/economic-data/real-sector/,0,,
2022-12-01,2022,12,Dec,Inflation_Core (Adjusted for Energy & Utility) (%) Year-on-Year,53.2,real_sector,https://www.bog.gov.gh/economic-data/real-sector/,0,,
2022-12-31,2022,,,Inflation_Core (Adjusted for Energy & Utility) (%) Year-on-Year,13.3,real_sector,https://www.bog.gov.gh/economic-data/real-sector/,0,,
2023-01-01,2023,1,Jan,Inflation_Core (Adjusted for Energy & Utility) (%) Year-on-Year,52.8,real_sector,https://www.bog.gov.gh/economic-data/real-sector/,0,,
2023-02-01,2023,2,Feb,Inflation_Core (Adjusted for Energy & Utility) (%) Year-on-Year,52.0,real_sector,https://www.bog.gov.gh/economic-data/real-sector/,0,,
2023-03-01,2023,3,Mar,Inflation_Core (Adjusted for Energy & Utility) (%) Year-on-Year,44.6,real_sector,https://www.bog.gov.gh/economic-data/real-sector/,0,,
2023-04-01,2023,4,Apr,Inflation_Core (Adjusted for Energy & Utility) (%) Year-on-Year,41.7,real_sector,https://www.bog.gov.gh/economic-data/real-sector/,0,,
2023-05-01,2023,5,May,Inflation_Core (Adjusted for Energy & Utility) (%) Year-on-Year,0.0,real_sector,https://www.bog.gov.gh/economic-data/real-sector/,0,,
2023-06-01,2023,6,Jun,Inflation_Core (Adjusted for Energy & Utility) (%) Year-on-Year,0.0,real_sector,https://www.bog.gov.gh/economic-data/real-sector/,0,,
2023-07-01,2023,7,Jul,Inflation_Core (Adjusted for Energy & Utility) (%) Year-on-Year,0.0,real_sector,https://www.bog.gov.gh/economic-data/real-sector/,0,,
2023-08-01,2023,8,Aug,Inflation_Core (Adjusted for Energy & Utility) (%) Year-on-Year,0.0,real_sector,https://www.bog.gov.gh/economic-data/real-sector/,0,,
2023-09-01,2023,9,Sep,Inflation_Core (Adjusted for Energy & Utility) (%) Year-on-Year,0.0,real_sector,https://www.bog.gov.gh/economic-data/real-sector/,0,,
2023-10-01,2023,10,Oct,Inflation_Core (Adjusted for Energy & Utility) (%) Year-on-Year,0.0,real_sector,https://www.bog.gov.gh/economic-data/real-sector/,0,,
2023-11-01,2023,11,Nov,Inflation_Core (Adjusted for Energy & Utility) (%) Year-on-Year,0.0,real_sector,https://www.bog.gov.gh/economic-data/real-sector/,0,,
2023-12-01,2023,12,Dec,Inflation_Core (Adjusted for Energy & Utility) (%) Year-on-Year,0.0,real_sector,https://www.bog.gov.gh/economic-data/real-sector/,0,,
2023-12-31,2023,,,Inflation_Core (Adjusted for Energy & Utility) (%) Year-on-Year,52.8,real_sector,https://www.bog.gov.gh/economic-data/real-sector/,0,,
2006-01-01,2006,1,Jan,Inflation_Food (%) Year-on-Year,11.69,real_sector,https://www.bog.gov.gh/economic-data/real-sector/,0,,
2006-02-01,2006,2,Feb,Inflation_Food (%) Year-on-Year,10.73,real_sector,https://www.bog.gov.gh/economic-data/real-sector/,0,,
2006-03-01,2006,3,Mar,Inflation_Food (%) Year-on-Year,10.66,real_sector,https://www.bog.gov.gh/economic-data/real-sector/,0,,
2006-04-01,2006,4,Apr,Inflation_Food (%) Year-on-Year,10.55,real_sector,https://www.bog.gov.gh/economic-data/real-sector/,0,,
2006-05-01,2006,5,May,Inflation_Food (%) Year-on-Year,11.43,real_sector,https://www.bog.gov.gh/economic-data/real-sector/,0,,
2006-06-01,2006,6,Jun,Inflation_Food (%) Year-on-Year,10.67,real_sector,https://www.bog.gov.gh/economic-data/real-sector/,0,,
2006-07-01,2006,7,Jul,Inflation_Food (%) Year-on-Year,11.84,real_sector,https://www.bog.gov.gh/economic-data/real-sector/,0,,
2006-08-01,2006,8,Aug,Inflation_Food (%) Year-on-Year,10.77,real_sector,https://www.bog.gov.gh/economic-data/real-sector/,0,,
2006-09-01,2006,9,Sep,Inflation_Food (%) Year-on-Year,8.73,real_sector,https://www.bog.gov.gh/economic-data/real-sector/,0,,
2006-10-01,2006,10,Oct,Inflation_Food (%) Year-on-Year,7.62,real_sector,https://www.bog.gov.gh/economic-data/real-sector/,0,,
2006-11-01,2006,11,Nov,Inflation_Food (%) Year-on-Year,7.08,real_sector,https://www.bog.gov.gh/economic-data/real-sector/,0,,
2006-12-01,2006,12,Dec,Inflation_Food (%) Year-on-Year,7.53,real_sector,https://www.bog.gov.gh/economic-data/real-sector/,0,,
2006-12-31,2006,,,Inflation_Food (%) Year-on-Year,11.69,real_sector,https://www.bog.gov.gh/economic-data/real-sector/,0,,
2007-01-01,2007,1,Jan,Inflation_Food (%) Year-on-Year,8.06,real_sector,https://www.bog.gov.gh/economic-data/real-sector/,0,,
2007-02-01,2007,2,Feb,Inflation_Food (%) Year-on-Year,9.49,real_sector,https://www.bog.gov.gh/economic-data/real-sector/,0,,
2007-03-01,2007,3,Mar,Inflation_Food (%) Year-on-Year,8.38,real_sector,https://www.bog.gov.gh/economic-data/real-sector/,0,,
2007-04-01,2007,4,Apr,Inflation_Food (%) Year-on-Year,9.13,real_sector,https://www.bog.gov.gh/economic-data/real-sector/,0,,
2007-05-01,2007,5,May,Inflation_Food (%) Year-on-Year,10.18,real_sector,https://www.bog.gov.gh/economic-data/real-sector/,0,,
2007-06-01,2007,6,Jun,Inflation_Food (%) Year-on-Year,9.91,real_sector,https://www.bog.gov.gh/economic-data/real-sector/,0,,
2007-07-01,2007,7,Jul,Inflation_Food (%) Year-on-Year,10.18,real_sector,https://www.bog.gov.gh/economic-data/real-sector/,0,,
2007-08-01,2007,8,Aug,Inflation_Food (%) Year-on-Year,10.03,real_sector,https://www.bog.gov.gh/economic-data/real-sector/,0,,
2007-09-01,2007,9,Sep,Inflation_Food (%) Year-on-Year,9.29,real_sector,https://www.bog.gov.gh/economic-data/real-sector/,0,,
2007-10-01,2007,10,Oct,Inflation_Food (%) Year-on-Year,8.81,real_sector,https://www.bog.gov.gh/economic-data/real-sector/,0,,
2007-11-01,2007,11,Nov,Inflation_Food (%) Year-on-Year,9.5,real_sector,https://www.bog.gov.gh/economic-data/real-sector/,0,,
2007-12-01,2007,12,Dec,Inflation_Food (%) Year-on-Year,10.51,real_sector,https://www.bog.gov.gh/economic-data/real-sector/,0,,
2007-12-31,2007,,,Inflation_Food (%) Year-on-Year,8.06,real_sector,https://www.bog.gov.gh/economic-data/real-sector/,0,,
2008-01-01,2008,1,Jan,Inflation_Food (%) Year-on-Year,10.64,real_sector,https://www.bog.gov.gh/economic-data/real-sector/,0,,
2008-02-01,2008,2,Feb,Inflation_Food (%) Year-on-Year,11.23,real_sector,https://www.bog.gov.gh/economic-data/real-sector/,0,,
2008-03-01,2008,3,Mar,Inflation_Food (%) Year-on-Year,12.95,real_sector,https://www.bog.gov.gh/economic-data/real-sector/,0,,
2008-04-01,2008,4,Apr,Inflation_Food (%) Year-on-Year,13.15,real_sector,https://www.bog.gov.gh/economic-data/real-sector/,0,,
2008-05-01,2008,5,May,Inflation_Food (%) Year-on-Year,15.84,real_sector,https://www.bog.gov.gh/economic-data/real-sector/,0,,
2008-06-01,2008,6,Jun,Inflation_Food (%) Year-on-Year,17.74,real_sector,https://www.bog.gov.gh/economic-data/real-sector/,0,,
2008-07-01,2008,7,Jul,Inflation_Food (%) Year-on-Year,17.45,real_sector,https://www.bog.gov.gh/economic-data/real-sector/,0,,
2008-08-01,2008,8,Aug,Inflation_Food (%) Year-on-Year,17.56,real_sector,https://www.bog.gov.gh/economic-data/real-sector/,0,,
2008-09-01,2008,9,Sep,Inflation_Food (%) Year-on-Year,17.0,real_sector,https://www.bog.gov.gh/economic-data/real-sector/,0,,
2008-10-01,2008,10,Oct,Inflation_Food (%) Year-on-Year,15.0,real_sector,https://www.bog.gov.gh/economic-data/real-sector/,0,,
2008-11-01,2008,11,Nov,Inflation_Food (%) Year-on-Year,15.84,real_sector,https://www.bog.gov.gh/economic-data/real-sector/,0,,
2008-12-01,2008,12,Dec,Inflation_Food (%) Year-on-Year,16.73,real_sector,https://www.bog.gov.gh/economic-data/real-sector/,0,,
2008-12-31,2008,,,Inflation_Food (%) Year-on-Year,10.64,real_sector,https://www.bog.gov.gh/economic-data/real-sector/,0,,
2009-01-01,2009,1,Jan,Inflation_Food (%) Year-on-Year,19.42,real_sector,https://www.bog.gov.gh/economic-data/real-sector/,0,,
2009-02-01,2009,2,Feb,Inflation_Food (%) Year-on-Year,18.95,real_sector,https://www.bog.gov.gh/economic-data/real-sector/,0,,
2009-03-01,2009,3,Mar,Inflation_Food (%) Year-on-Year,18.5,real_sector,https://www.bog.gov.gh/economic-data/real-sector/,0,,
2009-04-01,2009,4,Apr,Inflation_Food (%) Year-on-Year,19.32,real_sector,https://www.bog.gov.gh/economic-data/real-sector/,0,,
2009-05-01,2009,5,May,Inflation_Food (%) Year-on-Year,17.17,real_sector,https://www.bog.gov.gh/economic-data/real-sector/,0,,
2009-06-01,2009,6,Jun,Inflation_Food (%) Year-on-Year,15.54,real_sector,https://www.bog.gov.gh/economic-data/real-sector/,0,,
2009-07-01,2009,7,Jul,Inflation_Food (%) Year-on-Year,15.17,real_sector,https://www.bog.gov.gh/economic-data/real-sector/,0,,
2009-08-01,2009,8,Aug,Inflation_Food (%) Year-on-Year,14.74,real_sector,https://www.bog.gov.gh/economic-data/real-sector/,0,,
2009-09-01,2009,9,Sep,Inflation_Food (%) Year-on-Year,12.78,real_sector,https://www.bog.gov.gh/economic-data/real-sector/,0,,
2009-10-01,2009,10,Oct,Inflation_Food (%) Year-on-Year,13.53,real_sector,https://www.bog.gov.gh/economic-data/real-sector/,0,,
2009-11-01,2009,11,Nov,Inflation_Food (%) Year-on-Year,12.38,real_sector,https://www.bog.gov.gh/economic-data/real-sector/,0,,
2009-12-01,2009,12,Dec,Inflation_Food (%) Year-on-Year,11.85,real_sector,https://www.bog.gov.gh/economic-data/real-sector/,0,,
2009-12-31,2009,,,Inflation_Food (%) Year-on-Year,19.42,real_sector,https://www.bog.gov.gh/economic-data/real-sector/,0,,
2010-01-01,2010,1,Jan,Inflation_Food (%) Year-on-Year,19.42,real_sector,https://www.bog.gov.gh/economic-data/real-sector/,0,,
2010-02-01,2010,2,Feb,Inflation_Food (%) Year-on-Year,10.83,real_sector,https://www.bog.gov.gh/economic-data/real-sector/,0,,
2010-03-01,2010,3,Mar,Inflation_Food (%) Year-on-Year,9.37,real_sector,https://www.bog.gov.gh/economic-data/real-sector/,0,,
2010-04-01,2010,4,Apr,Inflation_Food (%) Year-on-Year,9.2,real_sector,https://www.bog.gov.gh/economic-data/real-sector/,0,,
2010-05-01,2010,5,May,Inflation_Food (%) Year-on-Year,8.2,real_sector,https://www.bog.gov.gh/economic-data/real-sector/,0,,
2010-06-01,2010,6,Jun,Inflation_Food (%) Year-on-Year,7.07,real_sector,https://www.bog.gov.gh/economic-data/real-sector/,0,,
2010-07-01,2010,7,Jul,Inflation_Food (%) Year-on-Year,6.34,real_sector,https://www.bog.gov.gh/economic-data/real-sector/,0,,
2010-08-01,2010,8,Aug,Inflation_Food (%) Year-on-Year,3.93,real_sector,https://www.bog.gov.gh/economic-data/real-sector/,0,,
2010-09-01,2010,9,Sep,Inflation_Food (%) Year-on-Year,1.85,real_sector,https://www.bog.gov.gh/economic-data/real-sector/,0,,
2010-10-01,2010,10,Oct,Inflation_Food (%) Year-on-Year,3.32,real_sector,https://www.bog.gov.gh/economic-data/real-sector/,0,,
2010-11-01,2010,11,Nov,Inflation_Food (%) Year-on-Year,6.1,real_sector,https://www.bog.gov.gh/economic-data/real-sector/,0,,
2010-12-01,2010,12,Dec,Inflation_Food (%) Year-on-Year,6.39,real_sector,https://www.bog.gov.gh/economic-data/real-sector/,0,,
2010-12-31,2010,,,Inflation_Food (%) Year-on-Year,19.42,real_sector,https://www.bog.gov.gh/economic-data/real-sector/,0,,
2011-01-01,2011,1,Jan,Inflation_Food (%) Year-on-Year,4.84,real_sector,https://www.bog.gov.gh/economic-data/real-sector/,0,,
2011-02-01,2011,2,Feb,Inflation_Food (%) Year-on-Year,4.59,real_sector,https://www.bog.gov.gh/economic-data/real-sector/,0,,
2011-03-01,2011,3,Mar,Inflation_Food (%) Year-on-Year,4.7,real_sector,https://www.bog.gov.gh/economic-data/real-sector/,0,,
2011-04-01,2011,4,Apr,Inflation_Food (%) Year-on-Year,4.18,real_sector,https://www.bog.gov.gh/economic-data/real-sector/,0,,
2011-05-01,2011,5,May,Inflation_Food (%) Year-on-Year,3.93,real_sector,https://www.bog.gov.gh/economic-data/real-sector/,0,,
2011-06-01,2011,6,Jun,Inflation_Food (%) Year-on-Year,2.78,real_sector,https://www.bog.gov.gh/economic-data/real-sector/,0,,
2011-07-01,2011,7,Jul,Inflation_Food (%) Year-on-Year,3.25,real_sector,https://www.bog.gov.gh/economic-data/real-sector/,0,,
2011-08-01,2011,8,Aug,Inflation_Food (%) Year-on-Year,3.79,real_sector,https://www.bog.gov.gh/economic-data/real-sector/,0,,
2011-09-01,2011,9,Sep,Inflation_Food (%) Year-on-Year,3.74,real_sector,https://www.bog.gov.gh/economic-data/real-sector/,0,,
2011-10-01,2011,10,Oct,Inflation_Food (%) Year-on-Year,4.03,real_sector,https://www.bog.gov.gh/economic-data/real-sector/,0,,
2011-11-01,2011,11,Nov,Inflation_Food (%) Year-on-Year,4.41,real_sector,https://www.bog.gov.gh/economic-data/real-sector/,0,,
2011-12-01,2011,12,Dec,Inflation_Food (%) Year-on-Year,4.27,real_sector,https://www.bog.gov.gh/economic-data/real-sector/,0,,
2011-12-31,2011,,,Inflation_Food (%) Year-on-Year,4.84,real_sector,https://www.bog.gov.gh/economic-data/real-sector/,0,,
2012-01-01,2012,1,Jan,Inflation_Food (%) Year-on-Year,6.24,real_sector,https://www.bog.gov.gh/economic-data/real-sector/,0,,
2012-02-01,2012,2,Feb,Inflation_Food (%) Year-on-Year,5.74,real_sector,https://www.bog.gov.gh/economic-data/real-sector/,0,,
2012-03-01,2012,3,Mar,Inflation_Food (%) Year-on-Year,5.72,real_sector,https://www.bog.gov.gh/economic-data/real-sector/,0,,
2012-04-01,2012,4,Apr,Inflation_Food (%) Year-on-Year,6.07,real_sector,https://www.bog.gov.gh/economic-data/real-sector/,0,,
2012-05-01,2012,5,May,Inflation_Food (%) Year-on-Year,7.13,real_sector,https://www.bog.gov.gh/economic-data/real-sector/,0,,
2012-06-01,2012,6,Jun,Inflation_Food (%) Year-on-Year,6.6,real_sector,https://www.bog.gov.gh/economic-data/real-sector/,0,,
2012-07-01,2012,7,Jul,Inflation_Food (%) Year-on-Year,6.15,real_sector,https://www.bog.gov.gh/economic-data/real-sector/,0,,
2012-08-01,2012,8,Aug,Inflation_Food (%) Year-on-Year,3.08,real_sector,https://www.bog.gov.gh/economic-data/real-sector/,0,,
2012-09-01,2012,9,Sep,Inflation_Food (%) Year-on-Year,0.87,real_sector,https://www.bog.gov.gh/economic-data/real-sector/,0,,
2012-10-01,2012,10,Oct,Inflation_Food (%) Year-on-Year,2.11,real_sector,https://www.bog.gov.gh/economic-data/real-sector/,0,,
2012-11-01,2012,11,Nov,Inflation_Food (%) Year-on-Year,4.79,real_sector,https://www.bog.gov.gh/economic-data/real-sector/,0,,
2012-12-01,2012,12,Dec,Inflation_Food (%) Year-on-Year,4.85,real_sector,https://www.bog.gov.gh/economic-data/real-sector/,0,,
2012-12-31,2012,,,Inflation_Food (%) Year-on-Year,6.24,real_sector,https://www.bog.gov.gh/economic-data/real-sector/,0,,
2013-01-01,2013,1,Jan,Inflation_Food (%) Year-on-Year,7.98,real_sector,https://www.bog.gov.gh/economic-data/real-sector/,0,,
2013-02-01,2013,2,Feb,Inflation_Food (%) Year-on-Year,6.72,real_sector,https://www.bog.gov.gh/economic-data/real-sector/,0,,
2013-03-01,2013,3,Mar,Inflation_Food (%) Year-on-Year,6.72,real_sector,https://www.bog.gov.gh/economic-data/real-sector/,0,,
2013-04-01,2013,4,Apr,Inflation_Food (%) Year-on-Year,6.57,real_sector,https://www.bog.gov.gh/economic-data/real-sector/,0,,
2013-05-01,2013,5,May,Inflation_Food (%) Year-on-Year,6.57,real_sector,https://www.bog.gov.gh/economic-data/real-sector/,0,,
2013-06-01,2013,6,Jun,Inflation_Food (%) Year-on-Year,7.33,real_sector,https://www.bog.gov.gh/economic-data/real-sector/,0,,
2013-07-01,2013,7,Jul,Inflation_Food (%) Year-on-Year,7.33,real_sector,https://www.bog.gov.gh/economic-data/real-sector/,0,,
2013-08-01,2013,8,Aug,Inflation_Food (%) Year-on-Year,7.93,real_sector,https://www.bog.gov.gh/economic-data/real-sector/,0,,
2013-09-01,2013,9,Sep,Inflation_Food (%) Year-on-Year,8.89,real_sector,https://www.bog.gov.gh/economic-data/real-sector/,0,,
2013-10-01,2013,10,Oct,Inflation_Food (%) Year-on-Year,6.89,real_sector,https://www.bog.gov.gh/economic-data/real-sector/,0,,
2013-11-01,2013,11,Nov,Inflation_Food (%) Year-on-Year,7.28,real_sector,https://www.bog.gov.gh/economic-data/real-sector/,0,,
2013-12-01,2013,12,Dec,Inflation_Food (%) Year-on-Year,7.24,real_sector,https://www.bog.gov.gh/economic-data/real-sector/,0,,
2013-12-31,2013,,,Inflation_Food (%) Year-on-Year,7.98,real_sector,https://www.bog.gov.gh/economic-data/real-sector/,0,,
2014-01-01,2014,1,Jan,Inflation_Food (%) Year-on-Year,7.1,real_sector,https://www.bog.gov.gh/economic-data/real-sector/,0,,
2014-02-01,2014,2,Feb,Inflation_Food (%) Year-on-Year,7.52,real_sector,https://www.bog.gov.gh/economic-data/real-sector/,0,,
2014-03-01,2014,3,Mar,Inflation_Food (%) Year-on-Year,8.21,real_sector,https://www.bog.gov.gh/economic-data/real-sector/,0,,
2014-04-01,2014,4,Apr,Inflation_Food (%) Year-on-Year,6.96,real_sector,https://www.bog.gov.gh/economic-data/real-sector/,0,,
2014-05-01,2014,5,May,Inflation_Food (%) Year-on-Year,8.01,real_sector,https://www.bog.gov.gh/economic-data/real-sector/,0,,
2014-06-01,2014,6,Jun,Inflation_Food (%) Year-on-Year,7.93,real_sector,https://www.bog.gov.gh/economic-data/real-sector/,0,,
2014-07-01,2014,7,Jul,Inflation_Food (%) Year-on-Year,5.02,real_sector,https://www.bog.gov.gh/economic-data/real-sector/,0,,
2014-08-01,2014,8,Aug,Inflation_Food (%) Year-on-Year,5.1,real_sector,https://www.bog.gov.gh/economic-data/real-sector/,0,,
2014-09-01,2014,9,Sep,Inflation_Food (%) Year-on-Year,5.79,real_sector,https://www.bog.gov.gh/economic-data/real-sector/,0,,
2014-10-01,2014,10,Oct,Inflation_Food (%) Year-on-Year,6.5,real_sector,https://www.bog.gov.gh/economic-data/real-sector/,0,,
2014-11-01,2014,11,Nov,Inflation_Food (%) Year-on-Year,6.64,real_sector,https://www.bog.gov.gh/economic-data/real-sector/,0,,
2014-12-01,2014,12,Dec,Inflation_Food (%) Year-on-Year,6.76,real_sector,https://www.bog.gov.gh/economic-data/real-sector/,0,,
2014-12-31,2014,,,Inflation_Food (%) Year-on-Year,7.1,real_sector,https://www.bog.gov.gh/economic-data/real-sector/,0,,
2015-01-01,2015,1,Jan,Inflation_Food (%) Year-on-Year,6.9,real_sector,https://www.bog.gov.gh/economic-data/real-sector/,0,,
2015-02-01,2015,2,Feb,Inflation_Food (%) Year-on-Year,7.02,real_sector,https://www.bog.gov.gh/economic-data/real-sector/,0,,
2015-03-01,2015,3,Mar,Inflation_Food (%) Year-on-Year,7.16,real_sector,https://www.bog.gov.gh/economic-data/real-sector/,0,,
2015-04-01,2015,4,Apr,Inflation_Food (%) Year-on-Year,7.18,real_sector,https://www.bog.gov.gh/economic-data/real-sector/,0,,
2015-05-01,2015,5,May,Inflation_Food (%) Year-on-Year,7.33,real_sector,https://www.bog.gov.gh/economic-data/real-sector/,0,,
2015-06-01,2015,6,Jun,Inflation_Food (%) Year-on-Year,7.4,real_sector,https://www.bog.gov.gh/economic-data/real-sector/,0,,
2015-07-01,2015,7,Jul,Inflation_Food (%) Year-on-Year,7.6,real_sector,https://www.bog.gov.gh/economic-data/real-sector/,0,,
2015-08-01,2015,8,Aug,Inflation_Food (%) Year-on-Year,7.67,real_sector,https://www.bog.gov.gh/economic-data/real-sector/,0,,
2015-09-01,2015,9,Sep,Inflation_Food (%) Year-on-Year,7.82,real_sector,https://www.bog.gov.gh/economic-data/real-sector/,0,,
2015-10-01,2015,10,Oct,Inflation_Food (%) Year-on-Year,7.81,real_sector,https://www.bog.gov.gh/economic-data/real-sector/,0,,
2015-11-01,2015,11,Nov,Inflation_Food (%) Year-on-Year,7.92,real_sector,https://www.bog.gov.gh/economic-data/real-sector/,0,,
2015-12-01,2015,12,Dec,Inflation_Food (%) Year-on-Year,8.0,real_sector,https://www.bog.gov.gh/economic-data/real-sector/,0,,
2015-12-31,2015,,,Inflation_Food (%) Year-on-Year,6.9,real_sector,https://www.bog.gov.gh/economic-data/real-sector/,0,,
2016-01-01,2016,1,Jan,Inflation_Food (%) Year-on-Year,8.17,real_sector,https://www.bog.gov.gh/economic-data/real-sector/,0,,
2016-02-01,2016,2,Feb,Inflation_Food (%) Year-on-Year,8.31,real_sector,https://www.bog.gov.gh/economic-data/real-sector/,0,,
2016-03-01,2016,3,Mar,Inflation_Food (%) Year-on-Year,8.32,real_sector,https://www.bog.gov.gh/economic-data/real-sector/,0,,
2016-04-01,2016,4,Apr,Inflation_Food (%) Year-on-Year,8.36,real_sector,https://www.bog.gov.gh/economic-data/real-sector/,0,,
2016-05-01,2016,5,May,Inflation_Food (%) Year-on-Year,8.49,real_sector,https://www.bog.gov.gh/economic-data/real-sector/,0,,
2016-06-01,2016,6,Jun,Inflation_Food (%) Year-on-Year,8.56,real_sector,https://www.bog.gov.gh/economic-data/real-sector/,0,,
2016-07-01,2016,7,Jul,Inflation_Food (%) Year-on-Year,8.64,real_sector,https://www.bog.gov.gh/economic-data/real-sector/,0,,
2016-08-01,2016,8,Aug,Inflation_Food (%) Year-on-Year,8.48,real_sector,https://www.bog.gov.gh/economic-data/real-sector/,0,,
2016-09-01,2016,9,Sep,Inflation_Food (%) Year-on-Year,8.97,real_sector,https://www.bog.gov.gh/economic-data/real-sector/,0,,
2016-10-01,2016,10,Oct,Inflation_Food (%) Year-on-Year,8.66,real_sector,https://www.bog.gov.gh/economic-data/real-sector/,0,,
2016-11-01,2016,11,Nov,Inflation_Food (%) Year-on-Year,9.3,real_sector,https://www.bog.gov.gh/economic-data/real-sector/,0,,
2016-12-01,2016,12,Dec,Inflation_Food (%) Year-on-Year,9.69,real_sector,https://www.bog.gov.gh/economic-data/real-sector/,0,,
2016-12-31,2016,,,Inflation_Food (%) Year-on-Year,8.17,real_sector,https://www.bog.gov.gh/economic-data/real-sector/,0,,
2017-01-01,2017,1,Jan,Inflation_Food (%) Year-on-Year,7.0,real_sector,https://www.bog.gov.gh/economic-data/real-sector/,0,,
2017-02-01,2017,2,Feb,Inflation_Food (%) Year-on-Year,7.08,real_sector,https://www.bog.gov.gh/economic-data/real-sector/,0,,
2017-03-01,2017,3,Mar,Inflation_Food (%) Year-on-Year,7.25,real_sector,https://www.bog.gov.gh/economic-data/real-sector/,0,,
2017-04-01,2017,4,Apr,Inflation_Food (%) Year-on-Year,6.67,real_sector,https://www.bog.gov.gh/economic-data/real-sector/,0,,
2017-05-01,2017,5,May,Inflation_Food (%) Year-on-Year,6.32,real_sector,https://www.bog.gov.gh/economic-data/real-sector/,0,,
2017-06-01,2017,6,Jun,Inflation_Food (%) Year-on-Year,6.2,real_sector,https://www.bog.gov.gh/economic-data/real-sector/,0,,
2017-07-01,2017,7,Jul,Inflation_Food (%) Year-on-Year,7.2,real_sector,https://www.bog.gov.gh/economic-data/real-sector/,0,,
2017-08-01,2017,8,Aug,Inflation_Food (%) Year-on-Year,7.4,real_sector,https://www.bog.gov.gh/economic-data/real-sector/,0,,
2017-09-01,2017,9,Sep,Inflation_Food (%) Year-on-Year,8.1,real_sector,https://www.bog.gov.gh/economic-data/real-sector/,0,,
2017-10-01,2017,10,Oct,Inflation_Food (%) Year-on-Year,8.2,real_sector,https://www.bog.gov.gh/economic-data/real-sector/,0,,
2017-11-01,2017,11,Nov,Inflation_Food (%) Year-on-Year,7.9,real_sector,https://www.bog.gov.gh/economic-data/real-sector/,0,,
2017-12-01,2017,12,Dec,Inflation_Food (%) Year-on-Year,8.0,real_sector,https://www.bog.gov.gh/economic-data/real-sector/,0,,
2017-12-31,2017,,,Inflation_Food (%) Year-on-Year,7.0,real_sector,https://www.bog.gov.gh/economic-data/real-sector/,0,,
2018-01-01,2018,1,Jan,Inflation_Food (%) Year-on-Year,6.82,real_sector,https://www.bog.gov.gh/economic-data/real-sector/,0,,
2018-02-01,2018,2,Feb,Inflation_Food (%) Year-on-Year,7.15,real_sector,https://www.bog.gov.gh/economic-data/real-sector/,0,,
2018-03-01,2018,3,Mar,Inflation_Food (%) Year-on-Year,7.31,real_sector,https://www.bog.gov.gh/economic-data/real-sector/,0,,
2018-04-01,2018,4,Apr,Inflation_Food (%) Year-on-Year,7.37,real_sector,https://www.bog.gov.gh/economic-data/real-sector/,0,,
2018-05-01,2018,5,May,Inflation_Food (%) Year-on-Year,7.58,real_sector,https://www.bog.gov.gh/economic-data/real-sector/,0,,
2018-06-01,2018,6,Jun,Inflation_Food (%) Year-on-Year,7.28,real_sector,https://www.bog.gov.gh/economic-data/real-sector/,0,,
2018-07-01,2018,7,Jul,Inflation_Food (%) Year-on-Year,7.42,real_sector,https://www.bog.gov.gh/economic-data/real-sector/,0,,
2018-08-01,2018,8,Aug,Inflation_Food (%) Year-on-Year,7.94,real_sector,https://www.bog.gov.gh/economic-data/real-sector/,0,,
2018-09-01,2018,9,Sep,Inflation_Food (%) Year-on-Year,8.67,real_sector,https://www.bog.gov.gh/economic-data/real-sector/,0,,
2018-10-01,2018,10,Oct,Inflation_Food (%) Year-on-Year,8.94,real_sector,https://www.bog.gov.gh/economic-data/real-sector/,0,,
2018-11-01,2018,11,Nov,Inflation_Food (%) Year-on-Year,8.63,real_sector,https://www.bog.gov.gh/economic-data/real-sector/,0,,
2018-12-01,2018,12,Dec,Inflation_Food (%) Year-on-Year,8.69,real_sector,https://www.bog.gov.gh/economic-data/real-sector/,0,,
2018-12-31,2018,,,Inflation_Food (%) Year-on-Year,6.82,real_sector,https://www.bog.gov.gh/economic-data/real-sector/,0,,
2019-01-01,2019,1,Jan,Inflation_Food (%) Year-on-Year,8.03,real_sector,https://www.bog.gov.gh/economic-data/real-sector/,0,,
2019-02-01,2019,2,Feb,Inflation_Food (%) Year-on-Year,8.1,real_sector,https://www.bog.gov.gh/economic-data/real-sector/,0,,
2019-03-01,2019,3,Mar,Inflation_Food (%) Year-on-Year,8.36,real_sector,https://www.bog.gov.gh/economic-data/real-sector/,0,,
2019-04-01,2019,4,Apr,Inflation_Food (%) Year-on-Year,7.33,real_sector,https://www.bog.gov.gh/economic-data/real-sector/,0,,
2019-05-01,2019,5,May,Inflation_Food (%) Year-on-Year,6.75,real_sector,https://www.bog.gov.gh/economic-data/real-sector/,0,,
2019-06-01,2019,6,Jun,Inflation_Food (%) Year-on-Year,6.46,real_sector,https://www.bog.gov.gh/economic-data/real-sector/,0,,
2019-07-01,2019,7,Jul,Inflation_Food (%) Year-on-Year,6.6,real_sector,https://www.bog.gov.gh/economic-data/real-sector/,0,,
2019-08-01,2019,8,Aug,Inflation_Food (%) Year-on-Year,8.2,real_sector,https://www.bog.gov.gh/economic-data/real-sector/,0,,
2019-09-01,2019,9,Sep,Inflation_Food (%) Year-on-Year,8.5,real_sector,https://www.bog.gov.gh/economic-data/real-sector/,0,,
2019-10-01,2019,10,Oct,Inflation_Food (%) Year-on-Year,7.0,real_sector,https://www.bog.gov.gh/economic-data/real-sector/,0,,
2019-11-01,2019,11,Nov,Inflation_Food (%) Year-on-Year,8.4,real_sector,https://www.bog.gov.gh/economic-data/real-sector/,0,,
2019-12-01,2019,12,Dec,Inflation_Food (%) Year-on-Year,7.2,real_sector,https://www.bog.gov.gh/economic-data/real-sector/,0,,
2019-12-31,2019,,,Inflation_Food (%) Year-on-Year,8.03,real_sector,https://www.bog.gov.gh/economic-data/real-sector/,0,,
2020-01-01,2020,1,Jan,Inflation_Food (%) Year-on-Year,7.8,real_sector,https://www.bog.gov.gh/economic-data/real-sector/,0,,
2020-02-01,2020,2,Feb,Inflation_Food (%) Year-on-Year,7.9,real_sector,https://www.bog.gov.gh/economic-data/real-sector/,0,,
2020-03-01,2020,3,Mar,Inflation_Food (%) Year-on-Year,8.4,real_sector,https://www.bog.gov.gh/economic-data/real-sector/,0,,
2020-04-01,2020,4,Apr,Inflation_Food (%) Year-on-Year,14.4,real_sector,https://www.bog.gov.gh/economic-data/real-sector/,0,,
2020-05-01,2020,5,May,Inflation_Food (%) Year-on-Year,15.1,real_sector,https://www.bog.gov.gh/economic-data/real-sector/,0,,
2020-06-01,2020,6,Jun,Inflation_Food (%) Year-on-Year,13.8,real_sector,https://www.bog.gov.gh/economic-data/real-sector/,0,,
2020-07-01,2020,7,Jul,Inflation_Food (%) Year-on-Year,13.7,real_sector,https://www.bog.gov.gh/economic-data/real-sector/,0,,
2020-08-01,2020,8,Aug,Inflation_Food (%) Year-on-Year,11.4,real_sector,https://www.bog.gov.gh/economic-data/real-sector/,0,,
2020-09-01,2020,9,Sep,Inflation_Food (%) Year-on-Year,11.2,real_sector,https://www.bog.gov.gh/economic-data/real-sector/,0,,
2020-10-01,2020,10,Oct,Inflation_Food (%) Year-on-Year,12.6,real_sector,https://www.bog.gov.gh/economic-data/real-sector/,0,,
2020-11-01,2020,11,Nov,Inflation_Food (%) Year-on-Year,11.7,real_sector,https://www.bog.gov.gh/economic-data/real-sector/,0,,
2020-12-01,2020,12,Dec,Inflation_Food (%) Year-on-Year,14.1,real_sector,https://www.bog.gov.gh/economic-data/real-sector/,0,,
2020-12-31,2020,,,Inflation_Food (%) Year-on-Year,7.8,real_sector,https://www.bog.gov.gh/economic-data/real-sector/,0,,
2021-01-01,2021,1,Jan,Inflation_Food (%) Year-on-Year,12.8,real_sector,https://www.bog.gov.gh/economic-data/real-sector/,0,,
2021-02-01,2021,2,Feb,Inflation_Food (%) Year-on-Year,12.3,real_sector,https://www.bog.gov.gh/economic-data/real-sector/,0,,
2021-03-01,2021,3,Mar,Inflation_Food (%) Year-on-Year,10.8,real_sector,https://www.bog.gov.gh/economic-data/real-sector/,0,,
2021-04-01,2021,4,Apr,Inflation_Food (%) Year-on-Year,6.5,real_sector,https://www.bog.gov.gh/economic-data/real-sector/,0,,
2021-05-01,2021,5,May,Inflation_Food (%) Year-on-Year,5.4,real_sector,https://www.bog.gov.gh/economic-data/real-sector/,0,,
2021-06-01,2021,6,Jun,Inflation_Food (%) Year-on-Year,7.3,real_sector,https://www.bog.gov.gh/economic-data/real-sector/,0,,
2021-07-01,2021,7,Jul,Inflation_Food (%) Year-on-Year,9.5,real_sector,https://www.bog.gov.gh/economic-data/real-sector/,0,,
2021-08-01,2021,8,Aug,Inflation_Food (%) Year-on-Year,10.6,real_sector,https://www.bog.gov.gh/economic-data/real-sector/,0,,
2021-09-01,2021,9,Sep,Inflation_Food (%) Year-on-Year,11.5,real_sector,https://www.bog.gov.gh/economic-data/real-sector/,0,,
2021-10-01,2021,10,Oct,Inflation_Food (%) Year-on-Year,11.0,real_sector,https://www.bog.gov.gh/economic-data/real-sector/,0,,
2021-11-01,2021,11,Nov,Inflation_Food (%) Year-on-Year,13.1,real_sector,https://www.bog.gov.gh/economic-data/real-sector/,0,,
2021-12-01,2021,12,Dec,Inflation_Food (%) Year-on-Year,12.8,real_sector,https://www.bog.gov.gh/economic-data/real-sector/,0,,
2021-12-31,2021,,,Inflation_Food (%) Year-on-Year,12.8,real_sector,https://www.bog.gov.gh/economic-data/real-sector/,0,,
2022-01-01,2022,1,Jan,Inflation_Food (%) Year-on-Year,13.7,real_sector,https://www.bog.gov.gh/economic-data/real-sector/,0,,
2022-02-01,2022,2,Feb,Inflation_Food (%) Year-on-Year,17.4,real_sector,https://www.bog.gov.gh/economic-data/real-sector/,0,,
2022-03-01,2022,3,Mar,Inflation_Food (%) Year-on-Year,22.4,real_sector,https://www.bog.gov.gh/economic-data/real-sector/,0,,
2022-04-01,2022,4,Apr,Inflation_Food (%) Year-on-Year,26.6,real_sector,https://www.bog.gov.gh/economic-data/real-sector/,0,,
2022-05-01,2022,5,May,Inflation_Food (%) Year-on-Year,30.1,real_sector,https://www.bog.gov.gh/economic-data/real-sector/,0,,
2022-06-01,2022,6,Jun,Inflation_Food (%) Year-on-Year,30.7,real_sector,https://www.bog.gov.gh/economic-data/real-sector/,0,,
2022-07-01,2022,7,Jul,Inflation_Food (%) Year-on-Year,32.3,real_sector,https://www.bog.gov.gh/economic-data/real-sector/,0,,
2022-08-01,2022,8,Aug,Inflation_Food (%) Year-on-Year,34.4,real_sector,https://www.bog.gov.gh/economic-data/real-sector/,0,,
2022-09-01,2022,9,Sep,Inflation_Food (%) Year-on-Year,37.8,real_sector,https://www.bog.gov.gh/economic-data/real-sector/,0,,
2022-10-01,2022,10,Oct,Inflation_Food (%) Year-on-Year,43.7,real_sector,https://www.bog.gov.gh/economic-data/real-sector/,0,,
2022-11-01,2022,11,Nov,Inflation_Food (%) Year-on-Year,55.3,real_sector,https://www.bog.gov.gh/economic-data/real-sector/,0,,
2022-12-01,2022,12,Dec,Inflation_Food (%) Year-on-Year,59.7,real_sector,https://www.bog.gov.gh/economic-data/real-sector/,0,,
2022-12-31,2022,,,Inflation_Food (%) Year-on-Year,13.7,real_sector,https://www.bog.gov.gh/economic-data/real-sector/,0,,
2023-01-01,2023,1,Jan,Inflation_Food (%) Year-on-Year,61.0,real_sector,https://www.bog.gov.gh/economic-data/real-sector/,0,,
2023-02-01,2023,2,Feb,Inflation_Food (%) Year-on-Year,59.1,real_sector,https://www.bog.gov.gh/economic-data/real-sector/,0,,
2023-03-01,2023,3,Mar,Inflation_Food (%) Year-on-Year,50.8,real_sector,https://www.bog.gov.gh/economic-data/real-sector/,0,,
2023-04-01,2023,4,Apr,Inflation_Food (%) Year-on-Year,48.7,real_sector,https://www.bog.gov.gh/economic-data/real-sector/,0,,
2023-05-01,2023,5,May,Inflation_Food (%) Year-on-Year,0.0,real_sector,https://www.bog.gov.gh/economic-data/real-sector/,0,,
2023-06-01,2023,6,Jun,Inflation_Food (%) Year-on-Year,0.0,real_sector,https://www.bog.gov.gh/economic-data/real-sector/,0,,
2023-07-01,2023,7,Jul,Inflation_Food (%) Year-on-Year,0.0,real_sector,https://www.bog.gov.gh/economic-data/real-sector/,0,,
2023-08-01,2023,8,Aug,Inflation_Food (%) Year-on-Year,0.0,real_sector,https://www.bog.gov.gh/economic-data/real-sector/,0,,
2023-09-01,2023,9,Sep,Inflation_Food (%) Year-on-Year,0.0,real_sector,https://www.bog.gov.gh/economic-data/real-sector/,0,,
2023-10-01,2023,10,Oct,Inflation_Food (%) Year-on-Year,0.0,real_sector,https://www.bog.gov.gh/economic-data/real-sector/,0,,
2023-11-01,2023,11,Nov,Inflation_Food (%) Year-on-Year,0.0,real_sector,https://www.bog.gov.gh/economic-data/real-sector/,0,,
2023-12-01,2023,12,Dec,Inflation_Food (%) Year-on-Year,0.0,real_sector,https://www.bog.gov.gh/economic-data/real-sector/,0,,
2023-12-31,2023,,,Inflation_Food (%) Year-on-Year,61.0,real_sector,https://www.bog.gov.gh/economic-data/real-sector/,0,,
2006-01-01,2006,1,Jan,Inflation_Non-Food (%) Year-on-Year,13.6,real_sector,https://www.bog.gov.gh/economic-data/real-sector/,0,,
2006-02-01,2006,2,Feb,Inflation_Non-Food (%) Year-on-Year,13.46,real_sector,https://www.bog.gov.gh/economic-data/real-sector/,0,,
2006-03-01,2006,3,Mar,Inflation_Non-Food (%) Year-on-Year,11.76,real_sector,https://www.bog.gov.gh/economic-data/real-sector/,0,,
2006-04-01,2006,4,Apr,Inflation_Non-Food (%) Year-on-Year,11.72,real_sector,https://www.bog.gov.gh/economic-data/real-sector/,0,,
2006-05-01,2006,5,May,Inflation_Non-Food (%) Year-on-Year,11.99,real_sector,https://www.bog.gov.gh/economic-data/real-sector/,0,,
2006-06-01,2006,6,Jun,Inflation_Non-Food (%) Year-on-Year,11.95,real_sector,https://www.bog.gov.gh/economic-data/real-sector/,0,,
2006-07-01,2006,7,Jul,Inflation_Non-Food (%) Year-on-Year,13.73,real_sector,https://www.bog.gov.gh/economic-data/real-sector/,0,,
2006-08-01,2006,8,Aug,Inflation_Non-Food (%) Year-on-Year,13.93,real_sector,https://www.bog.gov.gh/economic-data/real-sector/,0,,
2006-09-01,2006,9,Sep,Inflation_Non-Food (%) Year-on-Year,13.94,real_sector,https://www.bog.gov.gh/economic-data/real-sector/,0,,
2006-10-01,2006,10,Oct,Inflation_Non-Food (%) Year-on-Year,13.37,real_sector,https://www.bog.gov.gh/economic-data/real-sector/,0,,
2006-11-01,2006,11,Nov,Inflation_Non-Food (%) Year-on-Year,13.5,real_sector,https://www.bog.gov.gh/economic-data/real-sector/,0,,
2006-12-01,2006,12,Dec,Inflation_Non-Food (%) Year-on-Year,13.53,real_sector,https://www.bog.gov.gh/economic-data/real-sector/,0,,
2006-12-31,2006,,,Inflation_Non-Food (%) Year-on-Year,13.6,real_sector,https://www.bog.gov.gh/economic-data/real-sector/,0,,
2007-01-01,2007,1,Jan,Inflation_Non-Food (%) Year-on-Year,13.06,real_sector,https://www.bog.gov.gh/economic-data/real-sector/,0,,
2007-02-01,2007,2,Feb,Inflation_Non-Food (%) Year-on-Year,11.12,real_sector,https://www.bog.gov.gh/economic-data/real-sector/,0,,
2007-03-01,2007,3,Mar,Inflation_Non-Food (%) Year-on-Year,11.57,real_sector,https://www.bog.gov.gh/economic-data/real-sector/,0,,
2007-04-01,2007,4,Apr,Inflation_Non-Food (%) Year-on-Year,11.54,real_sector,https://www.bog.gov.gh/economic-data/real-sector/,0,,
2007-05-01,2007,5,May,Inflation_Non-Food (%) Year-on-Year,11.67,real_sector,https://www.bog.gov.gh/economic-data/real-sector/,0,,
2007-06-01,2007,6,Jun,Inflation_Non-Food (%) Year-on-Year,11.28,real_sector,https://www.bog.gov.gh/economic-data/real-sector/,0,,
2007-07-01,2007,7,Jul,Inflation_Non-Food (%) Year-on-Year,10.11,real_sector,https://www.bog.gov.gh/economic-data/real-sector/,0,,
2007-08-01,2007,8,Aug,Inflation_Non-Food (%) Year-on-Year,10.69,real_sector,https://www.bog.gov.gh/economic-data/real-sector/,0,,
2007-09-01,2007,9,Sep,Inflation_Non-Food (%) Year-on-Year,10.85,real_sector,https://www.bog.gov.gh/economic-data/real-sector/,0,,
2007-10-01,2007,10,Oct,Inflation_Non-Food (%) Year-on-Year,11.11,real_sector,https://www.bog.gov.gh/economic-data/real-sector/,0,,
2007-11-01,2007,11,Nov,Inflation_Non-Food (%) Year-on-Year,12.78,real_sector,https://www.bog.gov.gh/economic-data/real-sector/,0,,
2007-12-01,2007,12,Dec,Inflation_Non-Food (%) Year-on-Year,14.38,real_sector,https://www.bog.gov.gh/economic-data/real-sector/,0,,
2007-12-31,2007,,,Inflation_Non-Food (%) Year-on-Year,13.06,real_sector,https://www.bog.gov.gh/economic-data/real-sector/,0,,
2008-01-01,2008,1,Jan,Inflation_Non-Food (%) Year-on-Year,14.4,real_sector,https://www.bog.gov.gh/economic-data/real-sector/,0,,
2008-02-01,2008,2,Feb,Inflation_Non-Food (%) Year-on-Year,14.68,real_sector,https://www.bog.gov.gh/economic-data/real-sector/,0,,
2008-03-01,2008,3,Mar,Inflation_Non-Food (%) Year-on-Year,14.41,real_sector,https://www.bog.gov.gh/economic-data/real-sector/,0,,
2008-04-01,2008,4,Apr,Inflation_Non-Food (%) Year-on-Year,16.9,real_sector,https://www.bog.gov.gh/economic-data/real-sector/,0,,
2008-05-01,2008,5,May,Inflation_Non-Food (%) Year-on-Year,17.67,real_sector,https://www.bog.gov.gh/economic-data/real-sector/,0,,
2008-06-01,2008,6,Jun,Inflation_Non-Food (%) Year-on-Year,18.91,real_sector,https://www.bog.gov.gh/economic-data/real-sector/,0,,
2008-07-01,2008,7,Jul,Inflation_Non-Food (%) Year-on-Year,18.97,real_sector,https://www.bog.gov.gh/economic-data/real-sector/,0,,
2008-08-01,2008,8,Aug,Inflation_Non-Food (%) Year-on-Year,18.5,real_sector,https://www.bog.gov.gh/economic-data/real-sector/,0,,
2008-09-01,2008,9,Sep,Inflation_Non-Food (%) Year-on-Year,18.53,real_sector,https://www.bog.gov.gh/economic-data/real-sector/,0,,
2008-10-01,2008,10,Oct,Inflation_Non-Food (%) Year-on-Year,18.93,real_sector,https://www.bog.gov.gh/economic-data/real-sector/,0,,
2008-11-01,2008,11,Nov,Inflation_Non-Food (%) Year-on-Year,18.57,real_sector,https://www.bog.gov.gh/economic-data/real-sector/,0,,
2008-12-01,2008,12,Dec,Inflation_Non-Food (%) Year-on-Year,19.12,real_sector,https://www.bog.gov.gh/economic-data/real-sector/,0,,
2008-12-31,2008,,,Inflation_Non-Food (%) Year-on-Year,14.4,real_sector,https://www.bog.gov.gh/economic-data/real-sector/,0,,
2009-01-01,2009,1,Jan,Inflation_Non-Food (%) Year-on-Year,20.16,real_sector,https://www.bog.gov.gh/economic-data/real-sector/,0,,
2009-02-01,2009,2,Feb,Inflation_Non-Food (%) Year-on-Year,21.34,real_sector,https://www.bog.gov.gh/economic-data/real-sector/,0,,
2009-03-01,2009,3,Mar,Inflation_Non-Food (%) Year-on-Year,22.0,real_sector,https://www.bog.gov.gh/economic-data/real-sector/,0,,
2009-04-01,2009,4,Apr,Inflation_Non-Food (%) Year-on-Year,21.46,real_sector,https://www.bog.gov.gh/economic-data/real-sector/,0,,
2009-05-01,2009,5,May,Inflation_Non-Food (%) Year-on-Year,22.22,real_sector,https://www.bog.gov.gh/economic-data/real-sector/,0,,
2009-06-01,2009,6,Jun,Inflation_Non-Food (%) Year-on-Year,24.66,real_sector,https://www.bog.gov.gh/economic-data/real-sector/,0,,
2009-07-01,2009,7,Jul,Inflation_Non-Food (%) Year-on-Year,24.48,real_sector,https://www.bog.gov.gh/economic-data/real-sector/,0,,
2009-08-01,2009,8,Aug,Inflation_Non-Food (%) Year-on-Year,23.25,real_sector,https://www.bog.gov.gh/economic-data/real-sector/,0,,
2009-09-01,2009,9,Sep,Inflation_Non-Food (%) Year-on-Year,22.38,real_sector,https://www.bog.gov.gh/economic-data/real-sector/,0,,
2009-10-01,2009,10,Oct,Inflation_Non-Food (%) Year-on-Year,21.15,real_sector,https://www.bog.gov.gh/economic-data/real-sector/,0,,
2009-11-01,2009,11,Nov,Inflation_Non-Food (%) Year-on-Year,20.05,real_sector,https://www.bog.gov.gh/economic-data/real-sector/,0,,
2009-12-01,2009,12,Dec,Inflation_Non-Food (%) Year-on-Year,18.82,real_sector,https://www.bog.gov.gh/economic-data/real-sector/,0,,
2009-12-31,2009,,,Inflation_Non-Food (%) Year-on-Year,20.16,real_sector,https://www.bog.gov.gh/economic-data/real-sector/,0,,
2010-01-01,2010,1,Jan,Inflation_Non-Food (%) Year-on-Year,20.16,real_sector,https://www.bog.gov.gh/economic-data/real-sector/,0,,
2010-02-01,2010,2,Feb,Inflation_Non-Food (%) Year-on-Year,20.52,real_sector,https://www.bog.gov.gh/economic-data/real-sector/,0,,
2010-03-01,2010,3,Mar,Inflation_Non-Food (%) Year-on-Year,19.91,real_sector,https://www.bog.gov.gh/economic-data/real-sector/,0,,
2010-04-01,2010,4,Apr,Inflation_Non-Food (%) Year-on-Year,18.97,real_sector,https://www.bog.gov.gh/economic-data/real-sector/,0,,
2010-05-01,2010,5,May,Inflation_Non-Food (%) Year-on-Year,17.69,real_sector,https://www.bog.gov.gh/economic-data/real-sector/,0,,
2010-06-01,2010,6,Jun,Inflation_Non-Food (%) Year-on-Year,16.25,real_sector,https://www.bog.gov.gh/economic-data/real-sector/,0,,
2010-07-01,2010,7,Jul,Inflation_Non-Food (%) Year-on-Year,13.27,real_sector,https://www.bog.gov.gh/economic-data/real-sector/,0,,
2010-08-01,2010,8,Aug,Inflation_Non-Food (%) Year-on-Year,11.97,real_sector,https://www.bog.gov.gh/economic-data/real-sector/,0,,
2010-09-01,2010,9,Sep,Inflation_Non-Food (%) Year-on-Year,11.85,real_sector,https://www.bog.gov.gh/economic-data/real-sector/,0,,
2010-10-01,2010,10,Oct,Inflation_Non-Food (%) Year-on-Year,11.66,real_sector,https://www.bog.gov.gh/economic-data/real-sector/,0,,
2010-11-01,2010,11,Nov,Inflation_Non-Food (%) Year-on-Year,12.35,real_sector,https://www.bog.gov.gh/economic-data/real-sector/,0,,
2010-12-01,2010,12,Dec,Inflation_Non-Food (%) Year-on-Year,12.84,real_sector,https://www.bog.gov.gh/economic-data/real-sector/,0,,
2010-12-31,2010,,,Inflation_Non-Food (%) Year-on-Year,20.16,real_sector,https://www.bog.gov.gh/economic-data/real-sector/,0,,
2011-01-01,2011,1,Jan,Inflation_Non-Food (%) Year-on-Year,11.82,real_sector,https://www.bog.gov.gh/economic-data/real-sector/,0,,
2011-02-01,2011,2,Feb,Inflation_Non-Food (%) Year-on-Year,12.12,real_sector,https://www.bog.gov.gh/economic-data/real-sector/,0,,
2011-03-01,2011,3,Mar,Inflation_Non-Food (%) Year-on-Year,12.0,real_sector,https://www.bog.gov.gh/economic-data/real-sector/,0,,
2011-04-01,2011,4,Apr,Inflation_Non-Food (%) Year-on-Year,12.16,real_sector,https://www.bog.gov.gh/economic-data/real-sector/,0,,
2011-05-01,2011,5,May,Inflation_Non-Food (%) Year-on-Year,12.15,real_sector,https://www.bog.gov.gh/economic-data/real-sector/,0,,
2011-06-01,2011,6,Jun,Inflation_Non-Food (%) Year-on-Year,12.44,real_sector,https://www.bog.gov.gh/economic-data/real-sector/,0,,
2011-07-01,2011,7,Jul,Inflation_Non-Food (%) Year-on-Year,11.76,real_sector,https://www.bog.gov.gh/economic-data/real-sector/,0,,
2011-08-01,2011,8,Aug,Inflation_Non-Food (%) Year-on-Year,11.38,real_sector,https://www.bog.gov.gh/economic-data/real-sector/,0,,
2011-09-01,2011,9,Sep,Inflation_Non-Food (%) Year-on-Year,11.3,real_sector,https://www.bog.gov.gh/economic-data/real-sector/,0,,
2011-10-01,2011,10,Oct,Inflation_Non-Food (%) Year-on-Year,11.32,real_sector,https://www.bog.gov.gh/economic-data/real-sector/,0,,
2011-11-01,2011,11,Nov,Inflation_Non-Food (%) Year-on-Year,11.08,real_sector,https://www.bog.gov.gh/economic-data/real-sector/,0,,
2011-12-01,2011,12,Dec,Inflation_Non-Food (%) Year-on-Year,11.21,real_sector,https://www.bog.gov.gh/economic-data/real-sector/,0,,
2011-12-31,2011,,,Inflation_Non-Food (%) Year-on-Year,11.82,real_sector,https://www.bog.gov.gh/economic-data/real-sector/,0,,
2012-01-01,2012,1,Jan,Inflation_Non-Food (%) Year-on-Year,13.85,real_sector,https://www.bog.gov.gh/economic-data/real-sector/,0,,
2012-02-01,2012,2,Feb,Inflation_Non-Food (%) Year-on-Year,13.16,real_sector,https://www.bog.gov.gh/economic-data/real-sector/,0,,
2012-03-01,2012,3,Mar,Inflation_Non-Food (%) Year-on-Year,12.56,real_sector,https://www.bog.gov.gh/economic-data/real-sector/,0,,
2012-04-01,2012,4,Apr,Inflation_Non-Food (%) Year-on-Year,13.24,real_sector,https://www.bog.gov.gh/economic-data/real-sector/,0,,
2012-05-01,2012,5,May,Inflation_Non-Food (%) Year-on-Year,13.75,real_sector,https://www.bog.gov.gh/economic-data/real-sector/,0,,
2012-06-01,2012,6,Jun,Inflation_Non-Food (%) Year-on-Year,13.41,real_sector,https://www.bog.gov.gh/economic-data/real-sector/,0,,
2012-07-01,2012,7,Jul,Inflation_Non-Food (%) Year-on-Year,12.71,real_sector,https://www.bog.gov.gh/economic-data/real-sector/,0,,
2012-08-01,2012,8,Aug,Inflation_Non-Food (%) Year-on-Year,12.1,real_sector,https://www.bog.gov.gh/economic-data/real-sector/,0,,
2012-09-01,2012,9,Sep,Inflation_Non-Food (%) Year-on-Year,11.89,real_sector,https://www.bog.gov.gh/economic-data/real-sector/,0,,
2012-10-01,2012,10,Oct,Inflation_Non-Food (%) Year-on-Year,12.01,real_sector,https://www.bog.gov.gh/economic-data/real-sector/,0,,
2012-11-01,2012,11,Nov,Inflation_Non-Food (%) Year-on-Year,12.68,real_sector,https://www.bog.gov.gh/economic-data/real-sector/,0,,
2012-12-01,2012,12,Dec,Inflation_Non-Food (%) Year-on-Year,13.11,real_sector,https://www.bog.gov.gh/economic-data/real-sector/,0,,
2012-12-31,2012,,,Inflation_Non-Food (%) Year-on-Year,13.85,real_sector,https://www.bog.gov.gh/economic-data/real-sector/,0,,
2013-01-01,2013,1,Jan,Inflation_Non-Food (%) Year-on-Year,11.77,real_sector,https://www.bog.gov.gh/economic-data/real-sector/,0,,
2013-02-01,2013,2,Feb,Inflation_Non-Food (%) Year-on-Year,13.34,real_sector,https://www.bog.gov.gh/economic-data/real-sector/,0,,
2013-03-01,2013,3,Mar,Inflation_Non-Food (%) Year-on-Year,14.02,real_sector,https://www.bog.gov.gh/economic-data/real-sector/,0,,
2013-04-01,2013,4,Apr,Inflation_Non-Food (%) Year-on-Year,14.38,real_sector,https://www.bog.gov.gh/economic-data/real-sector/,0,,
2013-05-01,2013,5,May,Inflation_Non-Food (%) Year-on-Year,14.62,real_sector,https://www.bog.gov.gh/economic-data/real-sector/,0,,
2013-06-01,2013,6,Jun,Inflation_Non-Food (%) Year-on-Year,15.09,real_sector,https://www.bog.gov.gh/economic-data/real-sector/,0,,
2013-07-01,2013,7,Jul,Inflation_Non-Food (%) Year-on-Year,15.43,real_sector,https://www.bog.gov.gh/economic-data/real-sector/,0,,
2013-08-01,2013,8,Aug,Inflation_Non-Food (%) Year-on-Year,14.24,real_sector,https://www.bog.gov.gh/economic-data/real-sector/,0,,
2013-09-01,2013,9,Sep,Inflation_Non-Food (%) Year-on-Year,14.23,real_sector,https://www.bog.gov.gh/economic-data/real-sector/,0,,
2013-10-01,2013,10,Oct,Inflation_Non-Food (%) Year-on-Year,17.71,real_sector,https://www.bog.gov.gh/economic-data/real-sector/,0,,
2013-11-01,2013,11,Nov,Inflation_Non-Food (%) Year-on-Year,17.63,real_sector,https://www.bog.gov.gh/economic-data/real-sector/,0,,
2013-12-01,2013,12,Dec,Inflation_Non-Food (%) Year-on-Year,18.13,real_sector,https://www.bog.gov.gh/economic-data/real-sector/,0,,
2013-12-31,2013,,,Inflation_Non-Food (%) Year-on-Year,11.77,real_sector,https://www.bog.gov.gh/economic-data/real-sector/,0,,
2014-01-01,2014,1,Jan,Inflation_Non-Food (%) Year-on-Year,18.93,real_sector,https://www.bog.gov.gh/economic-data/real-sector/,0,,
2014-02-01,2014,2,Feb,Inflation_Non-Food (%) Year-on-Year,18.95,real_sector,https://www.bog.gov.gh/economic-data/real-sector/,0,,
2014-03-01,2014,3,Mar,Inflation_Non-Food (%) Year-on-Year,19.24,real_sector,https://www.bog.gov.gh/economic-data/real-sector/,0,,
2014-04-01,2014,4,Apr,Inflation_Non-Food (%) Year-on-Year,20.57,real_sector,https://www.bog.gov.gh/economic-data/real-sector/,0,,
2014-05-01,2014,5,May,Inflation_Non-Food (%) Year-on-Year,19.98,real_sector,https://www.bog.gov.gh/economic-data/real-sector/,0,,
2014-06-01,2014,6,Jun,Inflation_Non-Food (%) Year-on-Year,20.3,real_sector,https://www.bog.gov.gh/economic-data/real-sector/,0,,
2014-07-01,2014,7,Jul,Inflation_Non-Food (%) Year-on-Year,23.13,real_sector,https://www.bog.gov.gh/economic-data/real-sector/,0,,
2014-08-01,2014,8,Aug,Inflation_Non-Food (%) Year-on-Year,24.0,real_sector,https://www.bog.gov.gh/economic-data/real-sector/,0,,
2014-09-01,2014,9,Sep,Inflation_Non-Food (%) Year-on-Year,24.06,real_sector,https://www.bog.gov.gh/economic-data/real-sector/,0,,
2014-10-01,2014,10,Oct,Inflation_Non-Food (%) Year-on-Year,24.0,real_sector,https://www.bog.gov.gh/economic-data/real-sector/,0,,
2014-11-01,2014,11,Nov,Inflation_Non-Food (%) Year-on-Year,24.09,real_sector,https://www.bog.gov.gh/economic-data/real-sector/,0,,
2014-12-01,2014,12,Dec,Inflation_Non-Food (%) Year-on-Year,23.87,real_sector,https://www.bog.gov.gh/economic-data/real-sector/,0,,
2014-12-31,2014,,,Inflation_Non-Food (%) Year-on-Year,18.93,real_sector,https://www.bog.gov.gh/economic-data/real-sector/,0,,
2015-01-01,2015,1,Jan,Inflation_Non-Food (%) Year-on-Year,23.03,real_sector,https://www.bog.gov.gh/economic-data/real-sector/,0,,
2015-02-01,2015,2,Feb,Inflation_Non-Food (%) Year-on-Year,22.97,real_sector,https://www.bog.gov.gh/economic-data/real-sector/,0,,
2015-03-01,2015,3,Mar,Inflation_Non-Food (%) Year-on-Year,23.07,real_sector,https://www.bog.gov.gh/economic-data/real-sector/,0,,
2015-04-01,2015,4,Apr,Inflation_Non-Food (%) Year-on-Year,23.23,real_sector,https://www.bog.gov.gh/economic-data/real-sector/,0,,
2015-05-01,2015,5,May,Inflation_Non-Food (%) Year-on-Year,23.4,real_sector,https://www.bog.gov.gh/economic-data/real-sector/,0,,
2015-06-01,2015,6,Jun,Inflation_Non-Food (%) Year-on-Year,23.61,real_sector,https://www.bog.gov.gh/economic-data/real-sector/,0,,
2015-07-01,2015,7,Jul,Inflation_Non-Food (%) Year-on-Year,24.62,real_sector,https://www.bog.gov.gh/economic-data/real-sector/,0,,
2015-08-01,2015,8,Aug,Inflation_Non-Food (%) Year-on-Year,23.42,real_sector,https://www.bog.gov.gh/economic-data/real-sector/,0,,
2015-09-01,2015,9,Sep,Inflation_Non-Food (%) Year-on-Year,23.15,real_sector,https://www.bog.gov.gh/economic-data/real-sector/,0,,
2015-10-01,2015,10,Oct,Inflation_Non-Food (%) Year-on-Year,22.95,real_sector,https://www.bog.gov.gh/economic-data/real-sector/,0,,
2015-11-01,2015,11,Nov,Inflation_Non-Food (%) Year-on-Year,23.19,real_sector,https://www.bog.gov.gh/economic-data/real-sector/,0,,
2015-12-01,2015,12,Dec,Inflation_Non-Food (%) Year-on-Year,23.3,real_sector,https://www.bog.gov.gh/economic-data/real-sector/,0,,
2015-12-31,2015,,,Inflation_Non-Food (%) Year-on-Year,23.03,real_sector,https://www.bog.gov.gh/economic-data/real-sector/,0,,
2016-01-01,2016,1,Jan,Inflation_Non-Food (%) Year-on-Year,25.48,real_sector,https://www.bog.gov.gh/economic-data/real-sector/,0,,
2016-02-01,2016,2,Feb,Inflation_Non-Food (%) Year-on-Year,24.5,real_sector,https://www.bog.gov.gh/economic-data/real-sector/,0,,
2016-03-01,2016,3,Mar,Inflation_Non-Food (%) Year-on-Year,25.66,real_sector,https://www.bog.gov.gh/economic-data/real-sector/,0,,
2016-04-01,2016,4,Apr,Inflation_Non-Food (%) Year-on-Year,24.79,real_sector,https://www.bog.gov.gh/economic-data/real-sector/,0,,
2016-05-01,2016,5,May,Inflation_Non-Food (%) Year-on-Year,25.01,real_sector,https://www.bog.gov.gh/economic-data/real-sector/,0,,
2016-06-01,2016,6,Jun,Inflation_Non-Food (%) Year-on-Year,24.12,real_sector,https://www.bog.gov.gh/economic-data/real-sector/,0,,
2016-07-01,2016,7,Jul,Inflation_Non-Food (%) Year-on-Year,21.23,real_sector,https://www.bog.gov.gh/economic-data/real-sector/,0,,
2016-08-01,2016,8,Aug,Inflation_Non-Food (%) Year-on-Year,21.5,real_sector,https://www.bog.gov.gh/economic-data/real-sector/,0,,
2016-09-01,2016,9,Sep,Inflation_Non-Food (%) Year-on-Year,21.59,real_sector,https://www.bog.gov.gh/economic-data/real-sector/,0,,
2016-10-01,2016,10,Oct,Inflation_Non-Food (%) Year-on-Year,19.39,real_sector,https://www.bog.gov.gh/economic-data/real-sector/,0,,
2016-11-01,2016,11,Nov,Inflation_Non-Food (%) Year-on-Year,18.69,real_sector,https://www.bog.gov.gh/economic-data/real-sector/,0,,
2016-12-01,2016,12,Dec,Inflation_Non-Food (%) Year-on-Year,18.24,real_sector,https://www.bog.gov.gh/economic-data/real-sector/,0,,
2016-12-31,2016,,,Inflation_Non-Food (%) Year-on-Year,25.48,real_sector,https://www.bog.gov.gh/economic-data/real-sector/,0,,
2017-01-01,2017,1,Jan,Inflation_Non-Food (%) Year-on-Year,16.63,real_sector,https://www.bog.gov.gh/economic-data/real-sector/,0,,
2017-02-01,2017,2,Feb,Inflation_Non-Food (%) Year-on-Year,16.38,real_sector,https://www.bog.gov.gh/economic-data/real-sector/,0,,
2017-03-01,2017,3,Mar,Inflation_Non-Food (%) Year-on-Year,15.59,real_sector,https://www.bog.gov.gh/economic-data/real-sector/,0,,
2017-04-01,2017,4,Apr,Inflation_Non-Food (%) Year-on-Year,16.29,real_sector,https://www.bog.gov.gh/economic-data/real-sector/,0,,
2017-05-01,2017,5,May,Inflation_Non-Food (%) Year-on-Year,15.78,real_sector,https://www.bog.gov.gh/economic-data/real-sector/,0,,
2017-06-01,2017,6,Jun,Inflation_Non-Food (%) Year-on-Year,15.1,real_sector,https://www.bog.gov.gh/economic-data/real-sector/,0,,
2017-07-01,2017,7,Jul,Inflation_Non-Food (%) Year-on-Year,14.2,real_sector,https://www.bog.gov.gh/economic-data/real-sector/,0,,
2017-08-01,2017,8,Aug,Inflation_Non-Food (%) Year-on-Year,14.7,real_sector,https://www.bog.gov.gh/economic-data/real-sector/,0,,
2017-09-01,2017,9,Sep,Inflation_Non-Food (%) Year-on-Year,14.1,real_sector,https://www.bog.gov.gh/economic-data/real-sector/,0,,
2017-10-01,2017,10,Oct,Inflation_Non-Food (%) Year-on-Year,13.2,real_sector,https://www.bog.gov.gh/economic-data/real-sector/,0,,
2017-11-01,2017,11,Nov,Inflation_Non-Food (%) Year-on-Year,13.6,real_sector,https://www.bog.gov.gh/economic-data/real-sector/,0,,
2017-12-01,2017,12,Dec,Inflation_Non-Food (%) Year-on-Year,13.6,real_sector,https://www.bog.gov.gh/economic-data/real-sector/,0,,
2017-12-31,2017,,,Inflation_Non-Food (%) Year-on-Year,16.63,real_sector,https://www.bog.gov.gh/economic-data/real-sector/,0,,
2018-01-01,2018,1,Jan,Inflation_Non-Food (%) Year-on-Year,12.02,real_sector,https://www.bog.gov.gh/economic-data/real-sector/,0,,
2018-02-01,2018,2,Feb,Inflation_Non-Food (%) Year-on-Year,12.21,real_sector,https://www.bog.gov.gh/economic-data/real-sector/,0,,
2018-03-01,2018,3,Mar,Inflation_Non-Food (%) Year-on-Year,11.8,real_sector,https://www.bog.gov.gh/economic-data/real-sector/,0,,
2018-04-01,2018,4,Apr,Inflation_Non-Food (%) Year-on-Year,10.58,real_sector,https://www.bog.gov.gh/economic-data/real-sector/,0,,
2018-05-01,2018,5,May,Inflation_Non-Food (%) Year-on-Year,10.85,real_sector,https://www.bog.gov.gh/economic-data/real-sector/,0,,
2018-06-01,2018,6,Jun,Inflation_Non-Food (%) Year-on-Year,11.24,real_sector,https://www.bog.gov.gh/economic-data/real-sector/,0,,
2018-07-01,2018,7,Jul,Inflation_Non-Food (%) Year-on-Year,10.66,real_sector,https://www.bog.gov.gh/economic-data/real-sector/,0,,
2018-08-01,2018,8,Aug,Inflation_Non-Food (%) Year-on-Year,10.75,real_sector,https://www.bog.gov.gh/economic-data/real-sector/,0,,
2018-09-01,2018,9,Sep,Inflation_Non-Food (%) Year-on-Year,10.3,real_sector,https://www.bog.gov.gh/economic-data/real-sector/,0,,
2018-10-01,2018,10,Oct,Inflation_Non-Food (%) Year-on-Year,9.78,real_sector,https://www.bog.gov.gh/economic-data/real-sector/,0,,
2018-11-01,2018,11,Nov,Inflation_Non-Food (%) Year-on-Year,9.65,real_sector,https://www.bog.gov.gh/economic-data/real-sector/,0,,
2018-12-01,2018,12,Dec,Inflation_Non-Food (%) Year-on-Year,9.75,real_sector,https://www.bog.gov.gh/economic-data/real-sector/,0,,
2018-12-31,2018,,,Inflation_Non-Food (%) Year-on-Year,12.02,real_sector,https://www.bog.gov.gh/economic-data/real-sector/,0,,
2019-01-01,2019,1,Jan,Inflation_Non-Food (%) Year-on-Year,9.45,real_sector,https://www.bog.gov.gh/economic-data/real-sector/,0,,
2019-02-01,2019,2,Feb,Inflation_Non-Food (%) Year-on-Year,9.65,real_sector,https://www.bog.gov.gh/economic-data/real-sector/,0,,
2019-03-01,2019,3,Mar,Inflation_Non-Food (%) Year-on-Year,9.69,real_sector,https://www.bog.gov.gh/economic-data/real-sector/,0,,
2019-04-01,2019,4,Apr,Inflation_Non-Food (%) Year-on-Year,10.44,real_sector,https://www.bog.gov.gh/economic-data/real-sector/,0,,
2019-05-01,2019,5,May,Inflation_Non-Food (%) Year-on-Year,10.62,real_sector,https://www.bog.gov.gh/economic-data/real-sector/,0,,
2019-06-01,2019,6,Jun,Inflation_Non-Food (%) Year-on-Year,10.34,real_sector,https://www.bog.gov.gh/economic-data/real-sector/,0,,
2019-07-01,2019,7,Jul,Inflation_Non-Food (%) Year-on-Year,10.72,real_sector,https://www.bog.gov.gh/economic-data/real-sector/,0,,
2019-08-01,2019,8,Aug,Inflation_Non-Food (%) Year-on-Year,7.4,real_sector,https://www.bog.gov.gh/economic-data/real-sector/,0,,
2019-09-01,2019,9,Sep,Inflation_Non-Food (%) Year-on-Year,7.0,real_sector,https://www.bog.gov.gh/economic-data/real-sector/,0,,
2019-10-01,2019,10,Oct,Inflation_Non-Food (%) Year-on-Year,8.2,real_sector,https://www.bog.gov.gh/economic-data/real-sector/,0,,
2019-11-01,2019,11,Nov,Inflation_Non-Food (%) Year-on-Year,8.0,real_sector,https://www.bog.gov.gh/economic-data/real-sector/,0,,
2019-12-01,2019,12,Dec,Inflation_Non-Food (%) Year-on-Year,8.5,real_sector,https://www.bog.gov.gh/economic-data/real-sector/,0,,
2019-12-31,2019,,,Inflation_Non-Food (%) Year-on-Year,9.45,real_sector,https://www.bog.gov.gh/economic-data/real-sector/,0,,
2020-01-01,2020,1,Jan,Inflation_Non-Food (%) Year-on-Year,7.9,real_sector,https://www.bog.gov.gh/economic-data/real-sector/,0,,
2020-02-01,2020,2,Feb,Inflation_Non-Food (%) Year-on-Year,7.7,real_sector,https://www.bog.gov.gh/economic-data/real-sector/,0,,
2020-03-01,2020,3,Mar,Inflation_Non-Food (%) Year-on-Year,7.4,real_sector,https://www.bog.gov.gh/economic-data/real-sector/,0,,
2020-04-01,2020,4,Apr,Inflation_Non-Food (%) Year-on-Year,7.7,real_sector,https://www.bog.gov.gh/economic-data/real-sector/,0,,
2020-05-01,2020,5,May,Inflation_Non-Food (%) Year-on-Year,8.4,real_sector,https://www.bog.gov.gh/economic-data/real-sector/,0,,
2020-06-01,2020,6,Jun,Inflation_Non-Food (%) Year-on-Year,9.2,real_sector,https://www.bog.gov.gh/economic-data/real-sector/,0,,
2020-07-01,2020,7,Jul,Inflation_Non-Food (%) Year-on-Year,9.7,real_sector,https://www.bog.gov.gh/economic-data/real-sector/,0,,
2020-08-01,2020,8,Aug,Inflation_Non-Food (%) Year-on-Year,9.9,real_sector,https://www.bog.gov.gh/economic-data/real-sector/,0,,
2020-09-01,2020,9,Sep,Inflation_Non-Food (%) Year-on-Year,9.8,real_sector,https://www.bog.gov.gh/economic-data/real-sector/,0,,
2020-10-01,2020,10,Oct,Inflation_Non-Food (%) Year-on-Year,8.3,real_sector,https://www.bog.gov.gh/economic-data/real-sector/,0,,
2020-11-01,2020,11,Nov,Inflation_Non-Food (%) Year-on-Year,8.3,real_sector,https://www.bog.gov.gh/economic-data/real-sector/,0,,
2020-12-01,2020,12,Dec,Inflation_Non-Food (%) Year-on-Year,7.7,real_sector,https://www.bog.gov.gh/economic-data/real-sector/,0,,
2020-12-31,2020,,,Inflation_Non-Food (%) Year-on-Year,7.9,real_sector,https://www.bog.gov.gh/economic-data/real-sector/,0,,
2021-01-01,2021,1,Jan,Inflation_Non-Food (%) Year-on-Year,7.7,real_sector,https://www.bog.gov.gh/economic-data/real-sector/,0,,
2021-02-01,2021,2,Feb,Inflation_Non-Food (%) Year-on-Year,8.8,real_sector,https://www.bog.gov.gh/economic-data/real-sector/,0,,
2021-03-01,2021,3,Mar,Inflation_Non-Food (%) Year-on-Year,10.0,real_sector,https://www.bog.gov.gh/economic-data/real-sector/,0,,
2021-04-01,2021,4,Apr,Inflation_Non-Food (%) Year-on-Year,10.2,real_sector,https://www.bog.gov.gh/economic-data/real-sector/,0,,
2021-05-01,2021,5,May,Inflation_Non-Food (%) Year-on-Year,9.2,real_sector,https://www.bog.gov.gh/economic-data/real-sector/,0,,
2021-06-01,2021,6,Jun,Inflation_Non-Food (%) Year-on-Year,8.2,real_sector,https://www.bog.gov.gh/economic-data/real-sector/,0,,
2021-07-01,2021,7,Jul,Inflation_Non-Food (%) Year-on-Year,8.6,real_sector,https://www.bog.gov.gh/economic-data/real-sector/,0,,
2021-08-01,2021,8,Aug,Inflation_Non-Food (%) Year-on-Year,8.7,real_sector,https://www.bog.gov.gh/economic-data/real-sector/,0,,
2021-09-01,2021,9,Sep,Inflation_Non-Food (%) Year-on-Year,9.9,real_sector,https://www.bog.gov.gh/economic-data/real-sector/,0,,
2021-10-01,2021,10,Oct,Inflation_Non-Food (%) Year-on-Year,11.0,real_sector,https://www.bog.gov.gh/economic-data/real-sector/,0,,
2021-11-01,2021,11,Nov,Inflation_Non-Food (%) Year-on-Year,11.6,real_sector,https://www.bog.gov.gh/economic-data/real-sector/,0,,
2021-12-01,2021,12,Dec,Inflation_Non-Food (%) Year-on-Year,12.5,real_sector,https://www.bog.gov.gh/economic-data/real-sector/,0,,
2021-12-31,2021,,,Inflation_Non-Food (%) Year-on-Year,7.7,real_sector,https://www.bog.gov.gh/economic-data/real-sector/,0,,
2022-01-01,2022,1,Jan,Inflation_Non-Food (%) Year-on-Year,14.1,real_sector,https://www.bog.gov.gh/economic-data/real-sector/,0,,
2022-02-01,2022,2,Feb,Inflation_Non-Food (%) Year-on-Year,14.5,real_sector,https://www.bog.gov.gh/economic-data/real-sector/,0,,
2022-03-01,2022,3,Mar,Inflation_Non-Food (%) Year-on-Year,17.0,real_sector,https://www.bog.gov.gh/economic-data/real-sector/,0,,
2022-04-01,2022,4,Apr,Inflation_Non-Food (%) Year-on-Year,21.3,real_sector,https://www.bog.gov.gh/economic-data/real-sector/,0,,
2022-05-01,2022,5,May,Inflation_Non-Food (%) Year-on-Year,25.7,real_sector,https://www.bog.gov.gh/economic-data/real-sector/,0,,
2022-06-01,2022,6,Jun,Inflation_Non-Food (%) Year-on-Year,29.1,real_sector,https://www.bog.gov.gh/economic-data/real-sector/,0,,
2022-07-01,2022,7,Jul,Inflation_Non-Food (%) Year-on-Year,31.3,real_sector,https://www.bog.gov.gh/economic-data/real-sector/,0,,
2022-08-01,2022,8,Aug,Inflation_Non-Food (%) Year-on-Year,33.6,real_sector,https://www.bog.gov.gh/economic-data/real-sector/,0,,
2022-09-01,2022,9,Sep,Inflation_Non-Food (%) Year-on-Year,36.8,real_sector,https://www.bog.gov.gh/economic-data/real-sector/,0,,
2022-10-01,2022,10,Oct,Inflation_Non-Food (%) Year-on-Year,37.8,real_sector,https://www.bog.gov.gh/economic-data/real-sector/,0,,
2022-11-01,2022,11,Nov,Inflation_Non-Food (%) Year-on-Year,46.5,real_sector,https://www.bog.gov.gh/economic-data/real-sector/,0,,
2022-12-01,2022,12,Dec,Inflation_Non-Food (%) Year-on-Year,49.9,real_sector,https://www.bog.gov.gh/economic-data/real-sector/,0,,
2022-12-31,2022,,,Inflation_Non-Food (%) Year-on-Year,14.1,real_sector,https://www.bog.gov.gh/economic-data/real-sector/,0,,
2023-01-01,2023,1,Jan,Inflation_Non-Food (%) Year-on-Year,47.9,real_sector,https://www.bog.gov.gh/economic-data/real-sector/,0,,
2023-02-01,2023,2,Feb,Inflation_Non-Food (%) Year-on-Year,47.9,real_sector,https://www.bog.gov.gh/economic-data/real-sector/,0,,
2023-03-01,2023,3,Mar,Inflation_Non-Food (%) Year-on-Year,40.6,real_sector,https://www.bog.gov.gh/economic-data/real-sector/,0,,
2023-04-01,2023,4,Apr,Inflation_Non-Food (%) Year-on-Year,35.4,real_sector,https://www.bog.gov.gh/economic-data/real-sector/,0,,
2023-05-01,2023,5,May,Inflation_Non-Food (%) Year-on-Year,0.0,real_sector,https://www.bog.gov.gh/economic-data/real-sector/,0,,
2023-06-01,2023,6,Jun,Inflation_Non-Food (%) Year-on-Year,0.0,real_sector,https://www.bog.gov.gh/economic-data/real-sector/,0,,
2023-07-01,2023,7,Jul,Inflation_Non-Food (%) Year-on-Year,0.0,real_sector,https://www.bog.gov.gh/economic-data/real-sector/,0,,
2023-08-01,2023,8,Aug,Inflation_Non-Food (%) Year-on-Year,0.0,real_sector,https://www.bog.gov.gh/economic-data/real-sector/,0,,
2023-09-01,2023,9,Sep,Inflation_Non-Food (%) Year-on-Year,0.0,real_sector,https://www.bog.gov.gh/economic-data/real-sector/,0,,
2023-10-01,2023,10,Oct,Inflation_Non-Food (%) Year-on-Year,0.0,real_sector,https://www.bog.gov.gh/economic-data/real-sector/,0,,
2023-11-01,2023,11,Nov,Inflation_Non-Food (%) Year-on-Year,0.0,real_sector,https://www.bog.gov.gh/economic-data/real-sector/,0,,
2023-12-01,2023,12,Dec,Inflation_Non-Food (%) Year-on-Year,0.0,real_sector,https://www.bog.gov.gh/economic-data/real-sector/,0,,
2023-12-31,2023,,,Inflation_Non-Food (%) Year-on-Year,47.9,real_sector,https://www.bog.gov.gh/economic-data/real-sector/,0,,
