Date,cocoa,gold,brent,wti,cedi
2015-01-06,0.10483294068397614,0.9120551566192816,0.08149884158312205,0.09767205339941826,0.3071692379842639
2015-01-07,0.6045126306926174,0.20382954933932879,0.4927166403513369,0.6618983407856316,0.23621212828206586
2015-01-08,0.9714225746919651,0.38070970550377686,0.4260919168878384,0.5271840275151666,0.505942974619437
2015-01-09,0.28315893860788316,0.749708062904335,0.23609809871029944,0.369635135391718,0.29984342112119683
2015-01-12,0.7534188911872995,0.924544539529431,0.026371015601460938,0.05405817334248701,0.6651900685654307
2015-01-13,0.4432251917656288,0.5532500180871489,0.2382088669412306,0.43179301654675617,0.5282311746604784
2015-01-14,0.4919143627587098,0.4793407526365165,0.9295805487681996,0.9550581506544461,0.006489620264689919
2015-01-15,0.3136267687058497,0.984713994822747,0.21347050180006719,0.07122322231147567,0.8208198515889322
2015-01-16,0.147836681810854,0.837264529988826,0.4867514654692784,0.9287118182382357,0.3395642316556464
2015-01-20,0.2927809805649331,0.8990950220083376,0.5845252161650663,0.07907489643110796,0.44263787103402896
2015-01-21,0.0239692673343546,0.4764555198733331,0.8010599958948937,0.7962366198701268,0.047923893014190456
2015-01-22,0.07239132475753213,0.6959537587212768,0.3119845780405255,0.16838462069798169,0.8358674314005152
2015-01-23,0.08880005673036641,0.24036813170965873,0.5797048247210888,0.2993655648490216,0.13808426461655351
2015-01-26,0.28059750159526115,0.12903588175883493,0.255755452180549,0.3616262676461189,0.25481956758856716
2015-01-27,0.5568990805883923,0.8252635076640054,0.9000148751412447,0.7820221787438764,0.9574965640752291
2015-01-28,0.18169057569806638,0.2976161940405195,0.136646796349672,0.08821331849030663,0.060988748696018245
2015-01-29,0.17374390443586973,0.015725573734930935,0.7222704414209844,0.5092400951558105,0.7633821681525848
2015-01-30,0.5735193198330019,0.9506825722420091,0.9950539505456605,0.9898424141157474,0.054216485193198785
2015-02-02,0.2337580693515267,0.4240294055500597,0.8821803084487965,0.7946006095474222,0.4460382049742868
2015-02-03,0.7174542659049352,0.0947058937646801,0.9659765382557035,0.9698801259835454,0.04200364367650245
2015-02-04,0.8387524678959992,0.6001887762727958,0.023392339046778374,0.013603547983289872,0.011669865352677718
2015-02-05,0.7076487041868199,0.4177922882540501,0.8917729357008022,0.8225859735470911,0.5318546885178559
2015-02-06,0.827403337060745,0.022256910644654515,0.7455527146079663,0.7165782301680514,0.2930683403865273
2015-02-09,0.9895154916248416,0.6849638079913549,0.6118715528327389,0.7147566026679316,0.3090040559054041
2015-02-10,0.425946037016861,0.1995455386602949,0.129512843428588,0.07607947693092593,0.00035329300060490466
2015-02-11,0.6574723246879601,0.12295222722164337,0.13526356178480495,0.25481310521202294,0.5183449448800028
2015-02-12,0.9671031757469817,0.5036378449546051,0.9087592390805308,0.887443796328874,0.5273644987044592
2015-02-13,0.6185233707517253,0.7080556225782456,0.574963002209401,0.791733397714464,0.35797981036798604
2015-02-17,0.692433365131729,0.05619514694843376,0.989644460524556,0.6525413683647172,0.3105377175518165
2015-02-18,0.8162376624723965,0.18302554218262151,0.1671420468671836,0.20646060811414552,0.5668288828661877
2015-02-19,0.45652154711931525,0.7398289914241865,0.4161896916417049,0.26432885916501386,0.35770076817637336
2015-02-20,0.5028376168143148,0.3744709571130942,0.48759692121941905,0.2861079948216195,0.5574775538482459
2015-02-23,0.7473571493926554,0.30948444450225254,0.2150805205783749,0.2593736152732057,0.04926302745391063
2015-02-24,0.7523629555601867,0.32991127767171957,0.4232025576567347,0.4360836933818713,0.013823537295619914
2015-02-25,0.06773012974037909,0.6418084642709749,0.944803404684123,0.8850009494928894,0.28175093529680345
2015-02-26,0.7524519010978905,0.8026998081638539,0.1773816150668809,0.028936715242769286,0.3720718328686734
2015-02-27,0.8909938582999601,0.6113707037106898,0.9112608906710888,0.842216583425927,0.052396451007155495
2015-03-02,0.31729902325138476,0.27362030570643514,0.05338171031546083,0.44430581157606625,0.8973441866706996
2015-03-03,0.6276172155060507,0.3060459183020787,0.7799091824995574,0.7374153054391155,0.4333694255260113
2015-03-04,0.3459179666449897,0.3156111659931957,0.38064487717140166,0.7620863573225791,0.03952574851337419
2015-03-05,0.35655364584321614,0.2624832267929769,0.46573125322384207,0.2680125216995739,0.12400727602428795
2015-03-09,0.03108842615825279,0.006712309236606086,0.10834663436775745,0.2570380788769394,0.014761886167377909
2015-03-10,0.2760842235757781,0.19473675244600822,0.08564112732415637,0.07991247782052005,0.9162459772179402
2015-03-11,0.13912440972301185,0.13071992304063854,0.7568109884303714,0.44170656863412183,0.03493018798534346
2015-03-12,0.29490105697390306,0.5249982601055682,0.36412811506065085,0.15689676561536262,0.4496004990966468
2015-03-13,0.2713750096238204,0.4957276409163784,0.05549253383515061,0.033574793165990546,0.4802582744615195
2015-03-16,0.16547499502178847,0.5044043717731058,0.1827445499071503,0.19990689549858698,0.02905590679181918
2015-03-17,0.01859658160115147,0.24310096480897384,0.4765976713218744,0.340778136105194,0.6008527650599591
2015-03-18,0.19055952519159014,0.6188893927790947,0.9458011096244847,0.8475080092393659,0.0013902370801586893
2015-03-19,0.1063208751223642,0.9653285019959202,0.15021731213823974,0.2505689391573618,0.733550071047348
2015-03-20,0.9714640986958764,0.9423655091853825,0.7224494247478344,0.9323076222380362,0.08120927022538399
2015-03-23,0.17111274495428308,0.6298340956320091,0.6603937105881317,0.9196038721866995,0.833129160709092
2015-03-24,0.7511598186445594,0.6381352658481427,0.2527695115406078,0.5106309281924878,0.03042404625440007
2015-03-25,0.5123218303699157,0.7154080435432321,0.8422351573089213,0.915287255481555,0.660505111152528
2015-03-26,0.22163106003312621,0.7913683862413825,0.9626631818405401,0.9508544623769708,0.5818428373510107
2015-03-27,0.31075618247910164,0.25821438479501835,0.038877238260345795,0.034443422776473824,0.07417790958282719
2015-03-30,0.083700548439057,0.05518088646508267,0.4421516151936718,0.4270003898196461,0.10177587227958584
2015-03-31,0.5346080269736668,0.3724107073780229,0.18871920234041642,0.1942889567873832,0.06352025890704266
2015-04-01,0.905151995060361,0.9843167015218787,0.9054387606637843,0.9563278356148837,0.055211737855963346
2015-04-02,0.6940238243195673,0.23670643342352413,0.07277851019141765,0.23909823209283754,0.7255126990233153
2015-04-07,0.6673346414155275,0.8119330119066883,0.9855914858044919,0.9952511474277176,0.06004000548149554
2015-04-08,0.717037886364178,0.2126534720704046,0.03546554453706855,0.038130029154360645,0.11811492619506744
2015-04-09,0.3143297604424053,0.14890183000779889,0.6961230368980107,0.563145399995842,0.016076480783228514
2015-04-10,0.3579223870456035,0.8480692831932175,0.7595762289877634,0.6716041746063071,0.9679571587456144
2015-04-13,0.6861561187525104,0.27536159264430243,0.5033968477502239,0.5532776006702746,0.1369947497791134
2015-04-14,0.90453971408825,0.21884768311623712,0.6075289259811547,0.7856459579796524,0.5219118260359937
2015-04-15,0.17614464701915322,0.8008486399392305,0.8645826947037978,0.9505374119965202,0.8853254572789889
2015-04-16,0.9180782933502912,0.332133196795499,0.5098058561732531,0.5654796814907643,0.8590103963112276
2015-04-17,0.1814253790945052,0.6802101331631407,0.9530565729275204,0.2730882381323948,0.02209572943724253
2015-04-20,0.05430135889554177,0.14167232361459603,0.4923858561554529,0.6430442272226353,0.8654862380250912
2015-04-21,0.42067171512237067,0.8273627296865422,0.18672794337052231,0.22347086329957422,0.9397469890380376
2015-04-22,0.47049969544458964,0.05196698186252782,0.6462706568288381,0.7173011647854066,0.037380140749914775
2015-04-23,0.8211144387923874,0.766619716481989,0.8998529829248415,0.8505686920580879,0.9693681018283744
2015-04-24,0.976929780538296,0.03140731679800709,0.6007021529949139,0.32772586279657206,0.1095356574656099
2015-04-27,0.7530610014571644,0.9874281239684318,0.36164454984544986,0.4360346682451001,0.5243465363323403
2015-04-28,0.5418806520628472,0.8382037430711664,0.42429358664758354,0.506102871049654,0.5835380346186072
2015-04-29,0.7198300839276464,0.3317778923024601,0.7954412172061813,0.8748652701940121,0.37433532609250986
2015-04-30,0.42655480479206725,0.017821047336609434,0.7456063607466314,0.7878349521225834,0.07310145210216082
2015-05-04,0.04420425421536084,0.61516410627432,0.38050104656642236,0.2703184686882418,0.702734149401062
2015-05-05,0.9308852941465882,0.7159454757417861,0.7839210126339468,0.8735549108489605,0.10600109258500373
2015-05-06,0.11178227450584562,0.36832827043033145,0.5628596415582983,0.6585606088995157,0.5961960161332038
2015-05-07,0.5910801275032479,0.19772612697369163,0.04368556137951558,0.052644409953331806,0.8353612173340175
2015-05-08,0.7096151585269534,0.7253016089771779,0.4217513804681408,0.6238746354991458,0.02435373662323315
2015-05-11,0.7577397543778199,0.2555062774180554,0.32102639819974965,0.435578308963882,0.919396174415995
2015-05-12,0.7712382866708498,0.8115208237100405,0.9281702885960676,0.8871361131869591,0.30446965177054697
2015-05-13,0.6693184869442079,0.9799455816916319,0.4674055388734985,0.3989390805798307,0.1718105998976201
2015-05-14,0.9721235532504173,0.7385088568994809,0.4000761381788028,0.26997390404244986,0.021215178335847327
2015-05-15,0.8352843897628776,0.48602314545799086,0.4666853982631919,0.4072576848299267,0.24925643658334778
2015-05-18,0.5442219600598568,0.5622678493342906,0.363531600804302,0.3778284389801768,0.9901062388991854
2015-05-19,0.5295596660361579,0.04049877122878245,0.02859298511612348,0.024293134476874017,0.6417726552050576
2015-05-20,0.29967335073030693,0.5305811195780218,0.7856357654459954,0.9133137642422764,0.12394200026777405
2015-05-21,0.8065704298507489,0.3063087051967395,0.8852930003044838,0.909356648531865,0.04347204167962039
2015-05-22,0.3832462206041284,0.4640456789386115,0.15265737075662172,0.20062759185217927,0.07198316293408719
2015-05-26,0.4536287519883531,0.054864360419461376,0.07951830775892502,0.08278178052991125,0.9466610957826717
2015-05-27,0.32894174770984147,0.39924720133708724,0.08080199316098029,0.3152203703207493,0.038595089768411965
2015-05-28,0.3277614730104929,0.565523106180575,0.6465834683765053,0.5403263147458237,0.8968402351690334
2015-05-29,0.19118648367499366,0.5315555341426021,0.9788600382117059,0.9738465048568407,0.03727790253449703
2015-06-01,0.19560573261391034,0.4235388591193911,0.29466896190741365,0.4578246392174419,0.4830444603841667
2015-06-02,0.9206704659567926,0.7183295305467654,0.6631816361189011,0.7902587050283059,0.03699190974454422
2015-06-03,0.6058541977483909,0.14140127902339347,0.09225603293940775,0.09420837625867144,0.5524709449679551
2015-06-04,0.3794696658028767,0.12147518229300398,0.08230927614935134,0.09268560596129258,0.01104342825986446
2015-06-05,0.492707044569154,0.1795768551536728,0.8215875744431131,0.799185803404331,0.7298756300661073
2015-06-08,0.49138578296370733,0.7085569293442395,0.29430405542458093,0.20228590180553488,0.19504655400557697
2015-06-09,0.3763009557355402,0.6700977884863422,0.9395568041608789,0.930170257885711,0.5983056269446518
2015-06-10,0.6972483094414006,0.8343018045051755,0.7255268921238427,0.8290872985161626,0.21895039057308935
2015-06-11,0.17079369171593697,0.21577379135060473,0.3016366005714112,0.28875704150423087,0.012080091226343511
2015-06-12,0.8766696329732232,0.4053649732750327,0.14578816241080148,0.23802602154335037,0.039222621314037184
2015-06-15,0.9414147770397036,0.7648977656411491,0.13760281023706805,0.33395590745259723,0.07833797573154024
2015-06-16,0.7293095187826144,0.25491339675280034,0.47946471185731127,0.6386284491168122,0.009576698683446993
2015-06-17,0.4179016191335699,0.26666066037163993,0.8424989230680434,0.4629499478305072,0.8864025151649948
2015-06-18,0.9474222120271301,0.9885081573658788,0.6188891418969917,0.6778445564937925,0.13902376532339178
2015-06-19,0.21733995494356,0.5017480844327913,0.12623349485145932,0.1917732667419395,0.1019949486252715
2015-06-22,0.6738463993009063,0.04275038094442766,0.5891662750649664,0.5050077504037047,0.4674466945891671
2015-06-23,0.23112856445808397,0.17809396384929882,0.8320054933024431,0.8950166812443525,0.6387906251823872
2015-06-24,0.7503540595285185,0.30765260362967384,0.1728518076886416,0.21665072775456512,0.00973021487394219
2015-06-25,0.3159161647883159,0.4150770126043687,0.35943868976188065,0.2595658546346202,0.7594606487314042
2015-06-26,0.8937042107734647,0.5349579242545319,0.4963326393052372,0.446458536631786,0.18882793401924883
2015-06-29,0.5538378695218824,0.7240576889317261,0.09859348597031208,0.08179366783140503,0.09117865183679787
2015-06-30,0.07161150556615507,0.1900074320589615,0.9192192089161353,0.8601630880305542,0.20053396310170096
2015-07-02,0.6705911903805033,0.13858489597473836,0.07803037400180503,0.013726274705380792,0.999820246343044
2015-07-06,0.38982153053980567,0.8566113451337813,0.0008343064117336438,0.0026817219203579606,0.5121413624461373
2015-07-07,0.22665107958193945,0.022031256957959044,0.5463305299932906,0.4330613336016385,0.5088114077070245
2015-07-08,0.452547483039637,0.8656016629962444,0.5364524504874362,0.3178485243775377,0.5572352214387957
2015-07-09,0.7798245729506482,0.29106102000119943,0.8270846021227882,0.7663368257749563,0.6596607190211261
2015-07-10,0.6391886753117856,0.40069555108729804,0.520262116815968,0.47788533913685766,0.6729156222020902
2015-07-13,0.5511775788126303,0.3465144305321933,0.259093495154264,0.3299684857464671,0.9404209372709154
2015-07-14,0.9424373519911224,0.3702609381370059,0.664897593354476,0.730950753168512,0.26882075085028195
2015-07-15,0.277949160493193,0.1974859117257111,0.138121573818648,0.09802846715517119,0.37736492023719553
2015-07-16,0.5028052159187948,0.2915898368432209,0.6165465327815356,0.3252463601134267,0.9809764554242462
2015-07-17,0.35986754211858113,0.06636241362410916,0.4855988390964524,0.47662327610394906,0.4483240602038455
2015-07-21,0.37903654854161606,0.004928816945605849,0.3249861621780914,0.3011378381191181,0.06857115958369105
2015-07-22,0.06742075570408755,0.06720379009114967,0.2006076167616902,0.13156498724984322,0.5150872667720405
2015-07-23,0.16725362483191955,0.5859670403581286,0.20379338177238052,0.22557942953257207,0.3314951962535541
2015-07-24,0.062371103831348106,0.1366664642910758,0.2517407753043085,0.3598718515887824,0.47017698563783983
2015-07-27,0.6146372898514019,0.8895458759786146,0.12892870267968295,0.20526107560269968,0.0007193921071605861
2015-07-28,0.5969809107425414,0.4742856785802102,0.40579407860472283,0.7194140927814068,0.4565724664346915
2015-07-29,0.6186005786054871,0.2919785110597111,0.5094648709320407,0.7970925202349946,0.5455340397819803
2015-07-30,0.5220183215476613,0.2550827334081334,0.4458833145793884,0.3652554565119411,0.19827004155219427
2015-07-31,0.34916494042685803,0.7787225641026546,0.1100843265937517,0.06044770071646292,0.5536009844463112
2015-08-03,0.11326783107566794,0.21593128406592757,0.00945376647073641,0.026839808782331057,0.004124713012339147
2015-08-04,0.4728071081228539,0.5312010873233439,0.6418468016571044,0.6935153215753058,0.5096347670599957
2015-08-05,0.09945855613601856,0.22184936631469743,0.3321519385199407,0.26237109714488416,0.018776897156913632
2015-08-06,0.044306326282498386,0.7044049800458599,0.44865238720917383,0.2849647250990214,0.29653163553445044
2015-08-07,0.9077549647648154,0.6890041801993751,0.16142878474196187,0.18118072015297637,0.11779963427678401
2015-08-10,0.34353314890050385,0.8984674605399424,0.9477639416108281,0.8703195332541186,0.221875429455013
2015-08-11,0.338050455214856,0.6670758282774167,0.1159113166346876,0.029798688875113662,0.15444013830662842
2015-08-12,0.09150703058105565,0.9609575791621844,0.6623855842180679,0.5684565511367172,0.01684504092243847
2015-08-13,0.5664941825204743,0.1700372984949698,0.30557036701447204,0.12845907192035136,0.016989779629328673
2015-08-14,0.4432429421336887,0.31728904544708764,0.39330834574154194,0.5960376861532863,0.099607266805234
2015-08-17,0.39727399677083913,0.7462116044969629,0.4755953927687667,0.22943354351065082,0.5844666835503104
2015-08-18,0.9231642819593565,0.39547864392767673,0.3727157957147767,0.7892874712012211,0.08570375995387249
2015-08-19,0.8195526663677586,0.9013702797613575,0.035215889988647636,0.028025088646934978,0.03520066998254924
2015-08-20,0.7119479115614433,0.9891014437980955,0.24413501872638874,0.6213725337715251,0.12415167308823326
2015-08-21,0.04161242562864756,0.7600272174761923,0.08913369166339785,0.21446047591492273,0.008173851537056173
2015-08-24,0.6000621707655136,0.23851182078434796,0.006873716724020005,0.015167082589675996,0.5416302236948625
2015-08-25,0.7516777540949566,0.06009697763176013,0.6646982640421724,0.8307877483930134,0.160516453054696
2015-08-26,0.30331162406286166,0.07179412323038785,0.45647107546351895,0.23642379298442226,0.17272161728287697
2015-08-27,0.650214351780567,0.35793852143735916,0.9972534542355747,0.9968600774515856,0.29367916506915953
2015-08-28,0.5120549531874878,0.8626750893767192,0.9315130210301293,0.946801064997473,0.9944251289127699
2015-08-31,0.33158382164952854,0.41677133504669,0.9775389709273863,0.9782139028237681,0.9583734772572373
2015-09-01,0.8784048504515222,0.7685840000474012,0.020865243151924312,0.03511803296038577,0.9059249085156854
2015-09-02,0.19419222170100456,0.2241377694078652,0.6613582900367286,0.6512465041406501,0.34707864496135665
2015-09-03,0.4470320954429526,0.13987288406997045,0.5286113136230848,0.5969622836566715,0.7807861057262933
2015-09-04,0.9240342375435553,0.31569114180658986,0.2711209496198525,0.33972574226449953,0.17604425432719137
2015-09-08,0.9211354488541714,0.4553741279378034,0.46432440934359726,0.4628373603559546,0.35995534045326594
2015-09-09,0.8901021593690528,0.02773202172334962,0.12187444090404737,0.12815191384009547,0.3132848880667561
2015-09-10,0.49537826244923777,0.7767597722651292,0.7764132014742149,0.8573820754607442,0.3167225291904067
2015-09-11,0.21385009891727624,0.2155708383258979,0.30647217094368717,0.19805817287422617,0.718145252433273
2015-09-14,0.7908330582630889,0.6702824788629318,0.11793076617678554,0.3200712729356511,0.0008506549867291896
2015-09-15,0.05481784908603228,0.2454009965373898,0.5541182236788198,0.6549629817416917,0.5211497702117873
2015-09-16,0.8891941527261531,0.9575342715754701,0.4805308304571785,0.9528165226453473,0.3357367439686576
2015-09-17,0.6296267199565173,0.40045121545017953,0.9457674482358756,0.42465554578697656,0.23159014430967653
2015-09-18,0.7583017435678167,0.9746695780176746,0.13287147351338546,0.06084844933180054,0.895648989645524
2015-09-22,0.4870207650905306,0.09419975789037015,0.8554689531719625,0.7784636809823965,0.8470489917765551
2015-09-23,0.5114053817648436,0.7320929277534656,0.16844955242053156,0.16039007217540102,0.8072688365980291
2015-09-25,0.1426613150175274,0.9183926123809754,0.7200359769528905,0.8053124807720922,0.817183038347464
2015-09-28,0.1723111736766322,0.0840321843383381,0.16408593730560467,0.16336532744753862,0.8037504506096769
2015-09-29,0.05813388717688362,0.2624330397899982,0.7423481544801711,0.7229170210202012,0.9442996460449329
2015-09-30,0.041046808093033016,0.10260969951456646,0.5328806490974056,0.44262652704773914,0.9144645672767627
2015-10-01,0.38953236113779294,0.39964322930686863,0.26618621901938694,0.36559455503122473,0.5659952450417287
2015-10-02,0.37086890504088704,0.9769842873938567,0.6350974011436259,0.7545235018171561,0.08283125679654128
2015-10-05,0.4466539705481336,0.5414872747213295,0.8306180736234915,0.7385747912384615,0.9423593921110271
2015-10-06,0.479663565616915,0.7923126685734407,0.9744726834391176,0.9670252993075807,0.06565483781850526
2015-10-07,0.33317157222587884,0.575260223299304,0.31047799922104924,0.26190229124894454,0.1417624402660817
2015-10-08,0.27205034382337795,0.30416861517541594,0.8992084394553023,0.9037860786209468,0.38673021094395443
2015-10-09,0.35303212233114895,0.8636673935155877,0.3602691554449327,0.5581082188258573,0.057500274157092156
2015-10-12,0.7569978024271438,0.8017178834089367,0.021824304755496137,0.02194027258298556,0.9659905427494092
2015-10-13,0.915195065148734,0.5214449205318651,0.29128157645746067,0.34345721701808024,0.14730027972847992
2015-10-14,0.2972831558078136,0.9080737923580844,0.45092482698668557,0.4781352752917439,0.6056747583108784
2015-10-15,0.4221650747505409,0.7770889246961238,0.3339152015365236,0.3920198535877323,0.2440072190360649
2015-10-16,0.653259650638409,0.3118237790371921,0.4869259503759144,0.7823745329286367,0.29178183187617857
2015-10-19,0.9100559494866025,0.13422687827536076,0.43450139561063733,0.09734733879619423,0.003845739920414627
2015-10-20,0.8053380658777123,0.6590278280515529,0.5194553345175348,0.35275292896862714,0.8790680632120155
2015-10-21,0.061475915020717094,0.13020261592990942,0.17622613854373936,0.3440520227542239,0.4367820653643373
2015-10-22,0.4174782310573668,0.4142973366393591,0.5736876254688154,0.5592361456709564,0.7311814067535732
2015-10-23,0.3135142776303109,0.32524991675238735,0.4379850734020481,0.18346593995533364,0.8657366120470723
2015-10-26,0.903983114638182,0.6364241186230195,0.2787415666883963,0.2244529252930452,0.11514334052908623
2015-10-27,0.7193548207597564,0.4650396407365871,0.17596271991914017,0.16923373548442486,0.970034209587755
2015-10-28,0.7122879263427679,0.862571018517265,0.9820579389912977,0.9925665919839103,0.14075966915650823
2015-10-29,0.4309049063823815,0.007140168735542632,0.38562315165119204,0.5368792677241935,0.6707740808742255
2015-10-30,0.8753944018111113,0.21499525034712963,0.7742622886017343,0.6824952342459931,0.2464635829312242
2015-11-02,0.8197265548277097,0.23091017324045301,0.1893546719436712,0.31126479828250053,0.39705953336897526
2015-11-03,0.4967256079916715,0.020090980354746112,0.9502754081691019,0.9458496486092738,0.8668058347796994
2015-11-04,0.050543077700786115,0.16016440277493477,0.03637316477626274,0.07174225310042345,0.3674500346076172
2015-11-05,0.7689039550170537,0.36342878214378893,0.25595069361267997,0.14078263551025177,0.49931552896310666
2015-11-06,0.21945863223582066,0.03808845761843238,0.264611150941707,0.1818682027444273,0.14657669908364407
2015-11-09,0.20560199523940148,0.46327270036723234,0.37906729324321176,0.32082279981362605,0.8481452215582537
2015-11-10,0.9334764684322252,0.4857798633059384,0.5884209309823001,0.6233385225114332,0.4274994703855752
2015-11-11,0.8315819106485058,0.30220133647909864,0.04391426350539623,0.08678063769456949,0.5145271393640778
2015-11-12,0.49640097411245176,0.27721542929228127,0.04039629077769946,0.10376129232727097,0.22710465203151103
2015-11-13,0.8216476486303199,0.4629737218098962,0.2944705150187352,0.13608694987401632,0.7729660008048926
2015-11-16,0.7081456236896692,0.6232784968653025,0.46443293897572635,0.8408659750103988,0.989047980446075
2015-11-17,0.32276004438190453,0.03835944323008954,0.47415012508456816,0.12471327025183414,0.1970731299081717
2015-11-18,0.23598957860093808,0.4511359887994505,0.7330792218919999,0.5164359311590014,0.6117444533979011
2015-11-19,0.8264287910924781,0.8688999485876923,0.5002120489787383,0.387755919060428,0.8455564507795714
2015-11-20,0.4745128195570701,0.39513250990025844,0.7092615219748745,0.40932534512843854,0.17787194501815984
2015-11-23,0.053389918831209644,0.096691443248799,0.5675826449493431,0.9357224602707923,0.7575415496733597
2015-11-24,0.7397913039722748,0.8158836514550468,0.9322546116004564,0.8883043405741103,0.09077429689702873
2015-11-25,0.20778836264213865,0.28116507218344,0.508484101920518,0.5649584596187494,0.3356050837810525
2015-11-27,0.5595102320049515,0.038026953098686964,0.05449155996896205,0.06307903749512143,0.9827132944171605
2015-11-30,0.6818265671030392,0.8729574817515569,0.3455521932037218,0.45101885598119307,0.14554552526395567
2015-12-01,0.48729306458028926,0.37324522245926905,0.38485775128395183,0.5792212544614053,0.9399006177966829
2015-12-02,0.3061330611099708,0.0936125987054051,0.014736524650674437,0.018078623172727442,0.3114502355466926
2015-12-03,0.9142152381941727,0.8195831042181349,0.9152516889934718,0.8693853629230586,0.06140550700781671
2015-12-07,0.8684267573437723,0.9551867875927457,0.005311618465639551,0.003020469566762174,0.7983404829188261
2015-12-08,0.010254841218705681,0.4852257159236039,0.31129295614948777,0.438790178111366,0.32427282592800033
2015-12-09,0.9241886312037063,0.538218332495267,0.42503730097220793,0.37342469577887966,0.9271167056512526
2015-12-10,0.2453153653647819,0.24993458115174838,0.3349535301284232,0.34813565770948957,0.12805874725233482
2015-12-11,0.5238084518790027,0.6653585668716386,0.043405117830355194,0.13854870677059578,0.7408669500014733
2015-12-14,0.6872205922677397,0.060866996714556164,0.4717038185794395,0.734532426045351,0.8109543437637925
2015-12-15,0.13960367423646522,0.35114056587473574,0.698501362494063,0.834916467958859,0.06244741000106528
2015-12-16,0.16262221625568593,0.9574785169632398,0.09153977827516817,0.04488173627825844,0.7876788717926897
2015-12-17,0.15368438147974328,0.007041493403819009,0.4720345497464621,0.27831279133744263,0.3527093585472373
2015-12-18,0.4732170531835096,0.9373920833183016,0.3451464159078501,0.39721125416386555,0.9748399523753448
2015-12-21,0.3426645551856981,0.9425374195657876,0.24280225697989935,0.4905274857716088,0.11688574998044576
2015-12-22,0.12272025411360894,0.21614601477384102,0.35686740992175564,0.922306980140865,0.8455982566362442
2015-12-23,0.9407478717608444,0.24516617743609453,0.9259231627067237,0.9078799706350361,0.6458329155387208
2015-12-24,0.09302476655166428,0.7868370134866431,0.7362630698830274,0.7220217291971902,0.0582306108930684
2015-12-29,0.49640970933932355,0.49667997843741507,0.430420013239861,0.39026888275415494,0.6366422916000747
2015-12-30,0.6679701562033995,0.03817168895528585,0.049233839549129715,0.0821247198228011,0.9201244671467167
2015-12-31,0.29361354159758335,0.4594939710651928,0.8307073595177861,0.6712475600733372,0.2815848143987951
2016-01-04,0.017812854063145638,0.9336497057456711,0.45293876028965924,0.3590888491043248,0.9766369440402468
2016-01-05,0.05027734776301253,0.6401347505991255,0.13575446522142934,0.16177385009272088,0.11064906157066608
2016-01-06,0.028024487613532992,0.912387679420313,0.009151591039519782,0.015615711997625539,0.45961971226510506
2016-01-07,0.3041634645649416,0.9346749512535052,0.26557604949654434,0.2133671769603678,0.6476161061921444
2016-01-08,0.9110056644460904,0.15584001045096899,0.38322006742640136,0.43481254853722845,0.33629562335943836
2016-01-11,0.006158972274184147,0.40694587726787584,0.016913346900599313,0.029388580737575838,0.9770441070564699
2016-01-12,0.14443513072271316,0.118136089177445,0.19874420552026945,0.13950049831071884,0.09066640849351605
2016-01-13,0.7840095476304645,0.5458828992752107,0.23929160163682886,0.5031459438377748,0.6128653145752405
2016-01-14,0.17388309241092129,0.07403011473074025,0.7982819637764502,0.7911193295275537,0.23777452101108928
2016-01-15,0.8782732762270972,0.9492799126708813,0.477184454030121,0.02658626769587723,0.461529936270087
2016-01-19,0.7505221832748215,0.4260353060052462,0.009420300431249851,0.13946189321888505,0.07325938995921612
2016-01-20,0.005245548031021193,0.9419180452295256,0.14966516725577114,0.024750609655717376,0.7880720289259083
2016-01-21,0.8543403574663835,0.206131733171574,0.9205919276893649,0.9899423338066418,0.4966360818138116
2016-01-22,0.6399602260040271,0.3858884036878713,0.9897861637117363,0.9627982983543548,0.05062594326251887
2016-01-25,0.10141201164472388,0.8083861849063703,0.0879426669385169,0.10596249302647419,0.12505493163292145
2016-01-26,0.5873166867025712,0.9253235796906257,0.849207439546188,0.7726682391425462,0.1636518575658303
2016-01-27,0.06102101705430613,0.27758998655251377,0.8504167131498706,0.7238000786798839,0.4294995089189045
2016-01-28,0.7412614674948704,0.44672345091767307,0.7388311060614962,0.7445352252443758,0.7410336749014803
2016-01-29,0.214350797351585,0.5078592826883295,0.7560658637816896,0.613809273578464,0.058874212755225905
2016-02-01,0.9864638235975831,0.8682201721327217,0.47286687106487746,0.0626338369809026,0.07539310316054565
2016-02-02,0.016358964402003268,0.461086174888086,0.048128847048891754,0.08529623758788986,0.07405986060655842
2016-02-03,0.9386060713429132,0.9075162288449538,0.957411234648047,0.952249800147672,0.47376419664137487
2016-02-04,0.06616138929291797,0.9314153090531159,0.31472475734340905,0.33698693999468354,0.03797141209899019
2016-02-05,0.5618411946778556,0.5007977528650691,0.34992212020668895,0.24877598419121238,0.07215665386769447
2016-02-08,0.9505758188264956,0.9948892516691824,0.13977518165904376,0.1538867649594575,0.599636604302311
2016-02-09,0.3142043129049652,0.5390239139888847,0.0195292003513779,0.06827004299832373,0.03496734900712272
2016-02-10,0.3889498467152472,0.3573260036106859,0.6582285058944148,0.31855150790018016,0.08348239702728562
2016-02-11,0.10806587699278292,0.9956065658637219,0.230366909494491,0.11949826692768901,0.26860321935468684
2016-02-12,0.88993488405206,0.3185196081195172,0.9884259826703429,0.9905792828678668,0.361668196585519
2016-02-16,0.2249930110842929,0.047286240734640814,0.1922639315451538,0.3814739751270911,0.9711792231765802
2016-02-17,0.9467705666632924,0.5425729589467618,0.9390704625045021,0.8802687044742922,0.044071710769452294
2016-02-18,0.5436133177408803,0.8106177699100974,0.4334970645425794,0.529236775948869,0.7300160437471908
2016-02-19,0.15162800831665946,0.6016115795052954,0.16344389256264738,0.17459921856308305,0.4905352813595931
2016-02-22,0.6448463773690505,0.10093831508856696,0.8855926463812329,0.9199954907847316,0.06168959452495253
2016-02-23,0.6242788675355568,0.7726943365895177,0.13985860857019353,0.6191734654358074,0.04256916071080826
2016-02-24,0.8492128415811895,0.8436895593312155,0.8022244565788192,0.5859270017832143,0.9138754287403044
2016-02-25,0.5957359538896672,0.48088984545243485,0.7516896313466711,0.7813644455027835,0.9901934782599434
2016-02-26,0.11883418191460597,0.11559388361454152,0.4280071162113458,0.3871087608414462,0.30292601974020417
2016-02-29,0.9041599314826971,0.8052567893539657,0.7606511093457118,0.8102591825589093,0.5519237192706581
2016-03-01,0.28113289767603555,0.3936245510866098,0.486496802511344,0.7270007889275567,0.658318860885833
2016-03-02,0.6271562171287789,0.7564202714313772,0.7994869314666766,0.5936443826874462,0.35141535769241883
2016-03-03,0.500958731397406,0.8557956958504007,0.5425292555474297,0.44958755917593773,0.9063223799008393
2016-03-04,0.8757760589546398,0.7961261810719826,0.921246426815448,0.9126046737722796,0.82153228485472
2016-03-08,0.1593269364691707,0.2857323433812684,0.7926845190568537,0.7226026953346091,0.2573796761631837
2016-03-09,0.8478282688733844,0.3228222768597827,0.8846030792723057,0.9545846184874568,0.9639847451152197
2016-03-10,0.6793529882131264,0.84480354983289,0.17578359948012032,0.3181930582848252,0.1931946994646153
2016-03-11,0.4831906493726561,0.1710355185394928,0.6077541714514862,0.7418645074770569,0.8274389686557058
2016-03-14,0.5852938470494731,0.13879588939059975,0.19170395437385976,0.08327373321995743,0.49203892214141903
2016-03-15,0.170380803784462,0.13723925094063424,0.1972085972584413,0.17590889886779948,0.5845243577335159
2016-03-16,0.7983434307699165,0.43211203056537834,0.9280085021226172,0.9729791709855832,0.3342585743335113
2016-03-17,0.9262810938707864,0.9815888153539558,0.8677669790194829,0.9307237922293654,0.08754905239287553
2016-03-18,0.4948980182387782,0.23914376421231245,0.35601775345530146,0.2418207382943359,0.5777742976207094
2016-03-21,0.16677647891966918,0.2221259232001837,0.620559538448012,0.6575144224917482,0.5936820755381904
2016-03-22,0.21262130205819968,0.6003579837302053,0.5907899043327289,0.9128827267467399,0.6504350973451172
2016-03-23,0.06959594718796036,0.052880618563587264,0.07849765286824383,0.06928135766421822,0.9970758320049101
2016-03-24,0.4828282848006858,0.3905409872667208,0.46086782990643244,0.36341415583294023,0.4306550337381547
2016-03-29,0.5555366094456262,0.8400624715739776,0.0735565753793067,0.12437540811506666,0.559692895800773
2016-03-30,0.51963793007963,0.24728216068156078,0.5305708147990494,0.499447562339584,0.6316627504338487
2016-03-31,0.2804713515582091,0.692685819785853,0.6430625745685555,0.494413279874916,0.209313699378269
2016-04-01,0.06468710110534513,0.16838088184975256,0.5114911891958338,0.052220045332980594,0.8599893689749392
2016-04-04,0.3986332476895874,0.3342422367348055,0.01665875589895233,0.12140669160006899,0.8228147515514023
2016-04-05,0.5888120888247544,0.7848207139772109,0.5557441518569994,0.5656722965456371,0.06781825223824386
2016-04-06,0.6506248001811841,0.2983206105487657,0.9709495546145896,0.9630011618458287,0.74788352600864
2016-04-07,0.11501412801744008,0.8529823907825613,0.3237771003510614,0.30167644826930096,0.547042288738946
2016-04-08,0.6937986344401437,0.6947076065322414,0.9821447616773471,0.9817475929692134,0.9005941158197878
2016-04-11,0.7791009249069294,0.865147181295763,0.7834366987136008,0.7084372163951127,0.09352200926443184
2016-04-12,0.7175743058161359,0.5814653495684416,0.9325474218115635,0.929539558308963,0.9240911929148635
2016-04-13,0.34869194128512304,0.14011408009426332,0.3191799297221313,0.3529355605608263,0.1070224474566216
2016-04-14,0.7899054615609425,0.043765260198788125,0.35807304164026876,0.3908903772067423,0.8979740730292401
2016-04-15,0.36481640579119184,0.7269465510609077,0.22421206822468365,0.13278256162722119,0.45925446093179156
2016-04-18,0.8902388290237331,0.5019091343321945,0.40167462620225836,0.2678117370703019,0.19398374065864518
2016-04-19,0.8541726297947935,0.9335510707444341,0.8587075398119524,0.8904185063255373,0.7467210625210319
2016-04-20,0.635671510280928,0.5018747447951832,0.9428853976323712,0.9201187244232292,0.7485795957653085
2016-04-21,0.49090237476215143,0.33189356849962803,0.11545464800787633,0.6914030254735213,0.9247199280129063
2016-04-22,0.946148760564313,0.04953135621713987,0.6949957274367382,0.6949102697425694,0.8629942099471559
2016-04-25,0.273544603440674,0.7889900148527724,0.2487340981900149,0.13128985131899518,0.6970325024019122
2016-04-26,0.921730948919135,0.6062669503683435,0.8823085851078903,0.903966929354362,0.955568962031015
2016-04-27,0.38153284513669355,0.7239502852164839,0.906712877701929,0.8817495775823839,0.15186198869626122
2016-04-28,0.3699198611804194,0.9103729619321459,0.8120554328099876,0.740198007477221,0.7311870404075073
2016-04-29,0.8546503878422574,0.9603001768635523,0.48014455367456954,0.441622337799641,0.942576960073392
2016-05-03,0.24294102210196783,0.5484860010649686,0.08346349381353473,0.01877116476709649,0.04757900827800625
2016-05-04,0.31994621094766906,0.0833629972609964,0.02740454925948358,0.5282509382956629,0.9355041714668354
2016-05-05,0.24779760158683217,0.3947790204213136,0.6211941280243922,0.6855116937284373,0.09288215698760943
2016-05-06,0.03480134420045254,0.9423145831743795,0.6245678405968613,0.6202643336669178,0.5571332932323299
2016-05-09,0.6037522248862068,0.031626886378338104,0.05034595101284235,0.10461468629060168,0.47994123621086743
2016-05-10,0.6829748611798223,0.39639608840326684,0.942958335876557,0.8751694772562307,0.5100412031461297
2016-05-11,0.18612541503702412,0.7947661340846786,0.947979987778061,0.9231468734881295,0.6170359187849896
2016-05-12,0.24669402315782818,0.3437727127637518,0.6496114661892864,0.6641052601683268,0.7356233203225597
2016-05-13,0.08549837598886802,0.5279569091127088,0.3968623606634714,0.29825019263202596,0.032693004699689075
2016-05-16,0.193383277907835,0.5307181909809076,0.8307341817271948,0.9198340841950527,0.9165986065171972
2016-05-17,0.22953053664235887,0.5784081735300267,0.5993850558365781,0.7092377839172598,0.12228144223626093
2016-05-18,0.7812542061202452,0.38510962193228676,0.35041527090493024,0.43509143995189675,0.5013400511658914
2016-05-19,0.15757667030384342,0.04927582503738517,0.42942798112399644,0.468430340706105,0.15967058092736341
2016-05-20,0.6775184136395394,0.38535260556164763,0.4397534966381486,0.3042537725798054,0.06344177330280275
2016-05-23,0.8698438061308688,0.42013218667027746,0.320148936907038,0.6317386492959595,0.38442801541766863
2016-05-24,0.4163223263252417,0.030468556849048548,0.5941742797605558,0.726229580177164,0.38020679730254386
2016-05-26,0.16357930832123435,0.165888273468981,0.8532179501880188,0.8356346827062966,0.5899569272278598
2016-05-27,0.9758919261651532,0.23362615549596605,0.35621756153834366,0.4085365850509954,0.02303307524022852
2016-05-31,0.8787962964280364,0.507195439623161,0.6507845856085585,0.3625961793564935,0.03118358346518011
2016-06-01,0.35931215055626126,0.35180914849565065,0.48595696630278146,0.4289539785425921,0.963633518078639
2016-06-02,0.588352574637131,0.3770938148567092,0.642532183805967,0.5637860777201872,0.2285996746888152
2016-06-03,0.25308675952116166,0.9896989671951095,0.2740403530780758,0.20591561199218053,0.19693853032308276
2016-06-06,0.7675250610563555,0.6643184079301123,0.8663400854045473,0.9100102192822683,0.07800887723133888
2016-06-07,0.7087800126283399,0.47196587256134964,0.8601830260227097,0.7965752257838777,0.4294522994728457
2016-06-08,0.7092724044365697,0.8970762853926312,0.8951057995237874,0.8554835543514608,0.08066773627716203
2016-06-09,0.5090265899467257,0.8131441422547282,0.22309361529859054,0.18173079572211986,0.15849752500701794
2016-06-10,0.6626025407823124,0.6009690210570782,0.045494136078219616,0.036240432614684785,0.6380665126390359
2016-06-13,0.5972460722424646,0.8213058636233844,0.37413852942923914,0.3862706243599445,0.10932393314035403
2016-06-14,0.46069266043511176,0.5297849827924406,0.2332760348767894,0.29640296883029205,0.03165597513038241
2016-06-15,0.629943213858117,0.48239686491537287,0.1253152540082531,0.2529479943622974,0.0095462601154367
2016-06-16,0.013600591130311878,0.8118080512379959,0.02281743915353301,0.02002720834533639,0.8982182128721545
2016-06-17,0.8644484527873457,0.35013765982094097,0.9676295440164112,0.9535863989274915,0.36836042305088623
2016-06-20,0.9180075954731074,0.37299401069383753,0.9135769686525305,0.8998880438667415,0.30235760972988673
2016-06-21,0.6988642540381689,0.04372066147766074,0.4734679174341046,0.293666245940418,0.5639863037420632
2016-06-22,0.5733497753721553,0.35391527087847896,0.2081284995022433,0.595107766967881,0.29107038804054275
2016-06-23,0.7429289338456613,0.22382662615356622,0.8395180840573728,0.8323381537714563,0.2483172522132872
2016-06-24,0.0018440817778857326,0.9989454010302081,0.015298123110662965,0.013521103375055923,0.5063125167327138
2016-06-27,0.2157643247818329,0.5859464890746391,0.11920706152019578,0.12056423384650844,0.009147807401632718
2016-06-28,0.6286606364392343,0.30710217847582905,0.8832824313461328,0.8906429082235614,0.5363751881787037
2016-06-29,0.720004486169527,0.6932504849609119,0.9443767943136592,0.9394456892181514,0.1472070377693508
2016-06-30,0.055729003771372285,0.3437068824877156,0.2095331141622247,0.11020603540247888,0.2680531335059382
2016-07-05,0.9738151262385973,0.9759641637741832,0.07285028302797811,0.08440740435148801,0.12629143512895358
2016-07-07,0.8033745568094892,0.5961573694211307,0.08957172749806952,0.11839426935406562,0.6081435288337864
2016-07-08,0.37578631682879987,0.39871577166536243,0.603982164995631,0.5725776673569956,0.11134016045858695
2016-07-11,0.5026813141343274,0.43828513991132223,0.30295344129414475,0.27495545055681037,0.29898065106918936
2016-07-12,0.6100301662505878,0.0983292954853548,0.9605812316873199,0.9463515983565505,0.35428374080133285
2016-07-13,0.7161371758815933,0.6787630077264537,0.04306325867984508,0.05405395727664648,0.09063445609225847
2016-07-14,0.6081960592640284,0.2215889283922445,0.7998394676201259,0.7563306589563092,0.3195404129575929
2016-07-15,0.00865569778023865,0.3425397136689464,0.5687835462200311,0.5779755516913576,0.5074153168305122
2016-07-18,0.6601098957170556,0.5301288467162193,0.2691171843852254,0.25762785158277085,0.09927947073931447
2016-07-19,0.04232978443245965,0.5709555340565335,0.3693485451746597,0.2803296513982183,0.22864326030074195
2016-07-20,0.262072776128221,0.16990913941448868,0.6720855548918783,0.5945353273732477,0.31935380075882497
2016-07-21,0.07880788898865522,0.7847834087075117,0.16096762994210936,0.4084059885474613,0.9006204176363524
2016-07-22,0.35250013551216747,0.27685748452487147,0.27787780242931315,0.26134850003148713,0.9654327695376891
2016-07-25,0.22634136819780212,0.35488387199141613,0.14293364364036948,0.11883933876342889,0.30331391639710265
2016-07-26,0.460097501051242,0.518835328106358,0.5413668665874645,0.38710437214086246,0.4095171365211922
2016-07-27,0.5409914669683401,0.6660447047752931,0.06496138468305471,0.1200499134868641,0.04558888789350531
2016-07-28,0.4177869660600569,0.6658822342463012,0.17957583532370258,0.17105193015947082,0.7496881635784577
2016-07-29,0.3447152754381273,0.8936869936558323,0.36516426812831115,0.6918159193192903,0.8151018868267634
2016-08-01,0.9708069747895482,0.5698984553236857,0.4719692844280759,0.03982704701378798,0.21900024767930865
2016-08-02,0.23348173930675412,0.8364527446219633,0.1923505184008565,0.2483661158105702,0.5736390729830039
2016-08-03,0.9706956314958279,0.23950471466451784,0.9277234089230292,0.9189316984857173,0.5103782503131091
2016-08-04,0.4598032075228658,0.5592055064191226,0.904796985585797,0.8741794594116515,0.533190369712213
2016-08-05,0.724065369917753,0.04503422136273214,0.4746153855995943,0.4292823374480334,0.9130672815332498
2016-08-08,0.5671039699924318,0.3518808881041767,0.891122913424258,0.900330606318553,0.15344517609882635
2016-08-09,0.11955152748913173,0.6658458311772522,0.29518642219352803,0.3755282546257505,0.40716836882007573
2016-08-10,0.8179737876029906,0.6657457561385511,0.1203117635070672,0.10629561889112456,0.905025222438757
2016-08-11,0.3311903714639515,0.4124039343946798,0.9749402197500773,0.9611185789459193,0.8931724727355608
2016-08-12,0.40797651916759825,0.24430794580813722,0.8282408522744381,0.8375065128361296,0.3483568516315228
2016-08-15,0.779728865876963,0.6354855507535029,0.9081752609191497,0.8844140260841276,0.3352707048991797
2016-08-16,0.5777658643742798,0.8154335329494982,0.8037506395779435,0.7895014153384762,0.3585647702400227
2016-08-17,0.6067198461023897,0.2171486573582628,0.7263023963394947,0.5723107552943125,0.4770295535137607
2016-08-18,0.8677311596419215,0.7675155570961513,0.8449949189105105,0.9157166753786391,0.525616771180307
2016-08-19,0.35915468288508573,0.14423669743627285,0.4779091852915331,0.6089068593077086,0.22983447639415666
2016-08-22,0.01501017364973293,0.3528702914704501,0.04231029558364953,0.06655220588918348,0.3082565340449268
2016-08-23,0.8778427204197947,0.5864653754039761,0.773247464983117,0.8374606128122661,0.4390521161030735
2016-08-24,0.2853582367731276,0.06106230809913827,0.16224648954831883,0.09267589804158807,0.30567874295824665
2016-08-25,0.5742850709712104,0.28304680142816674,0.7264964904543525,0.6954121457708533,0.2687317495648463
2016-08-26,0.3704022821082491,0.5246581530663728,0.5910701779706791,0.6120429046349458,0.93910459605668
2016-08-29,0.07291938257703821,0.5319443807272937,0.21004482327874732,0.2259456099493871,0.897668712425941
2016-08-30,0.22728067490005743,0.10949323973334889,0.1395450749096817,0.2263062783932556,0.22834123716152066
2016-08-31,0.5617955270860777,0.2572183651869462,0.06477208302291486,0.0393468889049742,0.29725807911317986
2016-09-01,0.47375854590156324,0.6958651215256155,0.47472881325740685,0.05915057317785039,0.44175817679362056
2016-09-02,0.5126092213464926,0.8478308296663373,0.37019678670971096,0.8802729000818712,0.593209218529398
2016-09-06,0.7112208235073332,0.9868769953865942,0.6845127924910949,0.6398585285799407,0.29927606010764435
2016-09-07,0.34935698144422705,0.3136932617225539,0.8028953925889217,0.7408194750176303,0.034904592816564044
2016-09-08,0.18249200000247884,0.2122891905390501,0.9785753068119752,0.9690283186426395,0.304995282303961
2016-09-09,0.012926905376552214,0.2275164092863337,0.029128639238872298,0.06369427936089259,0.09978024359362082
2016-09-13,0.747909814594246,0.12581388007356906,0.16389765404694123,0.18054539337956096,0.7719029853741939
2016-09-14,0.7287428499509581,0.561714978857099,0.09774267833392135,0.11094380671750691,0.4171762664522098
2016-09-15,0.6960449131617271,0.18844604190126582,0.759081697308154,0.6050193944222094,0.26483232082941244
2016-09-16,0.05365481436746563,0.18472317359167187,0.18272738818157802,0.1873795475614972,0.4696202344573003
2016-09-19,0.9379636206923153,0.7663520464183267,0.5549810110559875,0.5915095630057718,0.2579046699696802
2016-09-20,0.4211077073570817,0.48660611680338417,0.4460912533337661,0.5444938690000827,0.05355316507599908
2016-09-22,0.8820873935618525,0.9841530071801897,0.9595734088840205,0.9916265366425061,0.07581549190857476
2016-09-23,0.06378232975241005,0.38010210263845434,0.04357445561183613,0.06717204335688455,0.2445969152087973
2016-09-26,0.42545635536990395,0.5656406472922912,0.9054269673877842,0.8666132355065618,0.18087432298504474
2016-09-27,0.6943479679584377,0.09573710866584431,0.09385482787736124,0.1483542023063336,0.49381675372589595
2016-09-28,0.14771818641264603,0.22737764652932257,0.9803145071791028,0.9570996471807934,0.03503974585494379
2016-09-29,0.01889165524858914,0.5579137365652058,0.6715316996932783,0.7162109724375672,0.7100691481131918
2016-09-30,0.7795473653844351,0.18098237925553123,0.4215827928080181,0.616343034287345,0.40252747080709195
2016-10-03,0.7613771327582309,0.2894468505088119,0.49518751489876695,0.6691822137615375,0.08692828770969663
2016-10-04,0.6832819175519176,0.0024645183353013238,0.9276142913882541,0.44516439801978896,0.9524218071238556
2016-10-05,0.6760705977565362,0.3850294409941376,0.7979096644421858,0.8310753294702498,0.2417440687335781
2016-10-06,0.1189868889134422,0.07326569584152486,0.7075567737566868,0.6979156448376511,0.6136824846017666
2016-10-07,0.4695592684321675,0.4181691845283402,0.27939405625185554,0.2649836415298533,0.686880236208573
2016-10-11,0.007024221079668776,0.6393276230271028,0.6584578690696807,0.8116978484763342,0.891537518339296
2016-10-12,0.2943010732242028,0.39573293733074255,0.25799485551693685,0.2622563081205821,0.40064931580793317
2016-10-13,0.8862905619930295,0.6349421435963252,0.566774281561261,0.5865242558254722,0.4622498560530401
2016-10-14,0.6821261270425711,0.3918178196620841,0.4424559414484227,0.4433029876422793,0.8168128768841606
2016-10-17,0.2384024750181037,0.525730988207896,0.2912533462766336,0.3050383932339678,0.9371766145432473
2016-10-18,0.5657980513715992,0.741442705667279,0.5480604428385829,0.6381463648453636,0.31684201636281517
2016-10-19,0.7243793874489006,0.7700164520380199,0.8593263310300112,0.9182152268332149,0.45432707291204755
2016-10-20,0.41287084088341186,0.3733049381073954,0.07231600652181959,0.0970995762940531,0.45723942422251107
2016-10-21,0.565043040394472,0.4787440588096598,0.6511086415356666,0.6583054077314229,0.5611161086199159
2016-10-24,0.29156990562022556,0.2932610639022194,0.3279203107915633,0.3347297144136646,0.48262734390281403
2016-10-25,0.7660489536169177,0.8516469345361211,0.18803341635981743,0.23697233496695866,0.4502857948902423
2016-10-26,0.789364867623948,0.192107462103845,0.14399282344468095,0.16227881357211799,0.5227147645610989
2016-10-27,0.16618879775387718,0.6070483959891739,0.7073930607471691,0.7248122772857652,0.2241566639448186
2016-10-28,0.7203324134920871,0.7977422354270425,0.15439572474279714,0.10390284963941994,0.911859310021664
2016-10-31,0.27788189499118354,0.2921828901040756,0.04455731987780487,0.023319565754789714,0.4715186872824562
2016-11-01,0.15043384450811767,0.9366136147657489,0.4821088888264556,0.3969078044363107,0.6249877179244233
2016-11-02,0.624409827695416,0.9702024955719393,0.043085212883605235,0.0753226395891087,0.370385037810186
2016-11-03,0.43851905251793905,0.3056135556110775,0.2438151841932797,0.21685205339802283,0.5776962209388197
2016-11-04,0.0037940772848607616,0.5158127751128314,0.1577786170631127,0.2396814350510858,0.35678399366791275
2016-11-07,0.01971323831643846,0.016665813089395298,0.7417736344134794,0.8096614429525928,0.21504412481621502
2016-11-08,0.5982770744168097,0.253102311835307,0.4207583838496838,0.5265768426924795,0.6535464432485047
2016-11-09,0.22754457065789727,0.42856806409098797,0.6436463093798861,0.6209248435263093,0.5632271577869253
2016-11-10,0.2505116435369514,0.19808819559273041,0.21874881549703235,0.20906907106026898,0.4012488829727522
2016-11-14,0.0647240178819306,0.001745182865250986,0.03608005859324795,0.05122712946045586,0.011873036809870546
2016-11-15,0.3402008882149651,0.5388064636145564,0.9903846948973672,0.9889232179744343,0.061427437903023054
2016-11-16,0.8156971322921387,0.4504717808632621,0.3607547670321513,0.39936766896409975,0.1360207487474065
2016-11-17,0.6334927091140824,0.21648808044345721,0.4162010061355562,0.4220365508627431,0.7000511281683344
2016-11-18,0.5498484896841109,0.17826988049918271,0.6426887511369054,0.5976509148371425,0.4964898260924926
2016-11-21,0.5513038584757632,0.5100828611323398,0.9714482803639181,0.9568719232105973,0.39858587514406774
2016-11-22,0.4945037032367775,0.535068721465197,0.5790893433485611,0.6960156562176891,0.2859009674180484
2016-11-23,0.4717507535174975,0.021717018915750726,0.40637326002941804,0.45471150299628876,0.3562707267532264
2016-11-25,0.2746387025522928,0.1025846488797062,0.0421312868770139,0.030478372932328336,0.5250709084480861
2016-11-28,0.30317194272582376,0.887578207220822,0.8278407769935241,0.8209528856455921,0.42708289917894554
2016-11-29,0.5094869287764832,0.3673889976022467,0.03989493675572575,0.045441639184521807,0.2481788739017826
2016-11-30,0.2752061842866635,0.04276658790587313,0.9956151175630699,0.9962519067628098,4.197161310804936e-05
2016-12-01,0.608999439646474,0.2840171112838175,0.4956452088003224,0.8391224374177864,0.5038107855069336
2016-12-05,0.0997755418499813,0.7670520254197178,0.9902169418935399,0.6721853420700283,0.5000037962647632
2016-12-06,0.37458718111637124,0.21601414698144714,0.2805237454373475,0.2727029293874153,0.49320312055406185
2016-12-07,0.0292274685291012,0.7790890963582647,0.27290283213290817,0.19730431963309922,0.5076791539670674
2016-12-08,0.24212918025377994,0.2525659763136744,0.6992259788384407,0.7700574954946064,0.48737536648599933
2016-12-09,0.004519775742564361,0.10418168740816879,0.6027210567474204,0.6804912855913747,0.4776588080904691
2016-12-12,0.9723525044175712,0.6538386627394397,0.8058213681019764,0.8341351626535102,0.04664184822980475
2016-12-13,0.9002762949007124,0.18719539242957883,0.496471229858551,0.5356730337773722,0.13797068438014284
2016-12-14,0.7483737373541777,0.6851444357981945,0.10020202519972982,0.06366338722025416,0.7863353824803105
2016-12-15,0.041887413911630964,0.0033270292157190936,0.5130718811614872,0.4365355820405259,0.29652054307653486
2016-12-16,0.4477407991723401,0.7573482993578142,0.8007796762489229,0.7847051269026465,0.2593521531083233
2016-12-19,0.9498129057484854,0.7142807443486855,0.3965262375474185,0.5624680610873104,0.10252610332332066
2016-12-20,0.10246193928306296,0.14060627222060845,0.6191294117298619,0.5239713424169608,0.38875074908659796
2016-12-21,0.7266315655715814,0.43807585086393713,0.21482310055970077,0.5812320667624497,0.02753828364033387
2016-12-22,0.01545696243147977,0.35673749693091833,0.6772400039791957,0.6593756458102559,0.053660487541826646
2016-12-23,0.9634036770492354,0.6219581944905268,0.5217286929484308,0.5111204653632404,0.4324248453914816
2016-12-28,0.07265318667725358,0.8072805273450109,0.819517048845849,0.8451212675107092,0.004106834394814616
2016-12-29,0.1529319004000229,0.9604410313122862,0.4515911358417319,0.36290402569436353,0.7866558848194418
2016-12-30,0.15251231997266357,0.22529029267980402,0.472266133489793,0.4562580210941059,0.06542633807823807
2017-01-03,0.8446290397947973,0.8595612655305239,0.23101668889790022,0.06393315336663272,0.5254166875131697
2017-01-04,0.9492646548578542,0.6406724545236577,0.827752168328825,0.8201504181950855,0.5939686011108882
2017-01-05,0.7124220341090666,0.942135748118969,0.6578255839386548,0.6895580153864909,0.554872230672576
2017-01-06,0.4744815319309098,0.19311180387889423,0.5681102647510405,0.5823521504262124,0.08720805688888532
2017-01-09,0.03746194682964312,0.8726282306848979,0.0204938322894114,0.020971411463140327,0.6326550733311898
2017-01-10,0.7143245886815904,0.5168944059277262,0.09794586329256132,0.12676223648785456,0.17631798882169702
2017-01-11,0.03149815898581779,0.8724521729182713,0.8982181457082644,0.8975278222183402,0.08250023715915271
2017-01-12,0.9847519159737651,0.6295145310283786,0.7918946993313113,0.7518028399582829,0.5875023719541819
2017-01-13,0.32985036378663224,0.31945548314895555,0.2774049242387301,0.2543123374044881,0.2199246728053292
2017-01-17,0.6840886848100864,0.9425715770400076,0.4820813258502343,0.5243848265718531,0.1165323422761086
2017-01-18,0.46725690407942855,0.4609353707074246,0.06289357540040037,0.07643234302270642,0.2714305796466151
2017-01-19,0.06137144660609257,0.12656537172725532,0.5683828097971761,0.5955779803150596,0.28210830012241433
2017-01-20,0.2782768769113155,0.6095021445481942,0.8936625159647817,0.846625888271921,0.08683414070452666
2017-01-23,0.7197456697054464,0.860303732051336,0.37666409187936595,0.6205731459504863,0.15364367332955983
2017-01-24,0.7943306576757746,0.28670773698309526,0.5643274903262907,0.662497154899292,0.1709264685890874
2017-01-25,0.3977528597054337,0.07899561485438002,0.3214982073652939,0.29789430563918096,0.001035699774288831
2017-01-26,0.07715839048122469,0.16501572919459961,0.8805822741768371,0.8599739435438947,0.6241372933027081
2017-01-27,0.17620155471512255,0.39432596945256737,0.19953712265498896,0.23226617859504584,0.49596352707966235
2017-01-30,0.3226885768015254,0.7008774341660065,0.34040887423905447,0.24747856526798195,0.44228616481078
2017-01-31,0.732897344242796,0.9400958647293239,0.6864294518468304,0.5621754846724538,0.5186690165610237
2017-02-01,0.5472563177223585,0.35591042843163445,0.45453812209829325,0.8823675561378231,0.049467374845662944
2017-02-02,0.2442196254004326,0.8688729002013067,0.8433382734479656,0.32513015517335425,0.1156822224368702
2017-02-03,0.36233751810159165,0.5657712514994938,0.599365226842842,0.6167441621171154,0.13859633818513284
2017-02-06,0.23725351736759182,0.8779709476437709,0.08798006701352379,0.14538581612364063,0.49134544510541567
2017-02-07,0.12092313253433992,0.6675686138232182,0.18419151038012363,0.14038545054980855,0.02639920845390356
2017-02-08,0.35634416683582354,0.627727312126382,0.5027235975563444,0.5589294829755688,0.0018040477913189355
2017-02-09,0.2784609142913072,0.36016199392333015,0.7210636532862615,0.779226902607098,0.6722782037005458
2017-02-10,0.14668795078210695,0.4318843130393977,0.8928138511008589,0.8421744445112853,0.546464781388641
2017-02-13,0.07165175587648917,0.11601544615497156,0.08645427073488997,0.12104628896603584,0.4984139086488619
2017-02-14,0.8779537387390166,0.42970818001100214,0.6502830946816236,0.6060300341558615,0.49427955262035167
2017-02-15,0.9875580657393804,0.8034283268394196,0.36262090518453594,0.4318153406418095,0.4928790015250408
2017-02-16,0.8834900571177926,0.8230497816060969,0.4156568486643317,0.6050541333391402,0.4266552852787492
2017-02-17,0.1597918887045968,0.36317364486918985,0.554929604548915,0.49742499738498597,0.4521377050545355
2017-02-21,0.4498545648716463,0.4579754816677635,0.8519482740197734,0.794156074395012,0.3349044335161536
2017-02-22,0.46652636358763916,0.22176706880262825,0.12987595650677827,0.24438237229893703,0.00024037499019242216
2017-02-23,0.837509979635259,0.9655790223827312,0.8099715512596735,0.8558728866800448,0.5049905769922076
2017-02-24,0.14692094075773154,0.7710299579459006,0.19970244087269215,0.2526780535460473,0.5008189710934124
2017-02-27,0.36400664042734304,0.5000529696148319,0.4319043070090794,0.505324980856457,0.43775625233695975
2017-02-28,0.03255276847748939,0.2603677917360277,0.288700112805096,0.45173972081478647,0.4159634549662086
2017-03-01,0.3639229709619733,0.29340342424308347,0.4702551753588502,0.37275695919756624,0.3498568545886258
2017-03-02,0.797805419996618,0.035235243242459226,0.20321501888223692,0.04861954390670333,0.5236093346739294
2017-03-03,0.7600167926991135,0.1856733003759217,0.8550231497699851,0.8020966119367776,0.38974529874138747
2017-03-07,0.13558788785678713,0.09899950405640584,0.48310310519249505,0.38067354679393633,0.01295667953639263
2017-03-08,0.4345186066224645,0.17901655374736847,0.0026959748991392256,0.0025565138221117106,0.01470766415394162
2017-03-09,0.3299219020042083,0.19369966689896506,0.15659760448233934,0.16984784852605897,0.9113323053860087
2017-03-10,0.841279535320494,0.37016963336241016,0.18044190384839498,0.21683632483753384,0.5204714027577872
2017-03-13,0.9775244844516685,0.5536008111963583,0.4638589983223965,0.44602343232690833,0.7971017545990916
2017-03-14,0.8365960247239359,0.43993987029359694,0.29163541146970456,0.23012208556686567,0.8153094195563395
2017-03-15,0.13281659112673333,0.3666362770416485,0.8259436879326663,0.8652006848212191,0.6586572937240143
2017-03-16,0.2840713256157841,0.9922784652849972,0.44620539618240895,0.439206350999124,0.954496583684714
2017-03-17,0.34344738211236714,0.6450406755401502,0.4829501756544874,0.4941306092443691,0.6542946542872794
2017-03-20,0.9879258762661831,0.6411630825304171,0.4021520955445497,0.245226740314959,0.9600993214986185
2017-03-21,0.7956382262296257,0.8922512991716707,0.18004563996985112,0.14306329986035463,0.8509212677554797
2017-03-22,0.5870589638898578,0.6242711648282231,0.3056668518481786,0.77658940707277,0.6623886284945928
2017-03-23,0.5904462463923996,0.3684840400928368,0.4248127348969659,0.32437626361734867,0.9910243635232486
2017-03-24,0.1399185799513859,0.5256197445073019,0.6052802944728937,0.6116709459142577,0.8001691640690598
2017-03-27,0.6717041085290794,0.7710426140397939,0.44122255665417875,0.35803632986071093,0.2792917396009156
2017-03-28,0.2905635786932909,0.4726573777668323,0.7799377618648228,0.7824306016191327,0.5438148301660418
2017-03-29,0.14079260782683398,0.3791948176243341,0.9205926001449485,0.9132462078018608,0.45018315955807087
2017-03-30,0.5941105303651673,0.14819600029449834,0.7559834244463057,0.8370350411650689,0.40234194931811335
2017-03-31,0.47582602553422304,0.5684589897360179,0.3981385800136019,0.60527570954203,0.9841968075765518
2017-04-03,0.6119787232300324,0.6404720079299189,0.6346631223030124,0.30133236160790766,0.8064426721965225
2017-04-04,0.5175616878763841,0.6750363921622267,0.9122288934393413,0.8294401529383972,0.6604805030038424
2017-04-05,0.49724285715376276,0.11539937111802563,0.5824833338390532,0.5426209416499412,0.9971922886163012
2017-04-06,0.24686472819976724,0.6936818791561212,0.751581733123133,0.7496050858349912,0.4137202308083821
2017-04-07,0.02225422524533273,0.6723073467743743,0.6683293444533547,0.7474887778435126,0.5660502599368817
2017-04-10,0.08565337076679014,0.31153149293766946,0.8340101050855555,0.8505897652818634,0.4393656198456811
2017-04-11,0.6796418301914002,0.9766885220991882,0.6149570898062401,0.6449375809653186,0.3193978530569461
2017-04-12,0.18079348520108474,0.677339220660536,0.26559883687521474,0.32500521878524574,0.6989679955181856
2017-04-13,0.0452985534235894,0.8646457039269708,0.4804841105200718,0.5120789738611741,0.3398088167981542
2017-04-18,0.910587766221091,0.7300064197946634,0.07049618135691611,0.13286257411518076,0.7493893755092023
2017-04-19,0.15945829663028413,0.12088231216067268,0.011532401410321724,0.011480089381883515,0.9901944080192583
2017-04-20,0.01779218474545133,0.4774710572077826,0.49200428280282277,0.39968420660481463,0.36895779586281285
2017-04-21,0.900686720543864,0.71572731311442,0.10183792582838631,0.21292827597992767,0.5259213556343179
2017-04-24,0.16218953960153298,0.09192245942747401,0.2988354670824478,0.3015136202850043,0.4128157043190073
2017-04-25,0.8910305926453326,0.10484727917424724,0.7128482372670792,0.6367652220335209,0.044789692691131845
2017-04-26,0.6144700556037285,0.2923459597053685,0.333350589766235,0.5097074674220061,0.8410691810089371
2017-04-27,0.4080337623567959,0.5413206622119748,0.2784514778534604,0.18634428940673664,0.26466737610441426
2017-04-28,0.17631919076972544,0.5891756793330919,0.6266728212161022,0.6601721642881528,0.6983098363377143
2017-05-02,0.12919809421195277,0.08742906786931207,0.049313548631595844,0.023389392424797387,0.2933804679509423
2017-05-03,0.22267790101123494,0.12030797456358265,0.6377850432644133,0.5501324421923253,0.92796404344345
2017-05-04,0.9459851219273433,0.0181116640368931,0.006977449040453053,0.010478818326766651,0.05251988036801844
2017-05-05,0.762451219611079,0.3534456874005507,0.7532519640325254,0.7339642301355945,0.7209192366991419
2017-05-08,0.9814567612084281,0.4888161706516764,0.5865892511345668,0.5702663509961985,0.3391195889277196
2017-05-09,0.7920256492351643,0.08123218703523681,0.22806046855092763,0.2672122664794748,0.311671781251615
2017-05-10,0.4246806475201111,0.6087754426042149,0.9325259767868294,0.920956005584357,0.6127173982687677
2017-05-11,0.46840992989863306,0.7407497159026096,0.7140112869555234,0.6865599993480727,0.27320659613055165
2017-05-12,0.9287025097522776,0.6579482832960015,0.510662918104435,0.4877727655690433,0.011409399771079055
2017-05-15,0.7128017537961888,0.6000559627704201,0.8499681275415203,0.8511171325144092,0.15418748505583102
2017-05-16,0.18292945246248424,0.7836188506167125,0.40095986019597435,0.4000047419065427,0.030893428222868072
2017-05-17,0.6839441012545522,0.9864810355546711,0.7272109417983863,0.6648971777434487,0.17914053363795523
2017-05-18,0.7596928181055314,0.25133253319311827,0.622527974999262,0.6136268106461085,0.7117780475084776
2017-05-19,0.08594227650420883,0.5077555107636033,0.89042232080334,0.8649855460455783,0.0608766596171154
2017-05-22,0.5652392179732459,0.8029895636973003,0.6054756120343008,0.6693810461559796,0.022890475141442837
2017-05-23,0.3463153844254348,0.22784618450992838,0.6134261470511679,0.8002279791160296,0.005739957706829143
2017-05-24,0.003949991966938483,0.3460295338210923,0.3750334174373346,0.42577089055439576,0.8648452213712357
2017-05-26,0.6705656817458976,0.9392618676316798,0.020656378743648007,0.03411860539506049,0.46356654727782537
2017-05-30,0.9933603940759436,0.2535453365668656,0.3246317138941671,0.41109194622988643,0.8316767268447686
2017-05-31,0.5723330458509089,0.8455070795491932,0.04445671446130833,0.06277271309802009,0.8712016043031998
2017-06-01,0.29067965653584904,0.26532731020892025,0.47715769266555513,0.49487009466303267,0.22783437704721896
2017-06-02,0.29656650556123026,0.84418749593122,0.3014830192082389,0.19314055425768076,0.16030833894136792
2017-06-05,0.37457516833408494,0.5969007119689289,0.25328379071474455,0.35461541741858627,0.7070197174094014
2017-06-06,0.3712014172055549,0.9335469925616604,0.7719148450209968,0.8183850014085001,0.08774342197635047
2017-06-07,0.37772310286746025,0.3034780321791207,0.015263934690595355,0.006857366405208065,0.5534018081032223
2017-06-08,0.4901377513908342,0.06897648794848239,0.37925225645609767,0.44692010103823315,0.18633821861809097
2017-06-09,0.9006652572448202,0.16330516461505656,0.6101034804634156,0.5612397367033941,0.008109446707900784
2017-06-12,0.8034813848903686,0.3483569164638131,0.5452747866303497,0.5900345255757278,0.504090014748598
2017-06-13,0.18757752264413155,0.4492193471095634,0.6831679284495646,0.6486795728387323,0.07892494965207779
2017-06-14,0.6589318632424145,0.7735163699904384,0.02817586500992073,0.03450146990581038,0.7741168467976003
2017-06-15,0.35558555442987255,0.02203244745170696,0.4305444461760623,0.36683856217123045,0.470554058723675
2017-06-16,0.10987167106275901,0.5272762785530072,0.6869777116435016,0.6050185127973389,0.1810038917531929
2017-06-19,0.03789756806808693,0.11756447435375927,0.26432910247462943,0.25320383972500243,0.3555583652921531
2017-06-20,0.3013543528965814,0.30427157433512786,0.12210197250813282,0.12131592932690163,0.5216672269126497
2017-06-21,0.05428155345476688,0.582677750471899,0.06806889417468916,0.18986956565750876,0.013781783732438815
2017-06-22,0.2924141479962203,0.6768186201975597,0.666795826446084,0.5822932887120226,0.750201841876646
2017-06-23,0.8964532594305593,0.8379936585035466,0.641556849915899,0.6181257426651637,0.45395195163873353
2017-06-27,0.32086029860120696,0.11316089208802578,0.9042633994990182,0.9250912782979395,0.11669121086434897
2017-06-28,0.5761432649776952,0.5341139288004106,0.7834032089732601,0.7192811694073589,0.24312075183829762
2017-06-29,0.34951976086872333,0.2821785272748449,0.5356827304746754,0.57856485477604,0.30803789046918967
2017-06-30,0.9717924489871894,0.28569120576692525,0.7263613730765813,0.9054520423668695,0.4380505798339002
2017-07-05,0.5504705141822683,0.015924175928993332,0.40464019496705667,0.12536625003016538,0.3043819392098341
2017-07-06,0.2945896116901771,0.5312599810949337,0.6489539374371711,0.6673035282143307,0.5071689787940339
2017-07-07,0.08302907193662536,0.05109235021809826,0.03559642903908494,0.05735007203051849,0.6274300626707845
2017-07-10,0.18194002162717895,0.6305360811558682,0.5570976066812421,0.5598257452209445,0.3369040685098732
2017-07-11,0.2762561433505683,0.5511432949181152,0.7879926249005169,0.7729543771349598,0.9977037962636234
2017-07-12,0.5133863638450415,0.7021501271791027,0.5983699908089143,0.7014662889764014,0.4690624333792674
2017-07-13,0.906767264371837,0.37235325675004893,0.8093213091237079,0.7619919325628646,0.49055621300903984
2017-07-14,0.8587374072824274,0.8916836220878224,0.7358545641410664,0.7112440566670164,0.4701334008237792
2017-07-17,0.7984490303043874,0.7794192528091795,0.22239217723697277,0.22784389011029899,0.47589381433917566
2017-07-18,0.49505002627042133,0.8418807876297658,0.7033819209316723,0.6779294149475823,0.3802251418325036
2017-07-19,0.7946319180890312,0.4813518063196878,0.8732063790327284,0.8230644010031132,0.13149204062000777
2017-07-20,0.608466720574174,0.6544371425034812,0.26047987392538935,0.30463412510551463,0.7424604899008792
2017-07-21,0.6114623848003277,0.8718694368434321,0.04505995756211089,0.07729285355533073,0.29461181079883075
2017-07-24,0.4864733657948321,0.45594073929979734,0.7437548462926089,0.7586030479998471,0.5081363970159181
2017-07-25,0.12958525185453904,0.3471479971460041,0.9656717510344605,0.9636288995753571,0.24554446246702083
2017-07-26,0.3421492451918559,0.31808572716054884,0.8134698078649885,0.8350329616646722,0.6172676445342082
2017-07-27,0.9883100551632338,0.8955340887559126,0.7225202531253789,0.6209796712231992,0.07828329217818504
2017-07-28,0.8517341559083513,0.8567583515403729,0.8785485940520696,0.7792080574878905,0.9826764380536486
2017-07-31,0.48376860245520065,0.38237317247640623,0.5434677881630747,0.7005694100308533,0.2554414866913727
2017-08-01,0.18169002749931917,0.7559224429642226,0.4619849192427593,0.10055594874765204,0.48521846830028675
2017-08-02,0.7752105755026638,0.4286001861717206,0.3319191070536602,0.6816252327540624,0.5664590931805531
2017-08-03,0.5437941835117226,0.2626127256287756,0.28810783731264655,0.2240986352034862,0.5784623801163105
2017-08-04,0.057209360636891395,0.09654992683200943,0.6894135097271139,0.7408044365523814,0.317802349814246
2017-08-07,0.8025536612137322,0.4416740149645396,0.44238139341746796,0.3805738332583015,0.44646693660195064
2017-08-08,0.3762497880614293,0.3619338631825877,0.3362726202589894,0.3587690000246142,0.599649687957273
2017-08-09,0.3314251892261329,0.9670704871328011,0.7717103414986685,0.6852309772241795,0.629946694709151
2017-08-10,0.17837662417675887,0.8920811798263935,0.11316299075195907,0.08800592601485462,0.47547646265059385
2017-08-11,0.7208857583818482,0.6732067484526945,0.5815485518069796,0.5978041800449903,0.10427700867323288
2017-08-14,0.046893173783310406,0.3035011010943017,0.03294212466936501,0.052701342825446584,0.04153437757032177
2017-08-15,0.06825691201361142,0.09347080110522943,0.5012416714697993,0.4533432876427977,0.15158651880956264
2017-08-16,0.2761634650905426,0.6138847881989674,0.20739471608916016,0.14520436712731816,0.592841548325083
2017-08-17,0.9360287259803896,0.8623446691073172,0.8345576620132327,0.6381889637567861,0.32489341824016044
2017-08-18,0.6671597689981357,0.4413868388266696,0.9721326992658266,0.9524702590732976,0.4905445327350868
2017-08-21,0.571398082830981,0.7141379521624409,0.09978439893148897,0.08461153596855549,0.8766407497388883
2017-08-22,0.4115628751058447,0.21220651441695818,0.5716867654764516,0.6053578066756922,0.04431874660870675
2017-08-23,0.32870599106177306,0.6523927493657624,0.7897747546430636,0.8112212646790253,0.5418212598537779
2017-08-24,0.663383913338943,0.343655729142933,0.23209969252558665,0.11285704871270742,0.020596083404410444
2017-08-25,0.8403741389567623,0.7574279178269656,0.6582586672466699,0.6839431404717442,0.34220153702424533
2017-08-28,0.9071661558848544,0.966500323635927,0.22450918501930903,0.06045326826426095,0.6817364081719224
2017-08-29,0.15167781598762808,0.6509062841525972,0.5278306916688902,0.4149188894292683,0.5786056205192722
2017-08-30,0.21957476971098464,0.24661874492578933,0.06400799939328235,0.25937649373189087,0.5496092517530156
2017-08-31,0.6724352489224377,0.8100376461797745,0.9536386401634137,0.9238799131498098,0.3345158894127292
2017-09-05,0.5740002685958816,0.9823304121498906,0.8674056614516812,0.935356638805436,0.406194715975433
2017-09-06,0.27550474025918625,0.28331803621335583,0.8164442045149842,0.6990969857639231,0.05897507571843369
2017-09-07,0.3871518732333124,0.8552655237372204,0.6156600444016962,0.44933726248098094,0.8136131134721022
2017-09-08,0.7716595003210862,0.520609372459137,0.1783155077685959,0.0378072473185087,0.3030012502668624
2017-09-11,0.494963533850192,0.06562448504397636,0.49807898732217376,0.7199327806924762,0.15179596800837847
2017-09-12,0.763442382934947,0.32472454230687714,0.6864324300039937,0.5549020425753389,0.5235240639400125
2017-09-13,0.8532607665785754,0.27393344022469884,0.8535399619621389,0.8720888781626598,0.6054990433203581
2017-09-14,0.2976279631322853,0.5210387714455358,0.634189657585982,0.7340161737572899,0.5483088938240508
2017-09-15,0.3519424632290166,0.2824213463518185,0.551232877259747,0.4815496435300883,0.48065688427015585
2017-09-18,0.15470378663234827,0.06105435716919061,0.39317731006969786,0.48853521952533957,0.07640260940540707
2017-09-19,0.37116268190681856,0.4429600501942663,0.287351038923327,0.27568013513996514,0.4718440030200595
2017-09-20,0.8296846379885827,0.7286113181188748,0.9204400851235096,0.8618507616259906,0.5857035536334824
2017-09-22,0.30797261741302395,0.02922413812346253,0.7574811470902862,0.6064573334270504,0.5278670248727604
2017-09-25,0.3547321843289039,0.9090330768890102,0.9852981798073251,0.9575718804521794,0.782692645354383
2017-09-26,0.47436623331607103,0.13445751956248464,0.2462684234564966,0.32985481405535283,0.986654195162164
2017-09-27,0.9003183194260035,0.06567645500129551,0.24391582347321325,0.6020486002416501,0.5089618144734056
2017-09-28,0.13625561132992484,0.549234751081755,0.25655550848145625,0.22043017408622997,0.43069961908741433
2017-09-29,0.9583751261878026,0.28928200721591846,0.5317484921500474,0.5311623846202298,0.9721948761471565
2017-10-02,0.4084689924503107,0.13402297117145234,0.050725479017896986,0.08174528854529071,0.3189015888659455
2017-10-03,0.890496630526191,0.3947728035208152,0.4083642810295009,0.3947038977596271,0.43050857733026116
2017-10-04,0.434535780939234,0.574758333310039,0.37414031046571017,0.2650344852090708,0.6019022128920031
2017-10-05,0.556485807059116,0.2860408612358161,0.9060668713261673,0.8353712148002259,0.6189639581226265
2017-10-06,0.49676780745206145,0.5475920502875483,0.060226569935677945,0.036645111690013416,0.9206696898211254
2017-10-09,0.020255892854149294,0.8790568769913525,0.545311297296645,0.6101879276192537,0.3036837109497694
2017-10-10,0.8538500638982518,0.8461906281509106,0.8116810780519091,0.9248787544180233,0.6129589301996853
2017-10-11,0.9148902902657386,0.25552559126595503,0.6318511702044516,0.6533999963822571,0.987488033935846
2017-10-12,0.4020202337634118,0.7967780606924553,0.18570962292885942,0.19469604023674483,0.40144618883708666
2017-10-13,0.4525942755598659,0.8265465688086129,0.8442010724252536,0.8226968955690986,0.4081989873232736
2017-10-16,0.10872836342898164,0.3954521546160767,0.7651827834574358,0.6743289369443668,0.7638143935054932
2017-10-17,0.7139440103234425,0.03214530910321518,0.5035350022625646,0.48415647090732716,0.24090675172892068
2017-10-18,0.5188669573408291,0.2947258886040995,0.6064470028865789,0.5580607699879212,0.8158862721908795
2017-10-19,0.9752104855547747,0.7832730540823638,0.11424408137018252,0.15717247455881178,0.17371040715429578
2017-10-20,0.4018182712692368,0.11530507479965398,0.7174051499923177,0.5674500226915339,0.8048569646310444
2017-10-23,0.33686442541798084,0.4657334279995606,0.28570434876776846,0.695815436732983,0.42091978071350883
2017-10-24,0.13053811348155153,0.3267663112379538,0.8693524605417463,0.7585177286718361,0.704705613340763
2017-10-25,0.43337405611705626,0.48013914378355027,0.5314681561058385,0.3259847960138925,0.3423737749609663
2017-10-26,0.9003498117935854,0.10862031724472969,0.8452985554808006,0.7146803750628267,0.35892173480317496
2017-10-27,0.3485054753983484,0.5698467850777051,0.903921830289612,0.9370254315213256,0.827354324351008
2017-10-30,0.5219028134967884,0.7520040329832376,0.6952801785105851,0.6078119096754513,0.6142203201764698
2017-10-31,0.23276432323543408,0.15537722408135352,0.698457846555702,0.5963858312768846,0.07912359089402624
2017-11-01,0.7917816942453211,0.8013437274401066,0.4284759079816585,0.4322525164258812,0.3989171603156841
2017-11-02,0.028512969055742826,0.5170687610755806,0.1732679525691853,0.6048693806923421,0.15429816325182888
2017-11-03,0.600075537307949,0.11644242379734203,0.9439980812747406,0.9133589552028696,0.35294631706001706
2017-11-06,0.9321871074453852,0.932538809097162,0.9800701215829878,0.9692584359364349,0.0834335623764901
2017-11-07,0.881696730698611,0.21383139217101985,0.2613477912196093,0.41374169843675795,0.06355202490207915
2017-11-08,0.9055419496689725,0.8216857201044959,0.38490708245748284,0.2999715136484072,0.42740108618042466
2017-11-09,0.2998320932591509,0.6819868325643513,0.6587693826520584,0.6461932366947758,0.09904720643608066
2017-11-10,0.7375338530411423,0.053393185715398805,0.2978438043318134,0.27706916507879187,0.804393174928846
2017-11-13,0.327848594225101,0.6981878919966402,0.30897474541824405,0.48349821247277336,0.6940421741969738
2017-11-14,0.062086793799072004,0.6894141205878407,0.12502214625824187,0.08770888813987657,0.22660652044543328
2017-11-15,0.3213700674365528,0.22670882216873267,0.3117967811927733,0.29890703947177216,0.792099606453745
2017-11-16,0.4650809944297841,0.5039824195265656,0.24376716186995076,0.379297376799758,0.09418741429735301
2017-11-17,0.4285082233127107,0.9748119124418781,0.923489037378756,0.9432609275005294,0.41491363720381064
2017-11-20,0.11190244704279485,0.019843284332320424,0.26189952712648357,0.2759742580551385,0.02700241230923534
2017-11-21,0.6951386954414145,0.7357316874228367,0.631162265005184,0.7933780599820592,0.8369218855084155
2017-11-22,0.6783871319970383,0.8724288592478439,0.7925146178179385,0.9020043133247875,0.12578689669100926
2017-11-24,0.3657009033725222,0.2645938471147875,0.7191866047427982,0.8380969759133755,0.24270057587897947
2017-11-27,0.09473521500348765,0.7718836812043613,0.4602260833020372,0.16290690316335585,0.536565640407087
2017-11-28,0.2808730987338545,0.5192404091054461,0.3533976441349055,0.41979140842163076,0.036425312717571115
2017-11-29,0.9197255276441992,0.07220776096553687,0.23426256581701943,0.1954629552850619,0.8255702902366217
2017-11-30,0.0775575880412517,0.12377155622636236,0.693288290356534,0.5215949456147299,0.548705478927503
2017-12-04,0.08623762933641314,0.5084962332850274,0.07736800653776348,0.5101407697776039,0.6116999552254045
2017-12-05,0.021497730476794312,0.06582237179590818,0.6629095073623706,0.5504621540759342,0.4602097484984682
2017-12-06,0.2823665700643534,0.508852743975279,0.03218888374584617,0.028081772423576793,0.5219884324129619
2017-12-07,0.19737136188253906,0.05972644630168128,0.8397883144322718,0.768442940778062,0.7141659468552831
2017-12-08,0.580366079692898,0.2340820260808105,0.8879792731229561,0.7554659966890018,0.4421074534497002
2017-12-11,0.7793476221618507,0.37868558784045,0.8963914048998364,0.7432859421938605,0.16555961624974938
2017-12-12,0.07595560939269189,0.2167767937608977,0.08359929798678284,0.15883706645388745,0.5354788627314342
2017-12-13,0.7480139127469921,0.7914666186758846,0.16111862282758202,0.2491380617711468,0.6181268761273074
2017-12-14,0.4824141564875614,0.8468116214831833,0.7924699767619945,0.6738542929037563,0.7650580843204109
2017-12-15,0.28304155598251496,0.5026836394086748,0.4419958977122008,0.6006539264721884,0.43159490983543936
2017-12-18,0.9187912777517211,0.8269130292268425,0.5499659870172211,0.40847919192554194,0.7957748081484619
2017-12-19,0.35129081552949,0.39463575463412076,0.6440595001564289,0.6231333923164339,0.41680662888284203
2017-12-20,0.7237911273056428,0.7357245471947411,0.7838610230420755,0.767416825768958,0.48084515793003174
2017-12-21,0.20230759082261507,0.5364430443214168,0.6279659111778567,0.6126320647659265,0.562894927807734
2017-12-22,0.004128277338987429,0.8370068282614923,0.6327558970259077,0.5317648978134555,0.5412942496208077
2017-12-27,0.9528580310945594,0.9135602992145949,0.8942684491913573,0.9137991103110811,0.017237401099992073
2017-12-28,0.8944485637061977,0.8017136248439967,0.6029490170365152,0.577290360600059,0.814848946620488
2017-12-29,0.27093136578145594,0.913037255200539,0.41194493591570797,0.7454616038202123,0.1723587217510667
2018-01-02,0.890569243583052,0.8002330709847758,0.4508452021274694,0.4499534709578742,0.40337963614137534
2018-01-03,0.18850080679209485,0.5976150003097376,0.9122162721348257,0.9228129558104308,0.6677279308079603
2018-01-04,0.4663456852869023,0.6257418387543003,0.5817366548858648,0.6563102828985932,0.1273058944461458
2018-01-05,0.36737727129005004,0.5138370106845906,0.26744668894584384,0.22698772601379452,0.7929995887890413
2018-01-08,0.7097353574770351,0.3786581225806821,0.5416719471006173,0.6123573202311968,0.2365313319822633
2018-01-09,0.3065300853520209,0.1691396928534998,0.8720611500574251,0.9116634762772012,0.6456115810195399
2018-01-10,0.8890917283062241,0.7340132227118926,0.6507309719418578,0.7420715879517036,0.2847476824929942
2018-01-11,0.32756120653650633,0.6369681594904613,0.4961552894822792,0.5833225924734571,0.44006715142411224
2018-01-12,0.31998611515027553,0.9245265804781935,0.7462165577260741,0.7013118347285414,0.7066337098830426
2018-01-16,0.7042076678989949,0.5823637703106432,0.17085371810939096,0.23004247456644694,0.2835532275515543
2018-01-17,0.933110879150258,0.598490474318106,0.5746452022311501,0.5863783730343337,0.6286177711436084
2018-01-18,0.46709099070100085,0.07218740535025829,0.42922061539048056,0.46361424993067657,0.15282236755194153
2018-01-19,0.06110642658619087,0.7336879657941782,0.1677669526569353,0.2171955854563815,0.3945675003838721
2018-01-22,0.579534533858965,0.41844035782309225,0.6683826695684434,0.530326616744812,0.6793308604041659
2018-01-23,0.37381904503929636,0.7029740531102546,0.8538227384438765,0.866337860800003,0.16776630847221408
2018-01-24,0.7824092846409472,0.9778707734189684,0.7348547872964251,0.8922608844144817,0.193608173065011
2018-01-25,0.5454410438487713,0.7637285020117768,0.4113921131786112,0.4310248188274187,0.7440394255246909
2018-01-26,0.7814162754395263,0.1108856886874521,0.5131162878354021,0.7470867774056336,0.5287267989705455
2018-01-30,0.29020363142862,0.043630030052031865,0.03958399256909267,0.038322432567379064,0.5846384429162521
2018-01-31,0.7855991987483759,0.6132937126557211,0.4723003229991065,0.567972481583823,0.512545309948045
2018-02-01,0.7320699316731285,0.7093428393721077,0.4797772474477289,0.8514238464376993,0.7950557015098992
2018-02-02,0.8893964140780073,0.10810113867647704,0.24255830685756016,0.3365691378575548,0.37631200828535816
2018-02-05,0.31384992512236803,0.41708033604252986,0.11187615786873001,0.0843612325250523,0.8948673194139615
2018-02-06,0.4364686885774855,0.1819943724608059,0.16100274578199342,0.20140521478915036,0.3746416472707766
2018-02-07,0.1795207970317323,0.04970170008320931,0.05989622801698302,0.05671235756788201,0.8369223406400496
2018-02-08,0.7415718529067217,0.6988236875911635,0.18942254528056574,0.24815068661688072,0.807105669973193
2018-02-09,0.4426497944668754,0.29217430225145014,0.022681269563968258,0.037202743734935685,0.741782569725369
2018-02-12,0.03252170571464838,0.8867747866384263,0.38277368382962285,0.509160623233941,0.3480672326264493
2018-02-13,0.8205024257469185,0.6670692210733773,0.5269392013092808,0.44269407965600527,0.5875214622659929
2018-02-14,0.9461563313484882,0.9901694228355425,0.9367314942067206,0.8944035750027151,0.6056680481388322
2018-02-15,0.9808686531642765,0.36511866870417276,0.46742153800592157,0.7433161248489729,0.4325071605065166
2018-02-16,0.48749366394222704,0.5114240760860314,0.6808479251850995,0.6113654055652031,0.551487664438263
2018-02-20,0.5752607287978402,0.02007290090146895,0.6476450302507955,0.5672536796122827,0.6869953427715132
2018-02-21,0.7538324888608517,0.49237492924387344,0.5476497720859643,0.3884184695844212,0.2792079974901829
2018-02-22,0.3105631501414854,0.496179084446309,0.8377349005507886,0.8543427660383709,0.6719521691990837
2018-02-23,0.8967642346974727,0.36767718718878045,0.8242556398072639,0.7736568816500498,0.3551078396583049
2018-02-26,0.6917482171356752,0.5756571530755288,0.5582992915122814,0.6277660516193511,0.7499497992968656
2018-02-27,0.6456622784062362,0.06028503360077098,0.1508405243261654,0.15932777511801127,0.46850417169909875
2018-02-28,0.49487100375879395,0.44884423419426833,0.153035764629024,0.07647538997612457,0.26774861162509006
2018-03-01,0.7858715462627656,0.08371188575469626,0.43201923412915255,0.2356106141616727,0.6569499354568502
2018-03-02,0.8978903150632157,0.9529175899951001,0.06654472274507546,0.5838717277952835,0.7002079249217388
2018-03-05,0.9966520742653888,0.36418026189054314,0.8742277292390979,0.8975340997401641,0.6786366153763599
2018-03-07,0.44804757085306995,0.7757435390837387,0.0991883630173807,0.0793361206234971,0.3433278008058844
2018-03-08,0.8491042986569456,0.23859314745738464,0.19592544956601374,0.14807451704371963,0.22643116489391102
2018-03-09,0.2586014116921176,0.5722740290546591,0.9544654533769505,0.9477780263649005,0.8039760674297128
2018-03-12,0.9544813938837398,0.3390870634738643,0.2791071393908668,0.2582655386856467,0.47136921780090774
2018-03-13,0.366811636448055,0.7416642910932622,0.3453091419868362,0.25499158051655324,0.7648249221990242
2018-03-14,0.682011399418369,0.40559084877232565,0.5764935984135052,0.5740922495745346,0.6199130087868334
2018-03-15,0.1984109729255405,0.17163191787989746,0.5726270073836677,0.5712521391749973,0.6873122516261815
2018-03-16,0.3721544330923006,0.22529659226095258,0.862016475285801,0.8598377045398973,0.705776891090442
2018-03-19,0.05507726168603438,0.7124946775788892,0.40449233724368006,0.3698366404992163,0.6427671500878727
2018-03-20,0.7741834572118742,0.225819426922851,0.9104911714139059,0.8952254908710553,0.3412028785527576
2018-03-21,0.8173181629257525,0.8481059730797382,0.9641815633109901,0.9396931179617325,0.9653661393618636
2018-03-22,0.5785643253376616,0.7441969910048507,0.2781990825806482,0.2011549287062544,0.9805556037187495
2018-03-23,0.9408121016097346,0.9804431623546319,0.9076429459442389,0.9075873771001395,0.2538375338187547
2018-03-26,0.5953658543898268,0.7006468814272782,0.3553455329867567,0.36623791975262177,0.665494737675793
2018-03-27,0.06620008611809132,0.09120675487892249,0.4655187786593912,0.36711795872591924,0.48631997718033143
2018-03-28,0.8094127145215475,0.046759666198349904,0.2539814749837466,0.18713073972795713,0.383119339878177
2018-03-29,0.18672457579589896,0.38853406818877195,0.7515084152396432,0.6870889031084166,0.5656364660053589
2018-04-03,0.11056579525632024,0.8352107610575688,0.026112712029397685,0.08141855067542209,0.42128822174780445
2018-04-04,0.2997789737765185,0.6107050205538733,0.4264753612605506,0.42108261035056793,0.4788603636135796
2018-04-05,0.7586192263058104,0.106531395570951,0.5927964711615548,0.5456610201825243,0.32237114547355433
2018-04-06,0.1110115802701868,0.7652764271929929,0.11072431168695271,0.07032445151088093,0.6408876005977764
2018-04-09,0.8534220376022694,0.6690637416897154,0.9075246314984518,0.8834276680205975,0.7214304885434264
2018-04-10,0.36867828301683425,0.7171174114120655,0.9672669752090107,0.9551265681084411,0.32627761989494114
2018-04-11,0.8874030285469575,0.921508435854695,0.7886932310690439,0.8503875085703573,0.7390036069140655
2018-04-12,0.43765210164423096,0.044317667285626944,0.4643349902329766,0.5679557391193419,0.6611982625252802
2018-04-13,0.6760867832735535,0.7127941087948466,0.6662158618186759,0.5920075287068685,0.6494098516536323
2018-04-16,0.9916690937842146,0.5940830839171823,0.14183644981093751,0.13985803409912917,0.3919052903365685
2018-04-17,0.6682175302909061,0.45687426206944703,0.5269108040049855,0.5846723960344589,0.5535381122944414
2018-04-18,0.9468171675248107,0.6450659758099702,0.9360828776882244,0.9434781015831223,0.47893273242076156
2018-04-19,0.530986629792362,0.28268151333502894,0.5863456784771168,0.4218847668790427,0.6856086308223144
2018-04-20,0.07572635502410756,0.11630093317914705,0.5753198025562738,0.5105877771870205,0.10719050067909915
2018-04-23,0.47220881444622476,0.05820002340539005,0.704443967222838,0.5748956668031624,0.7265393825213812
2018-04-24,0.9331132387470097,0.8140135273242395,0.19482164512612857,0.17351766730567944,0.30275976677318595
2018-04-25,0.6281172058363618,0.11975913197951196,0.521031010857935,0.6087464195179645,0.587936260455447
2018-04-26,0.2609457776476191,0.24360461577680675,0.7433969166377604,0.5331297475332546,0.19048368680647318
2018-04-27,0.692743454967119,0.649703298719194,0.4314493609342382,0.43915237554621955,0.44243869896037896
2018-04-30,0.44162056572921654,0.2824764927098914,0.6796005616915733,0.66664153671987,0.2647201444246873
2018-05-02,0.41401404490876464,0.05817249677851077,0.04256642433178382,0.23067384466741056,0.21647904685072972
2018-05-03,0.690756414543974,0.802562092076987,0.5639640688226641,0.6801566310084606,0.893892323779475
2018-05-04,0.11366478450212593,0.575322362429403,0.8658010252876881,0.8951186133001602,0.4285351375562307
2018-05-07,0.8984864488383557,0.44120427477496355,0.871147719490528,0.8307474502966412,0.3136524500203036
2018-05-08,0.08206199251030775,0.45215016537233355,0.10756248283665595,0.0546067374577542,0.2659705996103797
2018-05-09,0.34477943824080115,0.42592056728489086,0.9626718061620053,0.9516129739370687,0.17785417073792228
2018-05-10,0.3666130259264473,0.8617097530446972,0.5695831436903048,0.558883111042227,0.1761149133655219
2018-05-11,0.7897631152230051,0.3842115023955686,0.3539306513063871,0.2629026967988388,0.6588792660018827
2018-05-14,0.29056502717753696,0.3335053007547587,0.8131733209892339,0.5701886776136331,0.24073016201492545
2018-05-15,0.02823535723727079,0.005860041798212117,0.5472032960973021,0.6072274948071787,0.35174903346069714
2018-05-16,0.8741063491841863,0.4926366707064244,0.7574375643169278,0.5462630603554309,0.47388837759236835
2018-05-17,0.045594393597417654,0.36616449026713516,0.4801151424462895,0.4757654886730684,0.6396740058867176
2018-05-18,0.7745472388089987,0.5648593212688109,0.2062009480565967,0.3904074672221564,0.1583344041765534
2018-05-21,0.10715992303802017,0.46576166066947844,0.7239618755516175,0.8166278580560318,0.2856377430748816
2018-05-22,0.2924050770014509,0.5429901946114144,0.6069933651111736,0.4318232172591822,0.7567755831790413
2018-05-23,0.7159490377057647,0.3389658069394938,0.5606229948595984,0.35463102779112704,0.18276276022889523
2018-05-24,0.36287450195046994,0.9453655129725901,0.14272764706863664,0.111483421964145,0.39720841030046955
2018-05-29,0.022597719276118453,0.2511753119235354,0.005710514579089463,0.0018065977968509223,0.14315111451957824
2018-05-30,0.746916807963212,0.6012470943638792,0.9187382616670116,0.818341401988547,0.04215734118927337
2018-05-31,0.06337393840601388,0.39382125666823914,0.5098901359834052,0.2067285935814717,0.3518402563357651
2018-06-01,0.529183983159062,0.21516339830537382,0.47517715236189473,0.18498733319252014,0.09081327849916139
2018-06-04,0.018878924021094715,0.3642306399468318,0.046481931045807494,0.21006839886897313,0.3137604659628736
2018-06-05,0.09398418652182242,0.6914637602114919,0.4958704628760121,0.7001230575895172,0.04074025237128339
2018-06-06,0.5571517953818534,0.44528800327593887,0.46890351668702357,0.2585938579547056,0.0961023611118951
2018-06-07,0.295851717901851,0.5498956212682702,0.918152664758322,0.8154021286576631,0.10883404662901143
2018-06-08,0.9872732213755083,0.42826704081973216,0.23811589252587845,0.41682302665584686,0.06421101618588272
2018-06-11,0.3142788132225719,0.50458962885877,0.4709901331036113,0.6005526839684125,0.41758372993627063
2018-06-12,0.7906293959393483,0.2596136064858251,0.28998907409021607,0.5714626525170468,0.1734524122955506
2018-06-13,0.23802693762331478,0.5587404979206295,0.7456902276117185,0.5808804528204927,0.15856474244155203
2018-06-14,0.9110430816421311,0.8208199855215461,0.22531229924857574,0.5725609070716731,0.1376897775636266
2018-06-18,0.861929001264218,0.004171316898681534,0.26890379531280184,0.15104998241321663,0.25381626685889397
2018-06-19,0.2021270575030607,0.3902781474253058,0.37378641023480963,0.21013014303943944,0.04802991793147872
2018-06-20,0.9596819578900241,0.24481849968255318,0.34282063992732875,0.8466360151737651,0.08116945069034454
2018-06-21,0.13381056148998657,0.25419109950914276,0.05905772705550927,0.2419684630892531,0.28847199411161234
2018-06-22,0.31131136168638374,0.4660117802091819,0.968130257741265,0.9888911277109497,0.06431088233874993
2018-06-25,0.16000787111599063,0.36040356710961985,0.2373689650609671,0.3349520664050876,0.0511435672038313
2018-06-26,0.4769745702416961,0.09796133750968682,0.8818050752348783,0.9564877483397002,0.0022519169452524966
2018-06-27,0.04144419695910702,0.2481428936282359,0.8383734158459005,0.9290106199404126,0.7174377747527636
2018-06-28,0.930943505842002,0.20281419468382314,0.5541763858143032,0.6722843681915684,0.22622076250006082
2018-06-29,0.8510684225356903,0.65630659301636,0.8837281469383851,0.6770784932771479,0.5484022889175045
2018-07-03,0.13301949137673263,0.4827641539824722,0.09028450370506264,0.4791506571697763,0.3410164797347867
2018-07-05,0.7008609103345722,0.7727237450534553,0.35024440854226396,0.16859007737047418,0.37131476336119074
2018-07-06,0.587372519881376,0.29729598736175045,0.3779929810226415,0.7296102200048635,0.3148751691312802
2018-07-09,0.36393263939602155,0.6789081997319857,0.7732804242388653,0.49730194125512317,0.019307511594571284
2018-07-10,0.8614922571496177,0.23069163796598563,0.7341319206431525,0.5652302418093587,0.0011909989753330953
2018-07-11,0.353924982551645,0.05604110063833247,0.0013268138311840617,0.005820877611512553,0.1928306150740129
2018-07-12,0.5299069891477795,0.5760416108972473,0.7004851964036021,0.46430456921167174,0.8189923167166332
2018-07-13,0.7022237986602384,0.1822004204400611,0.6852253365983133,0.6638341362902227,0.4878423706253032
2018-07-16,0.025308511449346028,0.35652148021968655,0.03110695211669705,0.02996539484729326,0.48717689793171487
2018-07-17,0.3763499613216254,0.04014724957563176,0.5479180995558769,0.4847141076158118,0.45071980713008597
2018-07-18,0.11574621646852881,0.4743847067010881,0.65596330998684,0.6623228338013175,0.597423130023524
2018-07-19,0.16769856740966813,0.23761072081694182,0.4036691862850838,0.6738368376683911,0.36616304369981284
2018-07-20,0.736148268668691,0.8345943875874833,0.6064331657326154,0.7497153688669802,0.2802093258131815
2018-07-23,0.2944959417965773,0.18081902992386945,0.47791188044714555,0.04053753628460995,0.4425175145252859
2018-07-24,0.1716485369247217,0.4412483191338397,0.5860959496299203,0.6471555171318599,0.22651813887720404
2018-07-25,0.38329172705527537,0.8513645199112874,0.6215545940618176,0.695164568707812,0.49861768958142233
2018-07-26,0.9293800048882598,0.1608694708410661,0.6593750087547963,0.5743933943750634,0.25225652645336627
2018-07-27,0.043600623530126725,0.28784209736314625,0.39949246422911733,0.22924072656308717,0.6992219945871222
2018-07-30,0.5501812226390008,0.37054706488506955,0.6875070687266058,0.8492620105345432,0.5594660434110901
2018-07-31,0.06558988836096585,0.609940256557626,0.2551257196592256,0.14153825104641404,0.6299704175265723
2018-08-01,0.01974480436787092,0.15834848459244857,0.47028361094523036,0.18388413879111865,0.475335087909518
2018-08-02,0.5174102655657647,0.1079306361232797,0.21898597932747443,0.82890427004535,0.19947526530372664
2018-08-03,0.2577002418263698,0.6751089111888614,0.3815440615942828,0.33814268012743304,0.1857193778771079
2018-08-06,0.9499928543657483,0.1637918701209367,0.669234420071277,0.6480289815193796,0.8230446589202851
2018-08-07,0.3147253273127322,0.5129344807123362,0.7833849786565561,0.5356161274078255,0.0698894215027616
2018-08-08,0.5650361746412587,0.6557445795243491,0.02478923934287476,0.03523689799085242,0.7772507791337875
2018-08-09,0.2311584549075709,0.4135744725818995,0.392539088351345,0.43451559203805545,0.21674602638349857
2018-08-10,0.5398026727979754,0.3994117787738846,0.7227220952568291,0.7360367712646982,0.45746551953574954
2018-08-13,0.789743162401879,0.007610290281393828,0.4021489985792369,0.338719080302764,0.10810177844918857
2018-08-14,0.36123992829663276,0.5339224789288057,0.4134367815044216,0.42108609466425895,0.14974054685631935
2018-08-15,0.2603869256328495,0.020251346109779172,0.05890020906661481,0.041115976452437995,0.2419303485615371
2018-08-16,0.6923603907743755,0.35200758299195023,0.7045384376195893,0.6261959003427731,0.2149978360247947
2018-08-17,0.5955583042147412,0.47550914541194617,0.6252510088513956,0.6357930622383265,0.01461332166744731
2018-08-20,0.9651974396990274,0.9209792411108817,0.6197264326838279,0.6627843025842564,0.8791160713150914
2018-08-22,0.9831568298360596,0.9021868378381539,0.9769930035471879,0.8845913084472407,0.15368821103619504
2018-08-23,0.7693978629878416,0.09293129105256318,0.465629210923894,0.47138719970811227,0.618952572051304
2018-08-24,0.6814355204853306,0.9817620126716623,0.8087507129077843,0.7759647682412246,0.2881756085062526
2018-08-27,0.13783125444793964,0.6313167791947608,0.6141610174404724,0.5362359642709609,0.7273646695911535
2018-08-28,0.2866093578166845,0.38643395910167977,0.37826852390846255,0.348839895491808,0.2085912552836385
2018-08-29,0.7982755727508271,0.3154963103419738,0.8413530486551638,0.8126410033963815,0.29615540810259566
2018-08-30,0.06552394771661861,0.1637584773303743,0.6995158066540262,0.7480124087554112,0.20524055652063078
2018-08-31,0.8910977093492063,0.5967979667329617,0.34281054282055534,0.30720045846561966,0.4226748289420677
2018-09-04,0.5829734977115657,0.14040929366406102,0.7392131505293481,0.5024834912223695,0.06600755276271361
2018-09-05,0.31712223660013095,0.5760947781445174,0.17596657376455152,0.11350744170024525,0.24065515529138817
2018-09-06,0.4557245469474092,0.6354970437566975,0.20171581518774392,0.15757935636850406,0.0014469297021199124
2018-09-07,0.3044075186773984,0.24417515144559712,0.5965009016901905,0.4653107483048878,0.6047201504102973
2018-09-10,0.8073277764651594,0.41986147039557326,0.6822161788438883,0.3889895504476699,0.4874143875933822
2018-09-11,0.15117335943225246,0.6026810187046792,0.9316720977592682,0.9424560381717845,0.40501107151972354
2018-09-12,0.9294697549346769,0.8863212156932595,0.72298377944553,0.842765351440737,0.3606826885272144
2018-09-13,0.1812355268015959,0.32562598088815276,0.07251104373979925,0.0539201706526188,0.6409777611565357
2018-09-14,0.029295062602569883,0.14022890937012822,0.4288724189316071,0.6152555415982462,0.3329480982500751
2018-09-17,0.645016640068188,0.7161757154291168,0.45227122888808835,0.44937393111647406,0.626352711766702
2018-09-18,0.5405871981577246,0.3044754919891644,0.8068127804487462,0.7926419265774037,0.04089568141059131
2018-09-19,0.14216560943126982,0.7568070234271866,0.6169144804515894,0.8636691794121963,0.8115009774326088
2018-09-20,0.5485763267800042,0.700744051285318,0.21938086477799834,0.36401320565581596,0.3335166580091259
2018-09-24,0.7740918810958053,0.1421060709917349,0.9757524881713248,0.8651021043321647,0.5657298952869935
2018-09-25,0.1699751021364568,0.49139275294811546,0.7042152937095045,0.5544153670559142,0.15778654282083857
2018-09-26,0.14767173345532306,0.16215222409066246,0.2934433461128129,0.23203023704675743,0.203863132275754
2018-09-27,0.18117728098367808,0.047298407956236584,0.6054216934799994,0.6796736632955427,0.36983443972237295
2018-09-28,0.08397284380985733,0.8827112133386408,0.7986347472475309,0.8440036254211384,0.027020590759835327
2018-10-01,0.05370765178823472,0.2376701512946258,0.9580807422819707,0.9542061266051536,0.465336350717468
2018-10-02,0.9813588338260434,0.9651926101178031,0.41788442913477913,0.4576214654999358,0.2822070453094713
2018-10-03,0.06518919161358654,0.27551060878361006,0.8730027303822862,0.8324726108890323,0.003954069916599114
2018-10-04,0.41016761130380225,0.39559407707963923,0.08210381171035251,0.04410107906608455,0.8049300504306449
2018-10-05,0.6230921952402587,0.6822755925558224,0.3313038021246442,0.4775952304295269,0.43881417914776616
2018-10-08,0.9147072966916086,0.024083398858331932,0.38446400984950413,0.4612488928792641,0.5475276824673982
2018-10-09,0.761334711041445,0.5961460402091677,0.802213720567008,0.6998276966976862,0.43680580533081736
2018-10-10,0.22742477234221123,0.587845457192402,0.05973090119831019,0.06476263461214062,0.3630991239240904
2018-10-11,0.5763730612437188,0.9975622081969552,0.022313618008935613,0.04358100582905468,0.6360554428052823
2018-10-12,0.9137800495368162,0.305221302972826,0.5165950906708471,0.5893058211373265,0.7448096385298085
2018-10-15,0.3161019169806409,0.7720346111514047,0.5822357149834714,0.6192911198608708,0.46171084509527843
2018-10-16,0.8743478453783875,0.519037822603501,0.6684864322910262,0.5266355057435823,0.6806198872390588
2018-10-17,0.7484339373963356,0.32881739590429027,0.13226973384025614,0.042904465967535776,0.7437035882391185
2018-10-18,0.04415323817142291,0.5867263547137824,0.24376713826049126,0.18254261135914707,0.7987725234560231
2018-10-19,0.6476991953384275,0.42222951101932177,0.6315289109967324,0.62653547190738,0.5963583945106894
2018-10-22,0.889318014644988,0.2980646570245195,0.4904171446183338,0.49766408213422536,0.6528003486907765
2018-10-23,0.22117440310920136,0.883380943905343,0.009729126921891986,0.019788175408193248,0.644070846387296
2018-10-24,0.13039869725116388,0.25898491944497476,0.3879080595382706,0.5922792379971563,0.4924519008015362
2018-10-25,0.934590683997024,0.5218281167245961,0.6856755740567271,0.6373710036714451,0.7855854615502612
2018-10-26,0.8030594005613886,0.6250618733962592,0.6952328931287481,0.565591136270956,0.402586393820621
2018-10-29,0.11360514942560375,0.16931606775419375,0.38800598414280757,0.3057640863262272,0.360856618108028
2018-10-30,0.6653374842380411,0.3701324059607026,0.11701918790238423,0.21441034719548294,0.6107240716346489
2018-10-31,0.65123458178437,0.10936120319554476,0.327822718867666,0.20648792993658466,0.5349528537003355
2018-11-01,0.735099752135443,0.981871971737605,0.4814487295773331,0.07671326923971084,0.8044258675481324
2018-11-02,0.5122039772783697,0.2958807570654425,0.02209113509979242,0.2951209476714932,0.4187659557496516
2018-11-05,0.8289017858945759,0.4179658947144757,0.5745676980788226,0.46397860964370197,0.6791964979208277
2018-11-06,0.9097108093224853,0.23494650860115,0.18588997517000075,0.18961532626388058,0.2912653155023817
2018-11-07,0.5161185816329892,0.5706118912884146,0.4503788532621479,0.28204444431023296,0.708523613691547
2018-11-08,0.01399532429481953,0.32798304694935787,0.10887319974072478,0.15350001160406712,0.7163733834444814
2018-11-09,0.3715905844488742,0.04448430315044887,0.3123808237794047,0.2952683573579117,0.21844861765674467
2018-11-12,0.18024213572674627,0.23805370600742332,0.4496517309383438,0.3716979097737694,0.641264762249547
2018-11-13,0.5104279993161194,0.36445705370626086,0.0021349487954385343,0.001083885668884722,0.7039925248156127
2018-11-14,0.11480633295813379,0.8235933785970635,0.6359373033934469,0.626450547119501,0.4563402823934014
2018-11-15,0.5683314689118504,0.7039444933244281,0.6170668713799021,0.5461340788643964,0.2940154840091868
2018-11-16,0.7260969617363704,0.8087568298109231,0.5216005235360802,0.4858422299498806,0.6442381045483434
2018-11-19,0.17857350421974405,0.5892558695868051,0.4887506418355005,0.5777591114254442,0.6409421153952592
2018-11-20,0.3863495137196607,0.28365787370027307,0.00702754022559351,0.011642775991358767,0.16635110426263156
2018-11-21,0.07659749849585136,0.7686392128244618,0.6983520097619461,0.773086578187377,0.6007070264760944
2018-11-23,0.27600152460591193,0.25762151903703506,0.009685232474953316,0.008609667487430969,0.08611078040350542
2018-11-26,0.44878491328680686,0.4189958319724388,0.7968272747305527,0.737414367731587,0.8125773218381346
2018-11-27,0.763271773873564,0.12131717568581399,0.4302343857790656,0.4749197857113627,0.4949040648346692
2018-11-28,0.2539481949189083,0.8714670304523761,0.19179067235733877,0.20780023742011128,0.03236480987705285
2018-11-29,0.8627246103982197,0.6171062367942033,0.6593676177289218,0.7612347010187352,0.03611888212268833
2018-11-30,0.818850280718006,0.2816913598435956,0.29370255447494215,0.35325657571474073,0.07974601000893429
2018-12-03,0.4831047434424925,0.9319658178385823,0.9507209600899753,0.9025654937545341,0.6048510236534868
2018-12-04,0.1542894606069077,0.7972475273842993,0.5870445252424681,0.5732789981317888,0.6920691129652163
2018-12-06,0.23226213453396194,0.33299743195462744,0.10597374965686673,0.1056030174263218,0.21122675531819377
2018-12-10,0.9655971920036647,0.7271370345294343,0.45451014220264385,0.34392856172048025,0.15054149716555992
2018-12-11,0.021784870117779135,0.38339644235826686,0.5456097648135971,0.6785060197929413,0.28028048602479927
2018-12-12,0.8631737317034152,0.5913915265590037,0.4683355073030358,0.3310112771994955,0.7417221883529224
2018-12-13,0.9665680924750308,0.3805671533674454,0.8130937329756587,0.8662435907510636,0.5497616727713079
2018-12-14,0.7764608359114287,0.20308907435959783,0.18502884687025486,0.1263587242082815,0.40589868577439764
2018-12-17,0.42319980660570444,0.8835070338449972,0.281026074465829,0.13004490120853027,0.5782999494053727
2018-12-18,0.8077160759458705,0.5739315322171022,0.013877157905387493,0.006262274631987712,0.06427982353796965
2018-12-19,0.8279942247774543,0.6193168162235425,0.7318389187699958,0.7247278280904835,0.273541901553202
2018-12-20,0.15431621192486092,0.907148503890353,0.03315169465735257,0.17564270534252027,0.5887203511439693
2018-12-21,0.4925376907203933,0.11181761537984447,0.3342528433660626,0.40136999652966376,0.6157815699323141
2018-12-24,0.824491800126474,0.9284587434397081,0.02038887514745759,0.018902281206751064,0.2496042959615976
2018-12-27,0.8807264042544771,0.8639409922448089,0.8427465241461132,0.9006485567253173,0.6605768793274761
2018-12-28,0.756809622937233,0.6046053518549572,0.5012655640334815,0.6763053956615024,0.16885499790628689
2018-12-31,0.5530663795560716,0.3915349420032669,0.8440779312044702,0.5126107036035232,0.7009242505497228
2019-01-02,0.30592963416220453,0.5976055547505674,0.763286712443955,0.7811320560338545,0.006833714109840546
2019-01-03,0.5427148217346011,0.882929380861957,0.7512643792914295,0.6493589518127267,0.3827838478456104
2019-01-04,0.18688727257901305,0.13522264631630768,0.7687745705290445,0.7375273713535582,0.27156965151362833
2019-01-08,0.6754904353688207,0.47765492494536477,0.8614939607687402,0.9046975310411705,0.19296206351293235
2019-01-09,0.22933738186177538,0.7501372436058249,0.9476933037465912,0.9546315321273674,0.043832786903197356
2019-01-10,0.6539225459543341,0.2596771876289662,0.5538598609390166,0.5559593240857758,0.06008377542437893
2019-01-11,0.36535969666843354,0.581376883730345,0.19971924733011795,0.22463336477305704,0.015407611431924937
2019-01-14,0.348091316450326,0.5716201665549298,0.14280546488481996,0.19618297861470108,0.2118331424418235
2019-01-15,0.06002244841060504,0.3192478661257278,0.858503019999363,0.876327743450501,0.0358343971937683
2019-01-16,0.8687919504600139,0.730514396439564,0.6749912480814468,0.5517189891744334,0.20572511036273644
2019-01-17,0.6063412811738988,0.43751089472062765,0.4415740315719517,0.4069688668786221,0.4426314434971682
2019-01-18,0.23737093626609396,0.09635715260818958,0.856271995700113,0.910079357044387,0.15361642985489196
2019-01-22,0.07251971477950718,0.5133914502181073,0.17518037122269084,0.15285477353493784,0.029173873114530402
2019-01-23,0.48303490134269533,0.49642496826230564,0.3635141214335096,0.49856418218097265,0.09129763696405575
2019-01-24,0.598976590678866,0.256419420925786,0.4606465656604031,0.6607029433617668,0.181267201086209
2019-01-25,0.20247801746774866,0.9751721515352944,0.6632521171325108,0.6833224641523468,0.5823546488883329
2019-01-28,0.7355940400742544,0.7255922609163327,0.07377417942818132,0.06159045649536031,0.27741801890335466
2019-01-29,0.17103954968498908,0.7431014082783911,0.8602966516441587,0.8629473695994248,0.760845622154519
2019-01-30,0.14632809826979182,0.5586184340279511,0.5970132190382806,0.780854491773964,0.03513107425264209
2019-01-31,0.4028526372571201,0.8645401323140524,0.5646255722288951,0.3296628026909755,0.5581241746638539
2019-02-01,0.4867749908699538,0.34078478526469774,0.4692404900190859,0.8966275457194105,0.30333148086538886
2019-02-04,0.936224250384449,0.3317775103659573,0.7102649787653731,0.2487536183401208,0.6976427242947163
2019-02-05,0.3833132507452812,0.45366076853775206,0.28016487530679823,0.18468032238697557,0.016337921194048487
2019-02-06,0.8350676545761467,0.24074630160751384,0.7410009815113527,0.6149559755556218,0.8357689568390418
2019-02-07,0.15987267520803147,0.44936118367170635,0.13328614848913725,0.08701093472082136,0.03368583355866195
2019-02-08,0.23921598055886148,0.6864700984976289,0.6598729754619118,0.5099125431043723,0.009018417220984844
2019-02-11,0.771389145332251,0.1694045172852313,0.2450159537091186,0.3549831162442163,0.8749589895572851
2019-02-12,0.5157860267523156,0.5724530347352466,0.8133901335814603,0.7535197112121802,0.4919602703456601
2019-02-13,0.7090566934007386,0.5533854192361487,0.8772629927895157,0.7920695336439447,0.44499892154089005
2019-02-14,0.3101359094827027,0.4058848075770201,0.8237505755654423,0.6966339452256585,0.558808482039576
2019-02-15,0.9677866163061993,0.8472824770104108,0.935493948289689,0.8857501782301911,0.47678076786274326
2019-02-19,0.787413922293946,0.9861450122338883,0.5596424200143972,0.6913183095233408,0.06136935073440885
2019-02-20,0.13316919807087726,0.6419041557547973,0.7159633222221242,0.8026490786564817,0.1575291903673554
2019-02-21,0.13286068956910568,0.02604243992866789,0.4694678432214111,0.49826982382144974,0.14262932382484608
2019-02-22,0.6296616558486848,0.6986209497165441,0.49136684457221086,0.6142112288128083,0.08745542080101347
2019-02-25,0.26052350452313594,0.32312122900862134,0.01618881332109746,0.029197684234247723,0.03108588233175007
2019-02-26,0.7005725959747023,0.42212360244226965,0.6332556069679176,0.48303154685296135,0.0008280378420708641
2019-02-27,0.8313907733678353,0.16868878103003201,0.8498571829805586,0.9171424815024656,0.3838303320838423
2019-02-28,0.04383643300375773,0.237931795575532,0.3430054322660911,0.5981063931194583,0.5259857397545443
2019-03-01,0.2831353623845123,0.03559594463825862,0.15872048399410912,0.07270954459506468,0.24875093374152052
2019-03-04,0.05157083965250307,0.0757793467661066,0.7002502715186035,0.7671427620280394,0.7500393931584454
2019-03-05,0.5044828842865716,0.3145232329832411,0.5532461917482667,0.46943254962959424,0.5026782562150514
2019-03-07,0.7522490646864065,0.5532848249611455,0.6547517279778814,0.5217739618537305,0.12009995400962262
2019-03-08,0.6622405223924794,0.9262371515208311,0.25009000507896084,0.24006028711509145,0.1876982328709915
2019-03-11,0.3687422279656222,0.15615377043692266,0.795864829307928,0.7715562679408401,0.05854821668109617
2019-03-12,0.6587780026785001,0.7891129836216154,0.513494170370103,0.5163307193491835,0.619244204185206
2019-03-13,0.470868245589483,0.8905814544562469,0.8144813557103172,0.9255424595436573,0.702826901640343
2019-03-14,0.46043693149844617,0.06169436709225558,0.33228296100921256,0.6339697071567133,0.5093040353863816
2019-03-15,0.4356230788721011,0.8051941739903189,0.4329233134745803,0.4369044603321029,0.5127705285986037
2019-03-18,0.47214554611859144,0.4045287380576603,0.6445485446045953,0.7262373399919109,0.5167451190297085
2019-03-19,0.5596381125476559,0.6863226597700529,0.5019324713383615,0.4488789801984481,0.5210938244424258
2019-03-20,0.040192755833057314,0.26603607910084626,0.8349789760122113,0.8116164979295577,0.5256557567455091
2019-03-21,0.35403919756985397,0.7243782136937231,0.20115575664502008,0.5498802092956774,0.9999521195490557
2019-03-22,0.7950410219737942,0.7319335113863747,0.1431397537259959,0.12084073308372743,0.5045481751329808
2019-03-25,0.9467777633804909,0.8748869174377114,0.5494297636777369,0.36865222940114073,0.4883853894849757
2019-03-26,0.7175556170809547,0.16976492753919756,0.7977897669362828,0.8907258398266765,0.5001242683338263
2019-03-27,0.6135450516178655,0.2545553963895941,0.40071283050888584,0.25050359506343645,0.4947940874268319
2019-03-28,0.5920321408645,0.01955845813310084,0.4583488164314387,0.4209030315427376,0.5056241300069719
2019-03-29,0.7446345619667873,0.5974677320212276,0.7366497858704723,0.8250551287810546,0.48755718305093027
2019-04-01,0.9045179685972888,0.256625762861056,0.7580708323744254,0.9366294935317235,0.44994587354064913
2019-04-02,0.7846691012185257,0.5402809407980104,0.6473747315242302,0.8439636952766421,0.5546566610706152
2019-04-03,0.7036097663712155,0.4600999677168001,0.4335500044118963,0.4266633040191776,0.49937788835204533
2019-04-04,0.8543450947816127,0.4148196324192909,0.5091227316096019,0.31939668578548397,0.5362602679567501
2019-04-05,0.4559102665309267,0.5367525809720919,0.8624790369884254,0.8462472165431383,0.5201356635116816
2019-04-08,0.6752659132819142,0.7886220571190377,0.8074209932032135,0.9077109019834978,0.5346321962774379
2019-04-09,0.6631234645624826,0.7816063763732628,0.24293965607120163,0.30861494488087493,0.49773948541898766
2019-04-10,0.4459517060915433,0.7496372048692703,0.8904028137533024,0.7317932616356034,0.462335496903422
2019-04-11,0.058972419537115524,0.016014000264034777,0.13191865203288225,0.12580355122392886,0.2391187061643886
2019-04-12,0.8461189438581656,0.5394901600928914,0.772409666454485,0.6057429553705566,0.6733309666403053
2019-04-15,0.2796164587012441,0.2780342193934904,0.30098157076033083,0.2744995311946718,0.602362884726245
2019-04-16,0.1062866887904452,0.04331980307756832,0.7109841359536144,0.7442141629346213,0.4959773309218495
2019-04-17,0.9373909453107288,0.4202743336874515,0.4177299820862644,0.34918845362288814,0.6293434031711956
2019-04-18,0.11993615106929614,0.44483186699921723,0.6338184851366337,0.5839901013951474,0.05101193499974568
2019-04-23,0.022987329826210903,0.32320271076906676,0.9888323929857332,0.9836857693022841,0.7763104308026025
2019-04-24,0.10419031400101457,0.7730040461453997,0.5044894249397145,0.32947366211087786,0.555964515428379
2019-04-25,0.8313458786547953,0.4873730061100114,0.3787635471471302,0.23053908246214627,0.4370003591125433
2019-04-26,0.9079029804553453,0.8682482921385289,0.023433539953904743,0.03668636467622127,0.5677502133737746
2019-04-29,0.8910643214211199,0.1830501141569138,0.4215898399086457,0.548556953118127,0.4390697895897558
2019-04-30,0.2398031105090314,0.6798705810399536,0.7429167320974291,0.633128522359021,0.5836607847225663
2019-05-02,0.5434903816509167,0.04925233090466277,0.0372291927013364,0.03141717409887916,0.13464428433223702
2019-05-03,0.5404846669136038,0.8669784084245107,0.5014509203893212,0.5217859412476973,0.44241016721796195
2019-05-06,0.10153391914828208,0.6124453700168937,0.6174850287385,0.5932568222425523,0.8434424178845605
2019-05-07,0.11464629792650088,0.5653190251536414,0.09908591224819706,0.19963073908762446,0.15416100737996144
2019-05-08,0.5369364729862631,0.2550281151950944,0.6490914097354538,0.735631003168516,0.3097491876585377
2019-05-09,0.806100686321936,0.6800885346495049,0.4812154942950171,0.32197151340460234,0.6945662075651102
2019-05-10,0.5275251079560872,0.5921935137667131,0.5634014935285755,0.4604947307916883,0.19246452179498258
2019-05-13,0.20876799530697576,0.9529922381119807,0.3159748218769245,0.2400600485823573,0.10752773128117318
2019-05-14,0.560132460759791,0.2276706929673422,0.8292908418796534,0.7645622696532823,0.8164972758972338
2019-05-15,0.7884276579355711,0.5408759313735977,0.6878804679368975,0.5823993270148965,0.16035143566476365
2019-05-16,0.8300776645689882,0.07250969373792933,0.7914150951096269,0.8053125413555317,0.18740851745282472
2019-05-17,0.2673080904018794,0.07825026907206876,0.30569677847412247,0.4298500719946239,0.4687824539946489
2019-05-20,0.8338651425489577,0.534665310038263,0.3626406795159358,0.6269884113559443,0.019136349861844374
2019-05-21,0.9409686271184978,0.2557950725871514,0.5594802193003986,0.42471210950719784,0.8726408677801645
2019-05-22,0.164282700874633,0.545562265133015,0.09060433264346818,0.04198841234907192,0.09726429032469275
2019-05-23,0.6354490484532702,0.9130558846438416,0.0049259389071429835,0.0027967574357813684,0.06789363728988704
2019-05-24,0.8640720187431914,0.3809779036458181,0.7511555576909316,0.6832850398887556,0.7418419610293089
2019-05-28,0.2955048338740225,0.16679339615919225,0.8614724871237537,0.6393488050835514,0.011338416584589634
2019-05-29,0.34998929651933525,0.6752246918749868,0.274642941747345,0.3801199804855478,0.8467161079138908
2019-05-30,0.3690711031381419,0.7919597418482102,0.026687698697660123,0.041917136804064115,0.026034541197527638
2019-05-31,0.19354254579037122,0.9765316257865472,0.043281643102951704,0.017717876916504473,0.010249248023991346
2019-06-03,0.07514736328051844,0.9569796209963299,0.02075367321920126,0.41355409987716124,0.8939033691193646
2019-06-04,0.5995666664681527,0.520413951884271,0.6557602108504642,0.5527795224749658,0.25699613542769717
2019-06-06,0.9635314213258793,0.917509533319967,0.3999579114177965,0.23832313131678043,0.16646176882095232
2019-06-07,0.9063477894929001,0.6408426926723023,0.8592970907582225,0.8480344852480799,0.7822246704527955
2019-06-10,0.9460040371447795,0.05051873465368733,0.22500980659305633,0.270944599978407,0.5351527422410156
2019-06-11,0.42473945535679913,0.5241031778596669,0.47677540271200497,0.48607615369907614,0.15940268560448503
2019-06-12,0.7648096108466467,0.7073889686806425,0.046900513334329604,0.04183894508462386,0.7068554851568163
2019-06-13,0.1356379200925383,0.7742335526376474,0.820138827776342,0.8048603276163004,0.11537604175682897
2019-06-14,0.24271868047077114,0.5172510533837731,0.6894875326539921,0.563672806109335,0.2246889836621089
2019-06-17,0.4648811993130451,0.4023040919162465,0.192515200446248,0.29317554428445186,0.03802365494211685
2019-06-18,0.7742867914321202,0.79390670662108,0.8105656955181298,0.9407969006149242,0.8619923332385365
2019-06-19,0.5794426830066708,0.3824074549435786,0.37987329388057123,0.44122244617280665,0.4992413822098644
2019-06-20,0.04076906161501481,0.998672724907553,0.9647925896137005,0.9803389070805772,0.43819785977733855
2019-06-21,0.9239664465894537,0.6156226432106999,0.704478685433251,0.7114056206666448,0.22327469975741296
2019-06-24,0.3229567727890174,0.8894723945837818,0.3764610356321746,0.6290266503729651,0.682363053078293
2019-06-25,0.2542110453571028,0.5098996341644176,0.5390661890669801,0.46197869527544794,0.043829524277408785
2019-06-26,0.4531148286586539,0.3779639321522678,0.8638777906582338,0.883599767089688,0.3396008280583473
2019-06-27,0.39457615578123206,0.3749233652362477,0.5023484311143882,0.5030156059881976,0.8577857741604437
2019-06-28,0.20277978430053126,0.5144654355963169,0.47585925984220473,0.19335721000964806,0.44084161752557616
2019-07-01,0.9708982517253582,0.04314387547024247,0.09352483650189354,0.6908631404587638,0.7192612960840095
2019-07-02,0.20351078679458579,0.9049273698227525,0.021366065244225685,0.013884911878352672,0.5373223945484253
2019-07-03,0.14273185507750613,0.8342934656352508,0.8442449139924597,0.7777581021500762,0.4628117249237939
2019-07-05,0.7850770564871428,0.06791560592674074,0.613500927289305,0.5399029562491706,0.09910154720632494
2019-07-08,0.9923842993583681,0.4668895851147739,0.43930901549470913,0.5332430807271354,0.8820831668912952
2019-07-09,0.09650481711364033,0.4917420780795456,0.49369693782526947,0.5416669834840028,0.4263862466119653
2019-07-10,0.3685270482991858,0.8277221934830008,0.9767614643626203,0.9727440243284248,0.6498697473468893
2019-07-11,0.31774558227340327,0.3034807989684524,0.34036316169416647,0.4174230547706809,0.6328697352021991
2019-07-12,0.6056824748678444,0.6544946150736579,0.540880396308386,0.4853932932588147,0.9347813749612262
2019-07-15,0.028782282947266747,0.5308195811482945,0.39671944030949674,0.27755612943424984,0.6464270035494342
2019-07-16,0.5848773058943919,0.3976640849011471,0.04456241198184307,0.04921374134798946,0.5495828785829996
2019-07-17,0.21288563225209597,0.8325616685813044,0.25850409103370153,0.2247998368863455,0.30762101682880594
2019-07-18,0.6508864222569848,0.65109283874518,0.07567926320799587,0.10042964191686925,0.31038164196347834
2019-07-19,0.7440297525344552,0.44043925749711815,0.6516075982597228,0.5934989083294198,0.1504945281474472
2019-07-22,0.9340525068763655,0.47766278698060416,0.7368440758758987,0.6876420801500129,0.3238185097750654
2019-07-23,0.08251276179608621,0.2882749153991031,0.6766503347470361,0.6804048044310591,0.7209356447718493
2019-07-24,0.372590436501998,0.5688258464851883,0.2577243255262897,0.1882034224294703,0.6818071951147257
2019-07-25,0.2207275988531839,0.18251795633148132,0.5524834839085804,0.5336050456362016,0.6224489321520944
2019-07-26,0.1219138387464574,0.640139012333832,0.5025393061793093,0.5541932081505756,0.7466335930079433
2019-07-29,0.4264128426359909,0.5185743887065171,0.5757093977571499,0.7429459231903006,0.261912465369482
2019-07-30,0.44233972873814575,0.8215639868383203,0.8307594631646269,0.8759514897434241,0.1181490978826291
2019-07-31,0.1702644322339357,0.3376549524461815,0.6602052396399527,0.6943778036999264,0.7498303808509906
2019-08-01,0.3164658978505514,0.2660163838100725,0.001163058151582314,0.0006662771609355762,0.492385986319978
2019-08-02,0.3849947819482261,0.9753388094444597,0.8006429881224788,0.8375006875454782,0.7118487874609004
2019-08-06,0.03478540800926563,0.9744719686948966,0.03641806797325689,0.10559446733580274,0.1269007177041297
2019-08-07,0.2044615599946364,0.9834780691211692,0.050073901547702866,0.06089635112674818,0.11695862506651476
2019-08-08,0.27598241650865946,0.25586548476416554,0.7480279937484351,0.7995198038885504,0.001126566050083845
2019-08-09,0.36764314074118004,0.43710598108796905,0.7596643291702622,0.8728474941671622,0.8627653672560368
2019-08-13,0.10093278040126892,0.6375150040552888,0.9413561827010068,0.923763080335154,0.30367751086469674
2019-08-14,0.36653358038652434,0.8246163694038499,0.13656771410826354,0.14042074043699,0.5328607424430963
2019-08-15,0.372428792839074,0.5962370941552997,0.20239777589190971,0.3098727098649561,0.38167740915930937
2019-08-16,0.21876242764333886,0.27803520509275287,0.5887230420757503,0.5882462859312096,0.3465901845427132
2019-08-19,0.6778505851342529,0.16470894608380351,0.7599083413674733,0.8005261232888771,0.2134784676202779
2019-08-20,0.7595658963203471,0.5965264631411165,0.5676925741484631,0.5246963689222413,0.7302055383817303
2019-08-21,0.8956229306550305,0.4771119478986023,0.5621222556869132,0.3046063383471029,0.509995647194244
2019-08-22,0.5921466568157501,0.2539769620473961,0.36663702037972173,0.38457723004264194,0.2852233761457416
2019-08-23,0.5847812249842708,0.9710702855082616,0.3005579841207014,0.16620496451919414,0.4275443150671372
2019-08-26,0.3434545166202755,0.4902245162718889,0.27523179050194163,0.31365568658951515,0.26423280205302613
2019-08-27,0.6024238621218926,0.8437656406497308,0.7398567861936803,0.8478876304635335,0.28691772042931496
2019-08-28,0.3768914853317666,0.3902659355431843,0.7902054373007428,0.7537661902025968,0.7060924644283115
2019-08-29,0.014889224423741534,0.17941738012034117,0.6859020531682127,0.7769134935201175,0.2448811512081651
2019-08-30,0.8771878286465113,0.25117765413199333,0.2567994661618053,0.0827135576315366,0.6585807069525845
2019-09-03,0.7532293055153436,0.9587252890908434,0.03280795220684328,0.15047779132004907,0.013896111823437206
2019-09-04,0.7631448482803677,0.6263162869646799,0.9605292781947772,0.958785168447208,0.017778822831034182
2019-09-05,0.20803546351963545,0.018694385174611063,0.5688483280859058,0.5023349254376109,0.8710781142645128
2019-09-06,0.8366938681560345,0.2103285113644586,0.670369193492932,0.5575209077470216,0.279578114836315
2019-09-09,0.7107074794600882,0.3474187968503251,0.795757967411942,0.8579164934471075,0.6382571962414918
2019-09-10,0.275878467704315,0.1658737982499066,0.4087943319924795,0.3341953802188856,0.3762591810856856
2019-09-11,0.697770312673375,0.5953410948856048,0.08508961912039018,0.07385534386724596,0.5857518520184317
2019-09-12,0.5978347655626898,0.6169597946065928,0.3229626249935011,0.26360214760755385,0.1069239455633121
2019-09-13,0.9368021205793002,0.24223429828486592,0.4148539623904661,0.39330143206613016,0.741111771398715
2019-09-16,0.986041770848525,0.8197983719199042,0.9998309042437641,0.9998873452127942,0.5158944016794209
2019-09-17,0.5957375133433483,0.5517705105904078,0.050188046015018625,0.07877122752066948,0.1043340745531373
2019-09-18,0.5616090139901472,0.5568637733136903,0.3294087155185195,0.28877590008590925,0.7414007286374287
2019-09-19,0.9520073683591515,0.19954864076253997,0.6241961566193245,0.49285232000279233,0.11833272572752532
2019-09-20,0.5303789304262253,0.7551751819568708,0.4673098900536044,0.48232016349300605,0.06287756062490861
2019-09-24,0.1740811163954493,0.9629410411013483,0.2737746319429908,0.32867596716636793,0.8310745981449922
2019-09-25,0.7816176124572812,0.03189364011411023,0.3425385185832841,0.3169981259057391,0.5404133622294933
2019-09-26,0.8170670813810479,0.5442533275631491,0.5600093581947108,0.46802788299373,0.5423865223584119
2019-09-27,0.32529968854186925,0.22650317385813848,0.3060785695826785,0.3639369303184771,0.5784019862737586
2019-09-30,0.09900364564947303,0.014094663185357337,0.2371285883636398,0.11187142526180074,0.4850822293734545
2019-10-01,0.6104839033053048,0.8727983874747635,0.11919884535956364,0.3637899618163008,0.7004099636874859
2019-10-02,0.7743237789851574,0.9145241511198633,0.20713501191446312,0.23005453952590663,0.45212528362526916
2019-10-03,0.8343697691179264,0.675838897252208,0.48549501620391133,0.4264937500479233,0.6543056236096729
2019-10-04,0.10951472480353718,0.45019101922955224,0.6645854046715304,0.5994507880346651,0.47930717852115673
2019-10-07,0.0785704669740524,0.22742216592098397,0.47825196883784615,0.4649964245914001,0.010154848433589775
2019-10-08,0.7570007199095135,0.44815308607652055,0.44692756861831523,0.44076345496599556,0.8076428183270559
2019-10-09,0.12386244573165295,0.7503378024020936,0.5059405418401756,0.4673800026846186,0.5567298555079827
2019-10-10,0.9156571954919936,0.1650254961336336,0.7264391781897841,0.8078560530237048,0.5432397041380861
2019-10-11,0.873694888324772,0.1377570896262235,0.864685072962253,0.8516711764509608,0.12867787318955032
2019-10-14,0.07018147886817752,0.7539204686879222,0.15952641697114625,0.13879787997277246,0.675576257054499
2019-10-15,0.9580673316551146,0.11216148962788625,0.2753268071535484,0.2091684776038396,0.544277722658079
2019-10-16,0.4073783774339709,0.7913986890552842,0.7094445942991326,0.6915759513630639,0.7914441996334352
2019-10-17,0.23535279824709465,0.6344385344073582,0.657505511366619,0.7063263153128272,0.5469299576530561
2019-10-18,0.4669337425231371,0.3294243373111375,0.2996065595346122,0.41798461518894103,0.19375225128664147
2019-10-21,0.3605713245604588,0.2659957572455355,0.2992079971016206,0.282838616638447,0.6607949301560436
2019-10-22,0.23265140699229972,0.43599375991610734,0.7531876383657172,0.8127759237286837,0.22450699869382276
2019-10-23,0.5856547368760432,0.7599008219460779,0.9109003194644651,0.9600329691572258,0.02031821033795002
2019-10-24,0.5496314683247351,0.7879686722553588,0.6747334284406792,0.5910027535039042,0.8578860666957443
2019-10-25,0.2071996600399921,0.501291551978164,0.6182863912305708,0.6573625332579311,0.06817254422915621
2019-10-28,0.7739963960042219,0.16365142450444958,0.294334904440699,0.16981352885038903,0.773715304446245
2019-10-29,0.7152518335234122,0.34002940159389133,0.4783617985968551,0.3599685811389197,0.4813362172506777
2019-10-30,0.18166198373261094,0.7063981989224708,0.13010502931772505,0.27321451359939075,0.05779303954655955
2019-10-31,0.07816889753595833,0.9414793652191747,0.3035619756364591,0.14514727460520216,0.7891023453152212
2019-11-01,0.9698665150597617,0.3581454191912769,0.9263758680914764,0.9729649927536692,0.5125309441963404
2019-11-04,0.5616747603635708,0.46360496234332516,0.666585543224731,0.6213878589002467,0.0467116672393226
2019-11-05,0.46162252533512654,0.016298789157040614,0.7990116099693962,0.7459280442648388,0.05455473770107862
2019-11-06,0.13437019223602517,0.7754762703362443,0.09173959432407289,0.16889735864123262,0.05632492551109291
2019-11-07,0.4439672907738494,0.02072014483585964,0.6973366900140835,0.781676288464136,0.865462064223607
2019-11-08,0.9435521579261745,0.3337591853415696,0.5723645461626579,0.5197692305304022,0.5083325908338973
2019-11-11,0.768690586585222,0.25608199292165423,0.3246928754104287,0.3156485235727415,0.5116180700361075
2019-11-12,0.9847152829611522,0.32941502454639526,0.41058705919793487,0.4482017228935436,0.5552772017256242
2019-11-13,0.8171082144619521,0.8073383663487865,0.6180050592710014,0.6263196585584736,0.5718791624952453
2019-11-14,0.9585942127598315,0.8260550627400624,0.4241022417073554,0.3137824477455396,0.16496544364554966
2019-11-15,0.5215038797242867,0.3053043946659539,0.8741362026651858,0.8571383125544462,0.6888886157342398
2019-11-18,0.28655949629135496,0.6100363465902997,0.13810414499084295,0.19686742644201036,0.08779016872920269
2019-11-19,0.1409164112986927,0.571502870827604,0.04213497236299114,0.023408078792827643,0.39934334705887176
2019-11-20,0.3819424738067375,0.4684387540914822,0.9256079238483903,0.9545919509894305,0.12399343285710411
2019-11-21,0.6152251721368287,0.13124336457192043,0.9283797167112172,0.8976463216143009,0.007693032126915829
2019-11-22,0.2302394544988409,0.45259479880882,0.26198866813424143,0.21976613527243008,0.8411164171436165
2019-11-25,0.3138997784283465,0.21322842376514153,0.5786678481659208,0.5694575895665634,0.5271632453282362
2019-11-26,0.9020085185414929,0.6007263636089779,0.7241256259236255,0.635131242185103,0.00019293967559063242
2019-11-27,0.08593966117744127,0.212834572917352,0.38255745110748873,0.3610492974511499,0.5053016394794883
2019-11-29,0.23858226732873342,0.886193415999505,0.045849685829721556,0.0067289117750680884,0.49124073946791424
2019-12-02,0.363777958806804,0.334896204106767,0.06368482236962797,0.7189803162928495,0.510962487911413
2019-12-03,0.735071018421503,0.9339667118548005,0.4262348164622367,0.5324519797925824,0.46840663557992884
2019-12-04,0.3030413909811572,0.31050359109159714,0.9676878160910984,0.9585113843516848,0.5301568159211643
2019-12-05,0.7828586488347621,0.5874189059104267,0.6290465513895958,0.48901916879950585,0.5009896157519347
2019-12-09,0.4910996417996837,0.04235482358498459,0.7748977594218274,0.6723071772340254,0.5018483700772334
2019-12-10,0.7377812552417534,0.5903051846375594,0.512915174313676,0.5593750837599515,0.5111519048090416
2019-12-11,0.3168156187024447,0.7507061654545062,0.24514873271885193,0.3163659421271484,0.3772830658264325
2019-12-12,0.11547606991877069,0.3533679264094686,0.6641794046298737,0.6341902947514751,0.5803191993919993
2019-12-13,0.8910785116583115,0.8126376705145802,0.8354946531456651,0.786791877125931,0.5333146883664583
2019-12-16,0.0075659949472906786,0.4469810817440459,0.5270399778932952,0.5367419117190732,0.22980339879002698
2019-12-17,0.38899624459007137,0.44339598578048245,0.7699996967598451,0.7506661046305956,0.6886487516665296
2019-12-18,0.23078841803964606,0.3698395346606991,0.5042827977757924,0.476046409604908,0.49937251664640603
2019-12-19,0.04423172191585678,0.7126230035669319,0.6337664290483831,0.5998725997969545,0.5708937373997212
2019-12-20,0.31298710534386454,0.31003286016326426,0.2960276993392174,0.18601261165351052,0.6424609329899252
2019-12-23,0.5925262260898865,0.7918265810272052,0.583228585749328,0.5097346341828881,0.45962648553900676
2019-12-24,0.6507437902358935,0.9492036159057264,0.806929013858585,0.7271240104855015,0.6381589013601932
2019-12-27,0.9061578033467623,0.9224129485478878,0.8464373540672494,0.7371027084313946,0.6684130774053074
2019-12-30,0.1793360698455615,0.5120815864514717,0.6022437292654843,0.4585038441420194,0.7828420966070427
2019-12-31,0.9615300413109918,0.6746077157713681,0.011070875283938224,0.21509850050739243,0.9662691718314231
2020-01-02,0.3996403176089995,0.6802800144304585,0.5609336700874678,0.5299363558572803,0.26468805079198704
2020-01-03,0.35926066946561386,0.9785255013891144,0.9704713447928942,0.9701130358051294,0.5436645024045017
2020-01-06,0.18213224507357487,0.923081863209095,0.5939727523634204,0.5754137108054738,0.5545753884442184
2020-01-08,0.6596288046456085,0.2075165394885848,0.00787082860377023,0.002095815022941588,0.11379718322287836
2020-01-09,0.895400256567482,0.2663354237598152,0.44736821000909643,0.46283205082667617,0.7599292263874928
2020-01-10,0.7907207930537793,0.6750214092442022,0.3590505580342971,0.32844338211224333,0.4992896505280893
2020-01-13,0.42179349501853747,0.18304873472053826,0.24476004349770122,0.2072845788436051,0.38504557965656044
2020-01-14,0.9461221079671858,0.24812765285789287,0.5728260674214712,0.5313346889009848,0.6520092447754674
2020-01-15,0.7703118112809644,0.7978958494452347,0.3122336975342352,0.3386183235655268,0.398583301742003
2020-01-16,0.6896977959782077,0.35770004498860025,0.6913288511613747,0.7254063963053125,0.7891134049828155
2020-01-17,0.9592058950589287,0.8051027510012054,0.5638616052114285,0.49008977066068077,0.8840394176386068
2020-01-21,0.6573450754930295,0.38227715796618594,0.3749567407395379,0.4015141586432988,0.24959158979862034
2020-01-22,0.3541019720349032,0.4182405674273936,0.08756567556769564,0.059112390906291244,0.776205102701204
2020-01-23,0.22743929858192793,0.8001031981536733,0.1195108041346646,0.12892965546658058,0.8099342834836504
2020-01-24,0.1872295131981487,0.7256541020490351,0.09319154080046298,0.09089821599329861,0.9361625159622413
2020-01-27,0.4982665775918648,0.6968947906982073,0.092396049967384,0.15298830813187644,0.7906030406079663
2020-01-28,0.2215292679237071,0.20107559713798456,0.5444200140808679,0.6090269769202417,0.6161452706994659
2020-01-29,0.7076290108368862,0.480477123516486,0.5967025411940103,0.4221630739960305,0.33924007307357007
2020-01-30,0.943071073348382,0.8958199546415494,0.06705804494414314,0.1074589188272449,0.9957536232114608
2020-01-31,0.27333432830630705,0.45482394913227725,0.4157797903619288,0.256344704625391,0.6788646385023247
2020-02-03,0.15616812647293876,0.24771481477405918,0.003387372323002542,0.06746747707594639,0.881129589934089
2020-02-04,0.6970722341421389,0.01385927600657224,0.3225170279566301,0.2845199962491593,0.7840409071292029
2020-02-05,0.7665643975732935,0.7251616780691024,0.836929615414365,0.8663257773891732,0.25880054220347487
2020-02-06,0.8971448961774823,0.752017355079741,0.3729604543751287,0.5687533752586551,0.4384251101753344
2020-02-07,0.8564890092415363,0.6174884809506261,0.3263240386593821,0.23211250723265475,0.513939208332556
2020-02-10,0.7946118228200985,0.7119206556759329,0.137585337919329,0.18787037122263284,0.5534308550609116
2020-02-11,0.2969924564640492,0.16074887878385447,0.7286501981121762,0.6442768778549437,0.531073843891558
2020-02-12,0.3633484143224246,0.5304394559061443,0.9259093690040989,0.9041790232766127,0.9971108295840304
2020-02-13,0.9539636134147128,0.7687488520919996,0.674626375064094,0.5963506519985045,0.5598371517516457
2020-02-14,0.04451005743431494,0.7699531272052773,0.7941336467279967,0.7512195277644105,0.426579017076498
2020-02-18,0.45825502417125275,0.9403600098261652,0.6374859116701139,0.4803784626150979,0.6264785061383639
2020-02-19,0.6950254507300625,0.7602465888156337,0.8776196832568324,0.9126797512127404,0.40100119444866633
2020-02-20,0.6046828500371091,0.7963753445480126,0.55368987720923,0.7004062027659606,0.6854326808202091
2020-02-21,0.33734303688775585,0.9814452541082807,0.20447012703986883,0.2981933378328858,0.3992206534801584
2020-02-24,0.18392630799551085,0.971714258096469,0.02855357832329095,0.01880887703769319,0.5814403162223591
2020-02-25,0.5345108351964714,0.045742744423399165,0.1088546745811206,0.06304057413916515,0.12619683929600067
2020-02-26,0.08604520974149428,0.2566092756810498,0.087236396533247,0.12075634811757578,0.11057596369752756
2020-02-27,0.5378302842159259,0.46535131081744885,0.12420158607884317,0.05983404890027151,0.8068325964994277
2020-02-28,0.049718556288642926,0.0007728357950662209,0.0707665167349786,0.024067430221188308,0.45016784903310164
2020-03-02,0.3774439147852014,0.9346448631901113,0.8691651424960423,0.9305411120829348,0.317744083571207
2020-03-03,0.4073493591679008,0.9885378252457305,0.4714469354658068,0.6260789011973327,0.44080535506702745
2020-03-04,0.23952210227423854,0.48904663351088196,0.23137855215101805,0.35628668478328346,0.137229128208517
2020-03-05,0.22235477276353577,0.8876390807003204,0.12951731515966763,0.2090915012991065,0.7477034167540464
2020-03-09,0.507809647036696,0.66134107641597,2.326704321501028e-06,1e-06,0.09189027468715112
2020-03-10,0.7829296705708916,0.2005030504136538,0.7683443220311023,0.7844053924914098,0.01610009353072154
2020-03-11,0.8732214946099452,0.15794873666929868,0.3407911289212632,0.3575610460874092,0.37450086061267307
2020-03-12,0.004214255715750298,0.012671841422482646,0.2081035283341202,0.32881451979999865,0.03725684196741677
2020-03-13,0.002241053437755422,0.00360022981907316,0.576632035743498,0.5244666767230366,0.8581870533572082
2020-03-16,0.025843902329216323,0.06303433017310968,0.09322025589755761,0.14832269671753728,0.04850649251739246
2020-03-17,0.06083100002187359,0.9549415624700476,0.28952514375763355,0.24463198187601243,0.11509446912163639
2020-03-18,0.2057979041663404,0.027640786326022973,0.05675733855199206,0.0072077534522124965,0.8415904555478876
2020-03-19,0.05755902114767167,0.4840010970800692,0.9201204529964548,0.9464537270522339,0.3252491483220499
2020-03-20,0.6312701613465665,0.5959323260730045,0.26979633818081655,0.17526040218926436,0.03901429146162458
2020-03-23,0.7368100644481216,0.9960580068379274,0.5010583516453473,0.6293707372296713,0.09707531544205882
2020-03-24,0.6588442260991642,0.9917703578700884,0.5176684231686649,0.59630739006144,0.01226707167230317
2020-03-25,0.23810118081194911,0.22483132846444534,0.5427788435095489,0.5737487880804313,0.020563143302164633
2020-03-26,0.5613079007641698,0.6873088798800411,0.28317423408999715,0.20562869528077238,0.8867377611577288
2020-03-27,0.5064386356240511,0.21085912048348332,0.20322540571998932,0.29367998128452466,0.5381607685822387
2020-03-30,0.5699140756397709,0.4550182186611996,0.09263642184379689,0.2197006555560925,0.5172476724554504
2020-03-31,0.3214877793417885,0.11217366688882384,0.48195180042493874,0.5838593078708303,0.17185736107100613
2020-04-01,0.2659263844835064,0.403149170350433,0.894711484648572,0.4541565859844278,0.700735339592204
2020-04-02,0.9260943372302504,0.9242966474755462,0.9895875547389837,0.9901231131422157,0.060272319423499275
2020-04-03,0.27309319323734654,0.6106706440986941,0.9439627884778203,0.8887771972590965,0.06796733044749678
2020-04-06,0.986567237113947,0.9026432278044079,0.3388654692456104,0.17517176491602923,0.004249509500332627
2020-04-07,0.8280792340048987,0.34898801839756927,0.2991742039265138,0.12910392178247534,0.8450077794297178
2020-04-08,0.22471270207765137,0.491422093988655,0.6626552093278262,0.7532260326946304,0.43904033428487726
2020-04-09,0.05003300172221997,0.9705191676797229,0.2554844513086485,0.12207959784737425,0.39865412828340124
2020-04-14,0.16844865504595347,0.7379442846266876,0.16441455100470587,0.07491176166226322,0.26222830905900574
2020-04-15,0.07751046534957974,0.18907166068298278,0.14263191654667234,0.4343620834604376,0.7053081762655931
2020-04-16,0.765798331174103,0.3931390341646521,0.5194512061603538,0.4950900225271225,0.5327796668708431
2020-04-17,0.9958680588395101,0.15725376440322594,0.5586862522551241,0.13309745079401888,0.4932557721884818
2020-04-22,0.8612074661503226,0.9255787883644999,0.8224373834484963,0.9983433315985945,0.014680591847825483
2020-04-23,0.3867326443532616,0.5646420574969683,0.8024068092174591,0.943178839240032,0.8334151526981616
2020-04-24,0.47293095676675534,0.3635763664248179,0.536856909529082,0.5995208150787592,0.01429265209140745
2020-04-27,0.5480016434596502,0.33257723795701366,0.08655435180229346,0.011687447290853237,0.764995856956697
2020-04-28,0.589811716641488,0.46292098929218206,0.670107056960449,0.3810292432221558,0.12026219751013827
2020-04-29,0.7615116021385209,0.38553613640115053,0.9611710123109788,0.937285849991993,0.1613059813719627
2020-04-30,0.7705336986267667,0.23057386338592928,0.9724389752317412,0.9523673951906965,0.009020144010548325
2020-05-04,0.27034776462005305,0.7835848812494333,0.8996843663777758,0.736777270741348,0.8742043963747133
2020-05-05,0.4123906563067849,0.4570269325832029,0.9759510143505752,0.926287246442564,0.5422152535916434
2020-05-06,0.3584249389799983,0.20883903616415814,0.24589285139221417,0.4226821625553285,0.4799084553591702
2020-05-07,0.6473229951747752,0.905284740695044,0.42685929539816636,0.4297827077821226,0.4180038974848091
2020-05-08,0.6532565112682007,0.3233622213787741,0.8130624155090896,0.6788669132148468,0.33458404476180587
2020-05-11,0.9041409179196145,0.2647570691021298,0.19925719488776786,0.3980291413974009,0.3314359142736582
2020-05-12,0.09336391407827029,0.626347527836165,0.5814797140055639,0.7578966028223884,0.1848315226437361
2020-05-13,0.8710881961871427,0.6448021913830079,0.28141483379510074,0.40993229047947966,0.08011936824501902
2020-05-14,0.09502494415481917,0.83045670583097,0.9003738423312986,0.8441313761842818,0.8157933067255883
2020-05-15,0.37068731930223603,0.7341048801049705,0.819161164671479,0.792948081201949,0.5470521866869382
2020-05-18,0.5341176644457619,0.180679258502487,0.9201569201746835,0.8415746210462894,0.10554797501971784
2020-05-19,0.7477560825246157,0.6828989611505298,0.45577279301314083,0.6135104628205345,0.7635818576690732
2020-05-20,0.20966166688827145,0.6025315410092846,0.7599755502148008,0.6670476901122409,0.4995919325783455
2020-05-21,0.08435331981245515,0.09820684769269213,0.5786343127568401,0.575747475140016,0.5703224054787976
2020-05-22,0.8846667159246235,0.7160324668066594,0.2427837549756705,0.3635224737642608,0.4993849235367412
2020-05-26,0.4817691634883035,0.09442760718922187,0.7707212335579887,0.7123826063613441,0.5290227802650489
2020-05-27,0.2258716422962714,0.573186493456498,0.13658906807541538,0.19513559884227177,0.03635948276939969
2020-05-28,0.9237177879295823,0.5443465315823868,0.656835502090835,0.6923587577513557,0.5890765486882958
2020-05-29,0.6975402310742287,0.8598894014645987,0.5032027022406578,0.8440973630490712,0.34682536516097173
2020-06-01,0.7963135294919705,0.5121805594132698,0.9784797293641694,0.4835075699968628,0.6957351091526938
2020-06-02,0.030250931799016147,0.24782503940981185,0.8094684825263934,0.795420298818586,0.5137556601722411
2020-06-03,0.4321716288240628,0.08592593101343365,0.5568381436290135,0.6157438452577961,0.19739781111321722
2020-06-04,0.4970712582617156,0.8388092363624828,0.5498405386029738,0.5246888375478589,0.7458246126741096
2020-06-05,0.5056601729379975,0.03078242805437669,0.9425723343650216,0.9149826952691856,0.08574706457265613
2020-06-08,0.6269039219316421,0.8450238200704062,0.13879106671585545,0.17759028839143015,0.7851369436186211
2020-06-09,0.9352829535380025,0.7947560403136087,0.5982146875138044,0.691635469587197,0.029050449580642786
2020-06-10,0.3559005474330556,0.4599157615942146,0.6591103697661336,0.6788117708907178,0.8094519495198749
2020-06-11,0.014936538453255705,0.8208889455536379,0.015275949897506707,0.015247391538448722,0.15162078975124002
2020-06-12,0.7777895217192654,0.43242157553842203,0.5321063396845711,0.46338487215462354,0.0058079443203296055
2020-06-15,0.16785611083187393,0.2908775814632539,0.7677629983768433,0.723890618906025,0.8377325649459074
2020-06-16,0.5382239729878457,0.6769701418214178,0.8219596379081527,0.813342947902284,0.39253145824208463
2020-06-17,0.6613660162205578,0.4748271221384574,0.4109211709841116,0.3674257139132863,0.5965070000279009
2020-06-18,0.8129022282745011,0.3754124288526186,0.7343535518998378,0.747720309847639,0.549024690295352
2020-06-19,0.21551667566153573,0.8699870030671558,0.7090326750194794,0.7619803271374491,0.34592492842806855
2020-06-22,0.6575932560701498,0.7286692900802447,0.7691990433322842,0.7150951141909764,0.6210977311713144
2020-06-23,0.6707654329445683,0.8017777990227306,0.3303794698299227,0.4577790324408452,0.3069494347146836
2020-06-24,0.6358813705489019,0.3414965075796782,0.028216137480971674,0.02557995149614915,0.6168354619482299
2020-06-25,0.9550679165480928,0.3832139890723395,0.7222523328796833,0.7091776441997892,0.03301646921435261
2020-06-26,0.0018764069106006103,0.718278284461076,0.4763077051405082,0.4097700458595555,0.023763984007493646
2020-06-29,0.20374724042889575,0.5412275787039059,0.7292974068178875,0.8501160491212527,0.8821184032370083
2020-06-30,0.09101142559768666,0.8528556375829166,0.27930358203839745,0.33603142589298873,0.48774693573226635
2020-07-01,0.17022952961100316,0.11562410234098035,0.7961003742309553,0.6907693974631897,0.5385657401843404
2020-07-02,0.5388302655917552,0.7241220424925014,0.8537434285722244,0.7848305564797537,0.3309884990397866
2020-07-06,0.252593019594312,0.5994056649357279,0.46999739972721044,0.47942524265313613,0.6435535046983867
2020-07-07,0.754399029381981,0.8270391621650687,0.47160691218620865,0.48004577438487483,0.5235375061075443
2020-07-08,0.523018424901647,0.7563021030601167,0.5745226552277471,0.6108297500213163,0.1138199953504101
2020-07-09,0.8506343163358929,0.14343532267084816,0.1340259524144115,0.0710066103924834,0.7303478777469994
2020-07-10,0.586527318035037,0.43431006616088774,0.8301800790110992,0.8376107197645688,0.14277342701563783
2020-07-13,0.7704260267616088,0.7856964140841188,0.2548584901127871,0.28972749268619724,0.7505916642505597
2020-07-14,0.17704355402091843,0.47122878668553053,0.5646221102584916,0.5734208806986372,0.5731953657894691
2020-07-15,0.30540441403861823,0.4944832483334957,0.8497029197392967,0.8543695852184652,0.6277659431350208
2020-07-16,0.7290440709284618,0.17212933646004444,0.280480442050341,0.27455367027371225,0.46092369505275665
2020-07-17,0.00724576915263888,0.7260758936264148,0.35408167386438166,0.3971371181922094,0.5668505631798513
2020-07-20,0.909878196592212,0.6937341081496586,0.5514658938264725,0.5992476599996297,0.3222764377275824
2020-07-21,0.1518567423521696,0.9485127853093168,0.9039172633832785,0.9245892417128426,0.0816601397304382
2020-07-22,0.7471284441745956,0.909694465789179,0.4641606308220082,0.452591833756802,0.4669076337926171
2020-07-23,0.45611696517810146,0.9259880666206082,0.08661302353387444,0.12276234565036401,0.10516900748764955
2020-07-24,0.691241799847709,0.6902860825659567,0.48530124623411763,0.597951629136988,0.299452174058296
2020-07-27,0.9130701853856382,0.9593918493949649,0.5149237954461935,0.6534281877227801,0.7435455939889869
2020-07-28,0.5279539961127375,0.7809778172425501,0.3598540826820115,0.1943300553001398,0.5647313594148038
2020-07-29,0.8618639696499366,0.6827919601693231,0.7711672809775457,0.6125154053662529,0.32647589489318585
2020-07-30,0.5101485925024141,0.24052077286269868,0.10359629958481652,0.030456561790856825,0.6593922884120436
2020-08-03,0.9891180600951757,0.8932740199120762,0.9425755101292531,0.9069836104268674,0.31621835841852247
2020-08-05,0.573345411579098,0.9937342186264274,0.9043289541348433,0.9165144953788906,0.6270776895975463
2020-08-06,0.7085482912947925,0.8200726255807609,0.43531348634042494,0.36817403779573904,0.537746353382669
2020-08-07,0.7515400297896035,0.05141894931679803,0.15171630883851864,0.1637934738607171,0.15574514990046207
2020-08-10,0.1500339456830467,0.708638428748241,0.777746274120451,0.8079390881942636,0.7447799797273418
2020-08-11,0.21966333933029958,0.0035054125276477513,0.2207374937938634,0.3152682499967003,0.5167311588042047
2020-08-12,0.6622960152311197,0.4787935689789965,0.8894626145877182,0.9040732082959224,0.16955223520111817
2020-08-13,0.5535016408620872,0.814968567920362,0.2321713790262789,0.2719033833087687,0.7030158490420363
2020-08-14,0.13730884966028983,0.19093139044704377,0.3743941402254559,0.3550534287324983,0.5342626988657195
2020-08-17,0.3634478178027838,0.960104531378161,0.7844145661340687,0.8716563575552285,0.39854411906260045
2020-08-18,0.8725024494716941,0.7272682558556484,0.5307873151633258,0.48250450804512274,0.14036372448414447
2020-08-19,0.24489350908449573,0.06202279347658839,0.4126317398082433,0.5015223758213521,0.7368344659944923
2020-08-20,0.4370417311304626,0.13481160391706892,0.2005989047379167,0.28081760184009025,0.19573293429760796
2020-08-21,0.654135084701932,0.48341589910040855,0.16455199435877882,0.33259798042305544,0.6874836196730325
2020-08-24,0.8526039262219398,0.35825162894118345,0.8740867987616308,0.6493819179790733,0.41489684463267085
2020-08-25,0.7152012292978092,0.2163163292645985,0.8576197981280866,0.8584519641573527,0.5901975609117994
2020-08-26,0.388430925886315,0.8869153495116652,0.3377417290822601,0.5046352769769884,0.7412033691012437
2020-08-27,0.9022216624718941,0.18999841449629543,0.16851945092640597,0.2647470535560337,0.44772918644014853
2020-08-28,0.9700428918011708,0.9524335054115741,0.4379263833632961,0.4271242676142242,0.06564974969721375
2020-08-31,0.7098993532007382,0.5555687079022278,0.6232036514306172,0.2502882925483818,0.7701603860236248
2020-09-01,0.5790117283477026,0.4929312399002214,0.6718474657987779,0.5758847553849009,0.24323160221273524
2020-09-02,0.6043525451678072,0.07377441547098786,0.03541305091125196,0.025378908147855803,0.66055273438298
2020-09-03,0.16864311503048665,0.3380274679319492,0.25123451647630846,0.38901589326160985,0.09795450214229816
2020-09-04,0.2079149791421647,0.4039851619494216,0.02346037171732748,0.01581875949766279,0.020346886110132897
2020-09-08,0.19693528907164295,0.6548859311060087,0.0024050797156183095,0.0021106137466073713,0.8584196852969261
2020-09-09,0.55063223152966,0.7086930469413094,0.823825446879705,0.8545802420775503,0.49986248880191037
2020-09-10,0.2819101867540252,0.6735493343165764,0.2174751033593856,0.24541546007809628,0.12469205571257103
2020-09-11,0.6114324765520849,0.1919677496535811,0.3797384127407609,0.4971062522546419,0.7542933813011761
2020-09-14,0.5564903047186709,0.7647806164767903,0.38054234542963106,0.4588452529150825,0.10777459062559362
2020-09-15,0.9920715608602748,0.5552357303344388,0.8404733963042653,0.8412173486343555,0.7366830820911602
2020-09-16,0.0050293287686906645,0.5643810666977923,0.9531291239114257,0.9552952559599489,0.6067713928589266
2020-09-17,0.48615660322301696,0.13224031964339328,0.8586646732081973,0.7684862867842938,0.4725780065880288
2020-09-18,0.7714043414193023,0.7237648791637781,0.4215751589463747,0.5428433523350392,0.3878029906373027
2020-09-22,0.060692611030745636,0.011394716033314543,0.06592692112704833,0.06953155905140701,0.5912411655106063
2020-09-23,0.6747925875373353,0.029276040995016874,0.495990765443269,0.6125660647821121,0.22619417798439745
2020-09-24,0.6316124905330167,0.6412424834900119,0.5589279374835573,0.6419950005292923,0.6701251169178328
2020-09-25,0.2609685742829049,0.2574665324603166,0.4699756874340009,0.4593632635475675,0.22067757976054242
2020-09-28,0.6396756372966285,0.7864115658477306,0.7193575880573466,0.6415712195515543,0.7029303564568073
2020-09-29,0.4943036663136826,0.8746331564950856,0.05007402916860997,0.06705880815012508,0.21603346123356668
2020-09-30,0.18967479764860493,0.3369754964785302,0.4314917603347827,0.8371035425620913,0.7264793548321107
2020-10-01,0.20882625965091,0.8628419422537694,0.4668410379160397,0.05304693527889745,0.4997172177533944
2020-10-02,0.2807799109512014,0.30701223410237244,0.02670349942735869,0.044023839063202945,0.4519740239895805
2020-10-05,0.2977910788623962,0.7418517339385502,0.973824890905342,0.9680135385675849,0.5758613204809727
2020-10-06,0.3014425371675377,0.2370265822054182,0.9036145301845369,0.8858231023377996,0.6351822262130824
2020-10-07,0.6241032783502026,0.13664410118169573,0.2406712684107025,0.2563721298980044,0.49958899786132993
2020-10-08,0.6719337985629068,0.5879071633354855,0.8988003520318603,0.8544682672714838,0.2862838604535982
2020-10-09,0.1668389293955498,0.9484646025960488,0.29441082408011815,0.2849362515571084,0.6556964291201575
2020-10-12,0.6028790826595297,0.5670842842418808,0.11197908325021586,0.12765843577562538,0.5444145001516683
2020-10-13,0.07354534965295345,0.038130738026238925,0.7660402346281798,0.7596391687313588,0.27953921870772347
2020-10-14,0.5893233646247327,0.7431280599140113,0.8149233252127368,0.7871798673193835,0.7068651025218754
2020-10-15,0.12065434456383084,0.5302358088591885,0.4123042256033268,0.45469343703023984,0.5213350677229486
2020-10-16,0.6653878911122034,0.415008542498912,0.37125229168002155,0.4493396441249117,0.0424984635899847
2020-10-19,0.9252092320702369,0.6145437658874219,0.32902180391661323,0.4602977078475817,0.7908716992814759
2020-10-20,0.14650796752436795,0.5814764890926304,0.7338213611338632,0.7590580732044944,0.2397963909538553
2020-10-21,0.8491032617601751,0.8029841044587854,0.04522920919581224,0.050628582744048856,0.6625227065653041
2020-10-22,0.8493261426667928,0.07592821151389287,0.7912693877407436,0.7402052337908374,0.22770845955271465
2020-10-23,0.5286751866072632,0.47911551714975475,0.18613190938069585,0.17024845180332007,0.6692920167282946
2020-10-26,0.651600141977396,0.49146542362068363,0.05717370530592659,0.0667745817406463,0.5657195496981826
2020-10-27,0.14031123025665998,0.639611222344168,0.7962062774480755,0.8586245324854888,0.11684493322980323
2020-10-28,0.04351613029256817,0.02780154448632561,0.016283809430808475,0.015792084578978526,0.7274803454623775
2020-10-29,0.1813191262430594,0.19526960217794978,0.06149478233899438,0.11306729592388294,0.23470103124208344
2020-10-30,0.12619732985662227,0.7704392248888812,0.3931547247764937,0.335128979760815,0.6653773775136036
2020-11-02,0.17604119380618902,0.8045185430287835,0.9316406740389283,0.8427212366385766,0.22510140000225448
2020-11-03,0.7941929450787253,0.8773211161073307,0.7740527148965927,0.8021646522980614,0.6707693695810999
2020-11-04,0.34140979437288194,0.16562915073621717,0.9253219305028718,0.9227576235262953,0.5661710147214283
2020-11-05,0.8142844988045604,0.9917351227820435,0.3672419809372758,0.3475049056490843,0.5165771211988914
2020-11-06,0.6911426728303351,0.6200598727113711,0.06575126515195509,0.0487605245699558,0.6278655007620628
2020-11-09,0.9107768517249012,0.00114172091967396,0.9881243998353126,0.991308990594261,0.36252763509652314
2020-11-10,0.10156672405449921,0.8172710712742952,0.8330568424230905,0.7885876166963925,0.5030873600143069
2020-11-11,0.6318027308543687,0.22699229725130549,0.5535729111789831,0.5195680919292731,0.5930877076967194
2020-11-12,0.35389492802208145,0.705255008770682,0.3896939144372883,0.3782402176384222,0.279423717620288
2020-11-13,0.7307666379346074,0.7390657093391182,0.2301349256614867,0.181973861451948,0.659952266170131
2020-11-16,0.9999357599645647,0.5199421509707532,0.8216247831402427,0.8496594768656889,0.3821773793702496
2020-11-17,0.9304748026286918,0.4181804975026299,0.459086957125946,0.5232000740495344,0.6697632691975375
2020-11-18,0.7908982480413078,0.25375360534815583,0.709537568475608,0.6354511458322009,0.2361378854803319
2020-11-19,0.8550700986287438,0.22232204286994017,0.4241435040593037,0.4533536481772003,0.6679712924272628
2020-11-20,0.7181846053006086,0.7208198369417254,0.7782030977226847,0.6559989916075397,0.30222716675433914
2020-11-23,0.7702980047281685,0.03985691948846026,0.8666990083484114,0.8273075474531661,0.6459986098406797
2020-11-24,0.6485591644295211,0.04059199734588858,0.9510291652336873,0.9604324958680572,0.5925336849047115
2020-11-25,0.20823827981378532,0.4764632336853882,0.7605717528445847,0.7756869786165184,0.5217728717224033
2020-11-27,0.7055854383018063,0.08465386312770865,0.3141504785659382,0.4128011815036289,0.2783783404857013
2020-11-30,0.347846210603251,0.31266161397960346,0.24681500472957182,0.40116908155549796,0.37968007854100927
2020-12-01,0.25054353334934854,0.9709516966018331,0.39981058916477014,0.1782061291836977,0.37394997582271133
2020-12-02,0.2250362432089354,0.7439464771378947,0.8084628746258438,0.7805608975249176,0.6739318982375818
2020-12-03,0.4358559235003909,0.723195764315538,0.6864618435815077,0.6482412501748829,0.6589348316321816
2020-12-04,0.38061324027698923,0.4627271025836872,0.7204931200677098,0.7556521518760358,0.4996263436816147
2020-12-08,0.011144149294636358,0.9538489999266269,0.28943232183029993,0.1997100660393362,0.5514439643533027
2020-12-09,0.34715088341012074,0.045480680233678385,0.4819617022023919,0.4374692161755821,0.5539447479937922
2020-12-10,0.6026180869084504,0.433691474624489,0.9383899839231278,0.9266215657525837,0.35633324749728373
2020-12-11,0.7913482342728981,0.6164343340904053,0.3481926118277639,0.3820968441569449,0.6385608434495581
2020-12-14,0.28817991862455744,0.24762312702015996,0.6322808451716235,0.6852613201450906,0.11223307200818522
2020-12-15,0.21971299977619435,0.8879532763703264,0.7075483669443597,0.7764788460281435,0.4975970335269949
2020-12-16,0.017232796549004697,0.5794836099229945,0.6418592483419576,0.585567721774537,0.6681273946979793
2020-12-17,0.6542713182607209,0.9378683159927576,0.6924244971059093,0.7485723242549671,0.28220258389446407
2020-12-18,0.27096699146153413,0.46273073865988956,0.8279179691258045,0.8237684168458851,0.02279560374605593
2020-12-21,0.7867997276632469,0.33349055284864515,0.04609860380987973,0.04383652186724315,0.8601753496472677
2020-12-22,0.3550497430143985,0.21622883889528197,0.1342577276135519,0.1747522308471094,0.2772602370510746
2020-12-23,0.6388397024416679,0.6562776643277968,0.8962247793358522,0.8915806195201833,0.3698397338484388
2020-12-24,0.7203474839460906,0.6057741543930734,0.5248375701167385,0.5368035324457348,0.005379071787219182
2020-12-29,0.07605116916454746,0.4731843399483763,0.37085708613427554,0.36555372239048756,0.8141970406703254
2020-12-30,0.9258801825173005,0.7380886773158062,0.6036131850346113,0.678748424862791,0.343369722615856
2020-12-31,0.5235604169490637,0.5353420565299842,0.7120310725445993,0.5431724071975881,0.006940139450739598
2021-01-04,0.18977832353455285,0.9892783257168734,0.15323548686089175,0.10795847702160519,0.8441575910001251
2021-01-05,0.24969186675911592,0.6704106696324637,0.9923027950218642,0.9902772238310664,0.48154166462991477
2021-01-06,0.30161093602547245,0.023815474074067592,0.761365046820223,0.7577506184259946,0.51992105030045
2021-01-08,0.699321185174288,0.004527282531820534,0.9410536683208403,0.9354355475768937,0.5282228111730758
2021-01-11,0.24596223185411847,0.7359125928395265,0.35277249828472684,0.4902059540699776,0.5000003946349674
2021-01-12,0.6243564792007346,0.35329509789671104,0.8095074594721483,0.8226825609761442,0.5519642995615186
2021-01-13,0.4951559421520948,0.6913878076030651,0.2738087572345426,0.36014320443745623,0.5000000018961115
2021-01-14,0.49647065524225914,0.41414690599123877,0.6278207644257982,0.7449230311690245,0.46636832278124285
2021-01-15,0.6885123660581174,0.12750855732704316,0.07704479948242765,0.0941436749587071,0.5568092192649243
2021-01-19,0.870235664457338,0.6854702289413269,0.7830907743154193,0.7274808948816083,0.607872955973765
2021-01-20,0.3307892012954439,0.9061412740584287,0.5583740236331267,0.5954760289649026,0.30875289155561925
2021-01-21,0.3477244780614803,0.48037360979424976,0.48310377287901546,0.429321134085164,0.2352470895741182
2021-01-22,0.3303524860268595,0.27677409098636185,0.19124227584837422,0.14789441271623446,0.7002078058081855
2021-01-25,0.32720916895347446,0.45204397781349426,0.6878885479300976,0.7012603753405452,0.6142232855044703
2021-01-26,0.7637707545871935,0.37805958216480656,0.48852742514799236,0.40252367529115113,0.5000080828147149
2021-01-27,0.19480566505313707,0.3374978689730726,0.4189858104249527,0.5959619828836437,0.636184346139516
2021-01-28,0.5414813333910626,0.3069646209519153,0.3261520074479349,0.23938958905367597,0.8537596085931571
2021-01-29,0.6586860673647069,0.6975889768857889,0.6530831834034545,0.40149952684660434,0.3849994309219184
2021-02-01,0.618890373478203,0.7863095232186534,0.7158822080563523,0.9420052263567221,0.45309097758621003
2021-02-02,0.8479188657866563,0.04582661632144551,0.9104072612457589,0.9098962658485021,0.5751023413134784
2021-02-03,0.0729657299565314,0.4970217839606392,0.8809652156888748,0.8420932584941039,0.588317933690523
2021-02-04,0.5364915388017839,0.014459042830455964,0.6647435106839811,0.7158562361776153,0.5718839125699583
2021-02-05,0.8634546851025245,0.8830270882218834,0.7174579362609801,0.7468443532545412,0.46822592649256867
2021-02-08,0.39945463611245,0.8852158145352835,0.9176985205303373,0.8839191139621225,0.6814051744870997
2021-02-09,0.5223283943949985,0.5736044479752465,0.7242320583334472,0.653904916065491,0.5000000046129254
2021-02-10,0.9630779368103027,0.6095594278863211,0.6582917515713529,0.6245783650966769,0.6656781097033599
2021-02-11,0.0006986842084541697,0.15600880833187414,0.30784837537543397,0.28031268769019,0.6133329850322572
2021-02-12,0.8358493702718807,0.3779196372281217,0.9248617002055572,0.9072387819410919,0.4999966706788284
2021-02-16,0.44899090886472237,0.06604676294622554,0.8463223911576377,0.7296202062872825,0.671488584399243
2021-02-17,0.1711604172564675,0.05230438794852956,0.8578094096498706,0.8738547231734595,0.5593451186821258
2021-02-18,0.9585876045564794,0.5174727517613962,0.2903518794496432,0.22908158493458056,0.7811190077374206
2021-02-19,0.3654392419700966,0.542285895970502,0.10681183319467177,0.07725931123297061,0.6773849763761819
2021-02-22,0.7861823687444851,0.9608885792327138,0.9816392630584259,0.9758479933123669,0.9895766886693437
2021-02-23,0.5836635102335976,0.43639035086129335,0.5357302051016564,0.5529616802871209,0.3779105376284637
2021-02-24,0.8153159412986251,0.27483053051904466,0.9300829959010575,0.9090801118506074,0.5252999429498291
2021-02-25,0.8134432034852311,0.07787386393103198,0.4176017051013533,0.5971072239927828,0.6213328780813365
2021-02-26,0.45779909028513616,0.009379311160391118,0.20719572191927385,0.038119883596279616,0.9885921718441414
2021-03-01,0.7172736145202425,0.3006511485318735,0.018180594950412906,0.2132549106812024,0.4713045016652732
2021-03-02,0.5280378542658074,0.740535667395007,0.17130946822350365,0.20178938240088426,0.6021207429056452
2021-03-03,0.5722488151752787,0.11676477092672675,0.8679333683311372,0.8950511329334221,0.39505636826433554
2021-03-04,0.6965015326829173,0.13538099750274002,0.9721434254500666,0.969433560533782,0.6347970112484165
2021-03-05,0.08592793150184262,0.39845658641607845,0.9571020551984639,0.9379633891649237,0.4735587228575872
2021-03-09,0.5454537000401025,0.8844200886827318,0.10280496233629183,0.07614880370796753,0.41841841217529346
2021-03-10,0.6318922318562004,0.6267351704355699,0.5831330599623059,0.6000962467628668,0.5939535082223298
2021-03-11,0.631582036942407,0.4999875130434556,0.8765471668286735,0.8563130452129358,0.4998881736932797
2021-03-12,0.003980126957516956,0.39009410196565536,0.3661887900674412,0.36943126650854335,0.5238220801788815
2021-03-15,0.6173468515137652,0.7356031094168518,0.3736218385184199,0.414674708821631,0.3609385486597146
2021-03-16,0.08176650859903135,0.5314692127062581,0.32437897408719746,0.3011033389647986,0.6091337903074703
2021-03-17,0.5629099468591787,0.35627018354380274,0.3472392572961446,0.412959000687512,0.33791334006140816
2021-03-18,0.644294019645696,0.636435067874145,0.002746909910431235,0.0019534665900903035,0.6238725693968492
2021-03-19,0.1697871523098797,0.7479974862824128,0.7573299413173904,0.7796967559949437,0.5371863802941795
2021-03-22,0.5863658898046052,0.36293785836956916,0.5095238366178767,0.5209199578641216,0.6368099247412629
2021-03-23,0.125647474358222,0.13485421832348804,0.017047559706632583,0.01809698307355807,0.49976267824498777
2021-03-24,0.39646397262723276,0.7176256807538154,0.9603665262628096,0.9489688816316268,0.5465214351747762
2021-03-25,0.6581986841531766,0.23396969854991428,0.10374998472612515,0.09821178069046493,0.7891901755937671
2021-03-26,0.5029401299466034,0.7010325762218492,0.8966673217748907,0.8714230814786317,0.4400721547722327
2021-03-29,0.3098804142961081,0.05739973484655865,0.5783839154833578,0.6102874136226657,0.048959678889592136
2021-03-30,0.03814371513249232,0.021337010534698005,0.3082988951180805,0.286072274227598,0.7849004515743617
2021-03-31,0.5049910278859571,0.9728120624693181,0.34556870114032157,0.20818443775345116,0.5267279261318043
2021-04-01,0.8205895840296527,0.8223768523284593,0.7723593803577602,0.8902184725115319,0.21262813711270584
2021-04-06,0.6048322356205293,0.8495321696801517,0.10084652927961818,0.11565054257881596,0.7357668825826464
2021-04-07,0.3407280851899531,0.4417110553981227,0.5837463076724607,0.5870674495278299,0.5696968849412161
2021-04-08,0.2162009582563115,0.8688563933884468,0.4943813978369978,0.4457013889650179,0.49982566230983816
2021-04-09,0.48144466812119524,0.15831859284033503,0.4123847795656445,0.4127311840185756,0.5377719133342928
2021-04-12,0.6073653963295216,0.16326568094430932,0.5763399360207092,0.590186301641236,0.5418201478856592
2021-04-13,0.8161986357341104,0.8442931458813864,0.5990269536525763,0.6234848266611095,0.1421424660683739
2021-04-14,0.602255417726935,0.18928061065730267,0.9673897896826119,0.9695870549484231,0.27675726611149737
2021-04-15,0.41120684352676445,0.9675801484258588,0.5899978356984819,0.573328507924618,0.7231340030738873
2021-04-16,0.4399221066311202,0.8190004282270218,0.43120308999768836,0.39337258134303194,0.3230116287144855
2021-04-19,0.7448022634160971,0.24089410579889428,0.5637151515328227,0.5570203770839135,0.801767775466727
2021-04-20,0.08602724691459206,0.683308581180602,0.3313927809701236,0.2225060863896881,0.4522333099898571
2021-04-21,0.680452113253392,0.8368251782800934,0.14543024169192417,0.1818490477071823,0.6214308742488084
2021-04-22,0.5137634957159359,0.20759924849428169,0.49942352352062247,0.5063226467965544,0.6316981368710293
2021-04-23,0.5652854683745197,0.3438331475158438,0.7120990608627389,0.7128095966963697,0.480736821377901
2021-04-26,0.8074156958283647,0.533816625637157,0.3193228728240747,0.40163130342571673,0.642086815408333
2021-04-27,0.39355017878499443,0.43548175136903977,0.7390044415372432,0.8088269015203314,0.1398938497495214
2021-04-28,0.4261946650066815,0.32562494947749665,0.7677671774996161,0.7845592475924125,0.708623546283119
2021-04-29,0.7418721189382377,0.3113883907856268,0.8652939271316499,0.8372946335440363,0.7238260753405272
2021-04-30,0.006757940404358391,0.4380993407395096,0.11302812242381423,0.09802410004884024,0.16723081841561538
2021-05-04,0.07986931318961094,0.7303632144956528,0.9060323056611349,0.9481351786666875,0.733464159118598
2021-05-05,0.9470009743322122,0.7326338259068416,0.5096388000145882,0.4660166079937592,0.5691706387224527
2021-05-06,0.6480732969049585,0.9765150524388614,0.19531721831520557,0.2026212113641134,0.4998402287993124
2021-05-07,0.866943905666087,0.8568556451531988,0.5419628999359098,0.5450635890834653,0.6252033987499268
2021-05-10,0.8638411335398294,0.662900961057444,0.48850005803614976,0.4869692672219694,0.7115541034673039
2021-05-11,0.13341054514809084,0.4290596064062369,0.5650624118074773,0.6143893903912968,0.5324982448697422
2021-05-12,0.8675127466505592,0.15425382770498136,0.7642718754824094,0.7640882514078691,0.594914607011036
2021-05-14,0.46364639356994763,0.8421415212752817,0.2409217346612001,0.22749826826990302,0.49978547244244187
2021-05-17,0.9134963161299541,0.9624557242681729,0.7608878182153439,0.7944819795138447,0.6537398580169929
2021-05-18,0.2079430797073134,0.5027689524389087,0.19447435214096004,0.20499781521101576,0.49976498642673545
2021-05-19,0.20958456177356533,0.7994303644244389,0.026130247425968263,0.026513738321480143,0.5503765315571688
2021-05-20,0.27362078657306826,0.4957625427149877,0.07145761451940541,0.11953683926743365,0.11620756016390049
2021-05-21,0.6012911947495179,0.332497925933892,0.8666832309145291,0.8872743217016479,0.7376278966641646
2021-05-24,0.06330854906490303,0.6862787177132867,0.9441748565448721,0.9628680868459734,0.1703339513905966
2021-05-25,0.40661438439853986,0.813405404232655,0.5490750840198297,0.4937820450219472,0.0977772811436133
2021-05-26,0.8335287640699222,0.5737580152079587,0.5541713198522018,0.5265640197619093,0.2949541189799631
2021-05-27,0.5593854536895341,0.3146367877678922,0.6846599316309909,0.686307989985431,0.7475367868552645
2021-05-28,0.3163248168084727,0.6638782435842876,0.5397817260211593,0.30745376284697434,0.014134535773758056
2021-06-01,0.6707583905133947,0.48625786305005947,0.7034342631438584,0.8706221007993282,0.1263110300732041
2021-06-02,0.43383328932063914,0.6100741304243615,0.8371075912059417,0.8142784886658037,0.8248805435360227
2021-06-03,0.3760566447088993,0.014477520653002835,0.45951518482504844,0.47472673172793894,0.5439568638219939
2021-06-04,0.42473833930321064,0.8809220749384429,0.695505470277781,0.7477611239332023,0.4999620434567745
2021-06-07,0.06822845780779989,0.6857268964312533,0.3136723990837845,0.341315374595396,0.07552630546610145
2021-06-08,0.7386824846587723,0.3399197788909503,0.751609258093223,0.758933964408274,0.5885719225237074
2021-06-09,0.2247568711425148,0.49524868906203867,0.4711414632010448,0.4445258687820827,0.6239516750514043
2021-06-10,0.814404288103094,0.4999906738399173,0.5980767898385013,0.6044187886140935,0.38462974071722345
2021-06-11,0.18002858565131205,0.09645636936462974,0.5440711943340037,0.7121035206735333,0.6534929666846732
2021-06-14,0.8781060374057245,0.12921177246186397,0.5442838508059444,0.46427449686483674,0.533929863516831
2021-06-15,0.25524423869837715,0.1932855633853901,0.8753945698144697,0.8768186787235638,0.5162341144541793
2021-06-16,0.2328151036756789,0.6230997735108776,0.6477218634661392,0.49020595276544127,0.6244371915868518
2021-06-17,0.15821612644846933,0.0003961578898941591,0.07484571933481915,0.123349500374287,0.499939407838901
2021-06-18,0.38888515698309734,0.2722396833307489,0.6449519690324366,0.7013642011810817,0.5437042137238273
2021-06-21,0.5544925128457536,0.8004893138374674,0.9086395534213805,0.9583658484550435,0.28369255980614394
2021-06-22,0.6836580500844833,0.33866393042303694,0.435380521535346,0.2782533991805782,0.09304664777726793
2021-06-23,0.1913132113822339,0.6338258225266764,0.6283950578246247,0.4821519155230971,0.36616755942396095
2021-06-24,0.6910400999222756,0.29808424802410627,0.6282879314278533,0.5599090273943625,0.723429520090261
2021-06-25,0.8374794027133345,0.4957196661363009,0.7267924905931544,0.7469634266108498,0.537291275299488
2021-06-28,0.4795757006100457,0.5612321480130843,0.05776936871747224,0.12823177619627885,0.007439505842761119
2021-06-29,0.6007388274862556,0.1089842042382021,0.4939673779064277,0.4994778703705332,0.6415450722354548
2021-06-30,0.47046889569187067,0.6920466221926428,0.624924987101549,0.6633433787104052,0.3903019753665142
2021-07-01,0.14326436046370883,0.6324261175865733,0.7540749759016278,0.937435905469548,0.5278143981197825
2021-07-02,0.14176916686866245,0.6771471623709643,0.6128077105350154,0.45423585134686906,0.3130524033043457
2021-07-06,0.2479665745688359,0.7822666609494843,0.0465237489524645,0.05373337277032614,0.6768226803965737
2021-07-07,0.46061139821682034,0.7170730742883001,0.1204781396676939,0.1446651822827297,0.23766145873794442
2021-07-08,0.47037730322112353,0.41521061722912617,0.7286854298883565,0.7185623938731769,0.06896359408078807
2021-07-09,0.9346792299709995,0.7714254669780473,0.9013127542918324,0.9009123374327362,0.006386121724203623
2021-07-12,0.9822541810739389,0.3359164781587543,0.3263200320351395,0.330862369270439,0.8432251689762575
2021-07-13,0.1812938423013731,0.5924069397344809,0.8812534555639497,0.8203326054393799,0.41936506501426846
2021-07-14,0.522207849300076,0.8649718861340372,0.05719166002145789,0.04419340521059782,0.5561456975936041
2021-07-15,0.1667019097738279,0.6146595335012586,0.11105249470098594,0.11747432495325076,0.36794169428083234
2021-07-16,0.2700880094646071,0.12420419843497449,0.510981253112568,0.5276681004318683,0.008352639174538452
2021-07-19,0.017289040419301394,0.27369997156014103,0.001466308690927592,0.001221191406274331,0.8427545384457305
2021-07-21,0.7711507030554922,0.2762698966898678,0.9646869204979837,0.9563537092688682,0.48588948657678716
2021-07-22,0.9156351896577348,0.5340874316343893,0.7947541625535002,0.7648859056198836,0.5377720851914349
2021-07-23,0.5237468007589436,0.34284163573879467,0.556608183991101,0.5209014666716757,0.1262592465122657
2021-07-26,0.9604642725293583,0.365157816539981,0.5767148712120781,0.45475052925560705,0.7266856113139012
2021-07-27,0.48771057857263284,0.49068707419481983,0.47694433472455977,0.43001259388094937,0.512858187666905
2021-07-28,0.803484052842076,0.46391527107487074,0.5471528892655109,0.6502445102530359,0.5569582514884623
2021-07-29,0.5660498817074693,0.9845327940758881,0.7893694076706036,0.7534798529361123,0.27950419759072187
2021-07-30,0.041942944565244764,0.0860699881641879,0.558568829276284,0.5667622403457544,0.6313785891014865
2021-08-02,0.46028815343422663,0.6287318686620647,0.02096751725518897,0.05342219138900674,0.26075375352190616
2021-08-03,0.9386044683980866,0.23645935730867207,0.35243440047108054,0.3169662344594465,0.499007858387324
2021-08-05,0.2740876381447705,0.30139024743424836,0.215270797275592,0.16742643882575012,0.6760699375060628
2021-08-06,0.6133678148607229,0.004927945956609857,0.319289880022108,0.2810831442921053,0.001219354214580998
2021-08-09,0.41960068068757844,0.011679980688609617,0.11625036919974761,0.10886394311166998,0.6520347476101345
2021-08-10,0.9193640074243165,0.6078832134798867,0.8500273715545626,0.8709740082591894,0.5026526451962674
2021-08-11,0.8359763468369132,0.9272803431693333,0.7057590673151655,0.7288886340079954,0.5147034786844507
2021-08-12,0.4600672179074041,0.4466275803850852,0.4417041195586412,0.4404835908865856,0.3502099260173847
2021-08-13,0.8329587064413849,0.9498424610453948,0.26911331885823114,0.30112629762437415,0.5949158489313033
2021-08-16,0.4498872091023885,0.7868107334764799,0.18053059284471443,0.18106054281054945,0.3796374796173371
2021-08-17,0.9282823551034939,0.42693782534695907,0.3198348587325719,0.2747317722191565,0.17243506473388961
2021-08-18,0.6948738683479538,0.3725721022669594,0.22790117206065302,0.17113841454808698,0.7207927720328335
2021-08-19,0.5903815919245246,0.4264017663842593,0.0672303122755169,0.07754151268905238,0.3344994446482642
2021-08-20,0.07118079152346451,0.49371008340395517,0.13155987247314543,0.13270495495494872,0.02945878824049524
2021-08-23,0.4307366532125072,0.9270096885435275,0.9876662119256967,0.9826778896543517,0.8266175362602124
2021-08-24,0.6456486263211159,0.5601709572389524,0.9222047081295563,0.8796084016032385,0.5115640614871679
2021-08-25,0.8417915169768585,0.10270882285865429,0.7722499689490353,0.6925862370377824,0.5336912334192518
2021-08-26,0.590633543511222,0.5780515927161487,0.20512202266909985,0.25127086945680555,0.5097747658097183
2021-08-27,0.1444272948643658,0.9418539590984708,0.8461891583490404,0.8047535252087007,0.0024956503131940973
2021-08-30,0.641286856922088,0.283498728933858,0.6737361156582227,0.6174479418362093,0.749962409490011
2021-08-31,0.07414303878979836,0.640088054480322,0.3626901642111112,0.28495623497685957,0.4300409599220622
2021-09-01,0.4692752075763372,0.41790384261931873,0.14403303458212374,0.5078978274839405,0.5882902292086998
2021-09-02,0.9564965119827671,0.33742939067166977,0.8355529212230141,0.8493062190399046,0.4677540097984749
2021-09-03,0.837795708626521,0.9275621936028633,0.3574818972239052,0.27474574680569835,0.09833494745490609
2021-09-07,0.9547520200835725,0.02027514995485123,0.2183613058927453,0.20594295091644396,0.7553670541534362
2021-09-08,0.2566824870915215,0.300279985770141,0.7452602467779817,0.7680732640344354,0.5399044886554503
2021-09-09,0.35877310519510464,0.6630395113158072,0.16516041010019453,0.15617013712866687,0.518444227386689
2021-09-10,0.05619468967721966,0.2584583882847312,0.862923636256731,0.8882660546963742,0.5099041869407008
2021-09-13,0.7845564287285804,0.5381573654816676,0.6692611330588747,0.712424625075205,0.5241949719120716
2021-09-14,0.658927677467172,0.8153341288994396,0.5068722285957957,0.48415683285298,0.3329934635603922
2021-09-15,0.5505165864029986,0.16482266779298857,0.9206152188857326,0.9486062489936798,0.43723542386850106
2021-09-16,0.12995555664892813,0.011499796551723495,0.551104339372622,0.48432480666224464,0.5390093843455139
2021-09-17,0.5687962497756188,0.2891239630285619,0.361720998177382,0.2774475407658173,0.008430389796031295
2021-09-20,0.04512753473890993,0.806836359845763,0.10363219110888879,0.07831070086765254,0.8161189594846991
2021-09-22,0.914833774943596,0.8557966182211308,0.9510529540167865,0.9215887599238024,0.5431074723684638
2021-09-23,0.15791729870508553,0.030794141084329943,0.7864085390657253,0.7827450756242127,0.5955558272451272
2021-09-24,0.29185612346325257,0.5083304138851138,0.7328172595505564,0.6880019121820429,0.15152141636826746
2021-09-27,0.1285363015566454,0.48101677195477716,0.8577329025789143,0.8610832220424494,0.6937811490188667
2021-09-28,0.5818709661925523,0.12645797415504734,0.3388304885065663,0.4314603820395105,0.2998302310063577
2021-09-29,0.7945726428834605,0.11679731841929591,0.3242533956008193,0.3309973454797935,0.6297637921776361
2021-09-30,0.9260703290922658,0.9800212265260877,0.4275016606540072,0.5451440447686127,0.26332364927470453
2021-10-01,0.9002989129239372,0.5486488816944031,0.7273236375832126,0.7527365183635775,0.6499066951587407
2021-10-04,0.819548366398078,0.7262920465780152,0.9373710009577118,0.9151107536039325,0.24188691310159624
2021-10-05,0.5089409280127503,0.2950643078736166,0.8421298541396226,0.8435820305491709,0.6618079777856093
2021-10-06,0.16744503915087885,0.4928278786106999,0.10964844486907802,0.1094841986019128,0.36064382722114124
2021-10-07,0.5940351329275928,0.39176439901527454,0.7364650942102268,0.7361302264303358,0.6101524787288194
2021-10-08,0.704606306577007,0.41726559927923873,0.6213934211091368,0.7849256226940812,0.1995955184621893
2021-10-11,0.0573355715424001,0.41334116499102697,0.8352494467660941,0.81056109352427,0.6858159005557226
2021-10-12,0.42295647659256785,0.5883689036133825,0.39665854026204406,0.5189761379805347,0.2092818279023438
2021-10-13,0.04414344636038219,0.9836370048214731,0.3844579465717371,0.4096204994153205,0.003866965655953488
2021-10-14,0.3176738640940989,0.5849820417450263,0.7438837571751894,0.7523530172130106,0.7900925986612195
2021-10-15,0.7098434479456677,0.0350205734325209,0.7590054296020454,0.7795768278519561,0.34644643430678124
2021-10-18,0.5128243628383524,0.3809417697151059,0.287992116427606,0.5331136118159826,0.6003881386996217
2021-10-19,0.09583959117406751,0.6134417076915447,0.7289807421245322,0.6552023355103653,0.44171881600257096
2021-10-20,0.08405500013095286,0.8339685958825818,0.7312921696950514,0.7714794843287788,0.3736449143390104
2021-10-21,0.8929246476593053,0.39728052516992907,0.12221262289765647,0.10969818269748717,0.39006011141658165
2021-10-22,0.7472100390577429,0.8310231196180677,0.7734773031485206,0.836748189267283,0.008430132600251026
2021-10-25,0.7852680147749082,0.766562684572243,0.6399234932128506,0.4780391806465082,0.41021449516340613
2021-10-26,0.17642758298371233,0.15760475904185475,0.622328895191541,0.7583201885810962,0.7784122553773101
2021-10-27,0.7058698860351095,0.6171011650346888,0.05154851870344304,0.051594146441503896,0.5002716814000815
2021-10-28,0.19223608358479052,0.588945270359235,0.36861497726579046,0.5206796571897754,0.42508743294175505
2021-10-29,0.22838878875657442,0.08257049738460377,0.4885095529541479,0.7132144292860614,0.45265757494266884
2021-11-01,0.6940770944646679,0.7947630098084432,0.5922775044708046,0.6346966692788141,0.5806462359435598
2021-11-02,0.0077276361149496405,0.2881891870254524,0.4707766468085491,0.42854347148365857,0.43227544789570466
2021-11-03,0.1910343553838865,0.03784206255754653,0.014105853799553925,0.012652687496445315,0.5763140344699167
2021-11-04,0.6571580874391938,0.9661713887832514,0.1092173978172146,0.07827748929768806,0.34039476081504555
2021-11-05,0.12022672672611578,0.9319998917331249,0.9369105205372799,0.9287816485258806,0.6974613281518062
2021-11-08,0.8268022184856978,0.7653413071307422,0.6857636814920005,0.6508986398954949,0.22460080766613724
2021-11-09,0.480295768521084,0.5589814190927589,0.831449382061027,0.9060835188217977,0.66229397042757
2021-11-10,0.8477540228820741,0.8630303917352549,0.05971727249258794,0.04898270512467587,0.45312265098846477
2021-11-11,0.6085979943041668,0.8400841976007847,0.5365084908453145,0.5381498076318341,0.5768530362218499
2021-11-12,0.3248149549685926,0.6120598226386279,0.27137784203254905,0.29384774160033866,0.27310208841976275
2021-11-15,0.3552761959097498,0.4247872364750831,0.43116864279158135,0.5036872782010757,0.37133464600048804
2021-11-16,0.8890334447510182,0.17568845153104895,0.5972046475750221,0.44810189342847667,0.4126800284784259
2021-11-17,0.5769587314556279,0.8451606606712556,0.04659664944916631,0.053822110095831543,0.0037597721203630296
2021-11-18,0.8351671101128084,0.2553274099369329,0.7499947022441178,0.6470744704334873,0.7782876701505502
2021-11-19,0.06111396206188627,0.21439665062043237,0.04260457092988477,0.034079599239890596,0.5095355284852227
2021-11-22,0.5460332401661852,0.00795254917172812,0.7026421076593368,0.6382033948160409,0.5130423809885061
2021-11-23,0.27495800137629456,0.06023238156844027,0.9539558371175579,0.8524401730015998,0.41768903981137595
2021-11-24,0.2558774750990143,0.47131087721144543,0.46665919428073027,0.45695693451056846,0.595051225958863
2021-11-26,0.004014884947915021,0.5074314336282486,0.00021460378708192782,9.062513129927891e-05,0.09407656485558408
2021-11-29,0.3065340283901557,0.3820190407328802,0.5824853793386026,0.7007465139698927,0.5298659885574759
2021-11-30,0.3970018765356079,0.22982415742557696,0.13007722944833633,0.11057372790293393,0.16279571359601522
2021-12-01,0.5546139328420372,0.7028228483687429,0.22836169023744549,0.4048187604467635,0.47385786984526196
2021-12-02,0.9898757076293081,0.06478839458451745,0.6224447230484248,0.6256524041273963,0.6677278707356813
2021-12-06,0.5455217140411437,0.872808417145805,0.9138091722994053,0.857838305036734,0.09487736293848933
2021-12-07,0.7239560790015855,0.6411288796545573,0.8292762158531347,0.8200969339059277,0.746996477208964
2021-12-08,0.613706421802662,0.49909730269185726,0.5564021738603943,0.540346339181569,0.26645693084224015
2021-12-09,0.29838106602897063,0.21996497408554905,0.25411565500971367,0.2746707362512218,0.6483215544731133
2021-12-10,0.6408714081695537,0.7189805735665413,0.6190837993245689,0.6114767754630241,0.0052966569170595935
2021-12-13,0.9385777185327708,0.5881493913053988,0.33973537823226024,0.42090537838397885,0.7954193524830154
2021-12-14,0.8963049885167431,0.0976031889530169,0.3416730225987608,0.38062484972886385,0.38290972185757666
2021-12-15,0.829414215306715,0.2211930799819771,0.5212299275351339,0.5153843225701736,0.1040741744367242
2021-12-16,0.03873856317180091,0.9832227063599052,0.7275844068189141,0.7785415444543038,0.7693270837547665
2021-12-17,0.12066933929686278,0.7010888901276879,0.18286295397098368,0.1952037646929851,0.016279414501303147
2021-12-20,0.046290673327057566,0.21314731491181846,0.1123132741358814,0.07251670632827044,0.8460374858599272
2021-12-21,0.8091348552961778,0.2957182386155164,0.9080774726373101,0.9243773452583562,0.33604864133472095
2021-12-22,0.5408404435915903,0.8256841119557685,0.7679471320507838,0.7950315248695017,0.5112965445953611
2021-12-23,0.5543554851850493,0.7525021443607313,0.8078359276982288,0.6989790425426661,0.11312348311524395
2021-12-29,0.8352262534215509,0.2990233277430686,0.9001114886291552,0.915856294369881,0.011727455895981918
2021-12-30,0.8397704835156603,0.6942623984675727,0.5081029569766453,0.5806492872239404,0.1450076809131646
2021-12-31,0.1671000325493169,0.8540327644029635,0.1671492346441737,0.15797841411760924,0.25115980303744484
2022-01-04,0.08436507763218269,0.14706942408161802,0.8907168304755252,0.8248877164229105,0.8242952658131824
2022-01-05,0.4417781872980002,0.7648241145728025,0.6743357344296188,0.6765205722956709,0.5271476102816535
2022-01-06,0.18815554186862615,0.014550972750473137,0.7543616855241798,0.8121425165610229,0.4357546843086713
2022-01-10,0.9819862705172427,0.7254241650970586,0.22518772309052904,0.22341960317106804,0.5498750266115199
2022-01-11,0.9164998526139391,0.9147533732079483,0.9434189205827739,0.9446261613504526,0.5183238714937628
2022-01-12,0.24572381636073568,0.728178276456054,0.707115075371587,0.7767676424915133,0.5748198509371759
2022-01-13,0.8547194729104123,0.30467418817760833,0.4298179888738564,0.3673338739993126,0.5010688388222815
2022-01-14,0.8454672992810854,0.3251574421115096,0.8275098718438898,0.828886723415158,0.49498011651650015
2022-01-18,0.2583948363934714,0.3369430477381616,0.8083637324313745,0.817752661836154,0.07460091757388375
2022-01-19,0.706179681279019,0.9713094862895981,0.711279406441222,0.8059544964821936,0.23942055269712145
2022-01-20,0.5104725122055668,0.4781599904000719,0.4616148498652847,0.46929031831446355,0.754573169682012
2022-01-21,0.04037894925030182,0.20163206601959294,0.3408604560929603,0.12885717212683864,0.5899923425054032
2022-01-24,0.041621274910784954,0.7373532864221828,0.11861590836251823,0.1197406996769724,0.2125628316963285
2022-01-25,0.5859573090768638,0.7743564898526765,0.8893466523144888,0.9029898922592934,0.6673436561290514
2022-01-26,0.5778865232374268,0.060916984203668444,0.8677620757135529,0.8389300097738442,0.14448890751625262
2022-01-27,0.07932252500402068,0.014935979833412244,0.3153238522469869,0.312256141335278,0.005659203096262532
2022-01-28,0.8343964895381639,0.2249127340347231,0.663585838036455,0.5329260590375364,0.8184846863817004
2022-01-31,0.7694465863259782,0.7468941214264524,0.7827696349171673,0.7904567774886766,0.4171149201526433
2022-02-01,0.956745150357891,0.6376944876993478,0.0752751302377102,0.49529250236823685,0.0005742149356792604
2022-02-02,0.5135927997611981,0.7310269061352246,0.5560663093321521,0.49539877869559557,0.5679564441969883
2022-02-03,0.6323085729711486,0.29531026848786407,0.8604887550078008,0.9013169143162947,0.4775595668240968
2022-02-04,0.7577948428965049,0.5779093713996282,0.9146218277324769,0.8968058361461547,0.520570495798861
2022-02-07,0.16234814715280046,0.8421481804915131,0.32469467980677913,0.24425855982093658,0.05864702085651438
2022-02-08,0.8288406386746542,0.6660988451972994,0.08999197572028124,0.09481105508159324,0.19093831092998703
2022-02-09,0.9523043059913877,0.7314683086836117,0.6775134695731981,0.5550460299398712,0.8579050060959726
2022-02-10,0.7117531663089494,0.5078093388795464,0.43421621125788906,0.5394666005152012,0.2370027049150412
2022-02-11,0.3258549560334302,0.6181300647780046,0.965580372599779,0.9702246140130155,0.004125804717809885
2022-02-14,0.04183407886166604,0.9635819790646614,0.8881934193835208,0.9059026999314534,0.8449364873592264
2022-02-15,0.4102052988318006,0.1643250227350749,0.03472548714464739,0.0347138879863708,0.43157521277370126
2022-02-16,0.11558471362660092,0.8468569991327681,0.7915940063415791,0.7816210114061537,0.4737041441033303
2022-02-17,0.30617056545064525,0.9667667845781487,0.13380956082376375,0.14893823692299543,0.20003459486157887
2022-02-18,0.3480552224797863,0.4368734055288207,0.6094828751605676,0.33245395140656714,0.001909308233947025
2022-02-22,0.7941356411152083,0.672936172401148,0.956636341807623,0.7511063161101401,0.7637552352084017
2022-02-23,0.6167764274767171,0.5645176581156284,0.4853090372065042,0.4244532404111902,0.24555218874846807
2022-02-24,0.134965240934116,0.8458837318226156,0.881966534896186,0.6501285489736861,0.09824714475554809
2022-02-25,0.4719921718977015,0.017024861331967796,0.23940856922937234,0.2086449884861942,0.018303295803808944
2022-02-28,0.032599749811618325,0.7702175156073755,0.939263368545809,0.9826984244042778,0.9097780215368519
2022-03-01,0.41840766382165967,0.9850782021226415,0.9649593408142415,0.9972983597673847,0.023569648681218386
2022-03-02,0.5644354385893668,0.11941735726027006,0.995256449909269,0.9819425600751084,0.005055956565946291
2022-03-03,0.7755299721296858,0.7583787794743284,0.19053644167311642,0.18687125398704194,0.8916955870649268
2022-03-04,0.900082201469666,0.9409513337992683,0.9830422974828309,0.9786320738954949,0.5052084562447248
2022-03-08,0.6189384076111655,0.9957163297191998,0.9865703447825609,0.9632210023184301,0.4119517440638194
2022-03-09,0.7232535767098416,0.03380006941069136,0.0025727400359251505,0.003588811452451107,0.5685865879371401
2022-03-10,0.6571474231746752,0.6580279479362456,0.34502485715481845,0.2997278853525699,0.23012737382353957
2022-03-11,0.0739956857651141,0.24723820801861615,0.7351699316189142,0.7300454029832224,0.4639600454120969
2022-03-14,0.40571407371418183,0.15068020288925324,0.12458969764125753,0.10643871896004804,0.3211793440974275
2022-03-15,0.010898834629844182,0.08815519426883557,0.07503572108442265,0.08823631429999476,0.27380667987412005
2022-03-16,0.593522966512134,0.1597411856857532,0.32094014090460987,0.3687406917770688,0.7171766333330898
2022-03-17,0.7749368796866187,0.9163711065178585,0.953408137048941,0.9442959430008618,0.5121237078949712
2022-03-18,0.7713179286411267,0.26310210379819926,0.6056544466886264,0.6374444233300001,0.0003643813317737466
2022-03-21,0.3331604540222667,0.4805856975923385,0.9256197910500568,0.9241526881206189,0.5270879093269886
2022-03-22,0.9251286732974664,0.3331648121347721,0.4860615040887454,0.46701061907089203,0.5004292123768468
2022-03-23,0.8332739362695921,0.7604131613652785,0.8781901678748427,0.7422848194369341,0.5007818803698307
2022-03-24,0.13210964813661222,0.8697306161014866,0.2948087180529108,0.2759143782853517,0.5016020020173513
2022-03-25,0.3025851444802567,0.3449123142761309,0.6252767560914843,0.6340368977998703,0.5029793257279993
2022-03-28,0.8158397019229522,0.22443691663798698,0.04657157608002597,0.03517198652457294,0.48609175674357674
2022-03-29,0.7903684226778882,0.08809340419436976,0.2886662167133813,0.32720396915869715,0.5255203799906918
2022-03-30,0.5932198389123915,0.8363642707579976,0.7640755806753752,0.8036028981842218,0.5014278798675766
2022-03-31,0.47480115415253393,0.7786446418733266,0.097590192924321,0.03773230810509811,0.531561106170126
2022-04-01,0.11336815192252439,0.07647696060556973,0.18023293527202688,0.387224472719731,0.5302640714521738
2022-04-04,0.18155544059807527,0.6683819617621729,0.779086487845879,0.8379581927227447,0.5034149576250759
2022-04-05,0.23633216924697692,0.3514021701911553,0.3965818183952309,0.3568622902907993,0.5447693923434316
2022-04-06,0.6369114096098667,0.3755763507909249,0.06814281950704232,0.06196540876237121,0.567737562211851
2022-04-07,0.722148094706099,0.7825139053420371,0.424302513544413,0.463693394408633,0.41809406774444735
2022-04-08,0.859226392072198,0.6573493391486688,0.7339323537669662,0.7354930741577574,0.575369044436796
2022-04-11,0.4401623688815792,0.5429216857858428,0.09882490716614142,0.11476210041151018,0.3604344466765622
2022-04-12,0.19529547077343734,0.9186460043812065,0.9483519000313396,0.9543127082654675,0.6180704260320504
2022-04-13,0.4881125892484498,0.684000410354166,0.8647601864994646,0.8339948734353831,0.5008481192311494
2022-04-14,0.4843045941164909,0.26946930903578487,0.7818977616636291,0.7646242104330776,0.6489889787531185
2022-04-19,0.06980371940860713,0.17713926102582692,0.10969598219288859,0.10866079309828974,0.5085246395260665
2022-04-20,0.6073705438966484,0.3850734183292121,0.4280282926481777,0.5083783793442738,0.6416827688883939
2022-04-21,0.5261341093483354,0.30174269309236534,0.6690072001630636,0.616762354374005,0.5091528220192634
2022-04-22,0.170576842603367,0.18093703706992137,0.2837184449486372,0.27691292710003373,0.44940333039608416
2022-04-25,0.030642203457812964,0.023888840966864403,0.08006187472249943,0.11207082891752827,0.6512715615857335
2022-04-26,0.9954949886706135,0.6520335972600275,0.796919386496509,0.8471642781403106,0.42796343856806723
2022-04-27,0.6107163784067438,0.15793348794207882,0.534784416754065,0.5356755087345682,0.6506536047827665
2022-04-28,0.7350927423277476,0.5359115969317768,0.7763945829840195,0.8715137216666062,0.5826325918539189
2022-04-29,0.4459403840114089,0.8871389305884059,0.7257310794799954,0.39318723688553336,0.28913348348809986
2022-05-04,0.4020172481985344,0.016891219838136507,0.6048127071004655,0.8648302474236729,0.402307517071013
2022-05-05,0.05816673687229891,0.6230840943584416,0.601288211985658,0.5574596008441304,0.6599803481178577
2022-05-06,0.3151873124351926,0.661785742706883,0.7107844958999489,0.7126893899936739,0.6008620977371806
2022-05-09,0.3249734755744093,0.0707440635313105,0.014835126825064774,0.011063599358098763,0.5808271244904535
2022-05-10,0.3873398659041164,0.11835009299722282,0.10266835066036514,0.12531508460076551,0.2922523451348595
2022-05-11,0.8534381990968092,0.7736517072540192,0.9427834621169521,0.9601197567486611,0.3133209283278286
2022-05-12,0.0834895301762197,0.0436083614840437,0.48410563453044336,0.5462176341533505,0.6874375147918588
2022-05-13,0.7043480762942054,0.12058442223697423,0.9042619421389989,0.902365104063119,0.06265123015658834
2022-05-16,0.697188983597658,0.6294417570016955,0.8084726417656725,0.8616307440622888,0.04554805512754988
2022-05-17,0.5644908199787451,0.6100027294719992,0.20526139114909678,0.2791680043587089,0.0734446595349027
2022-05-18,0.131844718167498,0.4083605454209664,0.1488288608310986,0.17148429755676756,0.14971786892982264
2022-05-19,0.35560952234902415,0.9397519937091295,0.8391903378746108,0.7973009619884724,0.8174590942373644
2022-05-20,0.21818183937874822,0.508327555273251,0.5636858920379673,0.6278442843983887,0.17560377379725683
2022-05-23,0.7143408377431819,0.6397721554469966,0.6166209501432156,0.14232683729768514,0.5252544517996454
2022-05-24,0.37434990576638194,0.8662183065751429,0.5051709022105099,0.40582434281169205,0.21946826368111602
2022-05-25,0.16798727541122674,0.10298785607155791,0.5600637148304835,0.5722856082991091,0.27160883790957147
2022-05-26,0.9275129533820375,0.4908517452924371,0.9045737725044456,0.9165717191273131,0.6088646696507036
2022-05-27,0.45621676841653824,0.5857419335515608,0.7885739421465146,0.6389864792916405,0.06187291990570819
2022-05-31,0.8076280997594225,0.24277024549327011,0.9019083188643191,0.4193647932817126,0.2556541735700044
2022-06-01,0.7572653163275284,0.48051772231644707,0.014723204569632622,0.5835217866537084,0.7609108114543263
2022-06-02,0.14271351552513178,0.9335138235293297,0.6578243569796473,0.7483052161233814,0.314876903555352
2022-06-03,0.3198921509415591,0.07895123808340829,0.7670449231901294,0.8019106359364907,0.3827733145032048
2022-06-06,0.6887396954075768,0.28321650807003185,0.4525193107716471,0.41551816358961163,0.641379420784257
2022-06-07,0.3405575583893112,0.7041347758019052,0.6448710913175295,0.6505584622336065,0.26517520078348455
2022-06-08,0.3012799708370109,0.6097515912368736,0.8674944978733001,0.8867362452399135,0.024236996488742005
2022-06-09,0.18668343780274183,0.3777738328384009,0.40238191700625936,0.3697818169938254,0.04789493371241865
2022-06-10,0.1062956705708308,0.9323676108379921,0.30599777235768855,0.316902591466366,0.0020672567965925336
2022-06-13,0.07198173347323136,0.009778067193728361,0.5216422346073666,0.5309933635144075,0.7554171455162673
2022-06-14,0.39401051496784273,0.08758762207651219,0.2862858084192741,0.1378609193604051,0.47893488304765724
2022-06-15,0.5582551741046298,0.6248858563210024,0.10390937499324578,0.03813483253281507,0.44312646624233515
2022-06-16,0.4449918289865122,0.9638348056707672,0.7069344462762812,0.839987952295371,0.5539721788548155
2022-06-17,0.946681885760792,0.246711081250273,0.007146467639301998,0.0025362480687799098,0.5084194369265
2022-06-21,0.7841345235496292,0.43685907008016356,0.6998597672267021,0.6230465739277818,0.22505687813855393
2022-06-22,0.2905381222790092,0.46229101667602596,0.12229766828503423,0.06888340740403678,0.15297146832290698
2022-06-23,0.26281299860903357,0.24708504933766492,0.2263429761591028,0.24274788059044608,0.7591493035570902
2022-06-24,0.5102083538362607,0.4873409045655929,0.8792039087160268,0.8652028410464375,0.1334071601445752
2022-06-27,0.2549489745479729,0.3107489216958809,0.7793928974283082,0.7438279876329649,0.16140585930798654
2022-06-28,0.38595696829656484,0.3628335091235859,0.8663837449310918,0.7729623753868576,0.4511438639781993
2022-06-29,0.12476076507182216,0.3503816651887852,0.22729756207458016,0.22389767005719777,0.3446658138397518
2022-06-30,0.1942482886625745,0.20275659913749214,0.24655626207926631,0.0678727867891726,0.04247687763837874
2022-07-01,0.18967357472605254,0.3003227111199855,0.08309975079725762,0.8224855829077249,0.28979237858106993
2022-07-05,0.4994739036844183,0.010996546591305126,0.0030979045387329552,0.004474849084653538,0.02316780057477227
2022-07-06,0.8975232125906749,0.02979258755209461,0.22496592566953078,0.37230314496945055,0.009635879011738952
2022-07-07,0.4502287240018771,0.542929215646826,0.8909576769099217,0.8815733209868171,0.2855217147410923
2022-07-08,0.11557849893184906,0.5602782789333898,0.7760870598042597,0.7229698508603462,0.05585072508669831
2022-07-12,0.8707570227702794,0.08603131004227023,0.016823355055764978,0.010375541543841422,0.08237390086609718
2022-07-13,0.0539081416433721,0.7812253972657247,0.48693263079940746,0.5335429197547299,0.3952261294832128
2022-07-14,0.04254760407345271,0.02266714347754798,0.4244964563746423,0.43254037234002807,0.0268179022081589
2022-07-15,0.9980170925357934,0.37442480189734134,0.7464458590921441,0.6951044333776193,0.027397878869313632
2022-07-18,0.5556834784232256,0.6882323885169043,0.9384532414095306,0.917348913659412,0.8917830683481677
2022-07-19,0.6691786797915062,0.5020128622778726,0.6316246450066612,0.6754646520040342,0.07019526848890649
2022-07-20,0.6963105392154203,0.17014475814673224,0.4277288368663536,0.2667184688170299,0.05660784478385758
2022-07-21,0.05292318026252714,0.8428475850774038,0.1364702198944829,0.03888138274124116,0.6079665785901779
2022-07-22,0.4174736365613736,0.8696888065140849,0.38217459348889254,0.29161493088747886,0.023775043112742412
2022-07-25,0.9681798451530831,0.2343486529241399,0.7581267264624025,0.7308797597627644,0.12553492537363678
2022-07-26,0.7068429648400509,0.41468610265623634,0.3684655960806423,0.2720326683868755,0.8696386160698277
2022-07-27,0.1272402327587507,0.5154564361850787,0.8018210208791584,0.7774043222911552,0.02924488389791826
2022-07-28,0.16340040199923947,0.9807266091753294,0.573015699440132,0.3688748687254055,0.08762100739780046
2022-07-29,0.553113657189118,0.824008867139034,0.8709830285930744,0.7871836811962143,0.024230696875162598
2022-08-01,0.6505701290734915,0.6639155489740545,0.0022466049595778297,0.0429031749915765,0.8855448606325382
2022-08-02,0.49435038253118563,0.5410830425533992,0.5374884469803818,0.5620967404212271,0.06921981581282644
2022-08-03,0.06337205167422223,0.14551478774452403,0.1150391321698981,0.07705986247379976,0.7588243527269837
2022-08-05,0.736199909081173,0.8501587803295928,0.250804765113994,0.24699418383346883,0.00032010053892440556
2022-08-08,0.8127753765538531,0.8428868625697908,0.7139077507278183,0.7490713754148222,0.5233727715488616
2022-08-09,0.7152451802933162,0.6970696321573093,0.43819686957925547,0.44453848117799116,0.4935430980691668
2022-08-10,0.8093043471354009,0.5263051700415756,0.6477492134629834,0.7246452490304764,0.4949635040149065
2022-08-11,0.5973412218988847,0.29159690416040845,0.7921699956025212,0.8479284811927861,0.5073658550023469
2022-08-12,0.06996631786683935,0.7356903660163683,0.2693119692075719,0.1506201853991694,0.3424495827613495
2022-08-15,0.5784464357286929,0.08923652068100822,0.10310745487800244,0.10643663483954964,0.5058564122113092
2022-08-16,0.21895158316462882,0.2156387616987108,0.11831509660527091,0.09182621514534288,0.34034080026607566
2022-08-17,0.9512610352415312,0.13001944070921018,0.6968985853559334,0.7522934725959922,0.14736934585003078
2022-08-18,0.49880001396528556,0.2936494755017924,0.8833506719922841,0.8545605996998038,0.7857672600268489
2022-08-19,0.1412350303036469,0.22423519406636513,0.5111055525061751,0.539489154534176,0.011168372576037124
2022-08-22,0.341627709966362,0.11050595163838506,0.437093020876192,0.37818683559419186,0.11818635646659224
2022-08-23,0.09647484638506833,0.8387625307735311,0.9379202139012357,0.944811002570927,0.8674349830903088
2022-08-24,0.9890792264032876,0.5145265782572765,0.6635522996804774,0.7002047530285975,0.06726320560150517
2022-08-25,0.6296843505254558,0.7860327467815142,0.18402901567361615,0.11973953390246977,0.8105619528490835
2022-08-26,0.4449228272352876,0.044036507911936446,0.7637935681286734,0.5884874144189087,0.48560834499461714
2022-08-29,0.6337647399992772,0.4624771930712085,0.9525650431398848,0.9603355427235885,0.4647347708872487
2022-08-30,0.4138977577326296,0.11094860265237821,0.01743949682939076,0.015699940051614694,0.46479114124491316
2022-08-31,0.5376881337355108,0.1501886500276,0.12733558618531335,0.18946672402034623,0.16003093633272866
2022-09-01,0.12198565135192424,0.07187816150235504,0.057667530543091775,0.10968069870252663,0.720296399883586
2022-09-02,0.8808791437720035,0.8551943288840123,0.5835144587345236,0.5282161567357399,0.39803113313827704
2022-09-06,0.11311488609012524,0.18461916638077894,0.4525329712109065,0.4883847344423327,0.043443099458520235
2022-09-07,0.03602371126478958,0.8845793313357291,0.030681009000748095,0.01977182087144904,0.3306913270920192
2022-09-08,0.27577129311277715,0.23941907648046892,0.6626309028156052,0.732455352631694,0.760107676430012
2022-09-09,0.9589987126459887,0.7427201157648848,0.9183598618861395,0.8989870305467997,0.030902739436689693
2022-09-12,0.7226365656841678,0.8404383170810187,0.6739151497877675,0.651778509441434,0.6978943913540034
2022-09-13,0.17718229678098305,0.035265986540216725,0.348042478939093,0.4061858477279489,0.05382689953987546
2022-09-14,0.4591754220423485,0.18577785461096374,0.6435131855638018,0.691702112474718,0.7590258283291522
2022-09-15,0.9341327242364726,0.013167270345084593,0.07670242393531529,0.06254360316606197,0.06402909726806066
2022-09-16,0.1010732698007461,0.6605788430956041,0.5701483382878426,0.4837411302013796,0.15066167951645393
2022-09-19,0.5815666597401361,0.2845297554651767,0.6069668124849712,0.6060176216521345,1.2247116070231376e-05
2022-09-20,0.34695251961455137,0.24320118979628064,0.23284551749721133,0.24442756459559992,0.5033944662150636
2022-09-22,0.18532580558792675,0.8197822104413848,0.4433307475382645,0.28719345889818787,0.4900571038122254
2022-09-23,0.03656012964513948,0.025206038552440472,0.022739117791528714,0.01218036786536008,0.46029753623893327
2022-09-26,0.4516188366312861,0.03491298997356129,0.14241613233563366,0.16222811109057655,0.5687461311290649
2022-09-27,0.8597807761960619,0.5715496716293968,0.8455362991936503,0.7910025207481182,0.49740942755032724
2022-09-28,0.4388367610053766,0.9872663053197429,0.9136317028001141,0.9421793334850022,0.487187970902904
2022-09-29,0.8680389880244821,0.44093089324464135,0.33237162329990233,0.3287635748324471,0.44765223802460363
2022-09-30,0.7416930613875637,0.5941068934476895,0.3726746220626274,0.19249280782770603,0.14243227545366255
2022-10-03,0.3132956806769069,0.972204391771183,0.6659677557850937,0.9604459664475535,0.4891114728345747
2022-10-04,0.7168123445187833,0.9554921973199241,0.920894408690531,0.8838344757933869,0.45080200866385123
2022-10-05,0.7845104806091163,0.2575318800491211,0.7789943623773712,0.6963920282269341,0.6733323657397599
2022-10-06,0.29309602054522926,0.47534931631590194,0.6953308714891975,0.6112551677931242,0.5072813716626097
2022-10-07,0.7184767486955237,0.20453343278172342,0.9456813794297675,0.9552143282143243,0.33330194498805593
2022-10-10,0.15054197385180343,0.024962273014044724,0.18874926045268375,0.25185536971538414,0.07020310565711348
2022-10-11,0.3714501306262833,0.7493024154570693,0.1550886345596799,0.2019356490546479,0.0015350135283558688
2022-10-12,0.2035569456725217,0.2614763794542771,0.1562764508133076,0.1592396335319568,0.25054406328854817
2022-10-13,0.9524171470956347,0.45754019128621337,0.8494332670078713,0.7940388245498015,0.0005065669928298555
2022-10-14,0.3937899165334158,0.03506473059864025,0.06877547527857397,0.054553725406112114,0.5707864784062113
2022-10-17,0.15648512637143144,0.8353933330065664,0.4705527802867337,0.4533190729962322,0.423538313324274
2022-10-18,0.1662519691715691,0.2658722608280419,0.17998574318349753,0.09945480931347656,0.5814340881869362
2022-10-19,0.5228584530681137,0.06466270696464255,0.8852454026322832,0.8885553510569889,0.03768799641612183
2022-10-20,0.7001667665110118,0.5568003666733817,0.4776144248070897,0.5719236216700034,0.005218475047066732
2022-10-21,0.2526236323586864,0.9138448124553249,0.7222589136557735,0.3054599063368741,0.9286387929691251
2022-10-24,0.8004976542702479,0.42029383267092885,0.4224323356567558,0.3836688684935703,0.4620804661836266
2022-10-25,0.11916798539060389,0.5963499094020236,0.5401136235070636,0.6452843438451988,0.026097923310638798
2022-10-26,0.2909861622264756,0.7859340307145131,0.8916112186945271,0.9118073579921521,0.893829078777362
2022-10-27,0.8405720066726421,0.37928791436562936,0.7674866506545431,0.7295350996061842,0.4968332805533335
2022-10-28,0.3440625015715345,0.06095884349358158,0.2132837824225044,0.23902442790710265,0.5055747249901054
2022-10-31,0.8195859254199482,0.33781340427761336,0.2485595396668852,0.1977735307906266,0.5075440509012856
2022-11-01,0.6293137851495902,0.7449119085173665,0.42235049223681703,0.8460604674251287,0.5037211259133839
2022-11-02,0.8010103921626726,0.5018796921796058,0.8263329996610066,0.8185855040275082,0.47129482751474217
2022-11-03,0.399444140010487,0.0732200257287346,0.14766294270724428,0.13467636839933658,0.5826271966558082
2022-11-04,0.9469509087509382,0.9933251091626804,0.9803328565816307,0.9828309374644175,0.511467180542795
2022-11-07,0.9578877108376304,0.6140347262200703,0.336972250094591,0.3302431428925,0.0716833628220355
2022-11-08,0.7681697692712379,0.9696176489629686,0.06808318494046049,0.07158929429656799,0.04201207227324272
2022-11-09,0.4299401820709286,0.45258300680090124,0.06273529593754791,0.06504841430387293,0.13034852082797352
2022-11-10,0.7373665258782245,0.9722427555265641,0.6968747844715502,0.6066592542652154,0.08255044179409296
2022-11-11,0.15538621869539412,0.7997804773876394,0.8899195842182844,0.8802457709908426,0.8524877351157494
2022-11-14,0.2618671508442376,0.6510074097843246,0.06331884540353051,0.0684864327321398,0.28235198732869765
2022-11-15,0.5195163546701809,0.48752028585217877,0.6307243649055464,0.6796001378493726,0.646189201885514
2022-11-16,0.5167117001175857,0.45958905268763484,0.26389691273932253,0.23892610465795674,0.04506440385666679
2022-11-17,0.029054174888288584,0.22489645611579773,0.045254805470113686,0.029211399216188455,0.30504056872499596
2022-11-18,0.32134116085707765,0.27213808957130214,0.10758127468362931,0.2134545787399053,0.7697015557914377
2022-11-21,0.23032863579334098,0.17605414174500358,0.433775472891905,0.41312194979961026,0.5245260487944263
2022-11-22,0.4179982761228719,0.488870874348913,0.6887279873514646,0.7278534981276644,0.5278588885918946
2022-11-23,0.6661536339742128,0.6432613101311659,0.04785110445896717,0.05912240367731431,0.4779329705908874
2022-11-25,0.8604457540300374,0.6905884699696363,0.1388180227290254,0.18114183486249338,0.5973087604802267
2022-11-28,0.49027316826560313,0.18596353981362632,0.3690226655855813,0.6845379133529494,0.5492054749983375
2022-11-29,0.4252256933932053,0.6819014465667469,0.43581148996997543,0.6938468488345502,0.5458100959813638
2022-11-30,0.687836753286904,0.41424217546000747,0.9163953552669457,0.8940498299417676,0.5592360449818279
2022-12-01,0.7154848160581946,0.9936161735833324,0.8019251876431188,0.6367867629464379,0.6248883230777267
2022-12-05,0.11718972435159764,0.05846568632329537,0.015306137716755616,0.015323197925636012,0.6015186185625906
2022-12-06,0.5482806022265435,0.5006526557009626,0.04522630021219821,0.09170070213738973,0.9971374234469619
2022-12-07,0.5430125112755715,0.7975986568221499,0.12104927267611502,0.12826345168800868,0.9153459449229181
2022-12-08,0.9168709980623759,0.560448937802954,0.27008534190648625,0.3720625436217471,0.2484622827693555
2022-12-09,0.12690616382027597,0.6870282528088493,0.46755588034791423,0.38984338230739946,0.9900025735595704
2022-12-12,0.46364559245957004,0.15433650778979244,0.8480916002596594,0.8727575397397507,0.9716844165377903
2022-12-13,0.8626495082663537,0.9472505053624515,0.9193169764878996,0.8770626035383473,0.9115802173678548
2022-12-14,0.28783913038012776,0.3590003487063411,0.8526223211062409,0.8365499414733881,0.9453997229489564
2022-12-15,0.8838475262931283,0.05871020407845798,0.1968191329360872,0.24888035336906433,0.970533968300843
2022-12-16,0.10791760027168051,0.7351399221694979,0.1069301302139048,0.1419272542766423,0.1319197937383919
2022-12-19,0.7503818256386708,0.4315615533798757,0.6492944936912829,0.6860785340860431,0.5004015694201993
2022-12-20,0.4677824465083155,0.9241090131817962,0.528204064293825,0.6956035546727359,0.48591069194833003
2022-12-21,0.8066427447263361,0.4951728755982788,0.8923703170286609,0.895897595299694,0.4652832908621893
2022-12-22,0.9729752934130764,0.06294036727274518,0.21872140746581606,0.30046378567875914,0.0023381566591519688
2022-12-23,0.7024076975366755,0.6637978138507223,0.941994024770969,0.8846504333969828,0.8004104067291533
2022-12-28,0.4051213070284285,0.7469448529345787,0.3355786962380787,0.34060375760253014,0.49697864570709344
2022-12-29,0.11795110777175245,0.7423383985456908,0.25051000016913866,0.33849694078348075,0.4152123995947313
2022-12-30,0.7201444865897075,0.48845502823608794,0.9689457910642958,0.8757414518219422,0.003158999155107002
2023-01-03,0.20479262895910166,0.8652561882233819,0.031135629989950484,0.024693995063830975,0.8183720166918466
2023-01-04,0.7970181408997193,0.7739343337058606,0.025609298627944563,0.017854161314417243,0.4108293924175783
2023-01-05,0.6345179836372289,0.1404318479203084,0.6384943780358334,0.6474124590399599,0.5366523828912059
2023-01-06,0.3482133398689122,0.9350868515711473,0.46054390572442944,0.5089476915694464,0.001083311652659314
2023-01-10,0.4723467579912993,0.6641402741363688,0.7743349659788119,0.7619888769962195,0.6803059404577342
2023-01-11,0.7847234321310461,0.5525470549854805,0.8932192981170055,0.885805141718644,0.4575334729638416
2023-01-12,0.5598733361191134,0.8712891335760287,0.7485983455842372,0.6975108020500643,0.4663669934340745
2023-01-13,0.6087283723893059,0.8901566521031272,0.7323303010283346,0.7868355786146469,0.00038240363901546654
2023-01-17,0.36478977929536016,0.2529254653694069,0.6216656916104366,0.5612323434861262,0.5413210725322597
2023-01-18,0.2518527456607156,0.4019103770392785,0.281162806542318,0.31755674128064937,0.4986615329073999
2023-01-19,0.07123715445849946,0.8317211670836134,0.7358447245993525,0.6905641769546911,0.5031027722947585
2023-01-20,0.4757442595629704,0.5899129132523646,0.7927055095399053,0.7260992034092617,0.5005472871079897
2023-01-23,0.8676497845230843,0.4943428816733308,0.61666848418916,0.5667134795972112,0.33516574495079615
2023-01-24,0.2262156297613099,0.6417457411773528,0.1021698504709861,0.1427984454660854,0.5965049278856922
2023-01-25,0.5707728383947345,0.6591191645069269,0.46892505743682167,0.48288323861059895,0.5273103313955598
2023-01-26,0.8554013447847694,0.20738366567586625,0.7895764653384608,0.7184772567668434,0.0035641400940903964
2023-01-27,0.451997091398365,0.4501297818488274,0.2788130086174803,0.1533523884237255,0.10664786421668497
2023-01-30,0.29411393402357244,0.32402710214577307,0.11340187194838912,0.09209746321555866,0.8957951755701139
2023-01-31,0.16739097747416673,0.6454979783037991,0.3595707579453366,0.7404625574574879,0.502429405201489
2023-02-01,0.6231169153373032,0.42803046829714053,0.11794219550380351,0.04450682916350441,0.5038335434833594
2023-02-02,0.36602181891164143,0.19191141195275124,0.28861590909383683,0.3354406192565386,0.5087809607984086
2023-02-03,0.3079109795437076,0.0047978768033510935,0.059595813005661594,0.047092119270331655,0.5084792997142363
2023-02-06,0.5874010119615617,0.5235289798844485,0.7473909619748652,0.665649315775592,0.5200428562483883
2023-02-07,0.5323194169309755,0.6260531846585158,0.9501795007765359,0.9621000280218251,0.509729800602168
2023-02-08,0.45228931058063704,0.6347211646078844,0.807369055573947,0.7814073127861272,0.5310208950881287
2023-02-09,0.4661954024749968,0.1992592384476298,0.3271570830231093,0.38310621512810794,0.5214630759910793
2023-02-10,0.296992127154624,0.36362529595058796,0.8787713874183998,0.8424395540982652,0.36872165571578375
2023-02-13,0.9582370765655615,0.19141635980031554,0.5415733544373674,0.5942071742281831,0.5120878613894457
2023-02-14,0.4719935049583053,0.5246295116790385,0.21739395283027335,0.2191942696815631,0.21711301067809993
2023-02-15,0.9757075768540728,0.07457695263877025,0.4124283734979986,0.34982093086449456,0.637683903237656
2023-02-16,0.568510495953778,0.6883394114261574,0.3999925001230871,0.449471700277275,0.6010630545494233
2023-02-17,0.7306716420907675,0.4240155886519386,0.05815985552102389,0.05935962063181178,0.1687679556297949
2023-02-21,0.5988077017623272,0.24997188494319003,0.4818465880611062,0.4247123338990998,2.7227595951093963e-05
2023-02-22,0.5529061454796629,0.4273158442528044,0.042181798978992636,0.057450565795255086,0.5007771752038597
2023-02-23,0.37007828068011717,0.11961228355625464,0.8506049640099468,0.8242090525936371,0.4998316177547168
2023-02-24,0.2321191024264862,0.19161093682427072,0.7354322488639573,0.7298410520218604,0.5003718987019994
2023-02-27,0.5844635923100898,0.7246142946358536,0.2817377959353687,0.30555427221344245,0.5001296868221834
2023-02-28,0.8349277003998951,0.8231438772251968,0.8360122233646146,0.8272795082447659,0.49947148366758287
2023-03-01,0.927738476744312,0.7539613179604242,0.6045741346738485,0.6683620039115872,0.49816565668643764
2023-03-02,0.11027140335813544,0.3342583659440512,0.6101142778425819,0.6232589305099309,0.5046174796540037
2023-03-03,0.17466617667234163,0.8593886830684052,0.7817553583503898,0.8636796652264416,0.5064481356548178
2023-03-07,0.43461017454896445,0.014039231480576281,0.035493781510754066,0.06127807019069272,0.5029158853996094
2023-03-08,0.18864318679860426,0.39676803678497324,0.2903378807667378,0.23335903179905704,0.5085077179913913
2023-03-09,0.5220214067697063,0.8888172269637444,0.19098978507060801,0.224748851050448,0.4896112624518448
2023-03-10,0.17480677817316398,0.979086277861075,0.797134000100933,0.7501706371691006,0.4922432794683758
2023-03-13,0.03385016874134022,0.9920388574302536,0.06839022770216453,0.07746967626770347,0.5729321935491508
2023-03-14,0.6767579322236688,0.3835039353587004,0.01775866991740502,0.013458405392725364,0.49467684502842196
2023-03-15,0.08795257093244302,0.8539375728828631,0.017967424086170847,0.020334171824896424,0.48027534397255367
2023-03-16,0.9770661729797052,0.32109429754677676,0.7004473159212135,0.6409342198469754,0.5139809032692341
2023-03-17,0.9768377128028787,0.9841628565434328,0.14504536964996692,0.17313505988682265,0.5483636305012181
2023-03-20,0.876744036614184,0.685280138886241,0.6746328304872364,0.6885473068067083,0.5580683850414299
2023-03-21,0.782350239485473,0.03821436534278036,0.8176447226886217,0.8336343616493458,0.5289192068624489
2023-03-22,0.9123018094254196,0.6329633550177738,0.7938006888027023,0.8170035587546036,0.4338791728786562
2023-03-23,0.4160599688334844,0.9711809452036811,0.29068704739086887,0.2698164288723237,0.6505235004843333
2023-03-24,0.6448818493115511,0.2982563527486664,0.24753459648079748,0.30837922962648723,0.49287984015229197
2023-03-27,0.6621329868417477,0.08940811916858789,0.9632203889852413,0.9755925181301126,0.595027890751378
2023-03-28,0.469941304246903,0.8021266887074756,0.6208533889734686,0.5820181781150211,0.6010873290568124
2023-03-29,0.2752620623379423,0.369621696808374,0.3837475898158437,0.4283086848028815,0.5568424401763483
2023-03-30,0.8225453808946275,0.7371150451444592,0.7300353705016431,0.7996994148457036,0.573041523545739
2023-03-31,0.6435167848173013,0.2753846083243668,0.6185599011993324,0.7862605420730359,0.574646006548459
2023-04-03,0.050742286371953514,0.7524448937077064,0.9939195844801586,0.9908286128438307,0.917273461286235
2023-04-04,0.8741932103691898,0.949783433988693,0.4957871575317314,0.5523880803713996,0.9996692263623074
2023-04-05,0.36486365600334425,0.4740200801196089,0.49128644912424035,0.4632396700124701,0.4997196408676449
2023-04-06,0.6487706073797818,0.3094021981669946,0.5100320287174722,0.5043941205472682,0.49945378936525736
2023-04-11,0.9398660481767199,0.33471944745468446,0.5986853614039924,0.6760163008921241,0.5001065091033244
2023-04-12,0.20223887402491153,0.5991726425799796,0.8400638822246314,0.839784025681233,0.49838354871181817
2023-04-13,0.872893020722632,0.9169543078405964,0.2063554483501249,0.23747169631354764,0.49175370192912987
2023-04-14,0.3058130109387031,0.04542943154331611,0.5308003676804218,0.5719134878639184,0.49655805377654283
2023-04-17,0.6711960891280596,0.3023077378596751,0.14212738042221817,0.12824837916917473,0.4947683341550928
2023-04-18,0.8825902269015842,0.7309709856685511,0.4734824657456461,0.4860115417050197,0.4997558994784028
2023-04-19,0.711894706655327,0.24972687119305656,0.11825822356564229,0.11742638351017196,0.5018170621528607
2023-04-20,0.5590204144250036,0.7221118413006979,0.0795185383001285,0.09900880283063293,0.47475233050801385
2023-04-21,0.9647847990996149,0.07803196116734692,0.6263354601059924,0.6337019632996883,0.5440595030642797
2023-04-25,0.2826464075965786,0.7554625905127618,0.24137985251712962,0.2708079060069332,0.19820978902952058
2023-04-26,0.7241957305930109,0.3075711607090295,0.0237222129797237,0.03262637074025113,0.4336306892664245
2023-04-27,0.25406059773441786,0.5666672870080314,0.6496318205188643,0.5987012699440559,0.6756728915362145
2023-04-28,0.7039742879723138,0.4819047259657828,0.7731062004219638,0.8954202178528656,0.527547890403476
2023-05-02,0.1406270172230857,0.8963574217839958,0.010135524219369049,0.004417495157776994,0.5108462098090627
2023-05-03,0.008934712238001215,0.7826206809006339,0.04998965691323099,0.0701854735365762,0.545312579845868
2023-05-04,0.8081651208169892,0.846839473534837,0.5144614483968901,0.4761684324874824,0.46276384985648245
2023-05-05,0.8891720410367838,0.05963142608057658,0.927356500766712,0.9042481741623661,0.5653033437517051
2023-05-08,0.9234669497849117,0.656996789505535,0.817408603081148,0.805016626021033,0.08789607453225445
2023-05-09,0.8414171712450997,0.7011588783717444,0.5837413159160065,0.5997801496295595,0.7527194000844998
2023-05-10,0.7284184183789265,0.3483295859924224,0.2567614736402998,0.26044942251053016,0.061238722006544094
2023-05-11,0.33168645919644,0.16069020654697566,0.17854040761713333,0.16704356678884658,0.18250513391480774
2023-05-12,0.34909149505947745,0.4568943574897015,0.2813292361673709,0.30036013564975106,0.8030929022534852
2023-05-15,0.07794777215125304,0.561141033382252,0.73943548948269,0.7267887571527402,0.6293356927249251
2023-05-16,0.0023972957413767103,0.04622815999677883,0.39482552396954806,0.423632999329383,0.8748726467659182
2023-05-17,0.542458587907749,0.2683330130148537,0.9007066903875169,0.8814748313194926,0.979292676053258
2023-05-18,0.4072871660435148,0.06709298387707227,0.2156489496180683,0.25579656437621173,0.9936000351120438
2023-05-19,0.9344879616540002,0.8955959883859579,0.39454274498315517,0.39829379389762143,0.4351212210924847
2023-05-22,0.16554350161218195,0.38717035620930185,0.5973013888331774,0.6053381103658105,0.5935858168044454
2023-05-23,0.42969390690334247,0.4049555563780568,0.722971901043581,0.7344319277447144,0.5023707695220482
2023-05-24,0.43375387303366114,0.23635482016581646,0.8587525059458543,0.8391296544858617,0.4269925785400453
2023-05-25,0.5466491412972305,0.0917660366086826,0.06465511484940649,0.04230679361991198,0.4292587438148634
2023-05-26,0.2692247152530183,0.4832235987796086,0.6701505982625384,0.6984348514050278,0.000861805879706332
2023-05-30,0.6116756330555184,0.8129234120770095,0.01602762234125783,0.02273523302812977,0.6328409289020056
2023-05-31,0.5009895921507059,0.6455124303539552,0.2531285661858583,0.18604570125042477,0.4997341006007861
2023-06-01,0.4929186154561632,0.8196620012983112,0.8457768458681376,0.8798490883166319,0.5022588914608258
2023-06-02,0.6475723898503114,0.05228016142042294,0.8763625450334719,0.8320257146894234,0.4988967603393404
2023-06-05,0.7419768115330663,0.6099449478966665,0.6386507952779235,0.5896708733093289,0.48038955099688085
2023-06-06,0.37912638824558564,0.6846715921451428,0.36341475907940246,0.37756348179167004,0.3643494088778748
2023-06-07,0.8960447091445325,0.06247835030525273,0.6634887594189257,0.6911018335783086,0.5989123175265929
2023-06-08,0.8334393753377298,0.9029126649257484,0.21459331693841596,0.1812198160527841,0.5215153123567982
2023-06-09,0.7390086599234001,0.4452978417678769,0.17045074063398014,0.19547307451354642,0.5061056411752557
2023-06-12,0.1547590707528909,0.28008833907086145,0.023060765365145005,0.022014824636901336,0.516932948684566
2023-06-13,0.8573908872169504,0.19328517408454174,0.9303760836778702,0.9097578878811073,0.30731639007364653
2023-06-14,0.5055614455256077,0.757345095070097,0.22452717923299823,0.2279488542203175,0.10332418821326934
2023-06-15,0.7826539916859669,0.5530737358656561,0.9292056701655689,0.9144240078535742,0.7671696715925085
2023-06-16,0.18604292002018283,0.4876563774637943,0.7180214858472831,0.7527351978119171,0.07653845799552061
2023-06-20,0.14484870890818807,0.052057604816499445,0.29984403501641077,0.20015151112350965,0.8699263479970837
2023-06-21,0.6841369304984437,0.3787831046624136,0.7804349066708468,0.8866504199713992,0.43914519388199275
2023-06-22,0.2569274633404871,0.06251571773515513,0.03255530598539022,0.03851472125168125,0.4623093395682599
2023-06-23,0.34653180557683877,0.6517143562997445,0.39504743482245624,0.397884549838815,0.5501361412782245
2023-06-26,0.9592610125479982,0.6208235080941968,0.5691678700135787,0.5372739076087643,0.299367041232068
2023-06-27,0.529354928197817,0.19626144364893125,0.09098130937867106,0.133306596117428,0.032788511056818626
2023-06-29,0.5372092276274343,0.30381798789504616,0.9023913996418517,0.9027262753518118,0.8447206852513596
2023-06-30,0.9739748699288409,0.8120535353809224,0.6367588991207811,0.6814785250050927,0.49524980501489246
2023-07-03,0.8107942152595567,0.4959833717005557,0.40824285920150005,0.27229103612275307,0.557142614012982
2023-07-05,0.25092072076262584,0.392670120319016,0.9039622231206449,0.8956057449082401,0.13979485111813333
2023-07-06,0.1157799107150102,0.15748407574064896,0.4458951538950798,0.48949581341712967,0.7106547195425409
2023-07-07,0.46284818892577373,0.9037009282952463,0.8998810479675163,0.9049917520850597,0.45122777757415367
2023-07-10,0.6921931761179986,0.4392821072274865,0.27243816573904706,0.2656636852557967,0.611652462226876
2023-07-11,0.45459531868204717,0.674866158456944,0.8719858798482336,0.8809375261013045,0.33085128244841755
2023-07-12,0.5099744220543987,0.9592884871236464,0.681907573074642,0.7233667258037024,0.6133479724713577
2023-07-13,0.0728652776286735,0.5839464273630901,0.8036775444433155,0.7727622771188735,0.29577346958220607
2023-07-14,0.9368756897990882,0.4973257067108615,0.13039199679504207,0.1438503533317874,0.6417888964443996
2023-07-17,0.8465861560911909,0.2387440430741737,0.141727940120467,0.17095536705144085,0.6022271637956407
2023-07-18,0.8243381833943267,0.9520961106182521,0.7804766594195812,0.856555511666016,0.39116725605472913
2023-07-19,0.6869450293820452,0.49711107375799973,0.425297312643798,0.37032281767301056,0.6414885348574684
2023-07-20,0.16689940377717188,0.21415129562492605,0.5309944209353126,0.5638820099918382,0.41720135981445894
2023-07-21,0.7046479130599046,0.3341306708512209,0.8561092112744937,0.8487606297822232,0.5899576686057187
2023-07-24,0.4977097874801487,0.3355980671868134,0.8879571365975153,0.8795995709762793,0.4301045551844001
2023-07-25,0.8537703964925952,0.5210583146575799,0.7427246124906159,0.7315848557946399,0.657006487446512
2023-07-26,0.9366480586433631,0.6869275990371481,0.2615369809648562,0.24412082920058498,0.37655692830528725
2023-07-27,0.3016589987806454,0.0409031609090094,0.8339160138059398,0.8247301248973313,0.612098189624551
2023-07-28,0.45261334729781244,0.8558055989798117,0.7090978370644603,0.6309092691730328,0.638108905278228
2023-07-31,0.6673117227221254,0.7779850739465455,0.6584808652079954,0.8138425636477356,0.5704262078158397
2023-08-01,0.4394166607573716,0.02299247694919339,0.2673775118260013,0.3470132446832,0.6155883434966953
2023-08-02,0.6395766462680941,0.33619068460398566,0.0752083586428007,0.06871342178367171,0.658860805383902
2023-08-03,0.07268195872127016,0.2939206236185359,0.9180386813115813,0.9195005121123844,0.726172391732177
2023-08-07,0.36331269286558315,0.5103926011330813,0.5428324893093062,0.5967419154532134,0.32427648708361945
2023-08-08,0.005802395231581515,0.19299979597998426,0.7277373918831034,0.7511313067731628,0.5978677536127746
2023-08-09,0.37992025059644197,0.19850696199301884,0.8484737160018369,0.8491988438154499,0.48818130056723524
2023-08-10,0.2062683011139508,0.4193430306464044,0.16468354515925904,0.11834768409456237,0.3612909464428342
2023-08-11,0.6156871596524405,0.4079021446235097,0.6011869279016806,0.584502490933198,0.6400173960189434
2023-08-14,0.6838705912707226,0.37800602564926794,0.280428646471027,0.28340958029339464,0.2887849666292135
2023-08-15,0.6440720080562761,0.2034974527242108,0.12116311198253253,0.11485573006541232,0.41681602449466076
2023-08-16,0.742488460414438,0.239844792118845,0.10563721360671881,0.10682114413907921,0.7088441438671762
2023-08-17,0.7972062684363509,0.12068476030557963,0.6847989170880406,0.7550868204919456,0.3780043997064182
2023-08-18,0.1471465921613595,0.5251983617586061,0.6973816729037331,0.7264626615344758,0.611028854685063
2023-08-21,0.39069812637982676,0.7253211914012181,0.35466846001333047,0.321538350180304,0.5489349211833694
2023-08-22,0.2663828574511608,0.5881094986938515,0.31787111707113525,0.3600498187195637,0.2801262435951024
2023-08-23,0.4300317274073361,0.9579951057971816,0.20316815251258913,0.11233950269359515,0.4452327380410254
2023-08-24,0.8056001336786802,0.473326444210483,0.5205832584082033,0.5264816366895139,0.20353592492123543
2023-08-25,0.9157949890621225,0.23258413049041063,0.8299524565590823,0.7226680758820272,0.18982397458098413
2023-08-28,0.5814500123256203,0.6959829125420688,0.44831682710415144,0.5697334206384974,0.11476106602932062
2023-08-29,0.9809334269196888,0.9271348756764892,0.820625372282365,0.7998302899223074,0.35419946021266147
2023-08-30,0.8229381949479305,0.7358717398720691,0.6113014861282298,0.6376476779757859,0.3663013544484883
2023-08-31,0.4475058901426083,0.2717846833229541,0.8060226205298754,0.9372698437461258,0.14836803613682395
2023-09-01,0.2741123900061331,0.5138128550603156,0.9193428784418751,0.9174489469119842,0.42194238976630594
2023-09-05,0.37326167902184,0.10982234566064702,0.8843999397646363,0.789897758499706,0.17393756261991863
2023-09-06,0.6227481483778488,0.19863244138870167,0.664116572966283,0.723274022547016,0.010392531865817298
2023-09-07,0.44776794408279386,0.4306563357898553,0.2487689524616777,0.2833258687390347,0.2590009444700927
2023-09-08,0.760021861823351,0.49402525391651453,0.7136348278767128,0.6709411457743832,0.05269201938046712
2023-09-11,0.49597079105929653,0.644866148674986,0.4646539904866969,0.406261814763811,0.77217411754853
2023-09-12,0.9949480560015062,0.12322059973846772,0.8759854797997655,0.8755061477101364,0.3344542818829513
2023-09-13,0.8901776924411785,0.3641964271441027,0.40647610449691823,0.3777992938882958,0.6352104708202793
2023-09-14,0.506526917987677,0.49222152254828727,0.9228584332854715,0.8855815125834482,0.03480043475637651
2023-09-15,0.05556582888797078,0.8785951261333053,0.5531728899338193,0.6651806338225195,0.47548463435623256
2023-09-18,0.017771191768841656,0.7503432652428804,0.6402021202642887,0.6931931583756867,0.5681764932662638
2023-09-19,0.6399009248446008,0.486981382141863,0.4341948110568653,0.3864545492242569,0.43009546970015844
2023-09-20,0.10304994089013525,0.8726671959327665,0.20692714053555356,0.20726141371987608,0.4670258170365541
2023-09-22,0.5768214229544724,0.04640784665215369,0.36712109837080353,0.3900470348583016,0.6006197607772759
2023-09-25,0.06597081809012237,0.1731777818813644,0.46977676928922524,0.35718499806388737,0.28579004717555384
2023-09-26,0.5213396075517239,0.06991409848206827,0.706651090307205,0.7050531552319443,0.1238175239772454
2023-09-27,0.06560286686058109,0.015202002879025438,0.9736108672305244,0.9864612282481026,0.33744852247637375
2023-09-28,0.7820321015797655,0.1291328344804511,0.1602447807129181,0.08984246184522444,0.0019231754870972803
2023-09-29,0.20908129771258238,0.11762040409803746,0.4393378465129247,0.24769956167818133,0.31063166596975306
2023-10-02,0.9272734538591202,0.05569512937957615,0.0034709967217779114,0.08934415633824279,0.19764973467747907
2023-10-03,0.08989523586656366,0.2598081129554926,0.5163664658397129,0.5852195078161145,0.7859072105968773
2023-10-04,0.513382585175988,0.24674181101233633,0.00707474556944501,0.004048940625443081,0.02583013967619063
2023-10-05,0.2671512153916734,0.3822360729726576,0.17139316689626508,0.15920149765757985,0.07238525254537626
2023-10-06,0.8301069865953574,0.8754771002393844,0.5858982304470699,0.5817400441145433,0.8274171469932222
2023-10-09,0.34801485409600397,0.9396331981725307,0.9509856737765393,0.9530544948357774,0.55641578681578
2023-10-10,0.7593576211156265,0.8285147439513944,0.3884695803925479,0.40910331016836227,0.02872616138777304
2023-10-11,0.20050801256002584,0.8272979200628346,0.1589513749348105,0.10059973308527724,0.6786205607364844
2023-10-12,0.8544885562472241,0.35558654796803757,0.515671729303876,0.3622388603251105,0.028233417196441585
2023-10-13,0.5485455843548848,0.9979169158777439,0.982696634722438,0.9817920612838431,0.6346601565382219
2023-10-16,0.9420658577561126,0.36477480928176803,0.27071052737794293,0.31004169947594823,0.35350653086820993
2023-10-17,0.7682108070042859,0.5095459519857497,0.5288879252496423,0.4838284445082984,0.08970951510116346
2023-10-18,0.5103438588370564,0.9519995116141258,0.7791698733021015,0.7859775227370353,0.04306902170126226
2023-10-19,0.5502517548116814,0.7679111052189553,0.6645317234804581,0.6945181192159253,0.09672556214483922
2023-10-20,0.7864832580938855,0.7757201120365819,0.43264227892356616,0.3543128307390074,0.030620007307840237
2023-10-23,0.8632081688965548,0.34362609743213923,0.09649925062990974,0.04384405918476135,0.31380846194173334
2023-10-24,0.2778958242279952,0.43910199839896674,0.14938131782964717,0.16999010552555643,0.1943596863325839
2023-10-25,0.530454478256585,0.6862536353988267,0.858589950304405,0.7947810374273092,0.7243200999313741
2023-10-26,0.8970333893624509,0.5563158643570305,0.10798745436781067,0.11874845725399048,0.38828503545397103
2023-10-27,0.7537796282415724,0.5103134799953768,0.9015889662423802,0.8768023406833299,0.6171988727066464
2023-10-30,0.30470256743627655,0.6631306597858792,0.05919521536530567,0.05248691484903437,0.08159224149262141
2023-10-31,0.4208913795858474,0.22446424936048157,0.46390611574542395,0.2403744262644287,0.01445211031712436
2023-11-01,0.3216444096575578,0.3029756299668251,0.06746607331749274,0.3609101447947566,0.7960977364981898
2023-11-02,0.8888254367083762,0.6472588730996665,0.8654844583530983,0.8525915452914696,0.4465968021911111
2023-11-03,0.7055328954266419,0.6353832510723965,0.14086667642304834,0.13753863683678522,0.5800079038605219
2023-11-06,0.5963104466642144,0.22918217548013853,0.5409723120176377,0.55160439559812,0.17099201573834624
2023-11-07,0.2707096679096391,0.13860410220552916,0.032521842762318585,0.031613451584367624,0.2891894761131116
2023-11-08,0.7169440838934577,0.12721284011586415,0.12413516584362794,0.1312081929151065,0.43565458817398217
2023-11-09,0.7125388681309826,0.7887732178519473,0.5818455938375824,0.5728006707837362,0.14643561753121181
2023-11-10,0.7642850740175494,0.027981560003637444,0.7779336980271403,0.7802327466354171,0.2757944329547933
2023-11-13,0.845920255018904,0.7825254721450094,0.7250048440605552,0.7257990477926476,0.14447288440278783
2023-11-14,0.03782084218752216,0.8573068707010747,0.46971746024159317,0.48523640625159997,0.08922563045095912
2023-11-15,0.44022392178143765,0.4333413343973605,0.1955952319980019,0.1506361506704944,0.11787291395485754
2023-11-16,0.8663049889293969,0.9276002436253404,0.019605223412928825,0.0177171156765939,0.13293526658595592
2023-11-17,0.9010704188932701,0.42432458151813757,0.9406540457795592,0.9274710674340647,0.1358693259581686
2023-11-20,0.18494251505548348,0.3599909451774882,0.8073961124415707,0.800581961572736,0.8138454059604705
2023-11-21,0.9950238109002533,0.9080642491786303,0.5139678217982686,0.5242794559438728,0.1587195419164359
2023-11-22,0.19589762920798257,0.28125983851969383,0.37027151978765216,0.3396302929295256,0.09552917523757311
2023-11-24,0.744824446384053,0.746092257468761,0.19351328911243987,0.1728008680885041,0.15972435055161363
2023-11-27,0.7149453359714393,0.7318330996004099,0.33135931895974324,0.3226075942017067,0.21946843619201603
2023-11-28,0.930209472032694,0.9494542719094059,0.8397315678241732,0.8184831779102664,0.09707764295820588
2023-11-29,0.814154873020246,0.67993889816606,0.8005826849128079,0.8057462373227223,0.06916778559576894
2023-11-30,0.6819565603004096,0.25541605327184774,0.4116467179936054,0.11383569853610843,0.18853348705567025
2023-12-04,0.007978941837650369,0.15756150118566392,0.007237384782710322,0.04146433161523978,0.5096251002709764
2023-12-05,0.1848901154416077,0.31072678689132355,0.29809013972813864,0.31512433033708487,0.707847952021586
2023-12-06,0.6810687189183178,0.7725645404220393,0.05974831039077201,0.0434402599212893,0.3405091224793238
2023-12-07,0.9005251962688998,0.4605550497465677,0.4185765391870846,0.47145385031045295,0.20476202074151983
2023-12-08,0.6952204463388054,0.027956065720164507,0.8337726000317983,0.8600814640597733,0.6211535867218474
2023-12-11,0.32455755125675717,0.07580128092488242,0.5313392230814193,0.5101783535236317,0.06779047494445871
2023-12-12,0.6201497011118158,0.4464775903118924,0.055340749039696276,0.05023851761218392,0.7937134191876004
2023-12-13,0.5962353978002772,0.6010466601941046,0.7075584533828299,0.6834540948662525,0.23094452325842324
2023-12-14,0.043994731126727644,0.9918624746055308,0.9014622298541104,0.8887221449849221,0.4399711913941234
2023-12-15,0.3632979698065637,0.2979685033695384,0.47270010307776217,0.4509119590672023,0.23897635513733045
2023-12-18,0.6418216747732217,0.594121644318067,0.7885604024801411,0.735114893165884,0.7024337898628945
2023-12-19,0.5892039403533662,0.7523852234166366,0.7728648065078956,0.7268999278300923,0.2590543269358697
2023-12-20,0.6019683476490412,0.3838999517606843,0.6021005641980497,0.6887454937631692,0.5424811677484425
2023-12-21,0.36032712007764883,0.5866367963722119,0.39728805631502706,0.3907866169924071,0.5869907717268545
2023-12-22,0.6243444783343494,0.8519214985751019,0.3877899417819124,0.38356602265656015,0.5958203254292103
2023-12-27,0.30179290493040817,0.9166777657715061,0.6403707587240948,0.6459950081445509,0.7261533697137719
2023-12-28,0.3405033748062235,0.30244897099775836,0.16594700340409557,0.042312233947393994,0.6893320167725269
2023-12-29,0.1656786108247409,0.21543095621215302,0.14455374944509047,0.4415987231488957,2.4299670766456843e-05
2024-01-02,0.8824161507652615,0.5146869222365602,0.1744676590853697,0.15858044354272952,0.5037489043387302
2024-01-03,0.26302517636937073,0.042441268341368354,0.9408374870605198,0.9409395786920408,0.5001942720561037
2024-01-04,0.6257319894954312,0.6575588701967716,0.2996232423536254,0.34321148678783964,0.5001615069894654
2024-01-05,0.17555377481354503,0.47887138832220194,0.7886098227900993,0.8662737979854186,0.4979121974988709
2024-01-09,0.23651728336113,0.13681020005096167,0.17707403864941984,0.12395107183413968,0.4964106294429983
2024-01-10,0.7562626135758282,0.3330875799628098,0.2458555060932219,0.2441223419387877,0.4747146465882834
2024-01-11,0.8515990497057466,0.27327310231505536,0.6633353045318001,0.6711325245308831,0.4542244802335122
2024-01-12,0.768968462531837,0.9652784133490033,0.7448804332075502,0.6812988178781125,0.41361098542043356
2024-01-16,0.9365150709262592,0.10480136680545227,0.47567718868949727,0.3912847570823315,0.5275618210811903
2024-01-17,0.5935206584414744,0.07057399020604756,0.3334004143990825,0.5321151546364199,0.4327518167850272
2024-01-18,0.5449512270957402,0.8198738532567473,0.8352524048578842,0.8839580045172744,0.44821465492944945
2024-01-19,0.9565045314393333,0.6840178832050565,0.2938684698341655,0.2710084353057631,0.005297756085855642
2024-01-22,0.37254616089649367,0.3057437892522413,0.8850339040048785,0.9139925097641366,0.802496174450141
2024-01-23,0.8317022098271025,0.5719480194263897,0.3041688567827313,0.2378914292381109,0.4487244236252333
2024-01-24,0.9699835914525963,0.23014009896670207,0.6434120659984744,0.7063449617304269,0.5542669958879186
2024-01-25,0.02477248387823778,0.5469267023935407,0.9638982719778829,0.9521992035380776,0.25073143509730556
2024-01-26,0.7309147413921543,0.4675256230442035,0.803529089810431,0.6786006024587163,0.1818470332748294
2024-01-29,0.774019823446967,0.7035013720125782,0.16227336199599468,0.15763605277289433,0.024449293839663894
2024-01-30,0.8172900652820558,0.6567947704976365,0.6230068942413562,0.7748179019972055,0.6361743020270823
2024-01-31,0.5707116345047313,0.8683740090832115,0.15168499759899692,0.06539256371361665,0.03894370491670276
2024-02-01,0.9431077645479299,0.6148397354187135,0.016169734900274138,0.06801430745579364,0.8415821243518156
2024-02-02,0.7276663558790037,0.1090671897240787,0.14365191537438735,0.1282243798031306,0.07731144736675512
2024-02-05,0.9719593887060475,0.1910911402467735,0.6650138293818935,0.6221323234968326,0.17166483549700529
2024-02-06,0.6175480000548998,0.7135439173805425,0.658593897166152,0.6387461941657386,0.45994929648426225
2024-02-07,0.9691912249677119,0.4949012858477173,0.6678959882567167,0.6488104934850605,0.22271236019653293
2024-02-08,0.9980299355889009,0.3734504468143079,0.9501738256471147,0.9488766274512138,0.09011039985767909
2024-02-09,0.7284026199374486,0.21579368907932434,0.6469774239474091,0.6621223576670578,0.05536104244654647
2024-02-12,0.39550689638556774,0.30118162550533073,0.41684563950551,0.5052761002226929,0.01040051908939495
2024-02-13,0.8623301912791039,0.03541096660438983,0.7062258320061299,0.7533221316569605,0.8732876739824345
2024-02-14,0.3221483141436822,0.3593983347727944,0.16232516088008062,0.15790037812112862,0.4636440858468272
2024-02-15,0.5300955128578306,0.8042135696793198,0.821418919637373,0.8431480869165688,0.08371469352796866
2024-02-16,0.02675399961191899,0.758168838797248,0.6702511008572949,0.8008642322789206,0.0906869806019763
2024-02-20,0.9807660081675705,0.8775079873047924,0.16307970214458756,0.20247410680071987,0.004922814775535223
2024-02-21,0.9102705026997305,0.3184700757938465,0.690930037156201,0.39025140348493254,0.09840446876654875
2024-02-22,0.4008418321826759,0.375764522865658,0.6850241992219663,0.6986023812989551,0.8600100431699971
2024-02-23,0.9886940810857615,0.9084007425725231,0.04967007811512905,0.04743070260239287,0.5361195029912358
2024-02-26,0.9582078983942206,0.20310533972953349,0.7428093933480273,0.7781040377389697,0.4332365484047797
2024-02-27,0.2175502735670749,0.6315995965245469,0.8006740553482969,0.8231888453043057,0.34270638168687634
2024-02-28,0.02318875176189481,0.43562329208662093,0.4849958127984976,0.380179975826428,0.02460758105439363
2024-02-29,0.7798682652948516,0.8221192325433642,0.44908209120928844,0.3877746951642182,0.07418192650437454
2024-03-01,0.9508140580804051,0.9899938622521646,0.44358071275300937,0.8989583203871024,0.08236502888376131
2024-03-04,0.8776925064859121,0.9568213904424532,0.2244752857374777,0.1578059073236838,0.8516394636916573
2024-03-05,0.30902193533001454,0.8193566400295204,0.2168027238075387,0.2963747714044139,0.41386613137128886
2024-03-07,0.6692264901213705,0.905084771615956,0.77685180131695,0.7186001232684778,0.03029589483158609
2024-03-08,0.3669168475168212,0.8651993100394635,0.18912737226556076,0.2081724092925313,0.4873836516032838
2024-03-11,0.9485205582120861,0.5757243857409539,0.5133956274085407,0.4474538623145314,0.4438136386258507
2024-03-12,0.9961316376560976,0.1047718863052296,0.3565540190557425,0.34951133022379927,0.029749503852480732
2024-03-13,0.4566489017518323,0.7790051573734157,0.9569148687886286,0.9517408467885105,0.051324571083426626
2024-03-14,0.012088937603786471,0.22061797764687624,0.8692251001465674,0.8742164657264706,0.870309454775554
2024-03-15,0.9835673944707717,0.3296083128359991,0.44575176830566077,0.4113490753945249,0.5069639486678721
2024-03-18,0.6965913342496732,0.5520016815870464,0.8893413024922145,0.8916018191614564,0.0060127254330385686
2024-03-19,0.2904761666664334,0.3631037387208209,0.6423214759357608,0.7053891809944512,0.1669395174807894
2024-03-20,0.8519946723324289,0.5081047705389587,0.10346140972803627,0.08147516437398744,0.15303755566831273
2024-03-21,0.7862081689044459,0.9161154636912703,0.40418190813957766,0.2973331935706048,0.1965339567098882
2024-03-22,0.889465739714153,0.07938795854055891,0.3450752324587091,0.3412463176390403,0.18752115416767043
2024-03-25,0.9750838456971332,0.8191638861851439,0.8574542071957748,0.8360975216664197,0.021422220583405628
2024-03-26,0.4526025035179192,0.5019780089631004,0.3019176136806856,0.37524918416851105,0.5791998984636777
2024-03-27,0.7358193331572833,0.8060497204263086,0.4060709872348189,0.3867856128658325,0.5173509708970119
2024-03-28,0.4004066280970286,0.9292205156712248,0.8745715699415026,0.9157073645621842,0.23654545079585226
2024-04-02,0.7017635131175749,0.9783175772951148,0.878185544311299,0.9218917910983834,0.01686854147175931
2024-04-03,0.10467285921403327,0.9377193820820235,0.6235737917169769,0.5666278937052693,0.8575146053062839
2024-04-04,0.4212017623946169,0.38243468009520626,0.8503701862403017,0.7963386973616273,0.3043733510099297
2024-04-05,0.8411854909216637,0.941139603877315,0.6515481644271859,0.5785181566640611,0.3941892674422294
2024-04-08,0.6099959059106194,0.6095599783062704,0.21871407113541802,0.32818561293795434,0.009623528515645926
2024-04-09,0.8160934525372798,0.6984542069848431,0.1747305968130736,0.15369963250071417,0.8489965079338013
2024-04-10,0.7210965314514861,0.23501606925100288,0.7999996150333629,0.7634217048460659,0.23930505690599832
2024-04-12,0.9359890465065321,0.8788170270050736,0.459206104512571,0.30678839272213204,0.1934604627079642
2024-04-15,0.5014866593667308,0.6724176426900177,0.34005845873344326,0.3912641197424971,0.34711404245363087
2024-04-16,0.026445187367148484,0.8684363944411713,0.4328332785713152,0.45658030243564873,0.728116617907896
2024-04-17,0.6136053714823433,0.17574539229256197,0.01581866855366554,0.020293353612336064,0.17228382267357817
2024-04-18,0.9876344760207834,0.6702866496058846,0.40231203811757615,0.4850229090908328,0.3521886752499636
2024-04-19,0.8950249925927207,0.7729461972543978,0.5296124272784426,0.603126179398455,0.004811652816997889
2024-04-22,0.056062187655038766,0.008428621647459403,0.37051223027583924,0.3869915583326813,0.6202364150130658
2024-04-23,0.08554824873314296,0.3541835823039501,0.866349232823953,0.6395356737100479,0.38758207035431147
2024-04-24,0.8664489558399433,0.4075545728268054,0.3390217137314194,0.30206204939100145,0.007689011307541746
2024-04-25,0.4348897227289906,0.5815809398838276,0.7810659844678565,0.7189961113180601,0.40964772499405216
2024-04-26,0.25334132439636825,0.5816270477335836,0.6419907256615689,0.5731435306288823,0.2466287879838658
2024-04-29,0.036275230833970745,0.6932085111921422,0.15097462478517493,0.13593606172028694,0.035472929680524075
2024-04-30,0.6598135165816645,0.013589636261921095,0.28143849488723927,0.2511623190292455,0.22760793456001183
2024-05-02,0.0005951407742187825,0.6075252935611091,0.003699347385463612,0.013577128407195013,0.005292138586817254
2024-05-03,0.5364512108630356,0.4730518688357375,0.2861085876286258,0.2540366300708202,0.4859425109607035
2024-05-06,0.5674298993040211,0.8647435833841685,0.5768726554609502,0.5870326200068616,0.08346296576357504
2024-05-07,0.9874340961296773,0.3507806857416755,0.4267686189038944,0.44900115403720875,0.4004147810938239
2024-05-08,0.5064182512011042,0.43258148054421836,0.5990945399860446,0.6664336774163871,0.029246089191480296
2024-05-09,0.5513781269917526,0.8239941294518995,0.5676686890879497,0.5669480507402114,0.010364899850673211
2024-05-10,0.6709282499648364,0.9491379643180526,0.1797447044349019,0.18892065758189888,0.8169168853734851
2024-05-13,0.0010661500981208841,0.07181641199268625,0.6497145874640599,0.7439621117936381,0.14355876765881584
2024-05-14,0.9149863909426831,0.7824174333917164,0.19351140524153163,0.166063416821002,0.7763546842078489
2024-05-15,0.7474696866208227,0.9414890811152945,0.5923348217573843,0.6754126583308631,0.27821835979863035
2024-05-16,0.0017108034197746427,0.32704624174388996,0.6488142578356901,0.6787465892011361,0.054472288848255966
2024-05-17,0.46785030490530055,0.9172101856195759,0.7105867537090975,0.7473693054500739,0.19073194630381607
2024-05-20,0.3681081445848269,0.8365935133558955,0.3753904536779944,0.3860320787234371,0.054032968730124024
2024-05-21,0.6695748837662863,0.2691756525244144,0.20162206835103053,0.288770568216583,0.10381304010226516
2024-05-22,0.63236097006201,0.06843918011827062,0.16467153055747422,0.06550865696937148,0.1200129414957589
2024-05-23,0.9016892431515798,0.016429636188467604,0.27556320119699157,0.25101617371871576,0.20371938900254424
2024-05-24,0.6534308701817308,0.3973448027120968,0.737037609380346,0.750687774118997,0.08176038122779883
2024-05-28,0.847294294593946,0.8458537584820723,0.95295318751053,0.9468424234313925,0.010931382333227468
2024-05-29,0.8518117738759861,0.2238763915440539,0.2743865140994863,0.2975667029126837,0.3331094276199912
2024-05-30,0.44879349258355067,0.519010918774038,0.06744890780838957,0.13126980149205106,0.039282403449053906
2024-05-31,0.5568879551844597,0.14728808670511784,0.382102810275231,0.2086562054966701,0.23643195271598502
2024-06-03,0.8081974586703665,0.8619581169296668,0.011115975101241394,0.021066172866934716,0.8565648729928661
2024-06-04,0.3226675582057266,0.1416509128183508,0.24135736276101796,0.22649802944079556,0.10378550875896271
2024-06-05,0.3750462340980694,0.9018034021960544,0.7271357930753559,0.7089959810765083,0.7550235080990491
2024-06-06,0.825030119917203,0.783615964057216,0.8473399781481357,0.8485035305496849,0.6840133344472197
2024-06-07,0.5408950659143168,0.008666292989624211,0.40264692214420317,0.47720797971129925,0.1876519500847764
2024-06-10,0.29998700629736125,0.48986354976330243,0.9173506857625615,0.9344832382840527,0.010387769900493074
2024-06-11,0.6790145687431106,0.47156794427160637,0.5694280184305806,0.531523630936809,0.0926871766645588
2024-06-12,0.8879659447232281,0.9007868895003185,0.6806149346617352,0.6569000537117083,0.37603380203399706
2024-06-13,0.6921216835114188,0.05642746898270519,0.5232580346714313,0.517482203279745,0.8128692689802097
2024-06-14,0.15461071693298242,0.907932912895289,0.4283331548227049,0.4230672302027913,0.047310375314358645
2024-06-18,0.23020172635881006,0.4721699088069151,0.968343724814748,0.9814088777177725,0.23679952096422563
2024-06-20,0.22927275027578561,0.8514655094607468,0.597359030260587,0.6505908132756968,0.006017596214434278
2024-06-21,0.09157318751689802,0.05266448613021721,0.33091785572165444,0.144741900544055,0.4287286864267977
2024-06-24,0.0146859173827316,0.7123309376396607,0.7067485961795801,0.7218445239317487,0.13973815849877644
2024-06-25,0.49428117380087794,0.23912687224838455,0.19187891636775714,0.2619389506773806,0.11238288752381716
2024-06-26,0.32049384163178285,0.17252696656046215,0.5472782559290883,0.49817900642629503,0.39592993025519474
2024-06-27,0.1372437661029176,0.8755932420224808,0.8095554001344536,0.7262474794317584,0.25361116247360144
2024-06-28,0.8213313132230275,0.5545314935253144,0.4802303286262145,0.4151228243632554,0.05574777822924741
2024-07-01,0.14404211414271237,0.47293260368579243,0.5356438921002324,0.9115175083253336,0.8477314070607249
2024-07-02,0.8759161663702106,0.37546070394036585,0.341661473459485,0.3101555287744518,0.024944150312064355
2024-07-03,0.53200368729106,0.9499373883720656,0.8158667681658595,0.7835529703643327,0.12706940817785334
2024-07-05,0.39416673656720824,0.904824736638615,0.2138233760763059,0.2636728544535151,0.5674150695997768
2024-07-08,0.46355942972250747,0.07003481890830227,0.2088978719782408,0.22930827350491895,0.02669315621436105
2024-07-09,0.8196865686282586,0.5545202876879551,0.14290611035995684,0.20546554008778667,0.8581709886710629
2024-07-10,0.6780082537842504,0.7097325671009881,0.6178307927339829,0.696253346356938,0.3633780480801906
2024-07-11,0.7417191296443437,0.961253001104797,0.5894310889608589,0.6507582694173255,0.591023190760079
2024-07-12,0.5809402707088706,0.4785816995395762,0.32893152360614863,0.3379576057844745,0.3354534797617834
2024-07-15,0.4273156189338189,0.6418090883663521,0.3927982587959025,0.3685826748937404,0.18119626552739307
2024-07-16,0.33745756286095213,0.9448295325284204,0.12328784540106931,0.14046176588795262,0.03863421524751162
2024-07-17,0.06005389624623952,0.3598538227705688,0.8768201994812138,0.9454301983656239,0.2223312574315857
2024-07-18,0.81796465982257,0.4154425415457938,0.4831709545447475,0.4712092273122638,0.6059798087339399
2024-07-19,0.12812580908881163,0.017645546512746774,0.020354715065282195,0.022877075617685802,0.04795148025664905
2024-07-22,0.9697273087768037,0.38178241406733887,0.38383540438207214,0.37469868094775527,0.8194532079755997
2024-07-23,0.3653295062876733,0.7046205682848043,0.11004365659405406,0.028299461587996576,0.2569869877034701
2024-07-24,0.4293899387537501,0.6476226514945631,0.698441742036779,0.6418711858290684,0.10945110136550402
2024-07-25,0.11454120656408714,0.011859053566774237,0.6961182514748586,0.6673977474206283,0.05542373655573367
2024-07-26,0.7550968745621336,0.8720004494704663,0.12933406311944146,0.2021606274873457,0.4310986873111623
2024-07-29,0.16528735343692139,0.4384917632148197,0.11096106343375735,0.1550919200451219,0.29016854928504104
2024-07-30,0.8878822879693713,0.8813388606665231,0.14433400563565538,0.20020175842570984,0.0030850476832394217
2024-07-31,0.4372649256481798,0.8282051667927006,0.9397705328316238,0.9747259204986489,0.6812234233932399
2024-08-01,0.06300083077724333,0.6428313757640176,0.15727601715191897,0.14857787095035158,0.06015061993881859
2024-08-02,0.44764580284403893,0.3101277381989364,0.025581537585730868,0.043591420189707714,0.522916073690638
2024-08-06,0.9717795219660147,0.053407123292848045,0.36941621229181165,0.40130197613224844,0.18269910332294995
2024-08-07,0.8270901407659363,0.4822635243153856,0.8978852363600561,0.8836420495050128,0.07207247884935736
2024-08-08,0.13298777853403204,0.9152654228914102,0.717645022227121,0.7150011346694698,0.07433108852901388
2024-08-09,0.982666656433858,0.6760287673159635,0.6295060064194478,0.6491183086167005,0.09090834245164313
2024-08-12,0.18145793560246484,0.9029150296090029,0.9574276532281633,0.9653074184621141,0.21856548826424246
2024-08-13,0.6270342031389933,0.5719279122639999,0.12658103935484444,0.1532375401300093,0.19731532785972689
2024-08-14,0.4642140083260689,0.10261330713908828,0.22957130939540085,0.1923088941446696,0.8477419194727707
2024-08-15,0.18424562124942592,0.7144182843901236,0.804570792849705,0.7516668936658107,0.4837441776037171
2024-08-16,0.655897849331082,0.963986258483276,0.15051048649498464,0.16307942941280687,0.5438833590687144
2024-08-19,0.9028939330008765,0.5559732580772299,0.07093101233061776,0.07502862978931167,0.5776843096856863
2024-08-20,0.7667376184290845,0.6474861985943916,0.3371580496648525,0.3965630302727445,0.4818555402711285
2024-08-21,0.5835564937002804,0.4251684358891986,0.17623337103451384,0.085122878409824,0.6545671505182762
2024-08-22,0.5965030067754604,0.08976096494254171,0.7952950599586395,0.7410028180148327,0.30382175904547837
2024-08-23,0.6198968399474408,0.8884188333250966,0.8964416916621191,0.8678094309785286,0.6074284536015921
2024-08-26,0.5507075443493421,0.6600717913685675,0.9414473169404337,0.9332094456561645,0.09684002941965941
2024-08-27,0.40015003156829976,0.4458695593484617,0.09858535912317458,0.12500070754453171,0.8151410357553108
2024-08-28,0.4393353756412885,0.21626081554199875,0.24037416360495184,0.2507262393055519,0.01066903852006258
2024-08-29,0.36200085645851937,0.8589914167252676,0.8021543842448521,0.7960179730954223,0.31902590226095245
2024-08-30,0.5655902232377967,0.0758936188678598,0.19183932322005784,0.07078712485509593,0.09731718991473122
2024-09-03,0.48994438057985346,0.3792297628895533,0.003774326060604333,0.03267034191012224,0.007513948762553489
2024-09-04,0.1484803267150112,0.5419409321856183,0.2526239458731061,0.24088983541298942,0.34304261840926403
2024-09-05,0.7621166203243113,0.7998103710895403,0.476702816905884,0.47121786626494355,0.05990194691519798
2024-09-06,0.40130128295217693,0.17461185707218632,0.15178574532037317,0.1667858745177577,0.4137196672653456
2024-09-09,0.8472845574830694,0.634174346625592,0.670031017237344,0.7355085882273332,0.13264538220026464
2024-09-10,0.29434761797316755,0.6915871583174398,0.05389262695246249,0.03491951392211804,0.8221041454249517
2024-09-11,0.887733959742685,0.472075735824475,0.7939947855021772,0.8126844862356482,0.005318190979546311
2024-09-12,0.3339773516970822,0.958177212927788,0.7930317164134526,0.8325456333541922,0.11145351141300461
2024-09-13,0.6163640615213752,0.9122281026414856,0.3907836485880241,0.4083096953437047,0.03365555458981046
2024-09-16,4.968705621891408e-05,0.47103788063727375,0.7618618595472669,0.8100934380203954,0.781478519985903
2024-09-17,0.365808737060919,0.19862262047462723,0.7289092224829468,0.7526759860310097,0.936501197726514
2024-09-18,0.6939243824585106,0.5924805509416587,0.4666737606291097,0.4096574148742887,0.01997887104188888
2024-09-19,0.42484258466101715,0.7897045911729113,0.7967132975321054,0.752865894921813,0.8974692263957713
2024-09-20,0.3960255352316619,0.921556220103814,0.365895141058947,0.4750209973298969,0.25539393600086346
2024-09-24,0.7139496664197649,0.9123603860176841,0.6791576233069061,0.3728911400043053,0.8808315311536152
2024-09-25,0.588457805444494,0.637283583229763,0.09221219975924282,0.0751494733895574,0.5653146021978998
2024-09-26,0.6707776891192081,0.6746786123311672,0.07720450005812508,0.06804213377686649,0.01459664059185202
2024-09-27,0.6609330367694686,0.11406093800019451,0.5885456144581445,0.6262996002150386,0.6312678163053236
2024-09-30,0.06904490397272489,0.30539806512693446,0.40935916554762364,0.4797237741105395,0.9107285778373564
2024-10-01,0.03287972974459331,0.9098818708530668,0.9054637116662615,0.885173697357641,0.09070202919526388
2024-10-02,0.5347963700806073,0.16688266054852607,0.5913000113155835,0.568547134590139,0.20395413860454203
2024-10-03,0.4513340648046137,0.654265655870294,0.9878858667701064,0.9877390574511971,0.9863625851677744
2024-10-04,0.5454881421383682,0.26776999396810625,0.6045260226000367,0.6592746367982882,0.39146038358713553
2024-10-07,0.29329092213946156,0.4434684283824973,0.952394078597268,0.9465432857163931,0.07456889318137579
2024-10-08,0.6798071691585649,0.07276934332257033,0.022510389363569947,0.025256459017732616,0.9370002557715816
2024-10-09,0.827886884716732,0.27775665377231523,0.3373893092768369,0.4075656830121523,0.09690869965713315
2024-10-10,0.7057156425925777,0.753407610134569,0.9288630282992547,0.9139782609680365,0.9187186076509707
2024-10-11,0.7372241439623528,0.9501556958851924,0.4061715932379941,0.4243402255223419,0.12477715203396743
2024-10-14,0.33994854084148274,0.3041356095358658,0.16538860302284625,0.14973394591314396,0.13769360632953595
2024-10-15,0.8397881349791226,0.726722457209293,0.03787651925863323,0.036006915032706074,0.9713375743594593
2024-10-16,0.28227207330126297,0.7219836943917312,0.46638443220029174,0.43863997315371006,0.20409032952081005
2024-10-17,0.5043191102297575,0.7886591631064872,0.5377847778626652,0.5516256868149061,0.13264810781595915
2024-10-18,0.14761882599638715,0.8551800005458571,0.1785507388762462,0.17718433322252722,0.8495636821566976
2024-10-21,0.4221533336386876,0.6684045461564789,0.7698175846260733,0.7867820549327935,0.33156942462613254
2024-10-22,0.18515278391262285,0.8352545734509911,0.8574846300624752,0.8230666008634782,0.5824840313061277
2024-10-23,0.302801082200974,0.07978452131717474,0.22678533888068178,0.18882547565572677,0.003471309702116496
2024-10-24,0.17677469279413136,0.8163970477851789,0.3211049262520101,0.32992833127080856,0.9396070118775068
2024-10-25,0.5199739044486232,0.6032564924564395,0.85914529087481,0.8480771895676854,0.12823983196596242
2024-10-28,0.713046594057521,0.5141944314428801,0.007022019307764318,0.006959580062250899,0.7119394609506018
2024-10-29,0.8963572839565841,0.8805843419206392,0.4025098389138256,0.44299430043053084,0.1057783995783615
2024-10-30,0.6657211137941453,0.8288223512657864,0.7866380543146018,0.7773096932110095,0.40215954396959386
2024-10-31,0.40738536874542697,0.02096039499630934,0.6322443542257276,0.6391444173218819,0.09803650159771304
2024-11-01,0.5051063010614367,0.4483539217061526,0.46686255477220384,0.543285604561262,0.8356231438665144
2024-11-04,0.473167461128259,0.41808216370052087,0.8800443041096688,0.8799305279134303,0.012605163830297557
2024-11-05,0.3741395580130667,0.555817828637401,0.6016605215349797,0.6181846076766517,0.9583645237042222
2024-11-06,0.09879034067047116,0.004951401053463119,0.32139527060000284,0.404915068330965,0.1055360693742034
2024-11-07,0.9476764121801522,0.8953333635653737,0.6701572004447363,0.663597671025266,0.9893101274140167
2024-11-08,0.1690549402615284,0.28854827105265457,0.10529099086265642,0.08262066925120924,0.1654375989979474
2024-11-11,0.7583405388466278,0.005293850344550297,0.0764574006259543,0.05828999078073728,0.7910038983243104
2024-11-12,0.9698067300634609,0.24777805425661295,0.4892560460906735,0.5013108552188494,0.6272204992588624
2024-11-13,0.8278800509154729,0.166881214585392,0.5943168344120171,0.5709974777244289,0.8812393803600582
2024-11-14,0.93824242862685,0.24082865640628975,0.5652208791852997,0.5629256490466648,0.6998843033662335
2024-11-15,0.39067246340568645,0.4147502860342218,0.1121715351182191,0.10031544970354263,0.9276166875323125
2024-11-18,0.2568406048550303,0.9650680703312694,0.9379379270608716,0.9244154051641827,0.5168309076208659
2024-11-19,0.704536902169838,0.770599531470575,0.48754886703703726,0.5532801952607227,0.38517860039324636
2024-11-20,0.21870721661493733,0.8159046658496996,0.3242441295331285,0.33056503465941955,0.7841806326520763
2024-11-21,0.6391612153107478,0.8436658069890662,0.8504390687893849,0.8130205451616506,0.9474377360247265
2024-11-22,0.9130113408651388,0.9305680395287514,0.7572032657997593,0.7977233177627411,0.8221103527115191
2024-11-25,0.44458053043434437,0.004467117050201678,0.05231276189138228,0.04574032673252051,0.9405230096593935
2024-11-26,0.6993197089441823,0.49308332944039635,0.40625838226321953,0.42770078683246,0.9093703602699144
2024-11-27,0.2659313354541274,0.7721307304009489,0.4808819958891617,0.4654959694494405,0.9278607841796701
2024-11-29,0.8751409320065574,0.7478299656828584,0.5118109607128832,0.2644613737377651,0.9646726767576634
2024-12-02,0.45922530016742774,0.1742402773130716,0.15645809552211967,0.5120620281238342,0.4382354691965448
2024-12-03,0.12454999676402827,0.6319232322681101,0.9150999881111566,0.9219567306776939,0.8037337012848361
2024-12-04,0.8717194686822343,0.636662971070866,0.13321701602337,0.12544564624841903,0.9768336252701403
2024-12-05,0.9033967216160302,0.118643795779957,0.3943258090326234,0.3991017258888993,0.3866485829187025
2024-12-09,0.8201683897017483,0.9262751468352769,0.4901269317205273,0.5030378349650106,0.7891524537417568
2024-12-10,0.8639481798081224,0.8981553249241624,0.4908584459276531,0.5574093669408056,0.6817787820888387
2024-12-11,0.5669413133282853,0.9098352001019356,0.8696996319718675,0.917566514975346,0.8971390359682094
2024-12-12,0.7426618388894393,0.052202605858233726,0.43557348656541645,0.3894212872405734,0.05914369612976093
2024-12-13,0.8873577946413181,0.10001072666621083,0.8237630365247551,0.8517642523589997,0.6346328197913331
2024-12-16,0.931373785764761,0.38616325186323097,0.26877729615374507,0.2866659838961212,0.7334034019477713
2024-12-17,0.43220084403873466,0.3567780423728269,0.21813366280167243,0.26283817604567405,0.6316576380080396
2024-12-18,0.9567737504279257,0.33820847914342284,0.5466967404529259,0.6580302015457766,0.17876716185123814
2024-12-19,0.14852793816502835,0.041725503848365195,0.27438972108952,0.24415418005144346,0.31044094448207915
2024-12-20,0.3576219986401086,0.9140562679368459,0.49087229241140345,0.30722505838854963,0.9869067705061266
2024-12-23,0.30363635811811784,0.23717895798511957,0.3375815727999686,0.38748918778458913,0.7699674150555891
2024-12-24,0.5988982273181851,0.602638062177131,0.8231645049152336,0.7886865702335323,0.2789624968599662
2024-12-27,0.0008234853597483204,0.42746451459493,0.7150688582928342,0.675053122352371,0.0636365633450946
2024-12-30,0.9946289568387523,0.2817859949143697,0.5660228782056688,0.6348352949948755,0.688779579567512
2024-12-31,0.6104769514681887,0.8317457410121577,0.5787069596715178,0.7564974985668254,0.7841227026236997
2025-01-02,0.14759718133223898,0.8917567693771802,0.8994072854724946,0.9061058568174388,0.39907582576333017
2025-01-03,0.58097315354024,0.25738231210345963,0.7118234501024574,0.7748556500721753,0.016527091974195
2025-01-06,0.6061056734260976,0.3474419614775352,0.3767272734354235,0.32448106131061183,0.9788070304973451
2025-01-08,0.03702713555516698,0.8618058380633198,0.4007032703985269,0.3775090940258696,0.1302096817255286
2025-01-09,0.8404054878630367,0.7984881973797381,0.7764827819946707,0.7080993280637401,0.23811412409246316
2025-01-10,0.21907051684665788,0.8510123780684161,0.9894954668433916,0.9845583093749015,0.9558564056204427
2025-01-13,0.7755273389396072,0.07232571651058702,0.8481636481105598,0.9509124543840418,0.10669875807990975
2025-01-14,0.5109778346589284,0.5299332161296337,0.15932700215777834,0.15067687842760946,0.2650065787560722
2025-01-15,0.3824288930574286,0.9212109858476799,0.9422182483533701,0.9532630093712405,0.6941088046269827
2025-01-16,0.2345672967633556,0.911883433363458,0.25448529323462277,0.1655307158738914,0.02564109112590473
2025-01-17,0.9203562366278413,0.45354657859102887,0.30647534416520783,0.2659864556116172,0.4873356826817875
2025-01-21,0.7800964242449235,0.6576318009472593,0.09661243959139695,0.07695260962802067,0.024307954210235558
2025-01-22,0.5867892890645221,0.69480715367486,0.36746037867104425,0.3521927658936499,0.2952893610419656
2025-01-23,0.39075451512691894,0.3976302002494414,0.24086664362618865,0.2549593808946116,0.03840593259728137
2025-01-24,0.5306949233061027,0.7184659791006063,0.5443720225119753,0.4905061551299401,0.9540750373969896
2025-01-27,0.30818911912902736,0.05005337030611962,0.09472099147666438,0.11606342348334642,0.02696106922275252
2025-01-28,0.49794483246087234,0.8785420891814605,0.614493190634543,0.6612708828807496,0.4091710301907447
2025-01-29,0.7901671941764657,0.5297514065227312,0.18205926669462116,0.1675963265441346,0.7993828450840907
2025-01-30,0.11585354466660619,0.9735765396339496,0.5764999735282557,0.5128480414564409,0.058648383318392845
2025-01-31,0.3012502529102832,0.3299825020301068,0.42655603020930927,0.4104644395310586,0.784458211288991
2025-02-03,0.5106290905802325,0.7907009486452453,0.1923908444736729,0.6910691059958309,0.5276865527579339
2025-02-04,0.40642960276461143,0.7776411871046927,0.5621770310531138,0.3188695174885605,0.008504898118968074
2025-02-05,0.157412321390797,0.7641209953718731,0.059721263850335334,0.06738415592854304,0.13562490195994306
2025-02-06,0.13781303356192398,0.24170535778490312,0.3399584759870001,0.33201882078337086,0.8653175366874756
2025-02-07,0.41493257901430947,0.6582500518948183,0.6162425731285972,0.6164701877761362,0.11489701973269863
2025-02-10,0.19364970271496096,0.954841365822779,0.8664385365398363,0.8673633098061508,0.8151793827317955
2025-02-11,0.8728628953808698,0.46559869731047154,0.846999620219777,0.798089698338396,0.8870534738352893
2025-02-12,0.35174265736249516,0.4143578264095538,0.0491625798532909,0.0497687575527796,0.1429755998786558
2025-02-13,0.8440349435262923,0.7389151783809565,0.40396017416325547,0.44795115198706703,0.17529087760388165
2025-02-14,0.26034303308690887,0.05352198020508767,0.3634255556789331,0.29715335190114883,0.5162329906879105
2025-02-18,0.6528925665677103,0.9511067002819151,0.8333480897837199,0.8173301813517303,0.6675409844876343
2025-02-19,0.3972348846386275,0.30829139336618366,0.5525595156759482,0.6209467795382397,0.009996115350472765
2025-02-20,0.3315187418635034,0.7732407536548216,0.6430142178036954,0.5943215419247665,0.8418665860429921
2025-02-21,0.0030900696872683603,0.4431110805850302,0.032249932024328666,0.0324579388233693,0.7040668614504464
2025-02-24,0.0477004679645307,0.6424627896003927,0.5926724435096258,0.5745043732364643,0.9456800176691145
2025-02-25,0.8423907737572712,0.05027545236223365,0.058269903744710305,0.07069495689286387,0.08306598581127032
2025-02-26,0.8875802748443655,0.6598673763252706,0.2967371283964288,0.3755049751895789,0.7086580132941855
2025-02-27,0.5238302436932385,0.08419949033883636,0.8924712509837786,0.9073992105034854,0.29672659865147444
2025-02-28,0.3566085478478134,0.036040295181845775,0.20567706257969653,0.29950890464327184,0.832631290678391
2025-03-03,0.007442043662924109,0.9659219595989452,0.0801818575894586,0.11732074529556763,0.38716269848983836
2025-03-04,0.6815427739887703,0.7753221379331658,0.2721644741820386,0.4394768284142349,0.8208323170961592
2025-03-05,0.1576154210116352,0.5750214642110314,0.06271980033492597,0.053262264032183634,0.3554569068093355
2025-03-07,0.7686250461448672,0.31077109943856107,0.8002436973774394,0.7043456416694802,0.024668618177150676
2025-03-10,0.6652250217703202,0.25865871922474537,0.15993421208478348,0.18917358799692857,0.9228743254197354
2025-03-11,0.3287681951379725,0.7968293936451428,0.5717108156436198,0.5535091397704005,0.40815285094194437
2025-03-12,0.5667034268808289,0.8466891522319195,0.8774497452629115,0.8762294012422098,0.5076238137119208
2025-03-13,0.2709477739091838,0.9452401163765614,0.15780583595259676,0.15885717868460156,0.8521369889316287
2025-03-14,0.1442234373169842,0.651171039704439,0.71497492972011,0.6884766376588696,0.3451421100248687
2025-03-17,0.6398718137646586,0.5667589310394461,0.656303634546473,0.622104470878857,0.13739949623977848
2025-03-18,0.7514547582620533,0.8949701968752602,0.2873853140421719,0.2491075351517609,0.7217900510879978
2025-03-19,0.6319920123838016,0.5018522162973624,0.5565514134157439,0.5745345450279187,0.8886557934250989
2025-03-20,0.4190087337065645,0.5402918455165306,0.8664975532762421,0.8365188463838906,0.3339153579651217
2025-03-21,0.12959125876307528,0.17680880449913902,0.5399195124154494,0.48763749093997594,0.5127012739507358
2025-03-24,0.8728328582400942,0.3777983996325636,0.7801509503012084,0.7739149748939332,0.9197134849117704
2025-03-25,0.3656008990877339,0.6483806428341116,0.4805430955209712,0.43430253635374433,0.32612922284993456
2025-03-26,0.5684011008898974,0.4272590975381226,0.7653351737447887,0.7253541092513773,0.12022866199400833
2025-03-27,0.3931054853554282,0.929348992167513,0.5732889783335489,0.5879750585603161,0.7332339984273336
2025-03-28,0.5917118505462657,0.847794470136082,0.3024457347333167,0.25755512055662455,0.5139154073698651
2025-04-02,0.9958383974727991,0.9629712447042881,0.8975137519588385,0.9783379161204482,0.518017975432701
2025-04-03,0.8177477569679286,0.07262506708229377,0.001072517827718619,0.0014323118665153858,0.522448246090217
2025-04-04,0.018407887749257137,0.008749295156095382,0.009008321538221295,0.00854581994604466,0.12021706404090442
2025-04-07,0.08403047656874744,0.02654138811958619,0.20599136065735812,0.2546426505555485,0.9849732515555438
2025-04-08,0.1649511652223771,0.6965057192791966,0.1979499992357241,0.2729966937298767,0.36861400973126335
2025-04-09,0.9761683991418735,0.9893314856632593,0.9202244499999525,0.9100027321490172,0.2333706857675174
2025-04-10,0.13751285252829937,0.9863293534245191,0.11404368758819727,0.12334733460299473,0.8004601546735776
2025-04-11,0.8900733991393717,0.9341175743230609,0.7797966750384177,0.7598876815197064,0.620959165288021
2025-04-14,0.2103311667706083,0.33811022506433464,0.5166092170803546,0.4970226199408667,0.6481589488623697
2025-04-15,0.22368468560511703,0.6143611649980099,0.4301080650634767,0.44140761441905507,0.18940569899053789
2025-04-16,0.6154916094295108,0.979264756618048,0.7638879810482877,0.7430567996345183,0.9569126462856336
2025-04-17,0.7930706942764525,0.35734420754597696,0.8970024127488665,0.8959283460642639,0.9615427493569842
2025-04-22,0.9888285456444195,0.9531951809861255,0.3549519902121419,0.40063560914619617,0.7701598295005946
2025-04-23,0.2837617375764905,0.02211800891065935,0.17569105431778384,0.0985795236110242,0.9431842990501581
2025-04-24,0.768038563697321,0.8402166714383896,0.5973950055804371,0.6147807400626533,0.997663676322487
2025-04-25,0.7389784837958288,0.16263389691063018,0.5751008248933533,0.5483629478164938,0.5358864110281407
2025-04-28,0.1331858548754429,0.8282761857822957,0.20868388312698188,0.23493257028189207,0.5166040416050112
2025-04-29,0.42301519443932545,0.3823999804822206,0.10399910330580489,0.11445199443721413,0.5870794815830325
2025-04-30,0.4740597866878043,0.36405839913233223,0.17324564966841804,0.059076422669853065,0.6342992632787383
2025-05-02,0.4942911974350935,0.06815511504040123,0.07576856118477673,0.504119060139112,0.9567948810303785
2025-05-05,0.14730732930837812,0.9332274034402765,0.18300459498726684,0.18415814336886027,0.8660966159221954
2025-05-06,0.8763927370999598,0.9610309816795145,0.9166477845807611,0.9129149616706493,0.8267678682566734
2025-05-07,0.722463350718668,0.28657728940496396,0.2009469270155585,0.21751577007125875,0.8078296298974168
2025-05-08,0.3495028767282942,0.06110289939925502,0.8930748291173417,0.8993895221475633,0.7488246722864664
2025-05-09,0.6285831466804348,0.7580805434878368,0.7859009399064323,0.7820069989165079,0.886093823908673
2025-05-12,0.4382798061825116,0.026190236361996414,0.781938060070092,0.7449319560510065,0.9808600325776602
2025-05-13,0.9774134702839103,0.6281052610490461,0.8871484140722669,0.8868414964919302,0.9168663883498261
2025-05-14,0.4421596039372383,0.11422450576391727,0.31955243613717105,0.3349355369788074,0.6240173292916487
2025-05-15,0.6236943790227284,0.7803828442316461,0.102501893131604,0.11406346895876146,0.4050740444313033
2025-05-16,0.9298806685695868,0.19771693196360904,0.7412045108827514,0.7348268044685775,0.906817125269764
2025-05-19,0.5594027128767637,0.8311092319575153,0.524349984613063,0.5490971049747388,0.8829977186311277
2025-05-20,0.39758278134139446,0.8592152434424506,0.42033717502783835,0.4378720429168341,0.9457112741284873
2025-05-21,0.3454635839072004,0.7339896066270566,0.3103290151084007,0.18151878798915272,0.9743216879468933
2025-05-22,0.13370479980212013,0.3429926047669083,0.302835502484664,0.3479134858672997,0.8228585841236665
2025-05-23,0.09286790882300319,0.9200716212575848,0.6045483540512397,0.6022824116081034,0.9935036572218654
2025-05-27,0.4716162848457436,0.09751039037796722,0.22514550937657643,0.2510972428902525,0.7283146066868578
2025-05-28,0.375973011074925,0.4184283540698026,0.7726200058011174,0.807325265808858,0.22395366612646156
2025-05-29,0.0706859928577291,0.6902877847440063,0.203008390259644,0.1764662335218133,0.42385417616846227
2025-05-30,0.9635684260348378,0.24787737972060794,0.36319862355466975,0.41552198573718263,0.6511529642925782
2025-06-02,0.18554435010470705,0.9474131147769811,0.7626905202545464,0.9419843732338128,0.6879909768773408
2025-06-03,0.7942459187087448,0.3266695024787231,0.8404481819995389,0.7880369036071178,0.34015243393796674
2025-06-04,0.6736395874809396,0.6846917898794,0.18785639310388325,0.27734964956091906,0.8299450773785927
2025-06-05,0.6294971133956597,0.28780784006612115,0.6730249889057669,0.6771861233239207,0.10208799772619122
2025-06-09,0.5988941809067294,0.30602227247236613,0.9460245891144334,0.9532753738613335,0.7096944161751153
2025-06-10,0.06349477799635328,0.3676873415556234,0.4080528149080968,0.3708272130501387,0.5050457043337004
2025-06-11,0.438440179093847,0.4823992856450693,0.9880283560169328,0.9896357039726742,0.5075476670244246
2025-06-12,0.808513103901911,0.9120078523479213,0.3469884572109323,0.4549223520144262,0.5106720083238296
2025-06-13,0.38623616857645926,0.8771489928681032,0.9968266620577281,0.9965880660828518,0.000583670153846904
2025-06-16,0.7754645089897809,0.2003168455967102,0.26415115294716046,0.24471993007846063,0.642675664076352
2025-06-17,0.3839314591868806,0.3746868132693932,0.9563203951126832,0.9411076906330144,0.43487323476527223
2025-06-18,0.21314760770432659,0.5114363149789686,0.5487115755642802,0.5557280973358821,0.500950063391338
2025-06-20,0.0018185872626773688,0.2686402118161256,0.557224242464702,0.4372796833649995,0.5017842845025956
2025-06-23,0.9740795445397697,0.5782817476403486,0.005179676847584235,0.0022804812493095587,0.5030772859822371
2025-06-24,0.7346393024514175,0.06427830065810014,0.027527613319632254,0.04803837975352901,0.5049275840955936
2025-06-25,0.16589732642894095,0.5712994828659925,0.5803862445787611,0.5769543785650584,0.052319917962844284
2025-06-26,0.7771878764181057,0.5566250370205708,0.4971034577103114,0.5469102680336573,0.931072385384885
2025-06-27,0.35023563393427765,0.05642777421908329,0.4936657049642887,0.5419675146828029,0.3821459995658168
2025-06-30,0.6337507199469785,0.6978810782944266,0.4488536545401015,0.4085201973139349,0.5065067140585057
2025-07-01,0.15449155606282766,0.8769214268531532,0.3683653969704369,0.5589084205415663,0.024909800893482895
2025-07-02,0.3850868565984947,0.6250391987608492,0.8651077673895973,0.8474596188391665,0.9534046374125577
2025-07-03,0.3469228001989829,0.2940674253959305,0.4132204229501578,0.391686226875277,0.36971464679492055
2025-07-07,0.6171204062535,0.4791965587238177,0.6721494396139276,0.6928854738638417,0.04522187160526813
2025-07-08,0.34570152114964264,0.20116991245632235,0.6302469171579159,0.5837093324579952,0.8207963300151467
2025-07-09,0.8103767186420681,0.5279414581044855,0.49268972241740727,0.4982578777830393,0.5050581273367958
2025-07-10,0.16569534173102693,0.5554091115521722,0.13434173045945344,0.11412319025884948,0.008911696428531186
2025-07-11,0.6232965919143392,0.8781046893069857,0.8658597681900086,0.8742600124358365,0.8483101495790111
2025-07-14,0.6330809153865702,0.4297214164177768,0.19967111728193707,0.163637629179149,0.503500998289636
2025-07-15,0.10645112397981665,0.21546022609903726,0.33229484488156735,0.35929845006315336,0.5055078189280742
2025-07-16,0.19969409505898242,0.7562171266051289,0.41749839870671795,0.4423574165408678,0.021211167367134333
2025-07-17,0.0022950153407282022,0.3167805173586358,0.7673675316329314,0.7899073454065817,0.8411494070393044
2025-07-18,0.9462684019112965,0.6503900132604379,0.40182930440753556,0.42376647771852477,0.5053532065886617
2025-07-21,0.8611570745934001,0.933753155936264,0.4503224827644266,0.4360232762887315,0.047240523661785896
2025-07-22,0.48013267205396476,0.8790060303107861,0.269946179326073,0.19391050741530746,0.8099044906846028
2025-07-23,0.8127181675267134,0.0821469818611845,0.4415817710308235,0.1945750900567853,0.010560215736219757
2025-07-24,0.15828076729182136,0.1930280307566907,0.7138851059884801,0.7312376535371159,0.9799299140930798
2025-07-25,0.7426342439228619,0.10215068655890765,0.22068576148606703,0.20934042542814896,0.3444380817998597
2025-07-28,0.7176270775547771,0.17127996177948293,0.9139832529570266,0.8956298095413028,0.18547368602253247
2025-07-29,0.1683270584193116,0.6665592712127177,0.9692743249813273,0.966320656027332,0.7168137459244561
2025-07-30,0.4604604653647063,0.1536597152708092,0.7135183052617144,0.7159586028103099,0.1483550900049798
2025-07-31,0.8408212302397458,0.4223604050929394,0.2552255362629264,0.2652033453613548,0.7323378983411151
2025-08-01,0.180627854173141,0.9549622072651748,0.01844300443684457,0.06513864952310118,0.5055862375561346
2025-08-04,0.32595676120737394,0.8156476293941789,0.22012439107916523,0.19618052811953884,0.13273194403650307
2025-08-05,0.8075214244464473,0.590083187150477,0.1751445178912381,0.1740980060770748,0.012305064863607489
2025-08-06,0.6317894124527343,0.44890216570015345,0.24915612236929754,0.23888485597670475,0.8651896696911455
2025-08-07,0.7134915422294166,0.7469496299243326,0.32323646938384015,0.3259888773289829,0.9746996171660527
2025-08-08,0.3356215400989357,0.8965692348112073,0.5305574277588285,0.47910427405735684,0.02860968773858009
2025-08-11,0.7977876443212499,0.011818966691683757,0.4897999594719232,0.5090031555259806,0.8327426698835538
2025-08-12,0.5097776681893791,0.38437934606375695,0.29038912619695234,0.21198360844101993,0.2025617368441247
2025-08-13,0.21317664183301285,0.6115564566730752,0.28885589299922626,0.2855213820602299,0.01528878431951616
2025-08-14,0.11637465634006824,0.188495114507498,0.862080801071067,0.881904286255797,0.5124369202063452
2025-08-15,0.5130951730996958,0.47521389155956506,0.15635617425470358,0.12862275710698107,0.9954306166370038
2025-08-18,0.23369271058988592,0.40754608481718324,0.7473154383427136,0.7034264328035427,0.26140197376599156
2025-08-19,0.4410499736439138,0.2207202820142271,0.1920377368256865,0.14224810807802485,0.6556811047998445
2025-08-20,0.09488956338427412,0.8502683110765632,0.8330807559310658,0.7784311802817759,0.407160132440434
2025-08-21,0.1618486148879291,0.3838401536441482,0.7808445717773609,0.6020784636649024,0.046340911636962204
2025-08-22,0.7309033207618612,0.9011024097903669,0.4995176514561549,0.5354688977428418,0.9491549749322303
2025-08-25,0.9242122883564031,0.4781558735590992,0.8449038170503869,0.8610458723398391,0.15430113093938455
2025-08-26,0.052462646453603774,0.6940682546359718,0.060822846848780074,0.0650122241109797,0.4099837491500066
2025-08-27,0.789283523651955,0.716916151860465,0.7671450473462629,0.7840401315717398,0.05451486590749265
2025-08-28,0.5006142810190065,0.8370017690803783,0.69541353577059,0.6508683579951371,0.006292060789761982
2025-08-29,0.32713585843573145,0.9234662649819037,0.2807357268766451,0.2620254070481628,0.15256320743287846
2025-09-02,0.17894034673345277,0.9826334540367457,0.8303136258340049,0.9214838862676177,0.0063084221208178585
2025-09-03,0.59242593602158,0.9007378068589796,0.06509338530193527,0.06909202494398013,0.4909583473946337
2025-09-04,0.11723370028463441,0.1970888134785469,0.24379459195642073,0.30567680972061617,0.6091790559208948
2025-09-05,0.7848659984229998,0.9019307850991412,0.0709463815058833,0.07122434780686833,0.6458196586456297
2025-09-08,0.12746411450377595,0.7670529101254852,0.6676677215300625,0.6156857419780043,0.01900489002189547
2025-09-09,0.7376037477212776,0.5485558812297404,0.6234824854793661,0.6172611358855912,0.3299867902998028
2025-09-10,0.6452966893946881,0.480449295018287,0.848127703615966,0.8213554085166108,0.840189907203057
2025-09-11,0.6616161656372174,0.3889768244597319,0.12413873770166306,0.1084168353022885,0.1662872746951521
2025-09-12,0.25459089855564804,0.6340712982088376,0.7087516698921456,0.5960363475589041,0.11078100964336492
2025-09-15,0.8453035212690492,0.8391738040603429,0.6573260634431328,0.7052064869754926,0.03645643795420141
2025-09-16,0.20888889634859265,0.5742899874636413,0.8373737164242447,0.8648683330781419,0.8800911982039299
2025-09-17,0.5221934010050218,0.38075738804918136,0.27104753271347803,0.3072751150895833,0.03610020140737571
2025-09-18,0.2233946463547994,0.10059721660914663,0.26386720299683364,0.29442281259976943,0.8368028352845628
2025-09-19,0.5149626588428093,0.7997683729436936,0.18340269330780373,0.1694900418344977,0.16814717662071765
2025-09-23,0.1037978790486596,0.9934787403374651,0.8254252064239636,0.7521393495126343,0.11206574073302836
2025-09-24,0.613573371264281,0.11553901237735852,0.941524909239244,0.9265521427611841,0.8168504334944074
2025-09-25,0.2485984033898782,0.516299516202593,0.5234521262051492,0.47814910853305803,0.02097725747980084
2025-09-26,0.45663815940161967,0.8367094153872515,0.7467771503889856,0.7518295587773229,0.09763334845401203
2025-09-29,0.6833041582418256,0.8762747508056814,0.024835364418794588,0.02153286895840224,0.7443644728137021
2025-09-30,0.08760323216768581,0.6978984068118697,0.16811149160048708,0.16308779596228673,0.3453775974343428
2025-10-01,0.3313162837253584,0.752614150685026,0.06387972522707545,0.28200526000413767,0.04371777658578072
2025-10-02,0.12837946680274503,0.21384462560932013,0.12080638122834354,0.11573262465529018,0.005524656352705807
2025-10-03,0.048558111531674275,0.8483279000121591,0.6249004681686231,0.6213598723481238,0.862451893103158
2025-10-06,0.7172118323603567,0.9451639269770261,0.7936584337612997,0.759197518751244,0.5023367217044055
2025-10-07,0.24842469647374113,0.7622439679037553,0.46972760139952263,0.49686294564052663,0.9938173795077822
2025-10-08,0.1273697452350473,0.9329203717547303,0.7638461968696449,0.7722296232071505,0.4039926819662868
2025-10-09,0.3523555426746142,0.026101569296550206,0.14461461893866925,0.14524227703948403,0.8163511766063056
2025-10-10,0.24861510478862658,0.729735630837071,0.01768207120019511,0.013641699732350495,0.8670327651710811
2025-10-13,0.4206941211410221,0.9895212883903727,0.670529489267172,0.6660254499659126,0.9713916374722672
2025-10-14,0.6993013307218713,0.7367940364832056,0.18822570399031008,0.23820947616057864,0.9623770368796238
2025-10-15,0.2514286050368428,0.7694742808996742,0.3010037676430193,0.33232245785961145,0.545712711251778
2025-10-16,0.8909047090639023,0.9586168134806983,0.19032602920139446,0.21396157070395858,0.9897291160798035
2025-10-17,0.2389870166612373,0.06702814798731523,0.5628543527078255,0.5093575662944493,0.2758645074465901
2025-10-20,0.5046115355950487,0.9802843020464508,0.3611771955387663,0.47209646555762513,0.2857276592190601
2025-10-21,0.5396514546913553,0.0041494201664563435,0.6035956837463758,0.6027893959389556,0.8206504378472783
2025-10-22,0.9878015525510356,0.20784491834343694,0.8911473346196961,0.7478469815592725,0.5577418763377043
2025-10-23,0.5837814906896992,0.8809110673329176,0.9932984777007995,0.9947199421595384,0.05161742553340585
2025-10-24,0.4380021701595966,0.45411014940478633,0.47398651578735984,0.3976977382835203,0.31544983533014587
2025-10-27,0.18208256610482235,0.046497780994107264,0.37047875701830046,0.4172229304151766,0.9692007007196277
2025-10-28,0.11700286585171348,0.24658729669327342,0.13815683340660245,0.14798088207720722,0.10761154453775781
2025-10-29,0.6106025317875925,0.599720477791557,0.6523105257932393,0.595565300676444,0.7240356776762163
2025-10-30,0.5281799109325263,0.6122397946645564,0.5067465487472582,0.5147718323077086,0.07293903969454003
2025-10-31,0.7336482673733544,0.35189495576573476,0.5012497102085387,0.6355628898707213,0.8073983546921966
2025-11-03,0.9884514695836308,0.6141495999638147,0.40252990697885016,0.50790059320869,0.5032930787430057
2025-11-04,0.5784089274973041,0.1602386202196356,0.2967633276096633,0.2870161080861229,0.09989742377208234
2025-11-05,0.11005476050050485,0.7140171255086614,0.15519113876229743,0.14657347252361905,0.8536170144923156
2025-11-06,0.09915734868699258,0.4866093909065627,0.40762269754736424,0.40330178088680696,0.434546866542908
2025-11-07,0.1358769094204829,0.6384649423295219,0.580703236997945,0.6160252588125201,0.28204349836342657
2025-11-10,0.7182300070643646,0.9673610894400473,0.6616967188640208,0.6455271649315546,0.635944587709049
2025-11-11,0.043806318424447266,0.469075499052545,0.8705652599029822,0.8305205568712263,0.010980028888437715
2025-11-12,0.08912247299831703,0.9404223904647911,0.013486949037939776,0.009160027574588564,0.4199590908621101
2025-11-13,0.1655253160200806,0.37934524382922563,0.5793755530592912,0.5472168822432555,0.5561270852977285
2025-11-14,0.07971188427046956,0.05243099333864977,0.8859654862511075,0.8815744163309043,0.6532010727368576
2025-11-17,0.4275171585299318,0.324417993465514,0.4073582838408048,0.41922720777318934,0.07471039847163435
2025-11-18,0.4851145314157164,0.4245366103923403,0.729722190519666,0.7652071504457051,0.03844820849889746
2025-11-19,0.014555882108272123,0.6101782296355471,0.08815068139810377,0.10819958325357075,0.4091019937574509
2025-11-20,0.8917834244440128,0.32057958968625727,0.4157372179676226,0.36545162588979707,0.0021298219825805543
2025-11-21,0.4124170235582879,0.642040084713531,0.184957662300142,0.13901847577522605,0.39186639287693376
2025-11-24,0.5103469489738994,0.6136308293405479,0.7754738066388611,0.7583734323324134,0.7485820235827869
2025-11-25,0.22950125906767768,0.8258708720803599,0.1651462665365408,0.17897817885868356,0.10517448622716041
2025-11-26,0.4740484568012841,0.7029070961893003,0.7291475761005339,0.7402651524452627,0.09301640010324327
2025-11-28,0.9944599104332804,0.8532656830289003,0.5050792159718703,0.43950253245921544,0.01731975063586902
2025-12-01,0.6171440875913308,0.6663676516559006,0.4569137427330402,0.7746284001001515,0.5649421195896984
2025-12-02,0.34470497156027313,0.13293614519130315,0.18630393789605382,0.21922248117646148,0.07592116907933781
2025-12-03,0.6338326242490162,0.580015057908229,0.569293719560888,0.6102496630719887,0.23353110574677627
2025-12-04,0.43670156558753337,0.595559037308749,0.7350505725760876,0.7707680385932334,0.03398526101305011
2025-12-08,0.9158571236371271,0.27073861865199067,0.16431441190930735,0.1769822070730958,0.7323948518444284
2025-12-09,0.8673404623123059,0.6533808888876345,0.22611143214614338,0.22042450107576186,0.6568767474212469
2025-12-10,0.9681722446740957,0.384415523020148,0.5984854358374689,0.5711980278776012,0.055989957265781196
2025-12-11,0.63553400676341,0.960926841456994,0.11715412741628188,0.1482244877366955,0.055985933087819004
2025-12-12,0.4687496990616955,0.6308582156579265,0.3837898355201931,0.39916212851402916,0.23930787082740415
2025-12-15,0.017105264319961212,0.5431949281788919,0.21436214748128826,0.21127741832465952,0.8300565619615355
2025-12-16,0.8473543019173267,0.45870131821546384,0.030256081896406366,0.039998153963411116,0.15407000877507912
2025-12-17,0.43985288064499156,0.8247575538860292,0.7820356365302714,0.7465156730134963,0.7149949429829112
2025-12-18,0.38693498366416607,0.4122975445801438,0.5409793617024599,0.5738746354415248,0.11326184385054767
2025-12-19,0.28467103009065364,0.681402651896183,0.7586842353435417,0.70169248569401,0.9770982506741055
2025-12-22,0.5991543337285747,0.9543272663182809,0.9483448434475785,0.9191718309533246,0.967276845776758
2025-12-23,0.6651767535795798,0.7996340882004822,0.616716506033273,0.6417798645519023,0.8216481606650293
2025-12-24,0.5097199657317699,0.4670060969621616,0.4074019685186646,0.4643555514727136,0.9921485856067783
2025-12-29,0.9434092561020161,0.006293547868903078,0.33102558402717847,0.35281738831467524,0.8915551673863337
2025-12-30,0.13724536387790565,0.7984546454108575,0.4568077649490215,0.41233338568436273,0.5447677520060399
2025-12-31,0.5008925472412673,0.16294087081694777,0.09275096718712554,0.23738409049960013,0.1915223464392571
2026-01-02,0.11305997701314877,0.36602113941657805,0.4141712582927636,0.4229604991717288,0.19225787443890568
2026-01-05,0.8942450582471984,0.9826010919061505,0.8686534937107087,0.8758132710843051,0.05738373656989227
2026-01-06,0.21212709582188566,0.814320711191629,0.1005665231281872,0.07677763084545865,0.7772518559350792
2026-01-07,0.39474355150330415,0.24987229852121473,0.17023348344245912,0.09228502810308035,0.08018363608225508
2026-01-08,0.8415984711755375,0.4758012377772239,0.9730126763407191,0.955106320233371,0.35512220471774997
2026-01-12,0.0012723439496561278,0.9884017257751605,0.952149403946475,0.9401111818170261,0.5745073223729817
2026-01-13,0.09618226932539747,0.4082153404357434,0.9132106812278605,0.9182251304935248,0.1670582890396124
2026-01-14,0.19204330170205366,0.7252826330781076,0.8131805549243776,0.7664872023050415,0.059397820005024464
2026-01-15,0.20034566068577533,0.41760224312764094,0.017944401831325403,0.014701178710485301,0.01690193010079926
2026-01-16,0.7696595380540836,0.2870438012093577,0.5884866676075573,0.5546577918554871,0.5261483513668053
2026-01-20,0.006859326270130889,0.9879036686440956,0.7273534972646003,0.7477708724806302,0.05810879865275089
2026-01-21,0.08991247229133381,0.8593339968282568,0.58949591267932,0.5760079723787495,0.2396328646013428
2026-01-22,0.5598480820567429,0.8607140842621906,0.1432869777454853,0.1393123569748194,0.8308584534028447
2026-01-23,0.03344861928582748,0.8281962353214369,0.920634195320646,0.9049577939802582,0.15204667377654202
2026-01-26,0.8589787130692288,0.9117261798861791,0.38475947289584755,0.3447646976080875,0.06414170923479653
2026-01-27,0.7224936262521557,0.5016838779366228,0.9339201947927274,0.9122363968543229,0.11282033031610814
2026-01-28,0.028215792149718186,0.9876034559633897,0.7407454947746988,0.7365509721542415,0.8451213291261486
2026-01-29,0.5834613721483226,0.5944098279089007,0.9500487886065896,0.9464506636658386,0.024377408962150068
2026-01-30,0.454483420032115,0.0003411712739835669,0.4786519146821035,0.4220974769841846,0.8379055530121047
2026-02-02,0.6310913099817257,0.14522950416041705,0.0049162931557979826,0.016185067845782223,0.21462221139251314
2026-02-03,0.7494280694621973,0.9831240722101182,0.7160528215310029,0.7503507937395042,0.2726193323433151
2026-02-04,0.05585523884387927,0.5762753580293691,0.8913105306957037,0.8921989974269422,0.7209621651286822
2026-02-05,0.8302193182418965,0.2930078000456993,0.12038380880443945,0.10710140463048362,0.10856795148003491
2026-02-06,0.4502350384010108,0.7776851141163498,0.6039520884861571,0.5528452156688775,0.7461280084232037
2026-02-09,0.21846272628367297,0.8089506247217705,0.7284760370132183,0.7055804292720951,0.09594926648437613
2026-02-10,0.015321477510221811,0.3335175452128038,0.4177320121185417,0.36790943054872266,0.7553494207914745
2026-02-11,0.35778184790999057,0.722680580017373,0.6468513306498034,0.6828951051401371,0.15838168062205196
2026-02-12,0.12869733717510531,0.09666386064084447,0.08998661022386135,0.08118341146117448,0.6576244609084245
2026-02-13,0.3171147110177139,0.8065272910613914,0.5413658790306941,0.4946403286116909,0.454579882394607
2026-02-17,0.04204141352247564,0.10352999230918498,0.3784435702405059,0.30552022093169845,0.40680766402283164
2026-02-18,0.07084620039065676,0.8257890906000578,0.9696220813561246,0.9769621103970149,0.6507164121275788
2026-02-19,0.011721201214796653,0.4577982287414341,0.8070876345242786,0.804811688580149,0.702588882464711
2026-02-20,0.8693420310312558,0.7881552395490655,0.511510050381308,0.4733549413443716,0.9965876884937679
2026-02-23,0.21324619262132288,0.9079471390356715,0.3981842386227255,0.45671791836222936,0.7231363289288681
2026-02-24,0.46660355133262266,0.3201017212815506,0.26831788178912575,0.2731864215794059,0.9729242057096197
2026-02-25,0.32749986878835313,0.6797064322124262,0.4994849700139986,0.40793077808957445,0.2223437586625387
2026-02-26,0.5685030807630713,0.37315170446796664,0.4415594951681258,0.4050267635811457,0.4417073517239646
2026-02-27,0.0354718813342117,0.7008926063851499,0.9063381835561252,0.929085929227618,0.3707394634243361
2026-03-02,0.9196317884333821,0.7435436248806616,0.996931736046861,0.9952051724964694,0.15467060460767046
2026-03-03,0.4603934399638718,0.04276280514632927,0.9590926518881231,0.962894131619665,0.41957143933599655
2026-03-04,0.674011858601502,0.522365292824206,0.4910357495068101,0.5132379583976779,0.3291855585901426
2026-03-05,0.46837912559238265,0.25932003656237806,0.9609492600785906,0.9956781130391024,0.08917986479515726
2026-03-09,0.9828831238345882,0.6023131444514718,0.9993819405010742,0.9994213930526195,0.42235416521168867
2026-03-10,0.913471275924395,0.9238921030911574,0.013257521372896243,0.014583150927451454,0.045143565756089625
2026-03-11,0.41838415198592366,0.24625719218882064,0.805864661333619,0.765047366931406,0.09939044206920224
2026-03-12,0.1472178844182268,0.25744061649667915,0.9453113616736523,0.9349570340069425,0.00840664867388086
2026-03-13,0.42835853191737244,0.211770849675921,0.7005567980292144,0.703672838270432,0.8729765928996815
2026-03-16,0.8687163227568212,0.21939518770049526,0.2683026929284276,0.16048304994227197,0.5622251314526892
2026-03-17,0.5662383447641681,0.5141256110455442,0.7439833300047312,0.6977933355115244,0.0453014715687775
2026-03-18,0.195651757993333,0.08490870629860961,0.7954893516858882,0.5037954567515973,0.2859779400485609
2026-03-19,0.7496360759873585,0.004274470051286483,0.6051244931543411,0.4763061230666835,0.14614652728474875
2026-03-24,0.17232340310865887,0.015728595578138365,0.16754709869057258,0.17857700093195328,0.42326429541272104
2026-03-25,0.1543635511829284,0.947667184161203,0.27621089151613454,0.2917856028171527,0.7527022954938197
2026-03-26,0.6236551818502643,0.036202052086567175,0.9063433623449069,0.8528129002407405,0.09292848434720584
2026-03-27,0.4950943627476354,0.8973071865516569,0.8501732763439196,0.896034271778898,0.18779874610180677
2026-03-30,0.4494447678103196,0.664964141177935,0.5140163016734737,0.7856676412592289,0.035197322843902944
2026-03-31,0.9220763372406692,0.9092886453658069,0.8952456167576108,0.3407494920405616,0.526382231039016
2026-04-01,0.6625692361888009,0.9225991029921585,0.0022920773076769,0.35131118415427437,0.6157884556718022
2026-04-02,0.15289634476906686,0.09007459932986871,0.897569653540431,0.9928665570609245,0.593293085002636
2026-04-07,0.02059648185243565,0.4977898321779516,0.5152612303975985,0.6196573143621569,0.041872746697561865
2026-04-08,0.9486569920037886,0.8441139751757799,0.01345843009112346,0.0011920953092411618,0.14621581033290476
2026-04-09,0.3519328201866468,0.690265361627431,0.5644460058569261,0.6986014302927785,0.8100199508015035
2026-04-10,0.7944850131005894,0.35232945276948624,0.44034837622339823,0.40897728830750174,0.07208161079790903
2026-04-13,0.6154221525650041,0.3884586763019829,0.7765434572796504,0.6668752891413172,0.4467840561256097
2026-04-14,0.9871912377667587,0.8296036889853875,0.1855976337345145,0.07809363447616777,0.1896603487628785
2026-04-15,0.23368516310729343,0.3749812344456344,0.4993148427683738,0.4904909207558772,0.6461268122041268
2026-04-16,0.1656414910569397,0.40812246112477424,0.8192136455765009,0.7497129704255061,0.5233263587907544
2026-04-17,0.05746599214702207,0.8099760440526713,0.03902142048796396,0.020183642382357907,0.05406431207393731
2026-04-20,0.8474100942947069,0.2508117824222247,0.8427403645939926,0.8533934162199972,0.7896535961629567
2026-04-21,0.22639650517409596,0.08327114027481959,0.7311326101610929,0.6822885045773046,0.04815259793136085
2026-04-22,0.8583866067730823,0.6558028547961889,0.7593890481114566,0.5612338246125566,0.15172521031619596
2026-04-23,0.5975858113172612,0.33885174294991066,0.7441168835036157,0.7205667767698453,0.0288009082466878
2026-04-24,0.41741973435311114,0.5815378007257688,0.5165536442204736,0.369582366235746,0.8562573210246683
2026-04-27,0.11056476425450629,0.2343441395288809,0.7372065289093516,0.6687722809979023,0.045945431080293996
2026-04-28,0.7962117433142974,0.10424779896174273,0.7514625860755334,0.7938946178784689,0.005912020359024871
2026-04-29,0.6034732650494531,0.21242132019481794,0.9210480198644339,0.9326531839422445,0.8203855809959113
2026-04-30,0.9184107098602685,0.8463561433284489,0.18546633118649167,0.3366592005914911,0.566322255945662
2026-05-04,0.9882650948032244,0.08015976701721693,0.5254575229297214,0.6185199101263852,0.05148330543956101
2026-05-05,0.9040561019386638,0.6976822631550933,0.13051997984343702,0.1452502124333706,0.5042624301294607
2026-05-06,0.6567870153370002,0.9584431286400593,0.02606419014470261,0.038159986319061735,0.6669248963298458
2026-05-07,0.9629831735910613,0.6145679731250087,0.36160835726748314,0.4586216439272758,0.022173781504056123
2026-05-08,0.06485741967008032,0.6149192007761662,0.6161026555341553,0.5577017349622728,0.8418633135169205
2026-05-11,0.9948246557095368,0.4761271114573436,0.7749801131581725,0.7667952870338215,0.14677234302782696
2026-05-12,0.23490356674531326,0.2396547947135689,0.8218093025001432,0.869093874331654,0.36053848509777264
2026-05-13,0.1460434775366157,0.6101741400961926,0.26979052404986,0.3606159319201587,0.015064833023298507
2026-05-14,0.24395602915035267,0.3538563874916616,0.4948567464823373,0.5067344963780289,0.01823031219082616
2026-05-15,0.13431765512862293,0.03316676508741763,0.8418008903545051,0.8969911238750222,0.8968512437820795
2026-05-18,0.09850452582430373,0.43437716151149314,0.7928786268734115,0.8320246753390484,0.09323940739870397
2026-05-19,0.7722180772155868,0.1906399013830417,0.3889629788881254,0.37936227921696397,0.038422899421677904
2026-05-20,0.44419530972030236,0.6574538558150209,0.035308223056614685,0.005526487539902818,0.3018447568107758
2026-05-21,0.20674049425114313,0.5523083456463278,0.20887829865297325,0.2904690996602006,0.03889192217221692
2026-05-22,0.5767998072473843,0.3380206567836036,0.6077111205588062,0.5175665570869992,0.8240950055829469
2026-05-26,0.9816749052050335,0.3157080198240613,0.0950925462325442,0.19979670378813458,0.023001507317214193
2026-05-28,0.32481882018750097,0.4653954003870039,0.033961084799170406,0.06309893177759923,0.2994012529395202
2026-05-29,0.1433426447948075,0.8776141053605688,0.26995255341104474,0.2986194984531538,0.7283082058054406
2026-06-01,0.4273078489060802,0.05798978324832827,0.8293889924617023,0.924944101022559,0.11755622226149733
2026-06-02,0.8983482494273501,0.578044125207869,0.632267218090713,0.6876319179005116,0.09723369035540032
2026-06-03,0.40078054844735495,0.13221380857250886,0.7329814645426391,0.7597545514201165,0.046206567280566095
2026-06-04,0.24649476006207408,0.7778057377827597,0.14876693277458486,0.1566252393960992,0.16456938583923045
2026-06-05,0.09803119115422618,0.0113949247357894,0.21256289450262864,0.18350141981620402,0.5377241804121389
2026-06-08,0.6802037601989563,0.4356712747871848,0.6643637887343108,0.5967385295641763,0.9398509592612988
2026-06-09,0.49188343005629054,0.06079211710225465,0.12207421815732845,0.11766813538467781,0.9857497929209196
2026-06-10,0.2973749583655099,0.0069708517541280735,0.7415878271859264,0.748768837139634,0.9878300561890392
2026-06-11,0.36317239861326633,0.29539585189749457,0.11909864179315799,0.171096632122866,0.9113796147128229
2026-06-12,0.6881859384706641,0.9817155481928763,0.08998381696811934,0.11764739524941872,0.16933719349677187
2026-06-15,0.7625119552051519,0.9646210323298399,0.04255672326076927,0.0486036856637008,0.3070854334407787
2026-06-16,0.9481549344794833,0.526119441046413,0.04480102082181818,0.037275283589986524,0.28332349141485624
2026-06-17,0.4914750513380676,0.6782510108013602,0.5793650586465411,0.5989910332893658,0.3003230384000822
2026-06-18,0.4908828680490397,0.02350997868481419,0.5404840117219549,0.45844409697765093,0.9170886639758523
2026-06-22,0.9815170009452032,0.19338261438996232,0.17453170335071694,0.21103011720599948,0.115079930332239
2026-06-23,0.530235806459018,0.15602354838045046,0.32403425527356167,0.21986769264177827,0.6485892523295202
2026-06-24,0.9619916698839381,0.016092602994994716,0.05488177233860858,0.08743230559010871,0.14782288830115842
2026-06-25,0.8856571175682999,0.7460425243651285,0.7580948288930993,0.7616546837216157,0.040440043556405354
2026-06-26,0.23086574383923975,0.8142732303274247,0.05910813068602831,0.09675059838662306,0.34697586982330214
2026-06-29,0.2696417632654866,0.1422374063382165,0.7026341497437136,0.7596238637378813,0.0405347827000326
2026-06-30,0.7076472902640839,0.4745463734616208,0.4378955602353616,0.25308135280816235,0.37703547402722315
2026-07-01,0.4998964695388429,0.8062299180515784,0.21649736154894117,0.2959310077352027,0.815909942647902
2026-07-02,0.37454480064288515,0.8063463260610491,0.5328884628371903,0.5101056331428778,0.01599235782083285
2026-07-06,0.9950306436971622,0.7950196797794122,0.5288615638043457,0.4516225453264878,0.8417665000592143
2026-07-07,0.5902856733766426,0.41043149778439175,0.8900824408810012,0.8655704274040567,0.04749636495946897
2026-07-08,0.8723933390102762,0.07311463458841373,0.9710676243928059,0.9523276914190951,0.5670372543199282
2026-07-09,0.8968718764389442,0.8677867116053949,0.177641888601577,0.20067743511397676,0.09255258405606456
2026-07-10,0.0766392844405282,0.2839681686740138,0.41315914100379797,0.3283211997331511,0.26042084399883825
