Date,cocoa,gold,brent,wti,cedi
2015-01-06,-1.1717645480390515,1.1956296887149411,-1.2712408015290235,-1.1960775009691624,-0.09196084244340091
2015-01-07,0.2341593156308057,-0.6798901981199504,-0.014962733828658457,0.3613056305775257,-0.13646592086026013
2015-01-08,1.9222199150092147,-0.24032657766010945,-0.1529832405628134,0.05856765717579526,0.002618065702569232
2015-01-09,-0.5114623663663724,0.5451518269331292,-0.6056097169147584,-0.28713816575771783,-0.0960974522214637
2015-01-12,0.6143397132066689,1.2880475086251961,-1.9588944566786062,-1.5456686552495387,0.07703368978569552
2015-01-13,-0.12592830929229454,0.1054903130755838,-0.5995373965011513,-0.14771637297738438,0.012455445650905056
2015-01-14,-0.01786167790276184,-0.040785201810767516,1.3589075318211923,1.653672352869217,-1.3069428443770166
2015-01-15,-0.43160813484927435,2.3185597632651254,-0.6733639376131118,-1.383824415149371,0.18353651383310177
2015-01-16,-0.9593870559976636,0.8217509371273273,-0.02722202493577467,1.3832870559514998,-0.07456154449320948
2015-01-20,-0.48574688317130854,1.1127992571201868,0.17537560945447853,-1.3220371486392146,-0.025433690406479463
2015-01-21,-2.0221407996480507,-0.04648968074896648,0.7198135902255556,0.7324680037466076,-0.45957497819908194
2015-01-22,-1.3908803080735446,0.4101741988449652,-0.4069083780611456,-0.8582650311467479,0.19883551817339634
2015-01-23,-1.2709334757753603,-0.5722251420464904,0.1651891435476113,-0.45723589741245685,-0.2297720160294646
2015-01-26,-0.5183930446599994,-0.9640817811822298,-0.5504823138518824,-0.30570143517680864,-0.12368291646065861
2015-01-27,0.12620624966924454,0.7774241761147531,1.1482239139726431,0.6865915130084572,0.4919022846399148
2015-01-28,-0.8256271052875055,-0.4254529504810867,-0.9577552282299163,-1.2570462105923503,-0.3992207574240155
2015-01-29,-0.8551474547023047,-2.2985075884465322,0.4921952923656559,0.01989055074850393,0.13617654606629295
2015-01-30,0.1635296467108767,1.5476714952036745,3.118143529577837,2.5466417266676826,-0.42796323988889773
2015-02-02,-0.6527043729609066,-0.151143864617846,1.048682085647418,0.7270697986386634,-0.02390793879232711
2015-02-03,0.5131182046189954,-1.1510043395837564,1.7999902883567505,1.8882957074654365,-0.49517633583782533
2015-02-04,0.9037633959711269,0.20058196641952442,-2.034818525333487,-2.3652293148168977,-0.9732751970456448
2015-02-05,0.48688484129728354,-0.16378891039760296,1.1003036999017635,0.824327433136451,0.01406018045287297
2015-02-06,0.8594946709471079,-2.0592342037420455,0.5540569356046847,0.4987139340700099,-0.09999988332678715
2015-02-09,2.498377600038109,0.38450624040116105,0.23390416179393156,0.4939064693485317,-0.09093762057314947
2015-02-10,-0.16473576151541988,-0.6934936428213273,-0.9907819798040474,-1.3448894405890197,-5.461763907566315
2015-02-11,0.35954558968041084,-0.9934024207744904,-0.9640355140192328,-0.5768675065398199,0.008086327712022563
2015-02-12,1.8423291510555317,0.007177534455991242,1.2033857699171921,1.110287913288401,0.012071921700709799
2015-02-13,0.26665993266894733,0.43910132886293507,0.15520112836807184,0.7176857290049605,-0.0652095212117673
2015-02-17,0.44714060537504713,-1.4672925669699457,2.5767205718847928,0.33898254414372936,-0.09008615325650271
2015-02-18,0.8180934612184765,-0.7483221101675338,-0.8318367533342234,-0.7235852852873892,0.029701022720716255
2015-02-19,-0.09627124700914974,0.5189602382193195,-0.17386267924270912,-0.5502828383698435,-0.06534876806659441
2015-02-20,0.006268014438195751,-0.25348030651222103,-0.025484087627724795,-0.4916311337697725,0.025485543731574623
2015-02-23,0.5966587623337966,-0.39740499846100963,-0.6683692048219835,-0.5640477666630833,-0.45237543498522015
2015-02-24,0.6112396574545337,-0.3505776308846115,-0.15906145415932033,-0.13831927652987783,-0.8929233288377334
2015-02-25,-1.4295561294438617,0.288266374079942,1.5052667739153531,1.0971950158702246,-0.10669754940119365
2015-02-26,0.6115004549665393,0.7007191444109969,-0.7939788477621654,-1.911914876783188,-0.058265563573315304
2015-02-27,1.1481676816239272,0.2237563731765664,1.2201092392708095,0.9000372649076865,-0.4365555957358814
2015-03-02,-0.4222724672619683,-0.48439960957578715,-1.5254218347857702,-0.12036831705617189,0.2861234119613753
2015-03-03,0.2879873204754085,-0.4054629812379379,0.6530056833407737,0.5551088026834234,-0.02961131374049024
2015-03-04,-0.3512865292871929,-0.38317800490605425,-0.25017761333867444,0.6257467848971262,-0.5122660160419906
2015-03-05,-0.32560913887082316,-0.5129319862293651,-0.07050997161161629,-0.5401567209968747,-0.24967302574602254
2015-03-09,-1.8744169501619046,-2.941226476414998,-1.0996342641926207,-0.5705945035379533,-0.8634320147678057
2015-03-10,-0.5306964319899284,-0.7090514846523487,-1.241467833183436,-1.3157938585800149,0.3278705379615377
2015-03-11,-0.9977593266462023,-0.9561958627029544,0.5853620390726105,-0.12603554852011373,-0.5483971241145028
2015-03-12,-0.48014591255258754,0.04936522911980869,-0.2865633255439387,-0.9036339356931158,-0.022313103205397294
2015-03-13,-0.5436628126101318,-0.008429502904778107,-1.5020451844999463,-1.824438588897655,-0.008702933813189536
2015-03-16,-0.8869959476117247,0.008689982451848197,-0.7748712819222303,-0.7453224791231831,-0.6059330095369014
2015-03-17,-2.166910601548039,-0.5646890551873383,-0.04810994468857155,-0.3548906487369298,0.04534506158593912
2015-03-18,-0.7938185163517433,0.23948442393777872,1.5162605292368745,0.9217546191159416,-2.7947414590600914
2015-03-19,-1.16325824840532,1.76895588564852,-0.8989717651845215,-0.5889339726712762,0.11615024149572149
2015-03-20,1.9230454472391485,1.451802434063472,0.49265757010723255,1.4137643619115892,-0.33445524650694697
2015-03-23,-0.8651510160212401,0.2626120235698943,0.34198588624736626,1.31221685856851,0.1959314222248731
2015-03-24,0.6077178968000744,0.28035523763773285,-0.5586601140321463,0.022885338116884226,-0.5911187173903396
2015-03-25,0.0272226961726819,0.4570472757929064,0.8682683931507528,1.2811604860956378,0.07459742065782217
2015-03-26,-0.6903153866223778,0.6649145592791669,1.7427677539607,1.6013938414113844,0.036537918161938694
2015-03-27,-0.4389456265214339,-0.5240908600017209,-1.717980181343233,-1.8094451470765922,-0.3542041436502849
2015-03-30,-1.3058691420457644,-1.4784634981205724,-0.11938651642265403,-0.15823905468482985,-0.28783394301481235
2015-03-31,0.07656204664979856,-0.2578446701506342,-0.7541179059224378,-0.7643873623650028,-0.389592515223305
2015-04-01,1.2317775936320312,2.3004080014176944,1.1818623986438304,1.6704296980694795,-0.42343351130205437
2015-04-02,0.4512439811252399,-0.5824230644057977,-1.3391410757213338,-0.6222453325429439,0.11112433877652428
2015-04-07,0.38378988754775323,0.7311658687771098,2.3510799637072735,3.040744706734059,-0.40297312509972244
2015-04-08,0.5119936248635725,-0.6525835160789527,-1.7743852735630277,-1.7498381215645964,-0.25887336608812916
2015-04-09,-0.4298165963566633,-0.876589909189869,0.42656541000657916,0.13663313067424518,-0.8264417194040184
2015-04-10,-0.3223289971906331,0.8642028946611288,0.5932070153403924,0.3847799163464825,0.5747819160653126
2015-04-13,0.43105461097161213,-0.48001045163069905,0.006977991092934323,0.11510522012177414,-0.23121962037298271
2015-04-14,1.2279394638716392,-0.6339491800948265,0.2245158308295039,0.6980737946684287,0.009661325642022807
2015-04-15,-0.8461216888609121,0.6947572613997993,0.9633346326341693,1.5976338569258948,0.26452190032846506
2015-04-16,1.3185127196429913,-0.34558338914061154,0.020146079386417215,0.14174078466470444,0.22598020907935923
2015-04-17,-0.8265961588792075,0.3735666445364509,1.6031333993366692,-0.5263467063039402,-0.7006493546710807
2015-04-20,-1.556915165799231,-0.907108686947068,-0.015642394121057352,0.3166078059338072,0.23457031605627818
2015-04-21,-0.17665475319200663,0.7849823750438393,-0.7609744993221992,-0.6694461479490629,0.4021235326701182
2015-04-22,-0.06523506960664606,-1.5153638462472059,0.3098432591284978,0.5006269766322712,-0.5283450551459008
2015-04-23,0.8359320495864127,0.5917893895338705,1.1472469932738998,0.9346034855898716,0.5889518799882546
2015-04-24,2.043897175313362,-1.8324281377017353,0.20983321261601875,-0.3864129854949186,-0.2733797472511702
2015-04-27,0.6132880403552037,2.4591523383688303,-0.2920955677901997,-0.1384265279701205,0.010737224490809867
2015-04-28,0.09271711418892756,0.8253398560184907,-0.15676498582529869,0.013136421422949667,0.037315932311108496
2015-04-29,0.5195536123156137,-0.34638078970491887,0.7015478473750492,1.045375084195812,-0.057165437978278236
2015-04-30,-0.163362456485369,-2.21100592449998,0.5542037956730268,0.7050784653864938,-0.35745291001515517
2015-05-04,-1.674440383633214,0.23167619164183664,-0.2504916064509914,-0.5338625619911193,0.09757314783769325
2015-05-05,1.4178145633466797,0.4583707432598257,0.66528599830419,1.0389473428343385,-0.2797918845562712
2015-05-06,-1.132903950208968,-0.2665242006868981,0.1298383815167023,0.35330948173340904,0.04316994145361202
2015-05-07,0.20335724254676416,-0.6993433175843299,-1.6468132303237795,-1.5611733565023427,0.19829432979115755
2015-05-08,0.492104854655525,0.4816799379061673,-0.16211852052449258,0.27221562874932054,-0.6656577619946573
2015-05-11,0.6271163003379796,-0.5312375423277803,-0.38532574305513717,-0.13942502702813597,0.3360630306484837
2015-05-12,0.668034538407677,0.7297803722809779,1.3470127074109388,1.1086249545878468,-0.09347552296118843
2015-05-13,0.3887079215333211,2.1298174827967293,-0.06705463411477541,-0.22051814496611577,-0.190832446403259
2015-05-14,1.9363206729357223,0.5155139063960518,-0.2081649622464702,-0.5348009118501512,-0.7157359427078862
2015-05-15,0.8899827970681093,-0.027583773531367033,-0.06854064057481767,-0.20192342700801677,-0.12740458908998165
2015-05-18,0.0979257424275645,0.12354112828006647,-0.2878905453360034,-0.268316827776884,1.0579952756482205
2015-05-19,0.06536663097868092,-1.6705170963675893,-1.9080938080773144,-2.015420352813478,0.06508605674603955
2015-05-20,-0.4676199862398828,0.06041683698055036,0.670587785371717,1.2674537936391348,-0.24977187186287725
2015-05-21,0.7837631459968817,-0.40484524313308873,1.0649883213622713,1.2408256158056252,-0.48570997050646597
2015-05-22,-0.262531971943577,-0.0710687374848454,-0.8889017908206371,-0.7429061821412666,-0.36089790248891307
2015-05-26,-0.10271084972597369,-1.481994486193566,-1.286006786326274,-1.2948645585337388,0.4320550113823288
2015-05-27,-0.3930326963802109,-0.20174510059002138,-1.2763953901476581,-0.4172185687569959,-0.519083710048478
2015-05-28,-0.3959730522314732,0.13007816213740836,0.3105484155586967,0.08698437643621584,0.28515242138353236
2015-05-29,-0.7916123487496554,0.062347331460136116,2.0996077615621362,1.9716687265732344,-0.529143972371939
2015-06-01,-0.7762124303771082,-0.15213642542274658,-0.449267916395951,-0.09099114854595658,-0.007473163248759088
2015-06-02,1.337394613895699,0.4642614696326061,0.34840873311037385,0.7128964182841033,-0.5313955099792879
2015-06-03,0.23725395142128317,-0.908280401183042,-1.196725385093621,-1.2177440037543927,0.02324005415256202
2015-06-04,-0.27135014879889,-1.0007285963439503,-1.265300395978612,-1.227502564222685,-1.000858133996305
2015-06-05,-0.016110343685278167,-0.7602903209984198,0.7902695144512807,0.7422816126736788,0.11383526715388097
2015-06-08,-0.019029558020073663,0.4403156694103927,-0.45017631880723585,-0.7373710076676273,-0.16893870338836642
2015-06-09,-0.2787742463990872,0.35059804653372134,1.450623926758688,1.395466285929222,0.044153797796435676
2015-06-10,0.45959862054850636,0.8105483521992645,0.5006362886011015,0.8486192782361416,-0.14928068272827094
2015-06-11,-0.8663721478725019,-0.6431437521290349,-0.4320509544471783,-0.48468506825956736,-0.9563633580230341
2015-06-12,1.0727327943700833,-0.18915975757390557,-0.917622210068316,-0.6254140981042356,-0.5144613004874384
2015-06-15,1.5133115279262528,0.5869279878461673,-0.9534478804061781,-0.3712910671221042,-0.3422283955388802
2015-06-16,0.5455588816075528,-0.5328093243728594,-0.04220860494375543,0.30629466257679094,-1.0755008048776618
2015-06-17,-0.18293020110259295,-0.5021339661797465,0.8693197172750056,-0.07989066566875147,0.2663353124716655
2015-06-18,1.5753953981066746,2.525182916112664,0.24916066690314273,0.4000578628296949,-0.22853510005004576
2015-06-19,-0.7039643017537132,0.0034489522796470355,-1.0065203361129345,-0.7730608185734252,-0.2874062649174853
2015-06-22,0.39998707645446374,-1.636571878952581,0.1852165903250615,0.010779003331421058,-0.01436982024127148
2015-06-23,-0.6607443612574687,-0.7654968895104219,0.828611763355625,1.1525601361583104,0.06360303143158387
2015-06-24,0.6053654865250822,-0.4016910913935032,-0.8104945929361979,-0.6907803450005467,-1.0669200806010593
2015-06-25,-0.4257813797667975,-0.1693114590730732,-0.2970235512735565,-0.5635106084288193,0.1334052343132099
2015-06-26,1.1634007920644651,0.0690922074048646,-0.007533713488032997,-0.11567962030861748,-0.17449312247848356
2015-06-29,0.11936407300318778,0.4785508147309752,-1.1566845657971248,-1.3019938121831085,-0.3101021041955851
2015-06-30,-1.3971859276397385,-0.7246654771565855,1.2765529087242105,0.9763656073089065,-0.16420010035267982
2015-07-02,0.3918705604274536,-0.9205795356732153,-1.2973414535863863,-2.359713815490626,7.596526848652067
2015-07-06,-0.2472531876597472,0.8997365256635561,-4.702282443035116,-3.4377234510251578,0.005349832212332669
2015-07-07,-0.6745791185865795,-2.066094018477416,0.09545647664699453,-0.14493636826109796,0.003882024125991939
2015-07-08,-0.10511953502092199,0.9392966875164411,0.07501912041987727,-0.4106919929558713,0.025376683385229654
2015-07-09,0.6949245285124506,-0.4412420220342296,0.8102602573135895,0.6384102881160453,0.0741609117811524
2015-07-10,0.3154231576137696,-0.19875947798085863,0.041646482525509516,-0.04763008382056195,0.08110669933674017
2015-07-13,0.11342511076506606,-0.3136794950964555,-0.5414173847172044,-0.380953082969987,0.404826058234708
2015-07-14,1.5234362610802457,-0.26240993946203767,0.35237547146218373,0.5373227458594932,-0.11465317786620684
2015-07-15,-0.5255981669366969,-0.7001189445139344,-0.9511217764883254,-1.193888213088647,-0.05569912499540782
2015-07-16,0.006196442624575172,-0.43996001297346515,0.24405566234284098,-0.39247174633821924,0.7575898536465137
2015-07-17,-0.3176766458238958,-1.3658435120394774,-0.029591650615364454,-0.05035209526473105,-0.022884157174645113
2015-07-21,-0.2723635387215558,-3.198089018063281,-0.37597963389738587,-0.45270502869260554,-0.37187890410699603
2015-07-22,-1.4322104121301906,-1.3581930101160542,-0.7143505109632426,-1.0143754678593577,0.006648934904756335
2015-07-23,-0.8800420989324585,0.17143791771577263,-0.704012674290542,-0.6629447475660705,-0.07877256495901866
2015-07-24,-1.4772347390370786,-0.9290903094594449,-0.5614930417101539,-0.3097910722255695,-0.0131601640104499
2015-07-27,0.25760386545972264,1.0582547199935648,-0.9935586552164116,-0.7275249417953961,-3.85841856432595
2015-07-28,0.21684872555109744,-0.05078191156877771,-0.19594235481319597,0.5062352311173074,-0.019201425172074117
2015-07-29,0.26684019640041967,-0.43901869341783667,0.019445350732640327,0.7353050494732628,0.020140317496774546
2015-07-30,0.048665903536345465,-0.5323601315901058,-0.11162002203254494,-0.297268420876232,-0.16613734661637558
2015-07-31,-0.34341089888547177,0.6267526938618279,-1.0899831809647795,-1.4802371165306558,0.023746241233075668
2015-08-03,-1.1248709873038132,-0.6426701654669166,-2.640600682096757,-1.956341389170592,-1.6366895000939288
2015-08-04,-0.060122544364704364,0.061645048779850706,0.29990173600707803,0.43912590096889803,0.00424489712172725
2015-08-05,-1.2034027537721985,-0.6250677059402999,-0.3592206056326046,-0.5557012200625271,-0.7627399598570969
2015-08-06,-1.67312665405119,0.4302977181936963,-0.1058655056469632,-0.4946407204253386,-0.09799549160341314
2015-08-07,1.2483463409461046,0.39388008506225297,-0.853818720526551,-0.8105744496405135,-0.2593821646971612
2015-08-10,-0.3570922816968507,1.1090620329330658,1.5385127506873155,1.0233217588275774,-0.1470361440395339
2015-08-11,-0.3705105042456979,0.3438098812082907,-1.0586311150521213,-1.8946113844140036,-0.2096003827959547
2015-08-12,-1.2531203560100947,1.6935893556500665,0.34657203310586887,0.14826362318026423,-0.8068021007539837
2015-08-13,0.1477148465461948,-0.7944547597564718,-0.4224348390313811,-1.0291803745270711,-0.8032495454897326
2015-08-14,-0.1258886110856992,-0.37930997870175004,-0.22271016270891045,0.20927495940155635,-0.29213389923410693
2015-08-17,-0.23004343503709151,0.5357989912297035,-0.0501737273276968,-0.651171660878477,0.03774270488648497
2015-08-18,1.356102906555505,-0.20953205483095452,-0.26756015451179027,0.7097557162501591,-0.32300529018251595
2015-08-19,0.8301793855403425,1.1265441254938096,-1.7787375288702816,-1.9308051219639877,-0.5460858103213128
2015-08-20,0.49832342744215313,2.5645883790749284,-0.5826928027336408,0.26648999358042585,-0.24945460242549142
2015-08-21,-1.7088331093270182,0.5733206059025547,-1.217441242229924,-0.6977345456103995,-1.1645807143773266
2015-08-24,0.22391790926744168,-0.5773804278528849,-2.8701857409960567,-2.298646204436368,0.01840115640165825
2015-08-25,0.6092326132981483,-1.4262290241129367,0.3519141514421238,0.8550945124200101,-0.20276031050365076
2015-08-26,-0.45814438015272185,-1.3181371997085505,-0.08965286444727516,-0.6301675979061926,-0.1899109161063835
2015-08-27,0.3419090896067402,-0.28881271036641115,3.5925809801537856,3.325661893465939,-0.09964488809425903
2015-08-28,0.026632861631848182,0.9261568243246433,1.375601615002781,1.5550433827574806,1.4096123106213838
2015-08-31,-0.38646929437237104,-0.16586411128938253,2.060742309557469,2.080269043606697,0.49768362114986614
2015-09-01,1.0814568436106902,0.597368153275483,-2.1080244727970547,-1.7980652587501809,0.30368712357614275
2015-09-02,-0.7811098170155819,-0.6183593077641357,0.3442050533709484,0.33591569667217935,-0.0707042507616735
2015-09-03,-0.11742121198095593,-0.9149265550318698,0.05884048819096023,0.21134101332287095,0.14907717941792642
2015-09-04,1.3627611027875066,-0.3829933659433166,-0.5093935459016381,-0.35741012387737303,-0.18659752293000664
2015-09-08,1.340841410887774,-0.08829797356442856,-0.07341464286996918,-0.08013432143443623,-0.06422571811912547
2015-09-09,1.1432283790899407,-1.9133129562909643,-1.0280292962899165,-1.0306613152501034,-0.08856946436495544
2015-09-10,-0.010209133721054418,0.6209840722726633,0.6424412937687453,0.9640176306411243,-0.08668656538190637
2015-09-11,-0.7152048622677954,-0.6437544420451053,-0.4202405991432204,-0.7515509227337963,0.10663503472408933
2015-09-14,0.7304952384422111,0.3510140088339456,-1.0481076307205799,-0.40519446541202947,-3.55472145383265
2015-09-15,-1.551486917726798,-0.5583946948623324,0.11162322071913673,0.34473232434354467,0.009324716478935291
2015-09-16,1.138234519370002,1.6407543324155212,-0.04001492814238926,1.6252144797359565,-0.07654976679521684
2015-09-17,0.2927270228862819,-0.1992628795504941,1.5158862209398043,-0.16339809266369928,-0.13979911074085002
2015-09-18,0.6287890558126688,1.97293053843151,-0.9750338830643792,-1.476362452170551,0.2828817188906515
2015-09-22,-0.02867571284018149,-1.154232724393127,0.9230065356241428,0.6754495682834456,0.2113263854308806
2015-09-23,0.025197281330146228,0.4989348421318845,-0.8268959102117219,-0.889558766889691,0.1709831219164984
2015-09-25,-0.9819498683997524,1.2407213763694087,0.48644012680269133,0.763021108166143,0.18006329133791865
2015-09-28,-0.8605799473936907,-1.2230621542170936,-0.8435142439843458,-0.8777674539597644,0.1678872277764275
2015-09-29,-1.517759368616117,-0.5130624352458938,0.5453225437180345,0.5155897421819923,0.42125120862514936
2015-09-30,-1.7166174587434342,-1.1027001740962408,0.06764514645153843,-0.12402895777817087,0.3234194257490099
2015-10-01,-0.24792320152392838,-0.20092834496808298,-0.5224155392553274,-0.29648228304149477,0.02932400503863348
2015-10-02,-0.2915570835384384,2.036730347337546,0.2848415680318486,0.6035928540519201,-0.33022666837529846
2015-10-05,-0.11826557864655585,0.0820559267488078,0.8233923628679841,0.558328395477498,0.41284229142579065
2015-10-06,-0.044944428780163595,0.6678372824781267,1.9794124551159988,1.8350308361383103,-0.3818774429436103
2015-10-07,-0.3825372352692918,0.14970709095434137,-0.4105386447258105,-0.55700255110251,-0.2249878608690228
2015-10-08,-0.541795051297699,-0.4098853486379877,1.1433724695804057,1.205111141745471,-0.05120868338973347
2015-10-09,-0.3340733203734495,0.9305827139248118,-0.29516665291849775,0.12563149869672977,-0.41343717341824643
2015-10-12,0.6249118025191532,0.6975510587927312,-2.079152508396862,-2.0760602966742807,0.5564610417457643
2015-10-13,1.2981422275425885,0.042338272707805755,-0.4577270427394819,-0.3484935219767176,-0.21806702239424805
2015-10-14,-0.4738795910538775,1.1689517447055213,-0.10114818970052698,-0.047091095047308025,0.04761069848715512
2015-10-15,-0.17327617674110402,0.621948691896099,-0.35512603240250684,-0.2360827420549332,-0.13099235249280955
2015-10-16,0.34928868377196887,-0.3919533737588633,-0.026863337087458843,0.6877018786489738,-0.10074967214963586
2015-10-19,1.2633465177947476,-0.9400747400599838,-0.1353534070665656,-1.198078459716634,-1.6943502820157943
2015-10-20,0.7794794884044378,0.32589118624794966,0.03998646331509035,-0.3264759165861243,0.25440339136074736
2015-10-21,-1.48557390296819,-0.9586080717830684,-0.7981580880615121,-0.34707645229972073,-0.028069733000682818
2015-10-22,-0.18389033611897435,-0.17089929310887275,0.15251993067681177,0.1280926673278036,0.11465453465140657
2015-10-23,-0.4318950072933913,-0.3611153929980019,-0.12807469907957417,-0.8023397449207089,0.2349127470411856
2015-10-26,1.2244694250328823,0.2766826816341262,-0.4895850703198583,-0.6664127249318653,-0.2637394525227861
2015-10-27,0.518263700917544,-0.06909703694703224,-0.7991140298359001,-0.8550123774879483,0.5959721229749049
2015-10-28,0.49923223474854633,0.9256943658193915,2.205950986092902,2.745382980406048,-0.22627675371294334
2015-10-29,-0.15356289589028482,-2.891481247806424,-0.2393383926163599,0.07952107852736234,0.07997048741262375
2015-10-30,1.0663877888733329,-0.6454888712887478,0.6360027930515292,0.4115440233853741,-0.12930399066722464
2015-11-02,0.8308180036671414,-0.5988105641401926,-0.7519421029112462,-0.42709683174716356,-0.04632426807257293
2015-11-03,-0.0072328322037354354,-2.1285752291292384,1.5682831510757054,1.5446717024279382,0.23638415454820386
2015-11-04,-1.5979773630892253,-0.831619613997524,-1.758833518477071,-1.3795439289789977,-0.060524556581938324
2015-11-05,0.6608441800321151,-0.2769980791873181,-0.5499498865779673,-0.9721432925108219,-0.00030151011151277916
2015-11-06,-0.6972020125879248,-1.7092192423505577,-0.526605598660866,-0.8080886190904346,-0.21895297113808052
2015-11-09,-0.7422997686171601,-0.07260249766172933,-0.25362420615536607,-0.4033402577472234,0.21261007918654456
2015-11-10,1.4399732923733983,-0.028064174171940515,0.1836338502072799,0.27098757778418964,-0.032272958877369494
2015-11-11,0.875520780202983,-0.4145375033551943,-1.6436370264552735,-1.2668054705316858,0.006401877951572903
2015-11-12,-0.00794994135404849,-0.4753580053594173,-1.69453603441289,-1.159637876490966,-0.14310032617561935
2015-11-13,0.8379048826052858,-0.07319583745945207,-0.44976184759029986,-0.9933511507926875,0.1431528669311646
2015-11-16,0.4882020423945686,0.24872464477221543,-0.07319052221307805,0.8945903724665163,1.0050756098596885
2015-11-17,-0.40849148843920213,-1.704736114752272,-0.05315040675083029,-1.047454977486582,-0.16717153250707384
2015-11-18,-0.6459290333533051,-0.09673890190905544,0.5204670836421015,0.035389157650178464,0.05048307687546406
2015-11-19,0.8558004220886472,0.9544290206760969,0.00043559574571563485,-0.24572202804248477,0.20959645250197487
2015-11-20,-0.05634480083392324,-0.21024863671280195,0.4590888826285996,-0.1973201732702728,-0.1848058553122673
2015-11-23,-1.566616285302339,-1.1385034889443386,0.13971439366081242,1.4441894566814033,0.13206566260699085
2015-11-24,0.5749676053734936,0.7445765058453434,1.3821342910486216,1.114960627962257,-0.3110192663842885
2015-11-25,-0.7350428142104883,-0.4655144456938361,0.017429960966693758,0.140599760699151,-0.07661845170153538
2015-11-27,0.13204978052973634,-1.7102416311642128,-1.5130140945256743,-1.4552402789810677,0.7960980961393439
2015-11-30,0.42005777848841547,0.9735423087915532,-0.3283755286938262,-0.1057611343744988,-0.22022485598409475
2015-12-01,-0.028073856501266994,-0.25607560055311157,-0.24100132496080715,0.1719439660919992,0.40273587504555525
2015-12-02,-0.45083870865080267,-1.157999692053883,-2.3360215846790604,-2.192175524550603,-0.08958115931189488
2015-12-03,1.2913631122887024,0.7573571479082184,1.2477636128811256,1.0188730585304757,-0.3975979521308358
2015-12-07,1.0326602670016307,1.6071383839356708,-3.0634234343551197,-3.353033243190643,0.1632459782241976
2015-12-08,-2.511360924259605,-0.029158483022292504,-0.40857367207352435,-0.1324024688519369,-0.08260702199914544
2015-12-09,1.3639501069650615,0.07556210451374715,-0.15520049073914322,-0.2784124649406106,0.35811928466099946
2015-12-10,-0.6180671595479444,-0.5461130233080239,-0.3527201177726073,-0.3373783715221591,-0.24366416037950364
2015-12-11,0.052628048788301844,0.3399672728554134,-1.650731964284889,-0.9821562476250885,0.12085139594009164
2015-12-14,0.4337703851262101,-1.4184591622355713,-0.058190960753743276,0.5471430727007883,0.17429517724144666
2015-12-15,-0.995597790778067,-0.3035619168171507,0.43238954288064085,0.8710374209908155,-0.3936068801481016
2015-12-16,-0.8982732371874035,1.6399327211280663,-1.2014167234533295,-1.6544549438822092,0.1544885838267914
2015-12-17,-0.93465374805219,-2.90263791696652,-0.057509333579347496,-0.5122973651898519,-0.06785179582029756
2015-12-18,-0.05921449434048088,1.40126799513674,-0.329300658354291,-0.2243961823189029,0.6542817935167641
2015-12-21,-0.35921141485488955,1.4536307931011554,-0.5864554230715939,-0.020390980756986646,-0.2608668766639199
2015-12-22,-1.0757882243900765,-0.6420249006703579,-0.30278533065778757,1.3324757051573912,0.209644631394252
2015-12-23,1.5067986424006166,-0.5590353213828281,1.3285343598840111,1.2311647859556822,0.0671183690295256
2015-12-24,-1.2433395543305652,0.6510346380182692,0.5289384349142732,0.5131920390857206,-0.4103631378286744
2015-12-29,-0.007930645347272154,-0.006550442393206255,-0.14389882083955688,-0.24003654029847443,0.06253950079427939
2015-12-30,0.3853638048543184,-1.7078385687251743,-1.574282687436486,-1.2995962797701435,0.3380188359434229
2015-12-31,-0.4835446477531188,-0.08010588973884622,0.8237271643621595,0.38391133815600265,-0.10679762881760829
2016-01-04,-2.1915657035259746,1.3659544507829326,-0.09697118320358344,-0.31161907423815055,0.6804053072312704
2016-01-05,-1.6009910626393176,0.28465690689993617,-0.9618000974549699,-0.8840526737929518,-0.27141546284670337
2016-01-06,-1.9333131768367944,1.197912594065172,-2.663559530312849,-2.2808895138012746,-0.017845033391517093
2016-01-07,-0.4559348068424906,1.3754169551267408,-0.5240367685818232,-0.70122521046322,0.06801582527626637
2016-01-08,1.2696388187566199,-0.8485404655611796,-0.24456373359253913,-0.1411010159340283,-0.0762584279459726
2016-01-11,-2.8148411910818023,-0.18591828212109687,-2.244678716519311,-1.902778580456025,0.686732109104466
2016-01-12,-0.9741422816139392,-1.0176089800471286,-0.7204573969187772,-0.9778734305189413,-0.3112649020853184
2016-01-13,0.7082957438140131,0.09080004262672582,-0.5964375932801131,0.006771396263327413,0.051016122247260445
2016-01-14,-0.8546215457984699,-1.2995782433680179,0.7107326312680514,0.7156884078462469,-0.13535429138011848
2016-01-15,1.0807916269849467,1.5303422121231753,-0.04690189318774514,-1.961955725417753,-0.016995776490192103
2016-01-19,0.6058559170369823,-0.14708852772806308,-2.6431022623785267,-0.978046658427885,-0.3569721739550488
2016-01-20,-2.912471529154445,1.4470704077741159,-0.9012702371704291,-2.0043454619112704,0.15480292641204166
2016-01-21,0.9687982194148019,-0.6726755305955905,1.2868392966922997,2.552853799147334,-0.0014818407176167548
2016-01-22,0.3172652196171532,-0.22947567408093908,2.5863335465653727,1.764275878991858,-0.4453254890835238
2016-01-25,-1.1917320238431164,0.7193260407346673,-1.2255298384966258,-1.146942573406481,-0.248095573723929
2016-01-26,0.19478278294376974,1.294321653887905,0.896584960932707,0.6575744684186902,-0.19935128442929412
2016-01-27,-1.4898556946874697,-0.4744205296770933,0.9016117208656993,0.5179593434794264,-0.03136458991013837
2016-01-28,0.5791509902065313,-0.10554330294328901,0.5358213611158251,0.5750265144778552,0.12095999064028991
2016-01-29,-0.7135842286238856,0.015507584382852053,0.5832589944668268,0.24926995049192813,-0.4076983413549932
2016-02-01,2.349640645328405,0.9512813463330141,-0.055794174100468094,-1.4593973082113674,-0.350613110659048
2016-02-02,-2.24041938624858,-0.07694310825353008,-1.5880226124431167,-1.2770770435885326,-0.35455726595737336
2016-02-03,1.4863433882918298,1.1653086169454092,1.6622926050904405,1.61823407092468,-0.011572609516831709
2016-02-04,-1.4431344645632476,1.3458508509455271,-0.40033105192254076,-0.3639846291512393,-0.5237851055214942
2016-02-05,0.13727222618631835,0.001573952603732847,-0.31844588322281053,-0.5940721825592143,-0.360358667127837
2016-02-08,1.610772148736015,3.1672073101331035,-0.9437588449970091,-0.9159703346832634,0.04477581408404716
2016-02-09,-0.4301361395378517,0.07716173547807682,-2.1507724264625065,-1.4087646711862776,-0.548078061615094
2016-02-10,-0.24927342894095042,-0.2901360885808474,0.337016025578626,-0.40895111566252,-0.3285604404535879
2016-02-11,-1.1534143644075705,3.2974070601189416,-0.622298729049701,-1.0737143674690046,-0.11479002146586467
2016-02-12,1.1423057028365171,-0.3764806581214595,2.4997141297521326,2.5940932381000192,-0.06337555289165395
2016-02-16,-0.6797498070282272,-1.5737296293034786,-0.7420556069851628,-0.2599939644897547,0.6085804121471019
2016-02-17,1.5683409029873527,0.0842143152167136,1.4458070393541989,1.0725196636251528,-0.4819734242082206
2016-02-18,0.09657132529823918,0.7267537772830367,-0.13745439696378645,0.06299989692138605,0.1139231875124654
2016-02-19,-0.9432631604953805,0.20351722792368301,-0.8459909875038782,-0.8347563421448875,-0.004169950259588452
2016-02-22,0.3289698297871978,-1.1126001533160856,1.0665797161173889,1.3151116364506874,-0.3965004800796806
2016-02-23,0.2801352939241511,0.6091595024593692,-0.9433894377099854,0.2614698604874843,-0.491475797240466
2016-02-24,0.9468107216342717,0.8466795435016441,0.7236498754383424,0.1867767800850194,0.32197473345736677
2016-02-25,0.21399728455132216,-0.037723676197491694,0.5709982938817905,0.6845222783449115,1.0627287143173656
2016-02-26,-1.0955598372415298,-1.030770294961017,-0.14896040372401392,-0.24718834930880879,-0.09434664455991097
2016-02-29,1.2255698121127676,0.7090303790293655,0.5962738593890192,0.7801321412608319,0.02299506078776974
2016-03-01,-0.5169413214727256,-0.21337322014747456,-0.027745546797785826,0.5265875428946409,0.07346882978195343
2016-03-02,0.28690140341869524,0.5633752560208772,0.7146592889183805,0.2039339627497101,-0.0685045594066124
2016-03-03,0.00211772341269969,0.8962613968813685,0.08758346793585117,-0.1088721598939559,0.30455176733426786
2016-03-04,1.068280939682176,0.6797508438185133,1.291805828938502,1.2626000117513718,0.18422644557063267
2016-03-08,-0.9114963267034948,-0.4542443620447047,0.6927296550654635,0.5147473985507455,-0.12199682681743503
2016-03-09,0.9409776407314062,-0.36663676474299955,1.0613388879333008,1.6475440748187755,0.5392758095517818
2016-03-10,0.41380957585425154,0.8510944204246916,-0.7997647345596013,-0.40983853060502634,-0.17057162840594187
2016-03-11,-0.03714320045183883,-0.7908031895432911,0.22500183812608218,0.5675135503197252,0.19007294066814215
2016-03-14,0.19018329383806856,-0.919650169367926,-0.7439491621790326,-1.291344898471309,-0.003507297310236931
2016-03-15,-0.8679550572915514,-0.9265377130934521,-0.7255241539907228,-0.8298874928223346,0.03776922320687463
2016-03-16,0.755537842488588,-0.13483476272786868,1.3456631221176891,1.9523665408873117,-0.07732204069265144
2016-03-17,1.3802893023972753,2.188471438213347,0.977999546353402,1.4001528430633847,-0.31853578603474686
2016-03-18,-0.011270030753935727,-0.5756220747009767,-0.3046934594402917,-0.6142428102739137,0.0346759476128169
2016-03-21,-0.8819018602669566,-0.6242541417897196,0.25280841460535397,0.35081086008085066,0.04200071413230311
2016-03-22,-0.7191935986003929,0.200930846253204,0.18866750034727187,1.264498910819493,0.06944086902977574
2016-03-23,-1.4137849975382237,-1.50463111695608,-1.2937589530706133,-1.4001090752276972,1.9395739335415545
2016-03-24,-0.037944504952796956,-0.2197766943178225,-0.08055659859788986,-0.3015425173146086,-0.030840486110649854
2016-03-29,0.12315985051940155,0.8324971710416609,-1.3327621744240183,-1.0491267626773704,0.026481571177180235
2016-03-30,0.043399155088419746,-0.5532786634120735,0.06288038114870992,-0.0011890635480897803,0.06008956711405812
2016-03-31,-0.5187353370639685,0.4024845955863721,0.3026281860683544,-0.012025311887118088,-0.15690934479804447
2016-04-01,-1.4561739065874122,-0.8005554982266184,0.023609756328499844,-1.5659078022280448,0.22724696185287568
2016-04-04,-0.2269161626793798,-0.3408595829042716,-2.254666598828903,-1.0639899916993474,0.1854764962289075
2016-04-05,0.1981871181703574,0.6449339148952479,0.11500547051980063,0.14216252363563472,-0.3744034223546092
2016-04-06,0.3429020411315889,-0.42376927970333694,1.8981659846472643,1.7674796868085432,0.12548118616028833
2016-04-07,-1.1155440238842511,0.8844114543202074,-0.3788267523918014,-0.4513310483205866,0.020813217867992537
2016-04-08,0.4506622969164073,0.4072360835487302,2.209123497379168,2.1864079687302445,0.2925394586325467
2016-04-11,0.692630512030866,0.9372387873404371,0.6637943709779361,0.47736904228371674,-0.30489160683242295
2016-04-12,0.5134425947666351,0.16228094296069182,1.3847335435352481,1.3901697181060975,0.3491129046931106
2016-04-13,-0.34455612358009663,-0.9138732910322637,-0.3897054552787783,-0.32604601658045335,-0.2779106943151111
2016-04-14,0.7274474107596405,-1.6219027956343415,-0.3000813614570065,-0.23863245167923794,0.2873458868293129
2016-04-15,-0.30588728769333645,0.4858325097203768,-0.6405648791102778,-1.008654045950084,-0.018007506404071873
2016-04-18,1.1439831464230865,0.003766705216837585,-0.20474213805584981,-0.5407063816760294,-0.16987372615426216
2016-04-19,0.9680690796681376,1.365052176834741,0.9370709402188919,1.1265787920345496,0.12470554172667117
2016-04-20,0.30704667171141425,0.0036988542750971613,1.484695610435304,1.316025327066725,0.12594731433366643
2016-04-21,-0.020097668529251003,-0.3461211298477864,-1.0610344533746787,0.433797739660237,0.3509437921220133
2016-04-22,1.5616864109993207,-1.5449945103849372,0.4238141704775795,0.44265574044888584,0.2312048796332119
2016-04-25,-0.5376723432494788,0.6575997712568248,-0.5698192440324316,-1.0156746695335304,0.09432318883243326
2016-04-26,1.3452830947987826,0.21314825465446413,1.0493461309772882,1.2062403257262662,0.4797687736523244
2016-04-27,-0.266528689098816,0.47828108079220616,1.190033494932288,1.0801471119057624,-0.21260159914977858
2016-04-28,-0.29379787515650957,1.1842125184990036,0.7567782377343182,0.5628511406586363,0.1146580773601201
2016-04-29,0.9701477809987816,1.6830598828081202,-0.04080969785976293,-0.12621931356649882,0.413765437216814
2016-05-03,-0.6250934000465773,0.09598543893670165,-1.256938753702065,-2.1695309431247574,-0.4614752203626723
2016-05-04,-0.4155772769527403,-1.2278833635511952,-1.9347100694123878,0.06087104889537986,0.38602272826588835
2016-05-05,-0.6107690414169591,-0.21098068754975804,0.25419589819474864,0.4190416965951911,-0.30629693094611066
2016-05-06,-1.8103857316199499,1.451261919353892,0.26158822037715346,0.2639587511182485,0.0253309007030634
2016-05-09,0.23240681067665714,-1.827933774241743,-1.5607746787777417,-1.1546872869947427,-0.008842917288496864
2016-05-10,0.42296680285503463,-0.2076338454548341,1.4854648161494133,1.0468757229168788,0.004424035036014952
2016-05-11,-0.8095786403767976,0.6754815099085123,1.54101471389919,1.3389065141970808,0.05300700539050072
2016-05-12,-0.6140078026771153,-0.3197079193621053,0.3173896105818524,0.3666136980959536,0.11746972704712326
2016-05-13,-1.2933372121447642,0.055220211928569005,-0.2150609732971045,-0.46009520137123033,-0.5685504038741385
2016-05-16,-0.7839244502387882,0.06068837033182109,0.823827770513808,1.3139169290464567,0.32876676743982636
2016-05-17,-0.6656608606653809,0.15607925940895845,0.20701069978621514,0.479452305452974,-0.25230895611895
2016-05-18,0.6994720886382768,-0.2311036669592244,-0.3173290803036125,-0.14049054021400703,0.0005902952975143833
2016-05-19,-0.9186083599517559,-1.5481935397657716,-0.145978943170966,-0.06803956162397154,-0.20369366772572817
2016-05-20,0.4091913037596652,-0.2305955839627704,-0.12438490605124972,-0.4447753914152572,-0.38988300127257103
2016-05-23,1.0393955229640406,-0.15903856950280698,-0.38740529453288225,0.2903103748368105,-0.05230681859146627
2016-05-24,-0.18651298026253407,-1.8520452305810182,0.19587487868662823,0.5245028806182543,-0.05432989377375023
2016-05-26,-0.8944724868784701,-0.8098356691994971,0.9133942111406944,0.8738436433038049,0.04027432876331446
2016-05-27,2.0188559185856896,-0.5910935929850695,-0.30424454786390054,-0.19907535718321465,-0.6855203442359871
2016-05-31,1.0834395692273229,0.01419751607598952,0.3200476259516609,-0.3034441774244527,-0.5833017408365209
2016-06-01,-0.3190039255688056,-0.3021051893424891,-0.028855361522569494,-0.15394628863499216,0.5364070829233836
2016-06-02,0.19714064018130997,-0.24793907814647365,0.30143822527973546,0.13803439012154872,-0.14199254264840513
2016-06-03,-0.595374756537133,2.606872947531253,-0.5017628953952806,-0.7253731152180871,-0.16728827125043216
2016-06-06,0.6566199899317402,0.337644912322666,0.9713892091326957,1.2451481257680783,-0.34314399016116104
2016-06-07,0.48988548826894013,-0.05537307609595754,0.9435737675976581,0.733589310634833,-0.03138601329444405
2016-06-08,0.4911935605303614,1.1008579388584736,1.1192500981863067,0.955704619887349,-0.3358925428316914
2016-06-09,0.01994071089337363,0.7352516758292382,-0.6439240894186913,-0.8085848717977152,-0.20499791755588018
2016-06-10,0.372115381198125,0.20219115397424992,-1.6221593040578912,-1.7796176988083559,0.06324410925855951
2016-06-13,0.21745640277461373,0.7633851747816345,-0.26443001332793975,-0.24908871374667868,-0.27375621197566624
2016-06-14,-0.08699688556525711,0.05883991201750597,-0.6137900778649343,-0.46484411629409667,-0.5785766902304289
2016-06-15,0.2934744408454433,-0.03474604933628259,-1.0109940207019872,-0.582153678057617,-1.0772262415087142
2016-06-16,-2.346892989714024,0.7307455670203297,-2.050684849932295,-2.1306280242003277,0.28782238022962536
2016-06-17,1.0140708212847545,-0.3057496502784902,1.8308090014139313,1.634832630577102,-0.06007821415000287
2016-06-20,1.318005450125296,-0.2566079571355318,1.2360067341456402,1.1812341965502005,-0.09466835169827632
2016-06-21,0.46380375135738094,-1.6225396274932706,-0.05455580198113186,-0.4719112137800376,0.028416469038419084
2016-06-22,0.1631472447897899,-0.2975251685660086,-0.690146377489927,0.20719853124622223,-0.1011655437343217
2016-06-23,0.583913973200709,-0.6192682901149156,0.8575257457646861,0.8610441452478799,-0.12804095508803762
2016-06-24,-3.5790029324113974,4.728658266242337,-2.3110863083564874,-2.3689644872863176,0.0027808853800028893
2016-06-27,-0.7090233991064696,0.17139604397971944,-1.0415426169188946,-1.0682660080582678,-1.1005864506265592
2016-06-28,0.29044712018358315,-0.4029819450578055,1.0544094182470463,1.1278237459408653,0.016065278848258858
2016-06-29,0.520027280889188,0.403809739775041,1.5006283180956863,1.479203907334128,-0.218180887485481
2016-06-30,-1.5420291997690856,-0.3198529665249677,-0.6857017364648936,-1.1231259237193951,-0.11513653054698635
2016-07-05,1.9718776510789304,2.0077615139309146,-1.3385498038242793,-1.2833078543159868,-0.24625523529039153
2016-07-07,0.7726956534295284,0.19228524511150943,-1.2144928650071432,-1.0794025175794029,0.04877616628388429
2016-07-08,-0.27998224352431894,-0.20284156339012277,0.21687638549941102,0.15731147485741231,-0.2702090784327222
2016-07-11,0.0059227507847397125,-0.12243180941729088,-0.4288237638261007,-0.5213066957734707,-0.09659019591860261
2016-07-12,0.246909631624147,-1.1283824184464484,1.7095129604284587,1.5501209639025821,-0.06705976309181054
2016-07-13,0.5095642415561388,0.3702549376957547,-1.6555450584193638,-1.5457142942942947,-0.3113377248627959
2016-07-14,0.2426644907937415,-0.6258345732631138,0.7158116239359906,0.6088439417872292,-0.08515520106823321
2016-07-15,-2.611254394572624,-0.32242702209571406,0.14222969890790726,0.16919571980740664,0.003266805146381374
2016-07-18,0.36599698402423236,0.05952097055180845,-0.5146621389408835,-0.5689376734095781,-0.2927945936124267
2016-07-19,-1.6991084491660704,0.14101474699981473,-0.2749885932335044,-0.5069171370816666,-0.1419603600180534
2016-07-20,-0.5696845768313663,-0.7949249272565573,0.36910759005628985,0.20592107303405005,-0.08525628466705354
2016-07-21,-1.3412627089805842,0.6448214672212499,-0.8556218250072871,-0.19936606592524483,0.2925925072149846
2016-07-22,-0.33535516136263543,-0.4762546913129399,-0.4918125533529553,-0.5585417195219399,0.5515392217536594
2016-07-25,-0.6755429728548757,-0.2954232892041316,-0.9299083742710877,-1.0771037619388426,-0.09412739384488389
2016-07-26,-0.08831946122092263,0.037180610352875426,0.08517814882612121,-0.2471982962000896,-0.04051763295417194
2016-07-27,0.09074001796385776,0.3415013265816496,-1.407320322577286,-1.070889471016087,-0.4728330422445117
2016-07-28,-0.1831901787094431,0.3411379254850258,-0.7861042581985181,-0.8480913944275486,0.12669230202814896
2016-07-29,-0.35421215105668535,1.0813181148771673,-0.2842602152315282,0.4348376588452996,0.17811134482369834
2016-08-01,1.9101209020659111,0.1388838282815756,-0.05764383930947423,-1.7243450610130062,-0.1492421581883262
2016-08-02,-0.6535463963689099,0.8186636651477099,-0.741763210430738,-0.5952502391826417,0.032790766520400715
2016-08-03,1.9079599907764873,-0.5746192986288085,1.3432923180533307,1.3072791496304328,0.0045725961288839
2016-08-04,-0.08897353566180664,0.11740204342972134,1.1777867552108425,1.042003669866546,0.01465225172737844
2016-08-05,0.5311062716445917,-1.604072453361881,-0.05219205600067205,-0.15322523601795002,0.32001443975564453
2016-08-08,0.14908521092589383,-0.301948962020676,1.09667279531196,1.1839018165585808,-0.21075136006379264
2016-08-09,-1.0918688762061668,0.3410565150185243,-0.4479809141317725,-0.2735842119833966,-0.04160594360823227
2016-08-10,0.8244021988788396,0.34083273545366577,-1.0359125235849818,-1.1450421123265206,0.3017477863619151
2016-08-11,-0.3874450798907993,-0.17475919364446735,1.9911025601637211,1.738411347906531,0.27826789497807025
2016-08-12,-0.20551015223934896,-0.56138055582776,0.8145324608339893,0.8812044001979461,-0.07005395939879801
2016-08-15,0.6946208287604729,0.2746716667698647,1.1995460352503216,1.0940862219959975,-0.07679298032080004
2016-08-16,0.17312000849932624,0.7430363672039144,0.7287050905645167,0.7104466361996624,-0.06491784650884368
2016-08-17,0.2392526409209597,-0.6390186313926621,0.5026560085633635,0.1567248259382309,-0.010129042075778525
2016-08-18,1.0293763303774341,0.5943292386919291,0.8793443056745932,1.284182552384608,0.011298837092083512
2016-08-19,-0.3193804004917747,-0.8961237550774194,-0.045410021885510715,0.23817453685641024,-0.141083256604675
2016-08-22,-2.2899388547284216,-0.29979593203805827,-1.6662895642346045,-1.4237545257815685,-0.09135388699815399
2016-08-23,1.07861909333222,0.17245348825480625,0.6329808807954749,0.8810230802321218,-0.02704651763827245
2016-08-24,-0.5055407295727381,-1.4165048690655464,-0.8506323203159188,-1.2275652504217238,-0.0927957579690756
2016-08-25,0.16525723941859463,-0.4608567473477632,0.503162088533683,0.44392790599557097,-0.11470915380081251
2016-08-26,-0.2926585455290527,0.0486924254356153,0.18926364126714063,0.24526638671855272,0.399586340363938
2016-08-29,-1.3866462007819367,0.06311784993343086,-0.6840882543898781,-0.6618200980276221,0.28675201256481864
2016-08-30,-0.6726225362061252,-1.0635302303597323,-0.944778757865939,-0.6607136395170481,-0.14218349854479975
2016-08-31,0.13716985394050743,-0.526713146680522,-1.4090723513324044,-1.73144463490129,-0.09757761357101985
2016-09-01,-0.05801517640174282,0.4099649733818347,-0.05195843027482166,-1.4929528488131811,-0.02582898765458345
2016-09-02,0.02785788558362848,0.8632372122066171,-0.27311459099450075,1.0725411557524684,0.04178116971841097
2016-09-06,0.4963820979634998,2.4279361372735866,0.39850667283961844,0.30916201548373023,-0.09642134688512663
2016-09-07,-0.3429461268063216,-0.3876140319707529,0.7258684005182909,0.5645875622874943,-0.5486171655253138
2016-09-08,-0.8227051490567405,-0.6536927081855204,2.091010046491708,1.871876757269306,-0.09317973247875071
2016-09-09,-2.3763249537577305,-0.6085509867618735,-1.8964859299984842,-1.4495421976889786,-0.29178640802448846
2016-09-13,0.5982593685733448,-0.9794434686912595,-0.8442397064346961,-0.8128782817790514,0.14236415837989216
2016-09-14,0.5439890636889078,0.12243204763602361,-1.161913688845356,-1.1190695922432254,-0.03698794051234195
2016-09-15,0.4564750031033131,-0.7298916535539267,0.5917993180085038,0.22941121027809092,-0.11717890445840483
2016-09-16,-1.56378051743984,-0.7425009210929798,-0.7749316871361703,-0.7884211968545611,-0.013406734305973025
2016-09-19,1.4803395356552174,0.5910319329692539,0.11341767247767814,0.19917807984007882,-0.12165307471350217
2016-09-20,-0.1756680420654334,-0.026432657290826445,-0.1111876503011383,0.09601874021996336,-0.4310473531908689
2016-09-22,1.1003297930023406,2.2930817842118665,1.6940779415092695,2.6689510146459337,-0.34938333233687235
2016-09-23,-1.4643155255506912,-0.24160363858650047,-1.648362576398592,-1.4183032083634426,-0.13058548412628326
2016-09-26,-0.1658407747052687,0.1303144260845961,1.1817872642297964,1.0058316518207833,-0.18190852053055387
2016-09-27,0.45208167627076495,-1.1444796592775892,-1.1863794880724492,-0.9391774961608824,-0.002723928520150239
2016-09-28,-0.9598963848685642,-0.6089516070073738,2.1456080674142672,1.6808572048140717,-0.5474578577312775
2016-09-29,-2.1579041156566188,0.11481536417286807,0.36781150441521704,0.49774321427165213,0.10183350744316783
2016-09-30,0.6940451402097186,-0.7553892023480075,-0.16247385926245828,0.2550246047863596,-0.043764970146551195
2016-10-03,0.6379888278535044,-0.4451644577512885,-0.009886229507801117,0.3788902564873137,-0.32002512051606735
2016-10-04,0.42374560203388917,-3.8301314768324084,1.3423873857958821,-0.11849776264596405,0.46147973605464176
2016-10-05,0.40555599155568806,-0.23127135493319065,0.7095231446314684,0.856194770930254,-0.13256306189702455
2016-10-06,-1.0947725151878323,-1.305856994425462,0.45481938317978066,0.45029140929183764,0.05140527189677355
2016-10-07,-0.06731952502937057,-0.16302321633977962,-0.4879053535990373,-0.548476363350671,0.08866032389015663
2016-10-11,-2.735680244695556,0.28291911714126533,0.33754174088727396,0.7851729123744305,0.27529778852130876
2016-10-12,-0.4817286869467597,-0.20900575392968287,-0.5443920463277435,-0.5560197180237628,-0.044642107485181416
2016-10-13,1.1225006709532488,0.2735084260793009,0.13802223615644052,0.18810117092937276,-0.01667590573652943
2016-10-14,0.42081614554336155,-0.2171228312617105,-0.11875263149086615,-0.12255401957958861,0.1797142511412432
2016-10-17,-0.6386511306435675,0.05081488841293211,-0.45779779252799263,-0.44278581699753206,0.3921892671599534
2016-10-18,0.14615097288049694,0.5231897137497308,0.0990431622002898,0.3051720547072,-0.08662141236070052
2016-10-19,0.5319670144605042,0.601459165850429,0.9397907103192624,1.3020583547509104,-0.020202258279285682
2016-10-20,-0.19435611906198286,-0.25594907679305345,-1.34296528062901,-1.1996093451303853,-0.01890437080840051
2016-10-21,0.14445545525694717,-0.041964689616805925,0.3207826171949982,0.3526996455968074,0.027122285045907767
2016-10-24,-0.48895667071639,-0.43591813895248027,-0.36909385757495256,-0.36942268552161184,-0.007657224111787251
2016-10-25,0.6521167380997115,0.8788585459667803,-0.7564726521916504,-0.6285376896957815,-0.022006697095452204
2016-10-26,0.7256756029120682,-0.7176927113886912,-0.925324444079797,-0.8820529850292704,0.010016065352947393
2016-10-27,-0.8841981989159364,0.2147690604045643,0.4544101713344624,0.5206812263336218,-0.14530727627209578
2016-10-28,0.5209183884314076,0.6848539507360455,-0.881812845380786,-1.1588141462990724,0.31712945323370456
2016-10-31,-0.5257816991569426,-0.4385240324974234,-1.6347985791227098,-2.039732658883871,-0.01256615803789869
2016-11-01,-0.9483061372371958,1.3937429700265094,-0.03676855566595372,-0.22507784699082836,0.05683718816453854
2016-11-02,0.28044281404817545,1.8664846429783153,-1.6552347552070323,-1.3507985961147526,-0.05908802025028322
2016-11-03,-0.13646472726998152,-0.40648004121186143,-0.5835944192541197,-0.690143688309864,0.03464028685918013
2016-11-04,-3.112987644597102,0.031209464472966394,-0.868213532551591,-0.6205258483224979,-0.06580675696082479
2016-11-07,-2.1335691350274075,-2.257691599662635,0.5437644962950325,0.7780464553115777,-0.15232856123550248
2016-11-08,0.21982036642092814,-0.5376268980053747,-0.1642120742931721,0.057257021526539005,0.0710228701468314
2016-11-09,-0.671803537631641,-0.14197556123142968,0.3039387716532143,0.2654670804547935,0.02807389385510493
2016-11-10,-0.6028435331919448,-0.6981757028365764,-0.6570945839595915,-0.7150764846831648,-0.044361879940609146
2016-11-14,-1.4558439936606529,-4.177398530662736,-1.7638101307958678,-1.5771359836925967,-0.9647920601449962
2016-11-15,-0.3652356141678601,0.07672990516281462,2.6286647175874376,2.4924146163213456,-0.3975129792419261
2016-11-16,0.8161385100646005,-0.09806311703653048,-0.29408173850733393,-0.21955706269103303,-0.23252594956178563
2016-11-17,0.3018742957739166,-0.6409980376667348,-0.173838741070696,-0.1691690300311027,0.09603730979211743
2016-11-18,0.11046035142453706,-0.7648772937298886,0.3017894079405942,0.2128807774838382,-0.0015462709409374564
2016-11-21,0.11370687956504635,0.019896184982845826,1.908997782319427,1.6777610438626769,-0.04560810694943002
2016-11-22,-0.012141118234360773,0.06931196370803784,0.16389094421707703,0.44545924677194626,-0.10421436455231414
2016-11-23,-0.062462786793370646,-2.0757802722633265,-0.1947075172238669,-0.09774279735168218,-0.06606350586084593
2016-11-25,-0.5346622907861184,-1.1028473778587506,-1.6688735950870512,-1.881327865113211,0.011057467282824035
2016-11-28,-0.4585070188280652,1.04758937209453,0.8130515135987079,0.8183367118284177,-0.03246235437577804
2016-11-29,0.020957876929292848,-0.26852721127285667,-1.7021689184043045,-1.6472061355788141,-0.1281349180110464
2016-11-30,-0.5331038888043217,-1.6363346594837531,3.2118663295210808,3.2021868750440037,-15.448259684691894
2016-12-01,0.24452311682298022,-0.4584629362773278,-0.008945942729549853,0.8876146141782066,0.0016787010076537807
2016-12-05,-1.2014952178068707,0.5930141310177015,2.6165068211269915,0.3861964453467651,1.6722565200731742e-06
2016-12-06,-0.28279939729439607,-0.6424211028586652,-0.4850030858368333,-0.5273893980150762,-0.002994301684768321
2016-12-07,-1.9094515543915491,0.6278343332799632,-0.5047297753006202,-0.7541033144844405,0.0033830647303585487
2016-12-08,-0.6275061859667312,-0.5390583106067918,0.4341694025120213,0.649627388177479,-0.005562906718931317
2016-12-09,-3.0040446994881163,-1.0935328001886824,0.21416598245511537,0.40658393587133335,-0.009851010890562548
2016-12-12,1.9410037454512539,0.31445450466231156,0.7356143322804677,0.8679959084783353,-0.4667384199231487
2016-12-13,1.2018067894620497,-0.7341039983998195,-0.0072490024447007285,0.07691124117728623,-0.22992226128264068
2016-12-14,0.5996047027962105,0.38492379623596296,-1.1469153963289507,-1.4498270286541861,0.15341914768177678
2016-12-15,-1.7050860158707892,-3.5463972301972855,0.026858879431333374,-0.13733081425935464,-0.0980018791939428
2016-12-16,-0.11583900270395098,0.5659236374361659,0.7188927417442593,0.6950792150298398,-0.12070878741119091
2016-12-19,1.60201814871121,0.4542764886398708,-0.21578334674714075,0.1351521819309341,-0.28637434437979997
2016-12-20,-1.1855413197560867,-0.9117291445330125,0.24968496445529953,0.05163478354630248,-0.05024783994639907
2016-12-21,0.5381576910551853,-0.12285161275903503,-0.6691658716113571,0.1763848359420099,-0.6235887887303102
2016-12-22,-2.273041402965527,-0.2914086105496261,0.38122631142888497,0.35525857618387313,-0.4305447405411732
2016-12-23,1.7818326242046836,0.24594032835235352,0.044664662853843115,0.023939506417424074,-0.030038743284002068
2016-12-28,-1.3887770551620149,0.7156725951576955,0.7828720127374125,0.9118829205657725,-1.640209909345576
2016-12-29,-0.9377933206944973,1.6852997767896702,-0.0997658542133348,-0.3027282715252815,0.15367361112641492
2016-12-30,-0.9395493439993132,-0.615000766494656,-0.05703207751145058,-0.09438785544917339,-0.38268665863512785
2017-01-03,0.9276615162887794,0.9124582148380473,-0.620391445994634,-1.447344255528222,0.011210359408331124
2017-01-04,1.5958063439334809,0.2858156313828698,0.8127239035400592,0.8154087651987134,0.04213380410354015
2017-01-05,0.49959085406820164,1.4493678147056779,0.3360929286378533,0.42916017613168683,0.024316119505645904
2017-01-06,-0.056414083848841556,-0.714380396916084,0.1408192870726823,0.17886107829154468,-0.31935213992706696
2017-01-09,-1.768555688435901,0.9719700724795564,-2.119599170714755,-2.1030412781060344,0.060576132650809814
2017-01-10,0.5046889239836718,0.03334595320991543,-1.1606609439365652,-1.0374003682792288,-0.18632780931235096
2017-01-11,-1.8669861180707057,0.9711309362210271,1.1374653832425587,1.1671866150570047,-0.3310805182787769
2017-01-12,2.280877158318489,0.261932578177118,0.6902199806410839,0.5957362353196491,0.03914066932964233
2017-01-13,-0.39077263379317284,-0.3743330876329182,-0.4930338986412389,-0.5782842960067149,-0.14852954297992468
2017-01-17,0.42579369926823585,1.4539947672881277,-0.03682525134785532,0.05252682071273059,-0.26144503680812076
2017-01-18,-0.0724246778029329,-0.07724259469010492,-1.4267455010045234,-1.3421534558697945,-0.11301941462561252
2017-01-19,-1.4865545643145806,-0.975827615266356,0.14139015720299627,0.208248287370851,-0.10648243498780746
2017-01-20,-0.5247043781124445,0.2198664009173363,1.1109765672774479,0.918091290018649,-0.32025224365200006
2017-01-23,0.5193244095871578,0.915698872347833,-0.25888572583393027,0.2646638241628075,-0.2105210162669354
2017-01-24,0.742075402792967,-0.45185273033749346,0.13290498776591897,0.3627442228093971,-0.1917322827893046
2017-01-25,-0.22894130337650914,-1.260351157286953,-0.3842088616441976,-0.4610088166465883,-3.2282776027838915
2017-01-26,-1.3536510157184458,-0.813113144082167,1.0404652599943813,0.9755192071248066,0.05642532143988645
2017-01-27,-0.8459088941469578,-0.21191928114396452,-0.7178532920812144,-0.6426072395457446,-0.0017781254867081813
2017-01-30,-0.4086710703470722,0.421855476113725,-0.34014183740879056,-0.5978057275773278,-0.02559170333601398
2017-01-31,0.5555448949808012,1.4281913633713161,0.40309756698274063,0.13451264209076333,0.008229371317787238
2017-02-01,0.10468240215368278,-0.2931986747982481,-0.09365638226676534,1.0833550970516677,-0.4513010295440214
2017-02-02,-0.6213041405680585,0.954303482507941,0.8726753566815837,-0.39275627653533796,-0.26284509042312415
2017-02-03,-0.31178423856583026,0.13057696623373896,0.20696823112272986,0.2559369346176243,-0.22909654368750396
2017-02-06,-0.642110504322176,0.997971498203768,-1.2252742238885876,-0.9519286602885906,-0.0038128991855291595
2017-02-07,-1.0848640682035844,0.3449145270511534,-0.7697949507473261,-0.9739136346443394,-0.6377905071127594
2017-02-08,-0.3261116225457204,0.25813742127428274,0.005594931793881032,0.12742339134890904,-2.459456820058353
2017-02-09,-0.5242027224910194,-0.2840177869763939,0.4890833811534795,0.6778283778753416,0.08076792420355124
2017-02-10,-0.9643387311776432,-0.13529313434293033,1.1061611067582553,0.8998667441707139,0.02055549848866369
2017-02-13,-1.39685890318166,-1.0285686820682485,-1.2357895525863072,-1.0658160605330036,-0.0006986774979938639
2017-02-14,1.0791786525593654,-0.1396766326541667,0.31891084084564,0.23168655409164596,-0.0025200226074060727
2017-02-15,2.39852149397008,0.7030780331872981,-0.289918677570381,-0.14766742451904227,-0.003137117215254603
2017-02-16,1.1076516915852306,0.769538123587382,-0.17499023936059896,0.2294893878645305,-0.032656842858144006
2017-02-17,-0.9096175104129675,-0.2775452624202715,0.11331073576719738,-0.005542466463138335,-0.021179299120013578
2017-02-21,-0.1111226054975909,-0.08312388452906556,0.9080294950701622,0.7256085400854588,-0.07698430178598745
2017-02-22,-0.07404515187611732,-0.6253099577416095,-0.9890616725560973,-0.6067689428613681,-6.591769709119238
2017-02-23,0.8987995952480298,1.7735884386491378,0.749641575810434,0.9574018298852934,0.00219845967157705
2017-02-24,-0.9633318650307923,0.6043654302782249,-0.7173113840914682,-0.5829208803872494,0.0003607576521059268
2017-02-27,-0.3078117967395652,0.00010450803914835904,-0.14078876773102475,0.01146187990846785,-0.027630409964096114
2017-02-28,-1.8482959475230947,-0.5184457412371103,-0.4642141910921376,-0.10419494441603172,-0.03754497876710682
2017-03-01,-0.30801074772084097,-0.435574514197365,-0.061177204095139624,-0.2799473696439281,-0.06929292036358883
2017-03-02,0.753721642717717,-1.7586649639081449,-0.7058799929226403,-1.6076853601819245,0.010411378576169084
2017-03-03,0.6339098394355923,-0.7392626536996973,0.9210924106032379,0.7520743913148412,-0.049775883742242844
2017-03-07,-1.013903123199982,-1.1242890312418,-0.034723653750773895,-0.2618187484143735,-0.9229002285960851
2017-03-08,-0.14543977895386942,-0.7622532514388819,-3.6082823992823148,-3.4720878823426733,-0.865060752152026
2017-03-09,-0.3905948212873531,-0.7124482614293882,-0.872932347935936,-0.852668100376583,0.31588736345736834
2017-03-10,0.9139535791405764,-0.2626040936339507,-0.7830179834414794,-0.6901934116662617,0.009025127657663199
2017-03-13,2.058768463154032,0.10619099832945775,-0.07437582864229562,-0.11662693636229239,0.16220270918689175
2017-03-14,0.89516744254937,-0.11911431158277158,-0.4568406268346016,-0.6490830818450238,0.17830485927383385
2017-03-15,-1.0268005516572571,-0.27013406341333707,0.8060680758385466,0.9992759295995539,0.07364319803278681
2017-03-16,-0.5090025153234655,2.8292188049476006,-0.11095032777658843,-0.13149335394662282,0.4733364813494182
2017-03-17,-0.3573014199274918,0.2952596730359424,-0.03503817992741551,-0.012633808986053468,0.07140477375973044
2017-03-20,2.4159675966431466,0.286873624555436,-0.2037206414511344,-0.6043170225721379,0.5095836571729744
2017-03-21,0.7464410780020375,1.073224478081214,-0.7844285690080977,-0.9620591158098873,0.21591196528218637
2017-03-22,0.19419642464278536,0.2508207619747663,-0.4221998952747169,0.6696326220405808,0.07557393157787913
2017-03-23,0.20191143121939956,-0.26619224184137547,-0.15567281502114758,-0.3946034672169809,1.1111495785778946
2017-03-24,-0.9941808685107294,0.050594784346160604,0.21966957440215934,0.24442416771717532,0.16479915460693262
2017-03-27,0.3946410399005963,0.6044017841064642,-0.12132224558484955,-0.3140790276149672,-0.10818455994167768
2017-03-28,-0.4916295623916388,-0.054004248105687616,0.653092564513504,0.687878686494473,0.0193739690627327
2017-03-29,-0.9902619214778385,-0.24351215424943692,1.2868443786598833,1.2669897699989792,-0.022052578916036434
2017-03-30,0.21027848769933105,-0.8795092687698488,0.5830265974123778,0.8793439176361953,-0.04385152393561222
2017-03-31,-0.0534372261855917,0.13598428464184475,-0.21232017470732784,0.2299880856897334,0.8337592764758837
2017-04-03,0.25142724802540656,0.28538358364101235,0.2838768276390058,-0.4522086443936236,0.17025048811221474
2017-04-04,0.03880690255425925,0.3617653637397143,1.226703745942465,0.8499586667423084,0.07458468843881536
2017-04-05,-0.006090251916967785,-1.0317887458195114,0.1710564994344205,0.09195706276027034,1.9787927848805755
2017-04-06,-0.6135062049355529,0.4048231155236633,0.5706979276829925,0.5894316152057681,-0.038577112657225736
2017-04-07,-2.0644047673858426,0.355582859476097,0.36034018826926656,0.5833953047081569,0.029348878117249757
2017-04-10,-1.2922680652746994,-0.39263319566380367,0.836217719727951,0.9346927097890909,-0.02690534231373331
2017-04-11,0.41453791287526637,2.028184663641356,0.24059892568538768,0.3210468875796268,-0.08523241835334629
2017-04-12,-0.8289095147727206,0.3670048981729955,-0.5239761775758615,-0.3930622441579578,0.09542059131402122
2017-04-13,-1.6605078628189547,0.9349755701208503,-0.040111052393319614,0.026003689569462356,-0.07443504453712106
2017-04-18,1.2668626151016888,0.4936022390825234,-1.3582542270464493,-1.008279651281841,0.12649118889518196
2017-04-19,-0.910965074223522,-1.003693144857296,-2.502191075622072,-2.4701363777301397,1.0627794948077351
2017-04-20,-2.192230970351304,-0.04448147293252741,-0.016426428226242552,-0.21884746631257804,-0.05978570589605568
2017-04-21,1.2042787942667232,0.45783330472638945,-1.1371325589005108,-0.7026302002924047,0.011433535729008239
2017-04-24,-0.899997266909592,-1.168976310448133,-0.43894359988525944,-0.4517462720704806,-0.03899398219150553
2017-04-25,1.1483719159367844,-1.0896921532681194,0.46812238796095124,0.30195938524239574,-0.4775932751021745
2017-04-26,0.2572148867282266,-0.4381295107043873,-0.35643592275943903,0.020896875910799678,0.2045148174330936
2017-04-27,-0.2053794704180351,0.08172476857946137,-0.49033265987802466,-0.7920808944997088,-0.11728412911414905
2017-04-28,-0.8454691857736625,0.1779837410821191,0.2662144446293109,0.3571655439368176,0.09504675919136492
2017-05-02,-1.0439844065655823,-1.1991744405321185,-1.5733040068101278,-2.0379538881067067,-0.09981840305870833
2017-05-03,-0.6870136520447712,-1.0065782865477062,0.29082346401674114,0.1082634237552789,0.3607336240425109
2017-05-04,1.5599474360728713,-2.1998040857100785,-2.8591725184682626,-2.5271091464545665,-0.43595973869307875
2017-05-05,0.6412204369102873,-0.29854517857723295,0.5753578050296525,0.545579598517098,0.10831268272059935
2017-05-08,2.168554460028269,-0.022069429219438847,0.17974804505568898,0.15223440812057823,-0.0747916826275169
2017-05-09,0.7344280262557251,-1.2435015386563812,-0.629100908089666,-0.5423490218815357,-0.08945873547713014
2017-05-10,-0.1675918810726917,0.21835549778156338,1.3845427916693351,1.3222686849915382,0.05094573004314497
2017-05-11,-0.06986765668396518,0.5213711471662658,0.4710666824558747,0.421656365158662,-0.11191595112523951
2017-05-12,1.399743121773532,0.3235045822635233,0.02190743881881647,-0.026322990602626346,-0.984473358694707
2017-05-15,0.5006067899311912,0.20030816243334787,0.8997428892229109,0.9369290203276611,-0.20989180028020452
2017-05-16,-0.8211143295480803,0.6413189016006722,-0.2062720801711114,-0.21812909720536033,-0.5862553094311671
2017-05-17,0.42542645375069066,2.406427710748352,0.5050269631863167,0.3685225650221853,-0.18357479390135736
2017-05-18,0.6329406651281356,-0.5423585191797919,0.25711533128180486,0.24885608023527447,0.10283954104318457
2017-05-19,-1.2902798918108596,0.015302790809223137,1.0927821956516204,0.9982826448430233,-0.3996598459279282
2017-05-22,0.14489594581583204,0.701656490563882,0.2200901253576395,0.37937295272123933,-0.6877638083338768
2017-05-23,-0.35032079958266066,-0.6075996478454346,0.2372746419547047,0.7457754053221082,-1.389309274354306
2017-05-24,-3.0877893256281785,-0.31474390455294,-0.262463726201821,-0.16094324937954577,0.23369723523169236
2017-05-26,0.39180711349863445,1.4197522102783942,-2.1145054215343575,-1.8150060246884852,-0.016091147043835984
2017-05-30,2.769507179043558,-0.5364461588763707,-0.37681370048682944,-0.19339275754777827,0.19441387348704037
2017-05-31,0.16085482282203598,0.853897251547085,-1.6361724704030827,-1.4580974861784362,0.24259314847131255
2017-06-01,-0.4913209811335663,-0.5055676580218286,-0.046956985776417236,-0.011041955425621695,-0.1425586657920725
2017-06-02,-0.47576184474561634,0.8486494305453361,-0.4324278790262941,-0.7683360361394153,-0.20298940106509633
2017-06-05,-0.2828276366631384,0.19381286445596868,-0.5572468883007727,-0.32209644090823364,0.10005111303848174
2017-06-06,-0.29077252278343696,1.365014901384164,0.6290278345271856,0.8090033076393063,-0.31807236455295873
2017-06-07,-0.27543933947630606,-0.41151632143339456,-2.312574968607481,-2.797623725178498,0.023656996246805007
2017-06-08,-0.02178720983255989,-1.342396205962282,-0.25321981348207384,-0.11467488741425806,-0.17677532476632477
2017-06-09,1.2041492957039521,-0.8195829333031923,0.23007705448050922,0.13246782383649897,-1.1692073164065429
2017-06-12,0.7730634503205315,-0.30964184308106385,0.09326875395138284,0.19589648308435384,0.0018017129934677694
2017-06-13,-0.8043866756008646,-0.1005610951958324,0.3952947173911592,0.329851400592826,-0.3406082470793024
2017-06-14,0.363112706447396,0.6115372202289472,-1.9172969928944519,-1.8084570343845134,0.14401110808558043
2017-06-15,-0.32793239079660674,-2.066057619682897,-0.14363799212150136,-0.29360088899751835,-0.012993196042423116
2017-06-16,-1.1433728389106488,0.053872933219338934,0.40441370177804087,0.22940922627154473,-0.18178473909615708
2017-06-19,-1.7619885280665673,-1.0205444254070697,-0.5273576731251953,-0.5814270351534646,-0.06642025233265733
2017-06-20,-0.4632341549650911,-0.4096423794798984,-1.0268892440347053,-1.0644494113487677,0.009553276134177934
2017-06-21,-1.5571243029666895,0.16474412417450174,-1.3792757036486005,-0.7796824744284915,-0.8943035204350531
2017-06-22,-0.4867183272901984,0.36581856200543117,0.35677579414949767,0.17873090291601232,0.12703861112969492
2017-06-23,1.1792035578050581,0.8245354839684116,0.29925212875957546,0.25908196196675304,-0.020369577866350932
2017-06-27,-0.4132719709383861,-1.0436299122155634,1.1744182826577756,1.3540542932273056,-0.26118485574590455
2017-06-28,0.16945268481287926,0.06741845749417096,0.6636913205022635,0.5058816661249216,-0.1316058412193956
2017-06-29,-0.3425522617784785,-0.4630033859456389,0.07342938730585329,0.17049555783777265,-0.09147579772667094
2017-06-30,1.9296162528447398,-0.45434534621528305,0.5028097594867856,1.2155876814053916,-0.027497742151124063
2017-07-05,0.11184769122638286,-2.289657436636065,-0.19840421019864035,-1.0442351410141135,-0.09352492319890916
2017-07-06,-0.4809672881760446,0.0617617332118789,0.3159016665616672,0.37433659761986665,0.003158258957012297
2017-07-07,-1.3106127397732386,-1.5258294099119143,-1.772116593834905,-1.5110632009652698,0.05802312627946834
2017-07-10,-0.8247165880992166,0.26410547129277306,0.11782287974461089,0.1293797127249422,-0.07594165249596248
2017-07-11,-0.530225589139336,0.10128464015437287,0.6779280489937756,0.6584493751999009,2.184626468312336
2017-07-12,0.029575609620831795,0.4248941456417516,0.20483761265980482,0.4593678127516222,-0.013653819266265466
2017-07-13,1.2420105160265957,-0.2579665220594667,0.7474276394528209,0.6254672422569043,-0.004160724977913008
2017-07-14,0.9881629047568866,1.0700532561972749,0.5278477039607904,0.48468793993655956,-0.013179464799436035
2017-07-17,0.7558947363686722,0.6288098253634741,-0.64603725198041,-0.656010501420942,-0.010630981065905737
2017-07-18,-0.01093423105639228,0.8395707535660739,0.4444272634114692,0.4002666638619256,-0.054321074454389835
2017-07-19,0.7430794600634462,-0.03681084058042555,1.0038059701093527,0.8260907185381194,-0.23875737287749843
2017-07-20,0.24329052186140623,0.3157690322069401,-0.5376758553183029,-0.4438105687439803,0.12189210004943196
2017-07-21,0.25022937825610647,0.9683612374803579,-1.6279828491890864,-1.3355313858787872,-0.09910408829464833
2017-07-24,-0.02988566462602546,-0.08717055231544499,0.5491474147630665,0.6154844323231025,0.003584555106123476
2017-07-25,-1.042126650853122,-0.3122898705467175,1.7944831574847777,1.7775080542403052,-0.12993376367567636
2017-07-26,-0.360469798973551,-0.3774775217700029,0.7616586606775843,0.8714919136027828,0.05311797503213957
2017-07-27,2.434794387486557,1.0918898128397063,0.4928405583920127,0.26559232947527156,-0.3423801701508216
2017-07-28,0.9575451635907296,0.9003647822918953,1.0301541404789634,0.6777695704183667,0.7952229223053423
2017-07-31,-0.035865237543660576,-0.23683460017677302,0.08952628577168163,0.4570693901125575,-0.12327181180283507
2017-08-01,-0.8256291073470206,0.5620111534600036,-0.07824763260887835,-1.1785687512433136,-0.006514080479202074
2017-08-02,0.6803864992681732,-0.1419107679604606,-0.3597621228913513,0.4093886071000909,0.029533752081353472
2017-08-03,0.0969737783534445,-0.5125954655635648,-0.4657076152826668,-0.6675059750606426,0.03499033642266194
2017-08-04,-1.526974132355922,-1.1393859672355238,0.41027688799451284,0.5645455119882677,-0.08609847547629877
2017-08-07,0.7698743033241086,-0.11564067830021145,-0.11890789987635261,-0.2620461734311179,-0.023715806554819592
2017-08-08,-0.2788943226178886,-0.28020671316945656,-0.3496691888636487,-0.31236629409722866,0.044781933597411734
2017-08-09,-0.3868626468901043,1.8019627314162456,0.6284227143701397,0.418342333165539,0.059250035832602244
2017-08-10,-0.8378149771048744,1.0722724307708236,-1.0732303059909214,-1.2584497558364418,-0.010815469859327985
2017-08-11,0.5224234453150358,0.3576172355408357,0.1690812694074893,0.21322359060984045,-0.2830217861278039
2017-08-14,-1.6407817170764263,-0.41146180236763125,-1.8199637303180598,-1.5605410585793138,-0.4983011558302199
2017-08-15,-1.4250626210168744,-1.158912945737333,0.0025506745167425816,-0.10071249468221735,-0.2129259300722456
2017-08-16,-0.5304793886548653,0.22900179349702632,-0.6924775485425815,-0.9527151783090058,0.04161054487114628
2017-08-17,1.4626063457060412,0.9246896589789896,0.8383088046917072,0.3052712270295078,-0.08227500201864167
2017-08-18,0.3833570527908687,-0.11621570181655776,1.9242004037355003,1.620939612498929,-0.004165872864692688
2017-08-21,0.15874792435642368,0.45392602665382087,-1.1494372741868293,-1.281871451328723,0.25065726857535614
2017-08-22,-0.19733316603859855,-0.6539446574638275,0.14831784660924394,0.23017288473849332,-0.4804550173463075
2017-08-23,-0.3936196095162685,0.3112833725452722,0.6835200849839285,0.7834997840715807,0.018486182568825983
2017-08-24,0.3740376987220059,-0.31996568510211754,-0.6172212546608078,-1.108661868977641,-0.726899107602618
2017-08-25,0.9102879083038413,0.5661426054998149,0.3370851472898849,0.4151381537640231,-0.07320094864640261
2017-08-28,1.2445620051816695,1.790950996897419,-0.6396746097394536,-1.4801831147375137,0.08584775652760875
2017-08-29,-0.943053520482726,0.30803021064458086,0.05723161515650777,-0.18490198985959178,0.03505580962364233
2017-08-30,-0.6968326546415987,-0.5550796418529549,-1.4161973017444258,-0.5640397217273053,0.02195978192560833
2017-08-31,0.3964636416300704,0.7248158551154156,1.6106997500237084,1.344573953674026,-0.07718742550957997
2017-09-05,0.16461461415912218,2.2169268354131466,0.9763196129514415,1.4408562092946686,-0.04205793859712848
2017-09-06,-0.532284776290147,-0.46018705608092547,0.7720211773831761,0.453304492912621,-0.40728439734359495
2017-09-07,-0.2534454703631357,0.8940122002646742,0.24212703128267446,-0.1094163799706328,0.17673038076159192
2017-09-08,0.669337311227642,0.040686619535544144,-0.7906175128764986,-1.754817232690522,-0.09430410368219036
2017-09-11,-0.011125300512471709,-1.3726373277833661,-0.003946206965879611,0.5076158708698606,-0.21267926489444583
2017-09-12,0.6442112227943678,-0.36230832908316846,0.4031047127327265,0.11864248781100249,0.01037369297104413
2017-09-13,0.9641170013667755,-0.4836089267953951,0.9147612815823508,1.0318244353158719,0.04752789087287986
2017-09-14,-0.4729748680168204,0.04153539435510482,0.2828256118574796,0.5457224407934311,0.021378749477117036
2017-09-15,-0.33669980164688346,-0.4624026276063777,0.10562721960324709,-0.039730207893861044,-0.008526948360322601
2017-09-18,-0.9304201636012639,-1.416584297535331,-0.22299266269674597,-0.024680980854966724,-0.3476893611784404
2017-09-19,-0.2908639042905495,-0.11306662368826775,-0.46761866089508725,-0.5193563203952184,-0.0124221734420059
2017-09-20,0.8682062189218546,0.4900523718039173,1.2856928615257843,0.9839612293688369,0.03831175910481541
2017-09-22,-0.44609499695872984,-1.8791119423444889,0.5872574143296379,0.2326491770560671,0.012294287658901292
2017-09-25,-0.32998258969805694,1.1752718848242742,2.337597053155733,1.6873308521428825,0.15055551938356349
2017-09-26,-0.056669403648387,-0.9390283411763621,-0.576700002215674,-0.3812293771977783,0.9090908900514356
2017-09-27,1.2020594889327059,-1.3721562502545257,-0.5833106257828858,0.2227342654022042,0.0039483093599688695
2017-09-28,-1.010828476174437,0.09747799069646351,-0.5483023102104077,-0.6788991231115837,-0.03082027403719297
2017-09-29,1.7086629612647988,-0.445565813581264,0.0653093512825389,0.06715953153275002,0.6203840203706317
2017-10-02,-0.20438605164047347,-0.9410012451050703,-1.5562357138698775,-1.302344947785778,-0.085501430289019
2017-10-03,1.1454091063860985,-0.21099356448409623,-0.19046694234191044,-0.23003398802313701,-0.030906885152220214
2017-10-04,-0.1454012098098107,0.14869239168560455,-0.26442609801309075,-0.5483362101762772,0.0458369684535812
2017-10-05,0.12528200470487352,-0.45348731598448083,1.1858771856502424,0.8728130631140217,0.05393146845515702
2017-10-06,-0.007139614958042022,0.09420405933587757,-1.452782216882643,-1.7731090925049147,0.33949889281284085
2017-10-09,-2.1180603492886645,1.0033884326671394,0.09334439705670826,0.24106907929467233,-0.09391859306405255
2017-10-10,0.9666687564415521,0.8566314773506435,0.7554914832284008,1.3523805390870192,0.0510606807586569
2017-10-11,1.2960259851030589,-0.5311863832179244,0.27764226307969414,0.34101909485276244,0.9394468470470124
2017-10-12,-0.21913847956534188,0.681805353178839,-0.7645039096985572,-0.7629919218258474,-0.044269707270987675
2017-10-13,-0.10501527820533152,0.7820344109008234,0.8761409641535589,0.8247359104575179,-0.041128048936149075
2017-10-16,-1.1497135571450818,-0.20958688592556224,0.6093137732017754,0.39143229602903795,0.1364848556577623
2017-10-17,0.5036675633985871,-1.8174581473007463,0.007261805267018142,-0.03411276405226753,-0.13314794772065341
2017-10-18,0.041693750727932265,-0.4323874073841412,0.2221828102532642,0.12552799243849813,0.17884405881546003
2017-10-19,2.0030032849302595,0.640281733770998,-1.067448477720106,-0.9025137425878413,-0.1889171415552103
2017-10-20,-0.21960167042594236,-1.0322830686747828,0.47970148670438223,0.14605697195098064,0.16885410616908422
2017-10-23,-0.3734265120507211,-0.06772113722323339,-0.4717876963474722,0.4449510239087544,-0.035272806177040504
2017-10-24,-1.0375742121354898,-0.3576782202139831,0.9854206141769379,0.6152343419061738,0.09870922764359713
2017-10-25,-0.148010914642634,-0.03920721266322483,0.06473108828005125,-0.3906648883448783,-0.0731123508289302
2017-10-26,1.2022489190098098,-1.0683620127701396,0.8805733023191721,0.49370569805351994,-0.06474000821909633
2017-10-27,-0.3450077849228692,0.13877970401203454,1.1722714692659342,1.4562131833048018,0.18998751604926528
2017-10-30,0.048410288532863284,0.5513448148858389,0.4245078213314644,0.23570318129845086,0.05166164408503808
2017-10-31,-0.655735627985982,-0.8503760658961328,0.4322827363300062,0.21005272756658558,-0.34006366066447963
2017-11-01,0.7336222259134495,0.6963472712576642,-0.14797643571592944,-0.1467089807307306,-0.04545284905616459
2017-11-02,-1.9235018782588726,0.03369037862960008,-0.8089623670689384,0.22907364157499938,-0.2097640697367851
2017-11-03,0.22394861298823712,-1.0263466233751426,1.4965412361846324,1.267764384496462,-0.06773243633112494
2017-11-06,1.4288479905009224,1.3558724787854626,2.1376226656792974,1.8762660317121507,-0.32868479658508176
2017-11-07,1.0983038760115142,-0.6490071948784701,-0.5353404009663597,-0.18751135768189753,-0.3894750859957863
2017-11-08,1.234233624821059,0.7647209974854311,-0.2408941079383242,-0.45568506384288476,-0.032317683333106834
2017-11-09,-0.4672052399173875,0.3776443077412076,0.33825603308100727,0.323996650073404,-0.2932644821864465
2017-11-10,0.5685727187222145,-1.4986963603567736,-0.4413929810188287,-0.5156267747215851,0.16844809784371242
2017-11-13,-0.3957558338530449,0.41546012796875714,-0.4141709604058332,-0.03553105823384401,0.09263917125162516
2017-11-14,-1.4798708946171177,0.3948351643707105,-1.0124283600277715,-1.2604653618213133,-0.14347112543279994
2017-11-15,-0.4119877958913351,-0.6108851973446566,-0.40736034904576873,-0.4584106103637777,0.15806005308685003
2017-11-16,-0.07725215269813394,0.007857415873264191,-0.5837298670616243,-0.26495950916879946,-0.3034436604990468
2017-11-17,-0.15895900955226133,1.9766609965858466,1.3091393102253464,1.5173359430550049,-0.03802771316857275
2017-11-20,-1.1322506976347921,-2.137041758994316,-0.5338584735263111,-0.5185656367826115,-0.6301620967477713
2017-11-21,0.4541271931884111,0.5083033390929602,0.27611800734163217,0.7230567172572661,0.19996923564709648
2017-11-22,0.4113765121901079,0.9710198992536979,0.692189163344635,1.1940892638664964,-0.24700338677721395
2017-11-24,-0.3037871611821894,-0.507461586796085,0.4842601506954565,0.8835406521031586,-0.13189741378807757
2017-11-27,-1.2324870423190877,0.6068211474645393,-0.08188343436097345,-0.8795727752708259,0.016149837938093284
2017-11-28,-0.5176455613153557,0.03798107191128615,-0.31059100213888824,-0.17412377013325633,-0.5359304390579853
2017-11-29,1.3304468383978996,-1.3146592714540979,-0.6109222655703708,-0.7603690446074696,0.18819836301096018
2017-11-30,-1.3506306857463783,-0.989374553131257,0.4196583927938845,0.04650934097655922,0.02155590685106744
2017-12-04,-1.2882536181117072,0.016764636530974278,-1.3024562755606777,0.021829875402661125,0.050461932206929676
2017-12-05,-2.0841143992976807,-1.370807649076959,0.3477806118057019,0.1089802470466601,-0.017582630574061453
2017-12-06,-0.5136023986466107,0.017468252452956946,-1.834296707287763,-1.929612117432291,0.009695167242846066
2017-12-07,-0.770131634031867,-1.4300054226898744,0.8585871448134443,0.6447443617673215,0.10425414724280598
2017-12-08,0.17900450964611808,-0.5898049797642003,1.0793956589417157,0.6063282079187217,-0.025672008671145833
2017-12-11,0.6934119707352105,-0.2445841787219405,1.126711123955877,0.5715058211575264,-0.19731493159076138
2017-12-12,-1.3628392241187055,-0.6401323296845375,-1.2559624168975054,-0.8957847167987335,0.01566741132621928
2017-12-13,0.5985611053484985,0.6652181107320266,-0.8550309599482437,-0.5930325652951836,0.053529777419535594
2017-12-14,-0.038860322550851895,0.8591249664597184,0.692047207737302,0.3902714379031201,0.137375221767394
2017-12-15,-0.5117791727309793,0.005294823839258133,-0.11971089848602245,0.21960548090813872,-0.030414566730854905
2017-12-18,1.323651020050705,0.783356572797249,0.10299687858850302,-0.19920311118918912,0.16109291444891483
2017-12-19,-0.3382722178227573,-0.2112774501915453,0.30486705753714466,0.27051787590233284,-0.037157640569085014
2017-12-20,0.5303550335257591,0.5082848685054547,0.6651010998167692,0.6416533601967983,-0.00844383151991428
2017-12-21,-0.7533405916337765,0.07203842910572325,0.2690617498509618,0.24660100909703717,0.027924032808229426
2017-12-22,-3.060257470894805,0.8207694101269251,0.2796459188172412,0.06846146039827443,0.018251640951490573
2017-12-27,1.6377630111319688,1.2060335485855005,1.1144370143137232,1.2707974472748338,-0.7972731258498214
2017-12-28,1.167643865691062,0.6975373470477025,0.21465569381160501,0.16768498696102863,0.1778758261296251
2017-12-29,-0.5448913259665675,1.202397548462184,-0.1828572577948421,0.5776444960545962,-0.19027731452607893
2018-01-02,1.1458112746347757,0.6927848278657555,-0.10131340593695008,-0.10807665637516864,-0.043367644918621606
2018-01-03,-0.8011011987368508,0.1952817010846605,1.226617307999944,1.336341858112071,0.07836387269248195
2018-01-04,-0.07444597654283248,0.2539306031470938,0.16947863489301265,0.34793947434789213,-0.24476235578791394
2018-01-05,-0.29981248693915213,0.027307635187758215,-0.5190742657825407,-0.658626497659662,0.1587972756218344
2018-01-08,0.492424577613594,-0.24464201543447273,0.08580935427077822,0.2459785397534703,-0.1362382009678649
2018-01-09,-0.44981359953324573,-0.797754255277652,0.9982900788605494,1.2562138641117955,0.06700718572664689
2018-01-10,1.137673443875314,0.5038678893308369,0.3199260564565271,0.5680942684116996,-0.10490119045099407
2018-01-11,-0.39647248241565003,0.27784946165466895,-0.007898050701928097,0.1810079966744259,-0.026589548884108288
2018-01-12,-0.41547656963067514,1.287903660415728,0.5558757574453208,0.45897171418157423,0.09982664284813796
2018-01-16,0.47779803387723296,0.16410601674642117,-0.8178947759425056,-0.6493243442916822,-0.10561515261590369
2018-01-17,1.436798382318604,0.1970832430379027,0.15453282246783473,0.1877776294496318,0.05860153085188833
2018-01-18,-0.0727926780012192,-1.3148299411853142,-0.14641390871022997,-0.07845318203845482,-0.21147644479801292
2018-01-19,-1.4890494634253668,0.5030306149072008,-0.8294712802510753,-0.6890583171880118,-0.0474965363897803
2018-01-22,0.1771216167234928,-0.16247243567910963,0.36046428791111074,0.06535389851925993,0.08454478009123276
2018-01-23,-0.284605816797932,0.42686564807030114,0.9159639663680598,1.0045489531302338,-0.1949939697243018
2018-01-24,0.7031615317180395,2.06310605678467,0.5251830050711407,1.1368686821794207,-0.17020551417631263
2018-01-25,0.10063943045022984,0.5836421838689576,-0.1840307672825384,-0.14940111226710875,0.12292942605732163
2018-01-26,0.6999889302462562,-1.0558998160088895,0.02695016536598924,0.5822524730209993,0.012674820619198814
2018-01-30,-0.4925868928378058,-1.623835943990699,-1.7069540803948873,-1.7468905137605182,0.03782168368295548
2018-01-31,0.7134225259369613,0.22776735303877962,-0.056961620707705087,0.14720222726246332,0.005527931870119766
2018-02-01,0.5532347071329531,0.44222209624645237,-0.04156548225232492,0.9382326956174929,0.16049480143089853
2018-02-02,1.1393438235497897,-1.0712537371971194,-0.5871457255831458,-0.36498984154920183,-0.05620794310285022
2018-02-05,-0.43103920510289917,-0.16523586896198864,-1.0801801585969917,-1.2836332009315792,0.28141010565712776
2018-02-06,-0.14106252797308966,-0.7518803896633309,-0.8554843674289858,-0.7403063392161361,-0.05701686203683927
2018-02-07,-0.8335875955243375,-1.5428717967205439,-1.456088803839753,-1.5176117202477428,0.19996972687628453
2018-02-08,0.5800361103506975,0.41696878387840575,-0.7517100585738178,-0.5958699535025971,0.17083814738757033
2018-02-09,-0.12721533809565833,-0.4385448133550663,-2.0545069669317475,-1.7642594673105183,0.12144860872760278
2018-02-12,-1.8488377501033848,1.0432865184547624,-0.24553577265252355,0.0197194388021359,-0.07020115934154711
2018-02-13,0.8336731916102207,0.34379507626275724,0.055394595167189455,-0.12388164723247533,0.03914947478700559
2018-02-14,1.5617669878554463,2.6422210475862387,1.423175666337507,1.149037204226468,0.04760753589536663
2018-02-15,2.1506939071922053,-0.27337829797006286,-0.06702162330292562,0.5715907488686981,-0.030001482064592775
2018-02-16,-0.027630487274525817,0.022543691400300832,0.3897716322337813,0.24373255631209365,0.02279989837217902
2018-02-20,0.16745951428999348,-2.129189186276096,0.31294364081146514,0.1456266623857571,0.08872368402948697
2018-02-21,0.6155563263664937,-0.015045369860395648,0.09819148279778482,-0.24422174934727156,-0.10823540477435893
2018-02-22,-0.4394403150242602,-0.007538750806912187,0.8505599618822425,0.9507537003249409,0.08059483667397532
2018-02-23,1.1810143643442093,-0.267912398845185,0.799907355777507,0.6606006922357451,-0.06664611765582552
2018-02-26,0.44537643370503815,0.1505098246321062,0.12032588793680951,0.28115036809323657,0.12686860257212254
2018-02-27,0.330930996025428,-1.4243217872756888,-0.8963863100322005,-0.8938121096517189,-0.013901158988905501
2018-02-28,-0.01132970842728848,-0.10130952418916338,-0.8873527625315183,-1.3418205087548731,-0.11532864136823043
2018-03-01,0.7143035671988907,-1.2253648829792643,-0.1405480713712082,-0.6325886438462828,0.07276477815287863
2018-03-02,1.1876120468094424,1.576410989535642,-1.3928655387582525,0.18222347781976186,0.09612674324331831
2018-03-05,3.1917781570657184,-0.275387437383857,1.0087636952815644,1.1672235852968331,0.08417016288586558
2018-03-07,-0.11515426376470016,0.6180128162903055,-1.1530540348910672,-1.3200833138623578,-0.07262217864922087
2018-03-08,0.946351878869154,-0.577153945698984,-0.7297820101955681,-0.940369745542459,-0.14360185968580644
2018-03-09,-0.5795419324425422,0.1436746094113527,1.6216202521172722,1.5658862029678973,0.16808387645306813
2018-03-12,1.6577458583246767,-0.3300681375853321,-0.48864365992253794,-0.5671490152478368,-0.01263231846253183
2018-03-13,-0.30115278804542617,0.5237719307909035,-0.32892959589302356,-0.576363000020634,0.1372079322174801
2018-03-14,0.4205256572971912,-0.18869636107534368,0.15842174085294927,0.16064213807172373,0.05438749775786358
2018-03-15,-0.7665699405366918,-0.7886303477330872,0.15029184144572366,0.1543989775679883,0.08889822284753295
2018-03-16,-0.2885254139030585,-0.6149824455066631,0.9517400160795838,0.9749101552734273,0.0993292993553864
2018-03-19,-1.5487789932699516,0.44990098427688374,-0.19871983816466035,-0.2866732767130492,0.06558242733920609
2018-03-20,0.677178356545443,-0.6134632667133404,1.2149153677356037,1.153764215763958,-0.07371527641105106
2018-03-21,0.8220144410046223,0.8643516017063175,1.7682887081015757,1.4816045888586005,0.5509588784650196
2018-03-22,0.17492598221488873,0.5304518540917315,-0.4909835153030978,-0.7411423012109726,0.7490231784185082
2018-03-23,1.5074228569936243,2.14698377952402,1.1960665561204338,1.2292675958962476,-0.12433406160576492
2018-03-26,0.21315013418004175,0.42130586826133876,-0.30620460642965774,-0.2949915986523594,0.0771929835941998
2018-03-27,-1.4427959018063194,-1.17368553215341,-0.07094858606770423,-0.2929543055381073,-0.006028282845023064
2018-03-28,0.7937207177491438,-1.580682378046368,-0.5553328370174712,-0.7892993133997652,-0.05293267566572148
2018-03-29,-0.8074326775285868,-0.2239548143299814,0.570493878116178,0.4229773378951742,0.029161822165637476
2018-04-03,-1.1395512825952276,0.8139663844290509,-1.9650995051160962,-1.3047215408351216,-0.03510433862276288
2018-04-04,-0.4673440116140519,0.22236971929595983,-0.1521774416271074,-0.17127338400961215,-0.00932024068575181
2018-04-05,0.6297351759250613,-1.0800800936906845,0.1929383533016348,0.09855120815887168,-0.08362749135007122
2018-04-06,-1.1371079816313603,0.5879947158560699,-1.0864647799267668,-1.391307892124315,0.06464506710319864
2018-04-09,0.9648144992841416,0.34827149837083665,1.1952958319005236,1.0888931703626252,0.1086235233646059
2018-04-10,-0.2967328152722235,0.46126240051736755,1.8239070344428407,1.6545631384804114,-0.08153619589541218
2018-04-11,1.1284871860201824,1.2642158918960942,0.6801221052656011,0.9338367867620915,0.11964227334326125
2018-04-12,-0.1384082462935115,-1.6140728064431258,-0.07339279233696604,0.1471655219064898,0.07495632942094638
2018-04-13,0.40559658651543756,0.4506333027345575,0.3554299948235439,0.20028674596667959,0.06892169019495284
2018-04-16,2.6339223860359775,0.1880275705351006,-0.9346886772612426,-0.9762710398761042,-0.048753082367742825
2018-04-17,0.3859768457635724,-0.08531359434557692,0.05533608528811534,0.18399652960403076,0.023718068864417935
2018-04-18,1.5688426239184565,0.29531453395348556,1.4170504533952308,1.5195815309463676,-0.009288277981033568
2018-04-19,0.06852971724706651,-0.46175932450338547,0.17923171847613165,-0.1695037741835077,0.08796161515728361
2018-04-20,-1.3646057641232188,-1.02708209311735,0.15595160947745815,0.022792418938889777,-0.27760340953519247
2018-04-23,-0.06144793635552134,-1.4458282507652158,0.4470624730653477,0.1624101249369622,0.11175866705184473
2018-04-24,1.4368188216295303,0.7381983499245632,-0.7334625678924003,-0.8387990477505612,-0.09444068759995
2018-04-25,0.2891656793058045,-1.0093476770923255,0.043228752842792977,0.23781226403204447,0.03934084600066154
2018-04-26,-0.572875805226244,-0.5633070137886962,0.5481728244249663,0.07141140516288352,-0.17299423617659138
2018-04-27,0.4479397399164257,0.3054025112360393,-0.14174173536147394,-0.1316112509817393,-0.025523168794508222
2018-04-30,-0.129518305790311,-0.4622662372796192,0.3868112961742138,0.37273507839343095,-0.11725045939312652
2018-05-02,-0.1917562813024943,-1.4461176094356494,-1.6626122550586258,-0.6474125729347329,-0.1512021187561274
2018-05-03,0.44282636880409915,0.7002740361937239,0.13214550846807904,0.4057572134984036,0.27959446829332185
2018-05-04,-1.1227399849861455,0.14983274451510736,0.9689084713917357,1.1531476459016088,-0.03180238804774806
2018-05-07,1.1911308459339178,-0.11658130041586552,0.9939227684196409,0.8549404558033652,-0.0883673519143518
2018-05-08,-1.3175065348318644,-0.09471767941232144,-1.1040372426005367,-1.5397602020338323,-0.1164544383034221
2018-05-09,-0.3540559539853237,-0.1473203516348046,1.7429095713575335,1.6104882081396201,-0.18482317607904195
2018-05-10,-0.3016236037641362,0.9218795734196985,0.1439054384516072,0.12732219536394962,-0.1865278550548702
2018-05-11,0.7269805520887886,-0.23298277064689313,-0.30938961462614134,-0.5542273887624403,0.07375763010285287
2018-05-14,-0.4916257113095163,-0.3425083344983445,0.7606331233572118,0.15206390635931397,-0.13327156203732152
2018-05-15,-1.9290568282712346,-3.0524334107546673,0.09726570576099494,0.23438511917215218,-0.06833608011165636
2018-05-16,1.0600347396642356,-0.0145288345011452,0.5871340381887457,0.09985792442623276,-0.01151768520778535
2018-05-17,-1.6567976192540386,-0.2711419602694598,-0.040870213918262566,-0.05220252736531041,0.06404152563459786
2018-05-18,0.6783134545927836,0.12874421623795057,-0.6962837834174214,-0.23972337969210192,-0.20518020037037632
2018-05-21,-1.1585074970408598,-0.06766515298262908,0.4965716078764416,0.8026761590271149,-0.10437090763934377
2018-05-22,-0.48674235778497155,0.08504402644657731,0.22336067308221808,-0.14765015416235855,0.13153398292317012
2018-05-23,0.5090573657933471,-0.33033722836477597,0.12517017075662887,-0.32205977805036273,-0.18011446824413616
2018-05-24,-0.3105054167728472,1.4845724613902702,-0.9308033818494978,-1.116118016362914,-0.04625435398795573
2018-05-29,-2.0556801241886458,-0.5427800182047484,-3.0084302333970583,-3.7274191126850535,-0.22322145900765747
2018-05-30,0.5953850697273546,0.20276493023496447,1.2729897576714102,0.808845735498817,-0.49416362731707064
2018-05-31,-1.4680261973025739,-0.2129653796434795,0.02031927834421571,-0.7227074587956428,-0.06829003877226857
2018-06-01,0.06453404412331464,-0.6449818092369316,-0.05103504519075166,-0.7969017948413459,-0.3109306105781461
2018-06-04,-2.1582897127853338,-0.27527951713670035,-1.6091243039093777,-0.7118374611497355,-0.08830799305132904
2018-06-05,-1.2372303862873835,0.39962168470043297,-0.008483186342681213,0.45592698721770886,-0.5037051136138493
2018-06-06,0.12677150406490306,-0.10841127434665533,-0.06396448574323833,-0.5662292271500191,-0.299351351924247
2018-06-07,-0.4776417351867209,0.0987957595601687,1.2686792756373189,0.7982905275463824,-0.27463092161446545
2018-06-08,2.3853772863037452,-0.14258281701368566,-0.5998040488855296,-0.18068575255795166,-0.3870571546593859
2018-06-11,-0.42994636239658185,0.009055522858526519,-0.05966202674773571,0.21937849684887323,-0.036800947879464925
2018-06-12,0.7298252325137602,-0.5204190725142567,-0.4609706140621167,0.15486137575545078,-0.18917579715925253
2018-06-13,-0.6397806024053035,0.11647069987912814,0.554433429869772,0.17560787799638294,-0.20492286964742337
2018-06-14,1.269887964898553,0.7616800496026709,-0.6372725763006928,0.15727463455123822,-0.23029451037772752
2018-06-18,1.0025320712992465,-3.3429023801059383,-0.5152247333187875,-0.9277811928077367,-0.1243481900128579
2018-06-19,-0.7539493897849079,-0.2203234144346661,-0.26520424218866784,-0.7116377085488285,-0.45899467381776604
2018-06-20,1.7268040353783656,-0.5599846715079894,-0.3346135555939232,0.9181332463355567,-0.3345604902814802
2018-06-21,-1.0221490549835723,-0.5347277282219579,-1.4645663262658897,-0.613810349713467,-0.10269201397752857
2018-06-22,-0.43752376058385684,-0.06716919639888495,1.8404783957142141,2.4906102086912734,-0.386693724423424
2018-06-25,-0.9087462305482025,-0.2834976763470473,-0.6019489788331879,-0.3688862032588738,-0.4427175017601285
2018-06-26,-0.05089481051742106,-1.1306415504561669,1.0467434690730144,1.6725748731233754,-2.205643185793041
2018-06-27,-1.7111374570682938,-0.5509472629028461,0.8530466801165828,1.3857627093228808,0.1062095492074587
2018-06-28,1.4183037627769104,-0.6830931516586822,0.11174416592883753,0.3864379371968988,-0.14375886272266453
2018-06-29,0.9546965085407305,0.3198826595382241,1.0567399112924731,0.3981741955131354,0.02142046606358831
2018-07-03,-1.0258486772315096,-0.03402045056705505,-1.2097250831813717,-0.044901654677403355,-0.07381139403336874
2018-07-05,0.46901674046001146,0.6092444519880565,-0.3177159347624449,-0.857476791786997,-0.05863441953251784
2018-07-06,0.19490982558910278,-0.42621911635610954,-0.25597459998671296,0.5336684542407852,-0.08769637699529495
2018-07-09,-0.307987756959066,0.3705868219069656,0.6330788680345044,-0.005807338904329341,-0.7517796737873453
2018-07-10,1.0005496444929007,-0.5994344803925068,0.5232605316071808,0.14119468918040684,-3.0147935939960337
2018-07-11,-0.33192383402960934,-1.4689753288555387,-4.2438481413305995,-2.9049814595220087,-0.17089474204813537
2018-07-12,0.0661364302032721,0.15128753754876742,0.4372684608195127,-0.07695969169211532,0.1817811184590331
2018-07-13,0.472586092105887,-0.7511680086427595,0.4002115615361361,0.3659606781126461,-0.005357004066870218
2018-07-16,-1.991223569811991,-0.2918759534970583,-1.8555270627708476,-1.8913246113537634,-0.00565041605132271
2018-07-17,-0.27865924982103335,-1.676002055040198,0.0987479443227456,-0.0329113626205146,-0.0218127083085251
2018-07-18,-1.111670326887934,-0.050585977406483504,0.33183345234264905,0.36232530570789007,0.043741926548414745
2018-07-19,-0.8783115993776388,-0.5798937155153292,-0.2004776995229783,0.39022876334653434,-0.06115671103208624
2018-07-20,0.56466462230239,0.8116467756548378,0.2221529874709161,0.5897470999855818,-0.1076283414779804
2018-07-23,-0.48121441945724563,-0.7559571372279804,-0.045404474236722156,-1.7139973024299757,-0.025487759300945156
2018-07-24,-0.8631043245042268,-0.11649309506680128,0.17870243824676127,0.3262603935872069,-0.14353700401689
2018-07-25,-0.2624259099003828,0.8776900714436243,0.25498444934946934,0.4433001966935857,-0.0006089107235234761
2018-07-26,1.4052962609857909,-0.8288994165511239,0.33964565291602433,0.16130473236081175,-0.12538755173946403
2018-07-27,-1.6822706050723986,-0.4490779214946713,-0.20941594923191373,-0.6517573281849905,0.09556504602522037
2018-07-30,0.11120242470949525,-0.26180164525352556,0.40568569912051333,0.9290914016224157,0.02637950566531587
2018-07-31,-1.448156383772959,0.2207778140334422,-0.5522015113699942,-0.9687870222264914,0.05926162526664336
2018-08-01,-2.1326550610208312,-0.8386748634460992,-0.06111857666441147,-0.8008414731836839,-0.010877969109577201
2018-08-02,0.038472037268098815,-1.0722063589973356,-0.6563706018631319,0.8479253992302388,-0.16510298787662392
2018-08-03,-0.5821144976455281,0.3619300452555111,-0.2482156974669792,-0.36120712709962616,-0.17734798610627078
2018-08-06,1.604071304654983,-0.8177360317014064,0.3624479248464033,0.32831760615498795,0.18570170330828295
2018-08-07,-0.42880943339310246,0.02552559063232232,0.6636352295234782,0.07678813939407286,-0.367549200928921
2018-08-08,0.1444400399187422,0.3186447795653087,-1.9979760169498513,-1.79608332156694,0.14637171957886372
2018-08-09,-0.6606526207085135,-0.17237226673978176,-0.22436909789502607,-0.14175113296544942,-0.15099341839968666
2018-08-10,0.0880976086645215,-0.2014056458889409,0.4933621913712428,0.5512928169299681,-0.018803693887446626
2018-08-13,0.7269151301182751,-2.840699081897622,-0.20372726576272426,-0.3598236291655624,-0.27594801334856106
2018-08-14,-0.3144005870621569,0.067038846319222,-0.17969285649816807,-0.17126569543074013,-0.21511801865843927
2018-08-15,-0.5744614587425471,-2.1231566931175423,-1.466172622533209,-1.7057073477352847,-0.1324332190349383
2018-08-16,0.44695260542292314,-0.3016730968649582,0.44729715530030023,0.27754083015982167,-0.15236503316649058
2018-08-17,0.21359061824052558,-0.04836149149622566,0.2630884683916973,0.2997011635461388,-0.8679156994287974
2018-08-20,1.810365895892169,1.2601590311257131,0.2509883078603348,0.36343450678275885,0.25447844951466936
2018-08-22,2.2236672749616946,1.1315536737259457,2.0454055373680866,1.0950237622942418,-0.2104693825821336
2018-08-23,0.6623614088192075,-1.16240039433411,-0.07072061574950583,-0.06165240939791324,0.053926001255183154
2018-08-24,0.4190683547760153,2.194998671180791,0.7454898881554275,0.6677017519152705,-0.10286689684023259
2018-08-27,-1.0036225060854953,0.26576786178033224,0.23886970240282804,0.07812909873080287,0.11227015981838326
2018-08-28,-0.5021838869185535,-0.22833600766126688,-0.2553715057158672,-0.3357112485915573,-0.15749649368589522
2018-08-29,0.755308575171797,-0.3834432179995843,0.8647634274185253,0.7884936930402008,-0.09821225648090755
2018-08-30,-1.4487384659755647,-0.8178625925231645,0.4348820126210425,0.584885719346167,-0.16024906132479286
2018-08-31,1.1487452243353693,0.1936016577044065,-0.33463665980143675,-0.4373181171901845,-0.034470849305214823
2018-09-04,0.18491503197973522,-0.9125864145360492,0.5368492226534577,0.005345492992885617,-0.380635925451886
2018-09-05,-0.4227206109379172,0.15139510433850906,-0.7991000357251025,-1.105159729807536,-0.1333240951339875
2018-09-06,-0.098044794248423,0.27469627776211764,-0.7107398520001852,-0.9008635520462985,-2.740516732922703
2018-09-07,-0.45530237866448453,-0.5617439742335515,0.2008410762708937,-0.07478336672077078,0.047161057492287065
2018-09-10,0.7864057129825948,-0.1595877589765271,0.3930262386223761,-0.24292933488192153,-0.0055457017255086715
2018-09-11,-0.9451793509542763,0.2057259970341553,1.3769968943511954,1.5090863698351515,-0.04260810029668303
2018-09-12,1.4060356261881415,1.0408703676577196,0.4940388416338764,0.9022613560426911,-0.06386438563732579
2018-09-13,-0.827290559844067,-0.36026214745448454,-1.3413496417258808,-1.547164367303078,0.06468995831077663
2018-09-14,-1.9081402800455156,-0.9133724376302171,-0.14714439896013443,0.2525529843545517,-0.07800880953291792
2018-09-17,0.3293789261716513,0.45893822535959955,-0.09835530597181398,-0.10933664792722536,0.05749942308040943
2018-09-18,0.0898413137586904,-0.40916130976284676,0.7389431702368165,0.7206488187090498,-0.5026357067050231
2018-09-19,-0.9841460036030767,0.5644364134142138,0.2448566763985275,0.9922344478898608,0.17479264945028247
2018-09-20,0.10762399881232523,0.4215374766739819,-0.6551664617903732,-0.30015097834042875,-0.07771060483303381
2018-09-24,0.676892812371434,-0.9052378973700368,2.0119883982909577,0.9988206196907828,0.02920405160134317
2018-09-25,-0.8695133293293327,-0.01698373330466612,0.4464945928009066,0.11758247732679496,-0.20579407753039802
2018-09-26,-0.9600961444150148,-0.8239774714718322,-0.45232169429311647,-0.6433178066716514,-0.16139493354698742
2018-09-27,-0.8275037099579112,-1.573569966342641,0.21997402230318258,0.40456490273456075,-0.05935697661793133
2018-09-28,-1.3039554176377395,1.0219650793637514,0.7118803383995933,0.9073035207017917,-0.629936030152216
2018-10-01,-1.563216489746018,-0.5797277369971381,1.671949299791895,1.64269167038613,-0.015305679175966144
2018-10-02,2.165540363259645,1.7664584407220851,-0.17027924836416153,-0.09143156325629985,-0.10642303888461532
2018-10-03,-1.4517020090399433,-0.47963570265564376,1.0028218029617855,0.8615622067637829,-1.6712448303193586
2018-10-04,-0.20051191699788184,-0.2092931318855767,-1.2668009587847908,-1.6647147300860792,0.16891818527344446
2018-10-05,0.2773506144025294,0.37830826935869066,-0.36119415097683266,-0.04825573448199748,-0.02715368575963412
2018-10-08,1.294758656909453,-2.006444826526789,-0.2418572792039863,-0.08357287111141046,0.02102989511137008
2018-10-09,0.6378613927140461,0.19226197036916434,0.7236144242222995,0.4551715658510525,-0.028059023287294566
2018-10-10,-0.6721752500959343,0.17526802487811075,-1.4577506640451425,-1.4397733815081495,-0.0626673000066265
2018-10-11,0.16997184182002067,3.840750442014087,-2.0649532413117506,-1.6716515889490071,0.06224967882028226
2018-10-12,1.2883747268798627,-0.40740350148535237,0.034102960783498885,0.19427661064244725,0.12343769468763909
2018-10-15,-0.4253095846438214,0.6072560255922465,0.1705331457141002,0.26173816613848583,-0.01691538624219686
2018-10-16,1.0612216558685503,0.03758074359909455,0.3607057972713321,0.05738364098859427,0.08524202924283449
2018-10-17,0.5997793943095763,-0.35304311385416653,-0.9778286620338071,-1.680801135343109,0.12270826989823477
2018-10-18,-1.6750981022221267,0.1729854995403614,-0.5837299336571766,-0.8056572060133127,0.16361151563057638
2018-10-19,0.3358356739506498,-0.1547873408967964,0.27692908651602305,0.2783209383895234,0.043245581742867585
2018-10-22,1.138913631719009,-0.4243807644871119,-0.019687808002333457,-0.005027849825517116,0.07064261752250521
2018-10-23,-0.6917590776768191,1.0254296920447925,-2.6203896568131606,-2.1378294096979533,0.06623450470694875
2018-10-24,-1.0382385450315554,-0.5220671205597808,-0.23438166610248734,0.200891851952589,-0.0033253152282808934
2018-10-25,1.4497516751104331,0.04309583271009084,0.4012899541173212,0.30336784823780616,0.1528253510867189
2018-10-26,0.7716114636616271,0.2524921175883725,0.4243924868856637,0.14198481449744216,-0.04373748404689176
2018-10-29,-1.1230597176166253,-0.7971047177946902,-0.23416948441089544,-0.4409482025610134,-0.06377805049227767
2018-10-30,0.37885312038027336,-0.2626832615811481,-1.0528370406941834,-0.6978943113821268,0.04999853936189565
2018-10-31,0.3443781759322587,-1.0642586631429856,-0.3693223525348386,-0.7234957498629109,0.0154339928967566
2018-11-01,0.561715699903091,2.19917943036964,-0.0381265351580769,-1.3399838337757302,0.16847668206125588
2018-11-02,0.02696222314464996,-0.42961155028964887,-2.0713666948086087,-0.4681499917906817,-0.036258833119410416
2018-11-05,0.8652065923062231,-0.16343618943549051,0.15436985832411326,-0.0776648612242066,0.0844722282250376
2018-11-06,1.2610746548002556,-0.5873665264643577,-0.7638776785329766,-0.7805706588662805,-0.10105151164176543
2018-11-07,0.03561579117313504,0.1403218600058153,-0.10228115735784245,-0.5023611815394226,0.1009281107417797
2018-11-08,-2.3303460143039927,-0.3549266710690782,-1.0966944457129193,-0.9175698715936587,0.10557120838422127
2018-11-09,-0.28985463542750967,-1.6117316385635074,-0.40595524017153506,-0.46776945393127883,-0.14966892372326338
2018-11-12,-0.8309330398441998,-0.5786572834845742,-0.10379043133582706,-0.2823840384725572,0.06483290589756033
2018-11-13,0.023037376794406268,-0.27479457650645617,-3.8094072960569876,-4.123110345264975,0.09829755325559043
2018-11-14,-1.1166474093657244,0.7714667028183393,0.2867088317693427,0.2781258115238819,-0.019304860938587035
2018-11-15,0.15184507808995923,0.4291921117854788,0.24518851661594362,0.09957794840589916,-0.0994497009432636
2018-11-16,0.536685431808782,0.7205546988453528,0.04440086209619737,-0.030481121520086897,0.06631827734772938
2018-11-19,-0.8370860875054189,0.17814754447040532,-0.023112715768471702,0.16871843458306793,0.06467220930446582
2018-11-20,-0.2553094779059168,-0.45934857275611696,-2.8539208771883313,-2.461387402253325,-0.19647826189111128
2018-11-21,-1.357919169014743,0.5975254810100836,0.4320230060663302,0.6588538615371324,0.0452768006071319
2018-11-23,-0.5309229850377658,-0.5256508730970877,-2.623567858430227,-2.651211750010817,-0.3220083996241313
2018-11-26,-0.11350880096423462,-0.16134454603386383,0.7060167066253061,0.5551062026120027,0.17577700772995186
2018-11-27,0.6436958219610097,-1.0015173309513454,-0.14428795724095556,-0.054027188389404596,-0.0022448769864897937
2018-11-28,-0.5928871626783274,0.9664555522110096,-0.7436556357795202,-0.7192055406138387,-0.5716735374333255
2018-11-29,1.006156825235205,0.2357430491890732,0.3396286866073182,0.623228223382844,-0.5384252656671304
2018-11-30,0.8276045899854936,-0.4642097102056051,-0.4516751975692814,-0.3252906152947823,-0.3383691953113868
2018-12-03,-0.03733316265376969,1.350739828782899,1.5737275079991548,1.1975407155709556,0.047222668586894466
2018-12-04,-0.9321381436837278,0.6832882746075767,0.18071338713716986,0.15885337514677766,0.09153548632660315
2018-12-06,-0.65727079826474,-0.34364573383810315,-1.1130515862840054,-1.1489994245263853,-0.15536514324542858
2018-12-10,1.8169236442680285,0.4863144646016472,-0.0937143552646447,-0.3473704917588235,-0.21416286786551963
2018-12-11,-2.076551085480054,-0.23468962873949603,0.09396280381484576,0.40168620590129145,-0.1075852747810777
2018-12-12,1.00821070487143,0.182513879172208,-0.0651360769920488,-0.3784206669662504,0.12140916214612096
2018-12-13,1.8331720826964684,-0.24062611807835782,0.7603580565348825,1.0041103646328466,0.022027916561923183
2018-12-14,0.6843052939469045,-0.6822247558491518,-0.7668722211545742,-1.0393691978095554,-0.04219546370224297
2018-12-17,-0.17093701124683391,1.0260841120029427,-0.4837149510316514,-1.0215829597153376,0.03491610240155882
2018-12-18,0.7877635791821135,0.14702152921562417,-2.3763034686716566,-2.856889299506468,-0.38680666917457557
2018-12-19,0.8617424534708935,0.24038230343140937,0.5171851815262644,0.5204538998315799,-0.11170836634547585
2018-12-20,-0.9320271089023364,1.1629179159386,-1.8160383943837974,-0.8308747536351634,0.03970282729161965
2018-12-21,-0.016484503655329805,-1.0508448056962416,-0.3543432573777318,-0.21507146443614686,0.05240697007694259
2018-12-24,0.8485051678305237,1.3202735821968015,-2.122911882775138,-2.165343323061651,-0.12716949094568553
2018-12-27,1.0932966596975298,0.9318082817318785,0.8703079940939283,1.1858250037392697,0.07463455719499179
2018-12-28,0.6243533860015549,0.20970592515314668,0.002599755470527993,0.39627557965962096,-0.1938621779992652
2018-12-31,0.11764109759032247,-0.21771049862772845,0.8756453289328721,0.02714886942370423,0.0965358244198992
2019-01-02,-0.4513642304931215,0.19526227162613755,0.6038358874833292,0.6837922532463997,-1.273693914611854
2019-01-03,0.09457239994920548,1.0230915992866825,0.5698150100813618,0.33145443938735103,-0.05309331291858598
2019-01-04,-0.8068508559084326,-0.9355689622315313,0.6197795700766582,0.5554195814978538,-0.11293276616216892
2019-01-08,0.40410155416434,-0.044117920359503675,0.9494028921427463,1.2108220047180607,-0.1707780063768634
2019-01-09,-0.6662566989776346,0.5463063334691831,1.5376970403884977,1.648148346710589,-0.48345348099336266
2019-01-10,0.3508989128448996,-0.5202525565761401,0.11108600700855256,0.12094609726467417,-0.40279820309922915
2019-01-11,-0.3045970674535497,0.16210129524980585,-0.7172563129021758,-0.6658564058992256,-0.8446854926674721
2019-01-14,-0.346011355457275,0.14235526643508964,-0.9304651468982954,-0.7579136577539037,-0.15487883964286303
2019-01-15,-1.4993620348758887,-0.37480919893840137,0.9361743437402656,1.0526188290991096,-0.5407686528631014
2019-01-16,1.0343901871288967,0.4948979006116493,0.37592649370566805,0.11171359721785246,-0.1598479722233016
2019-01-17,0.238378393206929,-0.12398506981053165,-0.12058983050092859,-0.2025669964747339,-0.025436577796489168
2019-01-18,-0.6417564576373179,-1.1405901550853919,0.9264677257735329,1.2456070843675868,-0.21055260926186734
2019-01-22,-1.3898482080933843,0.02642785337470165,-0.8019601927269225,-0.9202459068902943,-0.6046163891217473
2019-01-23,-0.037487604759874116,-0.007053598263639787,-0.28792945081273374,-0.0030904529045168543,-0.3098332539108615
2019-01-24,0.22142535956321618,-0.5288217825064456,-0.08101403935002761,0.3584374898504775,-0.18153350548435
2019-01-25,-0.7527662380510831,1.9862093741781182,0.3485714580522545,0.4135963813638723,0.03677267542734176
2019-01-28,0.5631049676211242,0.48241245338006217,-1.3309902321911313,-1.4692535866548608,-0.1093255341545485
2019-01-29,-0.8654310040476101,0.5275565594941678,0.9440770742754225,0.9889392168713823,0.13437870667528012
2019-01-30,-0.9658964004326795,0.11622626063675201,0.20193590415130758,0.6829210488188133,-0.5466780833441289
2019-01-31,-0.2172301731835864,0.9345001092209884,0.13352803174933003,-0.38169619533864213,0.025776107397504466
2019-02-01,-0.029218955059013972,-0.32630585063251316,-0.06326951705119918,1.1619058055763076,-0.09411747143508889
2019-02-04,1.4643751351636785,-0.3463816471240524,0.4616092136408917,-0.5941364337411575,0.09466854089756856
2019-02-05,-0.2623757461539452,-0.09170866322995974,-0.4859242447989959,-0.7979963355304881,-0.8196096094885438
2019-02-06,0.8891292199447625,-0.571178530129939,0.541672850635046,0.25187259516671845,0.19873008449222485
2019-02-07,-0.9092915055211694,-0.10027813374634793,-0.973114568274252,-1.2652266208923306,-0.5593700592334078
2019-02-08,-0.6362084778190255,0.38799260834931804,0.34078917608511605,0.021338447012102125,-1.1084971564789587
2019-02-11,0.668500940967802,-0.7967792061148242,-0.5802137585948702,-0.32123304643906475,0.2481164245719132
2019-02-12,0.03488050183555326,0.14403589650867796,0.7613829400920001,0.600687373634333,-0.0035419565939005457
2019-02-13,0.4906203545242725,0.10576075410749067,1.0237176961278716,0.7187808907245322,-0.02437390619697456
2019-02-14,-0.44053579395339426,-0.18809341956685843,0.7980736410857733,0.44702985094422104,0.02608374856820608
2019-02-15,1.854243766326923,0.8610216754216945,1.4115433259369252,1.1011840794455279,-0.010238979135471588
2019-02-19,0.7193081796121651,2.3887366091583524,0.12312525537313093,0.43358446769529313,-0.3977381342442106
2019-02-20,-1.0251471304881277,0.2884729800619454,0.47602520507878315,0.7539453166722194,-0.20608332674775243
2019-02-21,-1.0265935673433704,-1.9546159248875885,-0.06280066110223032,-0.003724034119143567,-0.2238826866795576
2019-02-22,0.29280951353595336,0.4164875025924442,-0.01773624281975588,0.2501819356282618,-0.31875951775426253
2019-02-25,-0.5740737411859009,-0.3659555776218848,-2.2735554963088864,-1.9066204879597473,-0.5842918399063105
2019-02-26,0.4682628101573917,-0.15500186745378075,0.28075352332838843,-0.03653661687287973,-3.60189679746872
2019-02-27,0.874780981819297,-0.7994175243257101,0.8992814422584738,1.2943214154402511,-0.05259250511558571
2019-02-28,-1.6791991764565468,-0.5789973806199578,-0.33419077331315894,0.21389968389719205,0.011462010405951656
2019-03-01,-0.5115259905589524,-1.752175311439927,-0.8644720112461631,-1.371645149143326,-0.12774680851629044
2019-03-04,-1.5864635152175202,-1.285458648136622,0.4366896998852233,0.6408293983891873,0.1269290163188465
2019-03-05,0.009902399438884893,-0.38569240862865006,0.10981025491146541,-0.06587416943103687,0.001179789892282811
2019-03-07,0.6109058065260575,0.10555983233656419,0.3290683869402529,0.04689537019859413,-0.25570957426354496
2019-03-08,0.3712254632203147,1.301765856922679,-0.5660557771470884,-0.619410394886502,-0.175524390520696
2019-03-11,-0.29658156113428064,-0.8472987401990438,0.7029111153042101,0.6541818226060611,-0.4090430140269335
2019-03-12,0.3627363383191208,0.6579763472864729,0.027726989099266477,0.035162460490475535,0.05406606229973619
2019-03-13,-0.06441830055630589,1.063942205863992,0.7651675788537362,1.3576226703643623,0.09762645261885441
2019-03-14,-0.0875651423508526,-1.4102253527342774,-0.35891596196490255,0.29547255311582443,0.004099132298066428
2019-03-15,-0.14296009931881892,0.7088257798609419,-0.1386551736863596,-0.13652409769769375,0.005627234948960102
2019-03-18,-0.061588103666052926,-0.19087611217705075,0.3059664053685734,0.5245238380848076,0.007380316898100445
2019-03-19,0.1323361447528585,0.38765092388465794,0.00396974596224731,-0.11041296589370961,0.009300007127121049
2019-03-20,-1.7285734926792713,-0.5037409314842302,0.8399217792257552,0.7848870860712795,0.011316077267882725
2019-03-21,-0.33164904114492205,0.4793561995431029,-0.7125626394281878,0.1077151105418986,14.486756826260024
2019-03-22,0.7444446495558927,0.49852641155930544,-0.9290140168706246,-1.0668597041171786,0.002003555175454216
2019-03-25,1.5684183577515463,0.9828338644563012,0.10188398314181915,-0.2894073017042579,-0.005117603811357225
2019-03-26,0.5133920859131434,-0.79545435610012,0.7091340072480572,1.1282844210422855,5.474026464531349e-05
2019-03-27,0.25506445833104285,-0.5337596789979572,-0.20680105913433616,-0.589120803958092,-0.002293329697727996
2019-03-28,0.205529922905609,-2.1469270711380743,-0.08576639282490618,-0.17166967056074134,0.0024775866762082725
2019-03-29,0.5888062406127491,0.19497878928993947,0.5299720306573487,0.8334685376386918,-0.005482741910369164
2019-04-01,1.2278035557994325,-0.5282767429919515,0.5889282775152596,1.4525341302080403,-0.022158665361909722
2019-04-02,0.7104196244274127,0.0796586654094665,0.31233343684336634,0.9071404138475443,0.024219450056377115
2019-04-03,0.4762252044326074,-0.07890192352196196,-0.13734362110780743,-0.15898025426749338,-0.0002740407001733768
2019-04-04,0.9688188232640531,-0.16983551847209824,0.018742269244070544,-0.40686079034682243,0.01601425866966567
2019-04-05,-0.09763147364421214,0.07265266772249518,0.9538155947057216,0.916524078576757,0.008876872789480905
2019-04-08,0.4035390379204814,0.656473992695546,0.7409921314243365,1.2300678581942854,0.01529172508525557
2019-04-09,0.3733967135271422,0.6353009437174398,-0.5860668438667407,-0.43375249669807464,-0.0009957678374087114
2019-04-10,-0.11983411155914991,0.5449613546919915,1.092674202381545,0.5396252878755345,-0.016637861196427652
2019-04-11,-1.5095216947730734,-2.2856960986237147,-0.9794645718544827,-1.0420869947705123,-0.13440385510253913
2019-04-12,0.9338352043365861,0.07808775109572984,0.6304936583826153,0.2310400236333987,0.08132771678746982
2019-04-15,-0.5210573783968433,-0.47330975498957056,-0.4336593432838613,-0.5225353594884735,0.04605310365787783
2019-04-16,-1.163452510068678,-1.6282954219815597,0.4634187993223145,0.5741206324789297,-0.001772044302970196
2019-04-17,1.4750371544995013,-0.15875024440132418,-0.17060564109719403,-0.33488668908381375,0.058955458744166536
2019-04-18,-1.0898976837580625,-0.10932302503017241,0.28200192949384173,0.18248555083455434,-0.44337718871835463
2019-04-23,-2.045946340950864,-0.36576997631228125,2.524342675640282,2.2542963726984238,0.14565975478139281
2019-04-24,-1.1754712075427431,0.6100545556715653,0.009222532727471422,-0.3821561679494557,0.024806152513179372
2019-04-25,0.8746073115638517,-0.02491849961274312,-0.2542884717279051,-0.6478203210720503,-0.02797126231533021
2019-04-26,1.2493010666226263,0.9514112529031727,-2.033697851250622,-1.772449723989892,0.030117994674871983
2019-04-29,1.1485594929407175,-0.7482375269668301,-0.16245900501728966,0.10483946133697152,-0.027038558147999353
2019-04-30,-0.6344489768805465,0.37278882320732987,0.5468668127832214,0.2935247049148079,0.03737232047880983
2019-05-02,0.09629778832667989,-1.5484885613860249,-1.744540035514532,-1.8634740535400884,-0.23439211977356222
2019-05-03,0.08961340120083568,0.9455704483079905,0.0029805215217538544,0.046921202893761726,-0.025535987734309106
2019-05-06,-1.1910103186806122,0.22599692682972528,0.24609934600685388,0.2030699952194929,0.20718051404220134
2019-05-07,-1.117498367791892,0.12966798604879934,-1.1536778025452408,-0.7462500949207138,-0.20992237387680918
2019-05-08,0.08173062532761492,-0.5325049919784167,0.31621264720447817,0.5501720207182604,-0.09052350433072817
2019-05-09,0.782127953244165,0.37328804132753535,-0.038606344105296286,-0.4005104738362788,0.09293329148558123
2019-05-10,0.06085847753216566,0.18415548295634415,0.13097012977248007,-0.08520598695396543,-0.1712203327429478
2019-05-13,-0.7318090433873055,1.5773961106764391,-0.3973412135937873,-0.6194110968191662,-0.276988676257101
2019-05-14,0.1334433037422826,-0.6081057761517793,0.818432983866688,0.6331041083771274,0.17941729773169537
2019-05-15,0.7226115533901291,0.0808409200861476,0.40658367956153074,0.17896541517457823,-0.20294193123656984
2019-05-16,0.8697162155723229,-1.3121335781608907,0.6886996274661876,0.7630213156813114,-0.17579000111581658
2019-05-17,-0.5549708990248955,-1.2660749975833532,-0.4221270317366096,-0.151978849434801,-0.013777858675573244
2019-05-20,0.8844092876293548,0.0685118686464852,-0.28987461570941,0.2793619313314255,-0.7552667379737513
2019-05-21,1.5089467449475789,-0.5304728597351513,0.12278709520639543,-0.1632735575627496,0.24468442744161784
2019-05-22,-0.8916903944787141,0.09016171421033954,-1.2075976160662052,-1.693424252142165,-0.29692059653210806
2019-05-23,0.30651798014856807,1.2025266730072444,-3.121287275883546,-3.4076903252773887,-0.3741489212793352
2019-05-24,1.0123355342309426,-0.23976314697542273,0.5695124365557174,0.4135034702230512,0.12148741719254733
2019-05-28,-0.47855495461261155,-0.8064517842533286,0.949307012637972,0.3079733229270959,-0.9875904608413175
2019-05-29,-0.3414166182810769,0.36219301112599345,-0.5001944688131217,-0.2630816007841726,0.2109387865717943
2019-05-30,-0.29580381142093837,0.6667436642806855,-1.9513764358298036,-1.6944180372884496,-0.6425255672706285
2019-05-31,-0.7833696052331361,2.023700878081018,-1.6524657702808576,-2.204337789367177,-1.039324560376055
2019-06-03,-1.3690893490528104,1.632632651706579,-2.1114775134018107,-0.18792738811244794,0.27961491464627947
2019-06-04,0.22277993826663847,0.040300361403493155,0.3313696062886753,0.11402113383702257,-0.12224838818689732
2019-06-06,1.783818260251662,1.234229026238293,-0.20841830637842096,-0.6245350528239577,-0.1963616565127813
2019-06-07,1.2393379108119384,0.28618265648585456,0.9396619513451666,0.9239493993271237,0.15019137045440217
2019-06-10,1.5601481879077328,-1.5327979707224089,-0.6381765513944025,-0.5321593412837214,0.015522688111693298
2019-06-11,-0.16745909849328308,0.047594670945847455,-0.04774402200534094,-0.02997723385418726,-0.20399050794473492
2019-06-12,0.6483505723261168,0.4374885083186864,-1.6036878807109796,-1.6955102169223428,0.09995557778925888
2019-06-13,-1.013672304916847,0.613617083749315,0.785086094180543,0.7614737264673377,-0.26335258645762477
2019-06-14,-0.6257536681507092,0.034050492725949275,0.4104554776919579,0.13778661461210293,-0.14490651947121225
2019-06-17,-0.07769555706438162,-0.19544813444794026,-0.7412073845441272,-0.4731823900871546,-0.5233870753331631
2019-06-18,0.6775006594701015,0.672795458721253,0.7516698632244145,1.4924326594415611,0.22987332366145036
2019-06-19,0.1769136964489658,-0.23676269957602875,-0.25186259496080476,-0.12709184947752597,-0.00033417189399162777
2019-06-20,-1.7204786258498386,4.470080640513785,1.7788859324722812,2.141695494376697,-0.027431366794406224
2019-06-21,1.3622397419028769,0.23263562617235184,0.44714871435520887,0.4851104941026462,-0.14597347428747093
2019-06-24,-0.4079972577403102,1.0578531259533606,-0.25933092028815824,0.2840527262721569,0.08618845416219979
2019-06-25,-0.5921291952841149,0.01953452680880647,0.08042019610019699,-0.0819928661582696,-0.48347377096552624
2019-06-26,-0.10385557171738138,-0.24610443715922253,0.9601302597719219,1.0897964340066266,-0.07454261259051147
2019-06-27,-0.23626085905233746,-0.25252333372922603,0.004824236015813698,0.006490847457946688,0.22441084833486072
2019-06-28,-0.7517501177457786,0.028548571666276175,-0.04963036113311807,-0.7675897152245194,-0.026241109140671962
2019-07-01,1.9118985629053036,-1.6308398110888715,-1.188500852117742,0.4324391318457233,0.10730819423640034
2019-07-02,-0.7492932061710592,1.1486758524422678,-2.0927700787613817,-2.3526621627722335,0.01648589963648254
2019-07-03,-0.9816378633383643,0.8105170711756836,0.8763175053451311,0.6732556378119843,-0.016426331278892186
2019-07-05,0.7117356129200529,-1.3517982824805646,0.23743690166967557,0.0860673216492687,-0.293154416403769
2019-07-08,2.6873260155737646,-0.06542890197515087,-0.12531199574888838,0.07165640701363114,0.25919283246530933
2019-07-09,-1.2214422298041236,-0.016294311174103186,-0.012948599751591426,0.08988928254434919,-0.03277924552999954
2019-07-10,-0.29709058462543214,0.7862845861423771,2.0390211464165096,1.9472442725652166,0.06915445049855297
2019-07-11,-0.42114103904924016,-0.41150978251115344,-0.34024680943437396,-0.17935826945697003,0.060681494885231425
2019-07-12,0.23685763682303024,0.31589532831477135,0.08417178873118301,-0.03144819877530364,0.38342565096340636
2019-07-15,-1.9181647656316998,0.06088922681597124,-0.21536810167658663,-0.5143219956435634,0.06741702809513238
2019-07-16,0.1892369542279182,-0.20501299974886608,-1.6347291267587014,-1.6005829603067339,0.02194799332178319
2019-07-17,-0.7183341910520885,0.8040504456649397,-0.543012176835798,-0.6653434318696578,-0.09170843416528901
2019-07-18,0.3435352246454109,0.308438108503362,-1.31569626161387,-1.1793259213230318,-0.090172647336325
2019-07-19,0.5870690939178054,-0.11811367931771956,0.321914944812823,0.20360963460196713,-0.21421870819004774
2019-07-22,1.4450092297301425,-0.04410237543354849,0.5304917041621089,0.42436022640940796,-0.08285039358136138
2019-07-23,-1.3142840546123766,-0.44802104359665107,0.37983466051391057,0.4063702513475772,0.10832265078168762
2019-07-24,-0.2874981154349696,0.13672301182008983,-0.5451258537947349,-0.7855199266916949,0.08588621578909485
2019-07-25,-0.6931736299133567,-0.7500715137113902,0.10822515353061717,0.07243894596151847,0.05560925572910597
2019-07-26,-1.0798466624515395,0.2846660875098634,0.005216345505418234,0.11709867563065224,0.124647319509762
2019-07-29,-0.16368266246694457,0.03666500810413378,0.15677126538914474,0.5705495283613635,-0.11905086500603079
2019-07-30,-0.12790901885568715,0.7642926389138295,0.8239226097550608,1.0507480818939303,-0.25881832669379806
2019-07-31,-0.8684017364041636,-0.33324949470987375,0.34155265124216105,0.441307308370482,0.12678811111202917
2019-08-01,-0.42438551946853836,-0.5037916471783683,-4.370361627588427,-4.524513791314409,-0.003354360469096153
2019-08-02,-0.2584598613048841,1.990679584102802,0.7184440937807524,0.8811813861002512,0.10288129878013426
2019-08-06,-1.8106457293961105,1.9677902239293348,-1.7580748886496236,-1.1490484235465195,-0.2453568004376108
2019-08-07,-0.7461072032834596,2.2637642820644626,-1.5640501857443156,-1.4759009781230144,-0.260747935729893
2019-08-08,-0.5309753372608488,-0.5302865128823301,0.5608555808446632,0.7433998273897676,-3.098045877173041
2019-08-09,-0.2991827825728621,-0.12479765218125878,0.5934580122471794,1.035501341977843,0.23089966677209114
2019-08-13,-1.1945765845145608,0.27902307006010824,1.4687966204786065,1.3436672044122429,-0.09392209212943557
2019-08-14,-0.3018119620712248,0.7751099877120048,-0.9581127436251613,-0.9737561675704108,0.014506108377336657
2019-08-15,-0.2878789207572069,0.19244903806949723,-0.7085256847689513,-0.43058947531236624,-0.0536236504081322
2019-08-16,-0.6994190584809846,-0.4733072916274852,0.18427527592869258,0.19192285029379147,-0.07095319427984755
2019-08-19,0.4100265094844231,-0.8142691137474002,0.5941535457924813,0.746777430230529,-0.15356689157232054
2019-08-20,0.6325612131542679,0.19304363546426528,0.1399445698962786,0.05319897888428593,0.11404190768472948
2019-08-21,1.1743919366809377,-0.04519155942248946,0.1282987484322203,-0.4438810313528543,0.004403955690356792
2019-08-22,0.2057913721114103,-0.5352972201123951,-0.2809916001839881,-0.2529328869429359,-0.1046175971807118
2019-08-23,0.18901870558314623,1.885703821724735,-0.4347005418536871,-0.8666754643687875,-0.03225257422283975
2019-08-26,-0.3572840218569853,-0.01928947864179025,-0.4986639597963773,-0.42111802022219164,-0.11756165870624755
2019-08-27,0.2293479888285751,0.8469801649205806,0.5385831822962664,0.9233365542315258,-0.10361088576523739
2019-08-28,-0.27738888742892237,-0.22034881922351676,0.6848769771426868,0.6014000708924293,0.09951232921212846
2019-08-29,-2.2946030012534635,-0.7608484837434767,0.4018327377739098,0.6706359481651872,-0.13038972262724768
2019-08-30,1.0753270783399402,-0.5427737375162153,-0.5476384981743487,-1.2953542085747727,0.07360372801641474
2019-09-03,0.6137824845587077,1.6585915927861168,-1.8224909204295374,-0.9301858290752076,-0.8905388092720807
2019-09-04,0.6433125478161844,0.2551467442779824,1.7087071177211028,1.7043024028168146,-0.7846319537351879
2019-09-05,-0.734226102870311,-2.1779478011127655,0.1423654350507625,0.005025713683925453,0.24241509177152273
2019-09-06,0.8955555139845182,-0.6596889064392955,0.3650948711435293,0.12435048158532958,-0.10801078882110636
2019-09-09,0.4950131533420708,-0.31169630601775544,0.7025670039564884,0.9663745511862596,0.06333858102763378
2019-09-10,-0.5312601733938348,-0.8098899176970384,-0.1895518747793605,-0.3707126245173679,-0.056233493720506005
2019-09-11,0.4609556712649687,0.19060886711771405,-1.2453492052421788,-1.362417685411245,0.038333994886436996
2019-09-12,0.2188059728599106,0.235436105073929,-0.3807479404180784,-0.5522911069252423,-0.27809109756469624
2019-09-13,1.4696328504591925,-0.56707217459135,-0.17669006099354223,-0.23319279195557463,0.1210108812194748
2019-09-16,2.331880192974815,0.7581076861470267,6.598029531091174,6.237622441452167,0.0070049838851115485
2019-09-17,0.21400085461437346,0.1025363388599132,-1.5626736262612606,-1.3243161403143273,-0.28291376277049907
2019-09-18,0.13675177408791306,0.11271412761141271,-0.3656134778362456,-0.48463575477584653,0.12119930519457185
2019-09-19,1.6275573091322486,-0.6934837065217524,0.26077247134069254,-0.015385651271391633,-0.2585229119538241
2019-09-20,0.06718252894855682,0.5599674101202883,-0.067251988127901,-0.038069608349276814,-0.39198596826707616
2019-09-24,-0.8538738912815563,1.726575946341508,-0.5024552301564786,-0.38409755671355184,0.19378928361463058
2019-09-25,0.7006313712057813,-1.822519961519369,-0.3352592332535878,-0.41280065944877165,0.017859744582066753
2019-09-26,0.8211017362225237,0.08755667144194876,0.12389035892973377,-0.0689092713661303,0.0187378165694277
2019-09-27,-0.4021228426996151,-0.6114806130976356,-0.4211978342951626,-0.30032810518435166,0.03496273391237327
2019-09-30,-1.20614973717937,-2.3764171644274583,-0.6026402972335122,-1.114003617899026,-0.0065741722007557225
2019-10-01,0.24796089183118267,0.9727821238467319,-1.0415846707931076,-0.30066944024412967,0.09624204015184973
2019-10-02,0.6776160495826267,1.212792566111516,-0.6933041421412561,-0.6492877774685697,-0.02118484582000899
2019-10-03,0.8863866947136287,0.36358889816298606,-0.029805110401744727,-0.15935313308959295,0.07141037703062358
2019-10-04,-1.1453462358007556,-0.0986229778861991,0.35165301672858895,0.21690928963950099,-0.009122907762898657
2019-10-07,-1.3430310391525047,-0.6088230551962062,-0.044704465666474416,-0.07546317078929417,-1.0441886479842626
2019-10-08,0.6249204622934618,-0.10268883666048448,-0.10944908942857777,-0.12809353898099982,0.1713159297934696
2019-10-09,-1.0700786456513403,0.5468463331035937,0.01220378690773189,-0.07030952520697936,0.025149721520356806
2019-10-10,1.3013643332586566,-0.813076372983314,0.5030126285239488,0.7717773566882546,0.019117758065612885
2019-10-11,1.0580169104471322,-0.9242384767414621,0.9638012720192396,0.9392856036655552,-0.24276713442245196
2019-10-14,-1.4089171359389117,0.5565460536098398,-0.8612856150945015,-0.9810326152812471,0.08252623570944019
2019-10-15,1.704471675886581,-1.0489898562290016,-0.49841719563884607,-0.7147537772727208,0.01958023740681661
2019-10-16,-0.20687599149177666,0.6650081868224494,0.459548295917274,0.43423317959964347,0.1575253658525927
2019-10-17,-0.6478580269838267,0.2724310852411945,0.33536002635845635,0.47189195299817466,0.020763082295075713
2019-10-18,-0.07314147281671496,-0.35167458373253024,-0.43704237870018736,-0.17811637477081876,-0.17007814547038688
2019-10-21,-0.31599597618948766,-0.5038447636962742,-0.4380247171039001,-0.500256854991665,0.07474742256378127
2019-10-22,-0.6560806128730424,-0.1270305949280752,0.5751779292017403,0.7889697951388993,-0.14504341432106385
2019-10-23,0.191003413774276,0.5729702338660824,1.217670757535841,1.7222915929314915,-0.7320695738413421
2019-10-24,0.10997639372791872,0.6544787838995931,0.3753201387710878,0.19805014781759742,0.22453874424439393
2019-10-25,-0.7369913953221447,0.002548213471438329,0.2478459714576256,0.3504484025745585,-0.3732106961450873
2019-10-28,0.676595164395206,-0.818268483142477,-0.45009949645055203,-0.8527989303697695,0.14371113946875994
2019-10-29,0.5071806828047895,-0.3279786296228754,-0.04447841077919577,-0.30956536664454787,-0.008227061058678903
2019-10-30,-0.8257315312445852,0.4350958542237868,-0.9879786470915441,-0.5260051887642916,-0.4121984078807505
2019-10-31,-1.3460331679431121,1.4424686406133203,-0.4273352174757448,-0.9529628256758685,0.15562970577048643
2019-11-01,1.8921235870638822,-0.28836594029611096,1.332211504016001,1.9520563834820508,0.005521597857211684
2019-11-04,0.13689914410301446,-0.07194317096408934,0.35628769456454207,0.2665250177344711,-0.4663411789803022
2019-11-05,-0.08493099595701131,-2.2733028689345973,0.7131081326027209,0.5789650434177019,-0.4264107834639518
2019-11-06,-1.0195428343049149,0.617233107733939,-1.2001043966411964,-0.8562993420107491,-0.41850030641178976
2019-11-07,-0.12426888892613883,-2.1075915819810254,0.4295340786375001,0.685502777884385,0.2345372963303645
2019-11-08,1.5346715695472701,-0.3419400960165128,0.14974070203628986,0.04257303941808935,0.0036710132755610274
2019-11-11,0.6601894179281717,-0.5297137492016432,-0.3766697437712934,-0.41615334949310057,0.005119128949942839
2019-11-12,2.279494904067695,-0.3516955716775853,-0.18574058356439527,-0.11188607883655928,0.024497760721146695
2019-11-13,0.8212511936316832,0.7158632809245179,0.24723262368085488,0.27782511097401086,0.03199058059670409
2019-11-14,1.7116648699485426,0.7802648829035166,-0.15716762406383314,-0.42080172165499535,-0.1979461496877378
2019-11-15,0.04752750096728335,-0.4072078230842246,1.0083179196670842,0.9629450559158964,0.08976854162493876
2019-11-18,-0.5023175064763469,0.22097776500203142,-0.9511997993280196,-0.7555859290228403,-0.3179611148808856
2019-11-19,-0.9897084384729404,0.14211864827946188,-1.6688202776697436,-2.03747881236277,-0.045253209546763214
2019-11-20,-0.2655725700016407,-0.062358649011020166,1.325987028688908,1.6476384799491839,-0.2496939827174266
2019-11-21,0.25897173107223437,-0.9537641455274299,1.3487642391760308,1.1678848418337837,-1.2004858732405919
2019-11-22,-0.6634769355081778,-0.0938318076734115,-0.5336192441584278,-0.680975928792155,0.20456740631670475
2019-11-25,-0.43091213467695744,-0.6508359277641038,0.1630022187254326,0.15045945189860854,0.011982878048891785
2019-11-26,1.21230217656778,0.2016905726884488,0.49699620283683577,0.2981652851884631,-7.338511290250082
2019-11-27,-1.2902978625464883,-0.6520326484432789,-0.2460067986030011,-0.3070454382056485,0.002335504337166291
2019-11-29,-0.6381108044131328,1.0401912672091602,-1.6174336054102483,-2.8099274419406797,-0.003859042772712709
2019-12-02,-0.308355605123303,-0.3393980899778647,-1.4192368905890294,0.5050817969877586,0.0048301266389323685
2019-12-03,0.5616349890099825,1.368863824564027,-0.1526829180675656,0.06994636916753168,-0.013944377973634197
2019-12-04,-0.45884603764055387,-0.3950269697453136,1.8319260196283451,1.7004290368622175,0.01330798994949251
2019-12-05,0.7046005624448771,0.17439779629137056,0.271444462901816,-0.023638813979518527,0.0004359270740938809
2019-12-09,-0.019661794577303156,-1.642392145306196,0.6379002238776138,0.3864935661350645,0.0008142134278106819
2019-12-10,0.569271876832945,0.18029192668303912,0.02653674371294592,0.1283959247544951,0.004913625288579235
2019-12-11,-0.42349817476333135,0.5478389599005641,-0.5798406517365745,-0.41437018489180644,-0.05573865125175533
2019-12-12,-1.1130972829354489,-0.2987141515654638,0.3507139849550169,0.2959836551437976,0.03583976178035347
2019-12-13,1.1486384247539845,0.7335403684272674,0.8419007867945245,0.7017341228649752,0.014707374498478356
2019-12-16,-2.6912333085134326,-0.10502876909074052,0.055602238502463965,0.07922384581106412,-0.14110607921809362
2019-12-17,-0.24916585615463813,-0.11219445442857509,0.6233765649007976,0.592470696909509,0.08963588142293483
2019-12-18,-0.661788915657086,-0.26330620616294037,0.008798040825765874,-0.05159648748969207,-0.000276406944651211
2019-12-19,-1.6740865664480666,0.4502147706875361,0.28188643919598244,0.21785425118871227,0.031543069253264805
2019-12-20,-0.4332401098065904,-0.39612477391955586,-0.4458914425929548,-0.7932567306846282,0.06542949232380474
2019-12-23,0.206658116260658,0.6663314245684169,0.1726321738293348,0.020955371262344997,-0.017842020738749825
2019-12-24,0.3431899973092573,1.5294144060618557,0.7393343397220101,0.526920963255167,0.0632898780932888
2019-12-27,1.2381309802118454,1.271215337109517,0.8852014102806786,0.5542423648456589,0.0787242730271818
2019-12-30,-0.8342687097858104,0.023841716074543072,0.2131408939194636,-0.0895190694452339,0.15067198976158677
2019-12-31,1.7534720330058158,0.36079231313913707,-2.530353150851216,-0.6957034632500361,0.5589632152348224
2020-01-02,-0.22460138836454674,0.37372678197997417,0.12581827299600115,0.06451088488587267,-0.11727093652156688
2020-01-03,-0.31912699929826843,2.083364898777774,1.8879667686104171,1.8928685914045038,0.019306992651516735
2020-01-06,-0.8240155896371595,1.276445722229798,0.19544515985708952,0.1635505792220227,0.02418300792437545
2020-01-08,0.36481852689036187,-0.6683670539484156,-2.771404760207628,-3.616940058488757,-0.2659974127852819
2020-01-09,1.1731073084666233,-0.5029704328511021,-0.1085333295429895,-0.08014581223204052,0.13373395176560504
2020-01-10,0.7301258519150311,0.3617313419931713,-0.2978920726087416,-0.3846640585744624,-0.000312909607851479
2020-01-13,-0.17411654805613827,-0.7482422750945621,-0.580933265772802,-0.7208889350289047,-0.05201188831631539
2020-01-14,1.5614028304025371,-0.5509884932145211,0.15070990467263307,0.06753183194279856,0.07024004336173696
2020-01-15,0.665174793429397,0.6853407498840669,-0.40630906050374666,-0.3600653871907784,-0.045609313234615395
2020-01-16,0.4401093065885636,-0.2893278232858037,0.41490577344490476,0.522281738850775,0.155638604365251
2020-01-17,1.7201294204383861,0.7085271478813688,0.1319314066162236,-0.02133346494979289,0.26238520725193476
2020-01-21,0.35923492492447795,-0.23703598540844328,-0.2626321271582673,-0.21474879647850142,-0.1271780726102487
2020-01-22,-0.33149802681315427,-0.16287821993698365,-1.2281123633954754,-1.4933312679406359,0.14558020452947557
2020-01-23,-0.6721301706577565,0.6923693193772834,-1.0399898084011807,-1.0269174442852693,0.17337120947081822
2020-01-24,-0.8056282089953194,0.4825683757951055,-1.1906508132415818,-1.2391478562382436,0.3884234601410636
2020-01-27,-0.003828933728150776,0.4123977689856704,-1.1958124233078293,-0.9196913224368074,0.15684181916724182
2020-01-28,-0.6906370163741575,-0.6886080005310928,0.09149812536324141,0.23844579663928758,0.052580838645073666
2020-01-29,0.4868326656136583,-0.03853927410058267,0.20127192638167052,-0.16889002061675923,-0.07472930101040987
2020-01-30,1.5297973159974505,1.0935423050202497,-1.3882538548438634,-1.1384474682437846,1.6133192317973124
2020-01-31,-0.5382516756221133,-0.08939293392936247,-0.17473004162847042,-0.5725455529194899,0.08429313532184414
2020-02-03,-0.924377805719363,-0.5521060302707077,-3.4185297012096556,-1.4157220119779144,0.2576612743561723
2020-02-04,0.4591411658971264,-2.3885140424434237,-0.3818001314907209,-0.49581339116323714,0.15160936466396877
2020-02-05,0.6536870485921705,0.48132746285434225,0.8474356442380596,1.004492720564727,-0.12106803856175968
2020-02-06,1.1832375136128106,0.5513808700928469,-0.2670215272550194,0.14891459491316328,-0.02732896501096397
2020-02-07,0.9782000748302654,0.2365444621344832,-0.37283582859088554,-0.6430699826144511,0.006142583176978593
2020-02-10,0.7430124523371519,0.4484984728361878,-0.9535263616950233,-0.7866915787671173,0.023670010614376746
2020-02-11,-0.4746427964472159,-0.8293639173196995,0.5087934438498648,0.3194966415907453,0.013714192653068662
2020-02-12,-0.30937744864219824,0.06013621681542415,1.3284226717795187,1.2075670770599014,1.9511132332110783
2020-02-13,1.6512978893740482,0.5978379805211734,0.37506844061333794,0.20997412613761998,0.026546483497375317
2020-02-14,-1.6705133247053305,0.6012779040989044,0.6973536887734664,0.5940592900578815,-0.032691539105246116
2020-02-18,-0.09241540272753378,1.4308901335482618,0.29015670923458964,-0.04225465861796774,0.05756052542124731
2020-02-19,0.45383406697123535,0.5739290350940288,1.0254972491856085,1.2631121797814882,-0.04447762051233259
2020-02-20,0.23455177233369875,0.6805354945690896,0.11073259396512433,0.4566515621675741,0.08786511465520905
2020-02-21,-0.3722492017580482,2.1831138888051695,-0.7018329764169171,-0.4602411143333243,-0.04531067229362166
2020-02-24,-0.8174999648261208,1.9003864404976565,-1.9089570349783165,-2.168323321933435,0.036353374169459274
2020-02-25,0.07634637591686692,-1.5943523111772961,-1.0967976443316283,-1.4555983001285961,-0.24639521701977454
2020-02-26,-1.289572999320201,-0.5283202814278104,-1.230376936354702,-1.0672885941217198,-0.27154363444432517
2020-02-27,0.08371556399252446,-0.06847890620212845,-1.016460256049793,-1.486219144292134,0.1705958289285861
2020-02-28,-1.607378976360877,-5.097896000354289,-1.3559581816627124,-2.0209648614750058,-0.02205942353185903
2020-03-02,-0.27609365467274033,1.3751370492537582,0.9845396117944684,1.3986021939431665,-0.08613016791465175
2020-03-03,-0.20694226910252575,2.527096935294566,-0.05872042578359807,0.2772721098665308,-0.026257419672927537
2020-03-04,-0.6352907399448641,-0.021614491312065713,-0.61933098297193,-0.31817533035133894,-0.2309070008518044
2020-03-05,-0.6880316458804397,1.047916602270329,-0.9907607676331212,-0.7150036586170627,0.12536078048002153
2020-03-09,0.017251901733377647,0.33101848537924783,-15.610341861431865,-14.292620774143783,-0.30850109892459515
2020-03-10,0.704828191843025,-0.6904326348180987,0.6185196700880178,0.6941271881648072,-0.825818003741533
2020-03-11,1.0557022337996824,-0.8402376451572132,-0.33926432379669824,-0.3151908992684897,-0.05708513927795596
2020-03-12,-3.0474344747156565,-2.4533743841694258,-0.6902256040047422,-0.3837601837791507,-0.5293089339380948
2020-03-13,-3.450182624046085,-3.4744118208602153,0.15871319127157504,0.05270340994070122,0.22492324217211118
2020-03-16,-1.9793256251388938,-1.397133986543387,-1.190465290917936,-0.9393117048401057,-0.4564083711439889
2020-03-17,-1.4916532234103932,1.6037375080344325,-0.46213703261451433,-0.6060435188464188,-0.26382082940919643
2020-03-18,-0.7416472481565158,-1.9154704970266136,-1.488472988192643,-2.7653027474852214,0.20509620523706018
2020-03-19,-1.5234724756349844,-0.03157709003570718,1.2832866453540326,1.5512358570841729,-0.08208490422940655
2020-03-20,0.29661086575450873,0.1918229582144094,-0.5128735249141004,-0.8322947226529566,-0.5159841104524305
2020-03-23,0.5665296477234538,3.3929856426242555,0.0021740927993921097,0.28484563316542716,-0.29731330644950726
2020-03-24,0.3628983220038241,2.7791349523328224,0.03631050589502295,0.20987746853687378,-0.9489320718668405
2020-03-25,-0.6395572133185358,-0.6163366304114848,0.08810006602251198,0.1598865820446666,-0.7275067184371776
2020-03-26,0.13607689023060177,0.38993825246316866,-0.4782227907129478,-0.726315743318391,0.266904295557281
2020-03-27,0.014222914331258312,-0.6580617992581804,-0.7058464209803863,-0.4718756497490696,0.01685833938266993
2020-03-30,0.1554060301793555,-0.08900627390895782,-1.1942482305582904,-0.6811809633553234,0.007602070976918095
2020-03-31,-0.41169141084017685,-1.0489242699110948,-0.03709168186888022,0.18219598197679177,-0.19078500613950322
2020-04-01,-0.5588367038432479,-0.19371032224770887,1.1169790622107396,-0.09894706000645818,0.09642786006885982
2020-04-02,1.378813647523363,1.2860650543792014,2.5729017775718286,2.56426450375052,-0.4020467252937197
2020-04-03,-0.5389163615254641,0.22229813641896382,1.49616180547776,1.1175419446249126,-0.3739005075424735
2020-04-06,2.3540804582139963,1.1343717186651314,-0.34368997519279487,-0.83262429477576,-1.612730592084054
2020-04-07,0.8620663280536952,-0.30826130262106294,-0.43810804317808927,-1.026081255738552,0.20896559948025692
2020-04-08,-0.6806265424963441,-0.016925825652433907,0.34719388101351545,0.5998388231535365,-0.027051823794347184
2020-04-09,-1.6037758560850415,1.8734249218055667,-0.5512218012750647,-1.0605932696288476,-0.045576114629830355
2020-04-14,-0.8754024313547472,0.5140437570473958,-0.8422497788925022,-1.3540303198262558,-0.11884741726145084
2020-04-15,-1.3509864692049822,-0.727793287299592,-0.931219698687665,-0.14208724399165965,0.09905776118148835
2020-04-16,0.6513540546182839,-0.2143801982980707,0.03997796945248239,-0.01056853712778515,0.01447016565062649
2020-04-17,3.059705196953773,-0.8429630019745996,0.12113220639440722,-1.007181736771384,-0.002971102319951309
2020-04-22,0.9992597359763039,1.2963917097958875,0.7933262307920741,3.792786827453449,-0.8658772525458092
2020-04-23,-0.25441923422531976,0.12830771091213203,0.7242522526629903,1.516489346970162,0.19623207870594694
2020-04-24,-0.05984820491954851,-0.2766816417335504,0.07585461390680709,0.21706614473638225,-0.8778250111371859
2020-04-27,0.10634315915614777,-0.3445874883119724,-1.2350942882809888,-2.459008088267453,0.13733055811940528
2020-04-28,0.20046479811480475,-0.0733004939791443,0.3644829912468615,-0.26100766641825746,-0.25545395082982536
2020-04-29,0.6383928745851218,-0.23021190293369112,1.718740672996905,1.4586452706273498,-0.20189442773140018
2020-04-30,0.6658589738121955,-0.5997709122161559,1.931134944314098,1.6196756783080637,-1.108390484172029
2020-05-04,-0.546509263774439,0.6412169574872235,1.1462310985272612,0.5533410375156469,0.24699044349078572
2020-05-05,-0.1954487482783618,-0.08500996493186141,2.017209158702398,1.3635585285476572,0.01866156649114292
2020-05-06,-0.3211259890999339,-0.6642739725532095,-0.5777523286118994,-0.16774555635655142,-0.008857391780150391
2020-05-07,0.33492889475292803,1.150944763942376,-0.15137080612781556,-0.15212671774440803,-0.03660820511136416
2020-05-08,0.3492810612821784,-0.365406715090509,0.7602498452741443,0.4025753643772012,-0.07715178259855957
2020-05-11,1.2254513977359733,-0.507039805096676,-0.7187716965732431,-0.2225597651556858,-0.07880378094132709
2020-05-12,-1.2411735801185453,0.25521290627665566,0.1689358633545122,0.6134154905039401,-0.17817341022080502
2020-05-13,1.0453611746388152,0.29474263867618866,-0.482719050110644,-0.19597026988336355,-0.33736134451593996
2020-05-14,-1.2306661654780138,0.7962687785214254,1.150395466846916,0.9078255892431808,0.17875703069281848
2020-05-15,-0.2919856511037244,0.5041039608580624,0.7816075769579686,0.7216494818686253,0.020817635668416636
2020-05-18,0.07547397782100489,-0.7564434434298336,1.2835606915209627,0.8974435277039384,-0.2806340631560488
2020-05-19,0.5978139102132176,0.37974280175822656,-0.0910988107752557,0.24859221245422483,0.1363189144843007
2020-05-20,-0.7288685068746693,0.20541714260309815,0.5943452071758655,0.3737174754194578,-0.00017975396164202106
2020-05-21,-1.3012908389537696,-1.1291332722123,0.16293151985250548,0.16428553931014592,0.031283783399081784
2020-05-22,1.113852664457072,0.4585851187657601,-0.5865077606520281,-0.3012908325081912,-0.00027094169079068254
2020-05-26,-0.04028678450423007,-1.1527772513421166,0.6255016072510224,0.487668686734259,0.012805846546409483
2020-05-27,-0.6770065408094689,0.1455166663449831,-0.9580161882131322,-0.7614876549500185,-0.5364638630050733
2020-05-28,1.3603310487904658,0.08774212212128725,0.33382694112381456,0.4362060258022263,0.03986737005212486
2020-05-29,0.4603573710517528,0.9138884825364915,0.006579155104347646,0.9076865560702807,-0.07083330426182584
2020-06-01,0.7487036854531837,0.024037111181784365,2.0881520728402023,-0.035510895521473934,0.0935908639984016
2020-06-02,-1.88991575992981,-0.5518075239266677,0.747928199915617,0.729770434276659,0.006061638277550501
2020-06-03,-0.1507137134990946,-1.209626810527364,0.11728263024691007,0.2536624645229042,-0.16689030153079795
2020-06-04,-0.006469304704368189,0.8276633553435055,0.10273649660634765,0.05318272932961161,0.12410976828117773
2020-06-05,0.012503143864129262,-1.8454124443943547,1.4814054681658468,1.2790258162476684,-0.3228989246096644
2020-06-08,0.2863073240100026,0.8519707392426317,-0.9481313288765046,-0.8236787527215959,0.152471277047173
2020-06-09,1.4559062813364945,0.6754499101816698,0.20450529938465484,0.43438308186067565,-0.6059941037388319
2020-06-10,-0.3271761642959264,-0.07926786898322,0.3390382817559184,0.4024394725921596,0.17293626894893427
2020-06-11,-2.2927737679164606,0.7619218146866816,-2.3120513703235503,-2.295426777206668,-0.21288554132899645
2020-06-12,0.6884865675857448,-0.13421178033821332,0.06604756326003167,-0.07894950131084814,-1.3811971740032627
2020-06-15,-0.8776997334067322,-0.44168707787059935,0.6168200947412547,0.518202562781024,0.20084681565794463
2020-06-16,0.08459001480075931,0.3661637358813549,0.7916063197932395,0.7909736016655964,-0.048457135639326354
2020-06-17,0.3690775918747865,-0.04971067906053251,-0.18503085194800542,-0.29224233061290694,0.04331481900904031
2020-06-18,0.8060986532203223,-0.2514893826999509,0.5238495918424031,0.5840540637459505,0.021698530520221363
2020-06-19,-0.7098209258208503,0.9594945210403917,0.4585148497685152,0.6254328898839417,-0.07129263417383094
2020-06-22,0.359840879445659,0.4901996353040632,0.6210242427628486,0.4947984421620918,0.054957686142718946
2020-06-23,0.3923040135272123,0.6977440009749102,-0.36334801847751697,-0.09109000662741058,-0.09208375684944124
2020-06-24,0.307545536304059,-0.324731522612225,-1.9164020294886888,-1.984802012985786,0.05291104032021455
2020-06-25,1.6651367988880224,-0.23507191498471625,0.49214853232856304,0.4792956912299145,-0.5655159964793847
2020-06-26,-3.5674285152991514,0.4641345034023665,-0.04870696937318191,-0.19633105796380143,-0.6743297166008236
2020-06-29,-0.7484998530010518,0.08153976485797979,0.5104914299657249,0.9326895251512992,0.2592497306173154
2020-06-30,-1.2563458154659606,0.8838824400064751,-0.48813811324730927,-0.36628444835476387,-0.005399080275934746
2020-07-01,-0.8685357525630992,-1.0306122204520443,0.7036701033901294,0.4322033625283354,0.01703829481827798
2020-07-02,0.08593689404427535,0.4787124660851616,0.9156264446602187,0.6954778949062267,-0.07903950997923748
2020-07-06,-0.5968029886875128,0.19896799877827157,-0.06170869511096444,-0.04430963711449077,0.06597555458259473
2020-07-07,0.6172249943195715,0.7838122116989772,-0.05839069197548141,-0.04297184204403697,0.010379633709562283
2020-07-08,0.05087930619289866,0.5630512768113751,0.15427515261757213,0.24252053538460758,-0.2659588622917746
2020-07-09,0.952844547175247,-0.8995372064269136,-0.9697037347757177,-1.3856196800711271,0.11413113583716404
2020-07-10,0.19298717814483454,-0.13041349942744263,0.8217521338885263,0.8816162063347821,-0.22369977687316636
2020-07-13,0.6655269157988489,0.6475779381110929,-0.5529319414850444,-0.4821498885586172,0.12730188931251032
2020-07-14,-0.8427665712974565,-0.05683238222381386,0.13352079503864936,0.15916538649650708,0.03258890722009989
2020-07-15,-0.45272192656127497,-0.010884919394247322,0.8986403169954865,0.9508697176770762,0.058186584497593424
2020-07-16,0.5448232747735683,-0.786823128692458,-0.4851141984796088,-0.5223893932854528,-0.017265219961459608
2020-07-17,-2.717078411039693,0.4836324864994735,-0.3090493673512242,-0.224562703978672,0.0297108311356053
2020-07-20,1.262175490571405,0.4049458634805494,0.10611116739294314,0.216454349554785,-0.08367843457715594
2020-07-21,-0.9423008796377126,1.5210809990621408,1.1722428153692335,1.3501076930105202,-0.33326843661958266
2020-07-22,0.5959970525229542,1.1796684610388637,-0.07375286970461367,-0.10234415679088577,-0.014608798974659703
2020-07-23,-0.09717149464517456,1.299726801672996,-1.2346870604900377,-1.057163639910836,-0.2813420632209453
2020-07-24,0.44407381756315994,0.39686915154662744,-0.030203508445472798,0.21355343448974373,-0.09632075143381522
2020-07-27,1.283529442450848,1.6688210014094327,0.030666214057887938,0.3410860006284816,0.12260432450501653
2020-07-28,0.06180863754777127,0.6334302681085485,-0.2960945007365701,-0.764246379700779,0.0287528805402169
2020-07-29,1.0022365570809812,0.3794964492001595,0.6268177543326529,0.246336682540546,-0.08143056457938988
2020-07-30,0.022419951047782296,-0.5718025500005322,-1.1267829045418667,-1.8817493690253062,0.07402230914895921
2020-08-03,2.476601483518189,1.078979108062408,1.4814387513467424,1.225370238986661,-0.08696169084678634
2020-08-05,0.163137402890821,2.9972751103049498,1.1748311465060903,1.2898357977845207,0.05785173701320904
2020-08-06,0.48927033992213986,0.7590649901879206,-0.13365542256511653,-0.2905121536537106,0.0166742218097037
2020-08-07,0.6088296349758073,-1.521899121428881,-0.8927687522085404,-0.8760850882822138,-0.2081042783179932
2020-08-10,-0.9500021615605142,0.44051321495538576,0.6464549425007292,0.7720646967062434,0.1234180950454315
2020-08-11,-0.6965510639101279,-3.498638016855758,-0.6510420578808291,-0.4170994086013215,0.0073741572012334935
2020-08-12,0.3713618471988632,-0.041866817764175085,1.0874904530349407,1.2069048154209536,-0.1931418533052717
2020-08-13,0.11861310285872131,0.7414487610825492,-0.6170117949499803,-0.5295559959859378,0.09773508482199174
2020-08-14,-1.0060040322645838,-0.7215897621163962,-0.2638681746090946,-0.3210679908808205,0.015127811461081357
2020-08-17,-0.3091409334622672,1.6799630714337854,0.6668087024717944,1.0297365482678744,-0.04562768064096046
2020-08-18,1.052200385130566,0.4866466087063626,0.06332685976358896,-0.037672341748399195,-0.22678880991557848
2020-08-19,-0.6193122630517954,-1.4069891459352715,-0.18140001847331652,0.0032767613691425915,0.11824508536338876
2020-08-20,-0.13977705649800265,-0.9374251419941709,-0.7143789581054627,-0.5056190086866824,-0.1683378866049178
2020-08-21,0.3514154826316189,-0.032732990571347584,-0.8417215514411577,-0.37457500745491085,0.08899266393047851
2020-08-24,0.961282605180183,-0.288136641183027,1.0080774235377041,0.33150865422211145,-0.03803543909760024
2020-08-25,0.5070445741153496,-0.6415134656651833,0.9323155493861176,0.9687436602296357,0.04038563115939571
2020-08-26,-0.25047684444637264,1.0440371899394147,-0.34627849296744384,0.009977220512783816,0.121070588534216
2020-08-27,1.2136049736641759,-0.7246955567496185,-0.826632688812291,-0.5491287556044077,-0.02315044544949409
2020-08-28,1.89545548513538,1.5700632361532283,-0.12819721291418595,-0.15796670356286452,-0.38189541984873754
2020-08-31,0.4928609195175188,0.11012388089891924,0.2585958101646101,-0.5897366243544566,0.14107948400190362
2020-09-01,0.17593831510694766,-0.013947525247612912,0.3685502913057651,0.16458787848605022,-0.13152900330750003
2020-09-02,0.23379027448724385,-1.301671010029765,-1.7752976802009537,-1.9894783108149,0.07462206273099276
2020-09-03,-0.8746498849367891,-0.332421289217529,-0.5628901245285861,-0.24286973486169489,-0.29549479348888447
2020-09-04,-0.734624237565366,-0.19199244501593363,-2.032969177805972,-2.2730308245385475,-0.7315312461663119
2020-09-08,-0.771629721615249,0.31675553037736087,-3.705769259133326,-3.6117532128933614,0.2252211121123559
2020-09-09,0.11220843446894402,0.44064562308996114,0.798345197156775,0.951781626240086,-6.057375354465721e-05
2020-09-10,-0.5148365964734827,0.35839295375290925,-0.6609929977855636,-0.6037697870967422,-0.2486400468954082
2020-09-11,0.2501600102462497,-0.7181546229201793,-0.25215728897785594,-0.006228551571298656,0.12982248498990512
2020-09-14,0.1252920623681449,0.5865982285970897,-0.2504014430458717,-0.08877923979089768,-0.2765402712233586
2020-09-15,2.663346586465876,0.1094581592793767,0.8612848784507653,0.8960037687114025,0.11814798627780206
2020-09-16,-2.9382549095761945,0.12778342422141067,1.6040711284260296,1.6567652676340592,0.04812793164151074
2020-09-17,-0.030585856428385492,-0.9491576861969344,0.9368829213771827,0.644875144792697,-0.012097361042965722
2020-09-18,0.6685479336471081,0.4778156168086611,-0.16248995039167038,0.09243925111450155,-0.050698197224520285
2020-09-22,-1.4929657143476656,-2.5314704562284125,-1.39846379684477,-1.3979864276587406,0.040868682001414726
2020-09-23,0.40235380641239543,-1.8779575629317655,-0.008236041203665154,0.24645146295908674,-0.14377871107184062
2020-09-24,0.29742073757919274,0.28704490962202917,0.12163588905676731,0.31415230154155405,0.07962727664738269
2020-09-25,-0.5728111685743417,-0.5260591092447897,-0.06175346384852545,-0.08765687298842989,-0.14795149659958667
2020-09-28,0.3165855773060829,0.6497435656388257,0.48469865407342044,0.3131614215321357,0.09768592495071365
2020-09-29,-0.012583028411127958,0.9816041198386415,-1.5640486448407231,-1.419295447329,-0.15155105238310798
2020-09-30,-0.7969409745466256,-0.3347613581983566,-0.14165291150121664,0.8796139597613937,0.1117215190189774
2020-10-01,-0.7316170558991564,0.9268989449826459,-0.06821945406376366,-1.5567173452470766,-0.0001245657402004365
2020-10-02,-0.5178982598519793,-0.4031930140703793,-1.9510038679148654,-1.6657397585767115,-0.021252392888291033
2020-10-05,-0.47254707961023146,0.5242647133355582,1.963594495606553,1.8529131111087,0.03380296326802779
2020-10-06,-0.4630044485053789,-0.5815267625677037,1.1703463088418886,1.1015735868522816,0.06181897767583866
2020-10-07,0.27972304033790846,-0.929190170775869,-0.592502248824291,-0.5724683169619207,-0.00018104670723304974
2020-10-08,0.39521340035232283,0.17539393855914803,1.1409315577447172,0.9512967622242593,-0.10398688108347554
2020-10-09,-0.8816582112307199,1.5205042557825938,-0.4499104569344066,-0.4947157672483186,0.07212182839448705
2020-10-12,0.23039584795416307,0.13321752213581692,-1.0796215396395297,-1.033047057384802,0.019641196107332577
2020-10-13,-1.3816637685833648,-1.7085174654931115,0.6118015590776236,0.6185263589594792,-0.10803438133697965
2020-10-14,0.19935187323776424,0.5276268876271442,0.7667056036146632,0.7029767088295354,0.09996117101082058
2020-10-15,-1.0862313959342695,0.059732832641889985,-0.18209483441307098,-0.09778199970943306,0.009406558595619263
2020-10-16,0.37897754697179975,-0.1694508631742729,-0.2707852468646362,-0.10941120130365196,-0.4919345881335775
2020-10-19,1.37186667725414,0.23037893394271564,-0.36651740070712857,-0.08563269769087727,0.15705981217714649
2020-10-20,-0.9651174222890239,0.16230356481869343,0.5224356646373959,0.6168192331119259,-0.1339267389722804
2020-10-21,0.9463474968907459,0.7016388196849529,-1.625705744427205,-1.5840093101804469,0.07564359462035404
2020-10-22,0.9472899638190109,-1.2842725741701388,0.6882382691566427,0.5628713159971868,-0.14265200235581518
2020-10-23,0.06340656288942997,-0.041230411097428636,-0.7630383948072204,-0.8511425288589588,0.07918742645529592
2020-10-26,0.34526366130527514,-0.016840310261391465,-1.4840730513979274,-1.4217931652893392,0.02919937530787961
2020-10-27,-0.9924178190057634,0.2835295135512954,0.7040115752646522,0.9695087819242134,-0.26093353620734827
2020-10-28,-1.6833750875524387,-1.9116741979104064,-2.2696885726165683,-2.274057093424327,0.11234196728855976
2020-10-29,-0.8269847195203285,-0.7073120567949701,-1.4402577307785722,-1.1075277952148517,-0.13754823093304563
2020-10-30,-1.0585449401576246,0.6026702917822881,-0.22304135783157955,-0.3684594786852086,0.077131610139004
2020-11-02,-0.8465086666386672,0.7066215708847251,1.3767210141608082,0.9020823280843715,-0.1445967178555613
2020-11-03,0.741616780394219,0.994751869846824,0.6353779051231121,0.7523045958720832,0.07996799396572979
2020-11-04,-0.3622770625224018,-0.8108074081657046,1.3236853211592985,1.3359178957749251,0.0294034770284222
2020-11-05,0.8110497956729424,2.775796576876227,-0.2796506209118075,-0.3388728546630735,0.007306192024200735
2020-11-06,0.4438189745539087,0.24194422182419656,-1.4000652112266734,-1.605992432597782,0.05823505186706575
2020-11-09,1.2681173026272468,-4.638050257098229,2.4820576419875495,2.645224994186122,-0.06294995039017794
2020-11-10,-1.1908162410985184,0.7493438927130326,0.832591183887942,0.7074991731940342,0.0013600091984450689
2020-11-11,0.2978709323387208,-0.6100651287651708,0.11048942567541768,0.04213944852357582,0.041724772222649024
2020-11-12,-0.33199614940392536,0.4323414365667142,-0.2305152748810341,-0.2673751822473911,-0.10810445626041994
2020-11-13,0.5496046778469511,0.5169661301176933,-0.6229806233790937,-0.8077072268678981,0.07431153926284713
2020-11-16,6.2619762813392645,0.03936787861568654,0.7904030995809833,0.9307638331102311,-0.05338389771887855
2020-11-17,1.4143757693999717,-0.16300023638011096,-0.08423931937354107,0.04997106030528086,0.07943613040440102
2020-11-18,0.7307097977260788,-0.5358915961409243,0.45978167942593806,0.2989075351631661,-0.13651893077514501
2020-11-19,0.9719785371151134,-0.6236776815641331,-0.15708079343168085,-0.10069000163557451,0.07849182218363013
2020-11-20,0.5150930896061994,0.470449833595946,0.6478345082301582,0.3471979440037831,-0.0947422509670537
2020-11-23,0.6651322363918338,-1.680571938009944,0.9730459669151529,0.8418971288801471,0.06720163289358791
2020-11-24,0.3379101081110309,-1.6690711682357986,1.5775236443349654,1.728171798233123,0.041467729511404504
2020-11-25,-0.7335562802323803,-0.046474425283153216,0.5960471023851661,0.6668442863873504,0.00959994296055189
2020-11-27,0.48142916216571036,-1.2186180347217532,-0.40170681968044386,-0.1895976615006283,-0.10873988827360082
2020-11-30,-0.3466055362225731,-0.3900067509243752,-0.5751705389394017,-0.2155212212732062,-0.0545832231971369
2020-12-01,-0.6027507397586903,1.8830397647017374,-0.20873403447187944,-0.8214163182912538,-0.05735244835262089
2020-12-02,-0.6796146549812914,0.5297890459471534,0.7445141519337904,0.6820003952734784,0.08164787026413085
2020-12-03,-0.14243750978920702,0.47638815085291925,0.4031752893333499,0.32881789656689303,0.07378628384188417
2020-12-04,-0.26867652623150945,-0.07368530984904556,0.48761516376808917,0.6068693176147718,-0.0001645958397896834
2020-12-08,-2.4626871787546905,1.588825236291078,-0.46237054501693836,-0.7459835348717608,0.022780342687621333
2020-12-09,-0.348292157838319,-1.5979284155224587,-0.0370713139815903,-0.13528929911483786,0.023900298304266175
2020-12-10,0.22979502136629018,-0.13165720011395285,1.4391328053345107,1.366241649527489,-0.06603221837179592
2020-12-11,0.7321921475611296,0.23433512826381128,-0.322368565721921,-0.25857497671203833,0.06348908511721792
2020-12-14,-0.4979819164534857,-0.5523544093275794,0.278593577059182,0.41841791190304695,-0.2686647093298888
2020-12-15,-0.6963932124121862,1.0496083211726044,0.45479836636721693,0.6692905780916173,-0.001058519986648764
2020-12-16,-2.210544865727908,0.15825933350714214,0.2999296269296521,0.18598035535629315,0.07857393106017721
2020-12-17,0.3517466702754041,1.4059201568819222,0.41756110400549323,0.5864816801184365,-0.10642572206241402
2020-12-18,-0.5447926282772728,-0.07367809294093632,0.8133370288113295,0.8286923063797407,-0.6892676424257269
2020-12-21,0.7173121999106027,-0.3425413500646309,-1.6141479619180676,-1.668233115470432,0.2274888554623351
2020-12-22,-0.3292194150510464,-0.641776149617312,-0.9686386350948231,-0.8341860116033332,-0.10942193304455976
2020-12-23,0.314590533244711,0.3198189164659122,1.1257391695460117,1.1330510222276333,-0.05935438937737252
2020-12-24,0.5209593556120552,0.21212676394190186,0.051065365781247325,0.07935718904165927,-1.4348764715326359
2020-12-29,-1.3621043344752066,-0.05296128129649727,-0.2716570764462131,-0.29657692984272727,0.17727051441765543
2020-12-30,1.3771257574033557,0.5144195455691432,0.2160830483005832,0.40228337878572035,-0.07260066160638812
2020-12-31,0.05207899107782851,0.06985413076535783,0.4660581525474909,0.09315271204275831,-1.263906759271535
2021-01-04,-0.7965750400399083,2.576819851468955,-0.8865365037203178,-1.1356352561557213,0.20799338495687136
2021-01-05,-0.605231552979848,0.35130279690944594,2.787546012801422,2.5741718121234287,-0.008136376547031568
2021-01-06,-0.46256589765338424,-2.01390037902231,0.5983163307793842,0.612988463103786,0.00878211068035269
2021-01-08,0.46499505217218295,-3.27128563160517,1.4657018302754719,1.4415736504541348,0.012451744089334063
2021-01-11,-0.6161606584903568,0.5087714270377319,-0.3120011560864228,-0.021083296804079863,1.7383689980456012e-07
2021-01-12,0.2803175363806682,-0.2988724228408928,0.7480608189985373,0.8246831110469358,0.023013225744776475
2021-01-13,-0.010700254296592122,0.39944397518350494,-0.5023662924743019,-0.30915797279697727,8.352380809991019e-10
2021-01-14,-0.0077960167391287185,-0.17120575752350786,0.26874193795988177,0.5761217098489915,-0.014847939357799026
2021-01-15,0.4370725909266694,-0.9713180111705769,-1.304967892167805,-1.2181556658982011,0.0251853589191768
2021-01-19,1.0412689075289674,0.38567728286391173,0.662730518275019,0.5278871715585401,0.048648246202493986
2021-01-20,-0.3884405912208047,1.1564177768764081,0.12048159694249586,0.2080206471598053,-0.0910773923033248
2021-01-21,-0.3469007075992063,-0.038743840913622436,-0.034722280552197574,-0.1531400503057278,-0.13715629946813268
2021-01-22,-0.38952497624748883,-0.47646371122397735,-0.7455136701479899,-0.9411384978425424,0.09612667528852006
2021-01-25,-0.3973507690820784,-0.09492926779417372,0.40660311772534763,0.45883977231130907,0.0516630581239258
2021-01-26,0.645203917089109,-0.24590286817094997,-0.023571497461005442,-0.21249031757453304,3.560483910288334e-06
2021-01-27,-0.7789811935518534,-0.3335988794949467,-0.1679527181831472,0.2091058639587178,0.062313313797371137
2021-01-28,0.09182916269931947,-0.40330476106886676,-0.3732396871463338,-0.6213859527974809,0.2193665735481696
2021-01-29,0.3625114870223695,0.41404076499843623,0.3252682249987295,-0.21478154408581204,-0.052033918511225206
2021-02-01,0.2675169249131123,0.6494342082816935,0.47581873508399997,1.5045152047802788,-0.020753738835201912
2021-02-02,0.9413580032752,-1.593212485720076,1.2143517931228696,1.2443923805883186,0.03345703157426575
2021-02-03,-1.3862759364912012,-0.005876037905506209,1.0424249681605762,0.8995383196565612,0.03951701002307515
2021-02-04,0.08074272286565459,-2.358142175779089,0.3520188561139226,0.4968063067191593,0.031992738672906744
2021-02-05,1.009498384164937,1.0235967705610844,0.47983630227347324,0.5815638741071469,-0.014024455709773204
2021-02-08,-0.22502804059291134,1.0350207305756964,1.2653572698873483,1.0914756740210285,0.08566788352811379
2021-02-09,0.049352107898313874,0.14636078057083568,0.49727226306108946,0.3422177913689077,2.031995933135266e-09
2021-02-10,1.7768002883075624,0.21998554611381232,0.3371609711730273,0.27382867582979475,0.07728890967176216
2021-02-11,-4.25717006741394,-0.8478721591784144,-0.4168992791253397,-0.5069622914756282,0.051238779497128115
2021-02-12,0.8922120511267941,-0.2461977897882907,1.319999725951307,1.2270145277136824,-1.466567635221234e-06
2021-02-16,-0.11304918482891604,-1.3687398604083787,0.8847328484306789,0.5336956347411136,0.0803489496364382
2021-02-17,-0.8649687090557928,-1.5113768981715752,0.9331421668341471,1.040412874472726,0.026325105924716867
2021-02-18,1.7115740969481938,0.03448846568933121,-0.4600592468007783,-0.6522409700728018,0.1493343223060299
2021-02-19,-0.3044082270158677,0.08364353831791042,-1.108280577036752,-1.3357881973027723,0.08349636289504762
2021-02-22,0.7153100445838966,1.6924751169653622,2.1908870161366623,2.018880870470418,1.0305262342314234
2021-02-23,0.18648083264081455,-0.12623422414114702,0.07352742793425408,0.11441758080449102,-0.05543578208029039
2021-02-24,0.8147624534876514,-0.48134708564313694,1.363203283796101,1.2390053909269303,0.011158737031452919
2021-02-25,0.8080330746542664,-1.2689868554302168,-0.17087675551500298,0.21166502638428863,0.05507098072992152
2021-02-26,-0.09342934303572525,-2.6780262116008395,-0.6931108405845623,-1.7499939700206675,0.984542064748015
2021-03-01,0.512630172897675,-0.41821640173775226,-2.1973215286324024,-0.7015843909340276,-0.012660965131546536
2021-03-02,0.06199442731468615,0.5208101263636264,-0.8162004828015376,-0.7390247259168071,0.04593948137329763
2021-03-03,0.16066496718658158,-1.0246742636538493,0.978774562898929,1.152758648898042,-0.04726627194584777
2021-03-04,0.45765944243757595,-0.934855282810466,1.9244418631761098,1.8796291222916963,0.06162918271104526
2021-03-05,-1.2903784669613796,-0.20337651443850394,1.6578869848622373,1.465019248511711,-0.011663493709467275
2021-03-09,0.10066760924253686,1.0308433976666804,-1.1314198064900944,-1.3443509571534664,-0.03641813460893399
2021-03-10,0.29808276445433846,0.256034056624536,0.17243015879207998,0.2183554079292927,0.04212679242186578
2021-03-11,0.2973486792292181,-2.4636526857545512e-05,1.0201606841005486,0.9593252728761342,-4.9259545052408986e-05
2021-03-12,-3.0830427967707315,-0.22070632300804074,-0.2819857884809677,-0.2876086137352429,0.010505405892868922
2021-03-15,0.26391466615128994,0.507970782092103,-0.26556620193930114,-0.18544306615898368,-0.06373739110598399
2021-03-16,-1.3196276985590565,0.062176292406280774,-0.37740873313094364,-0.4527930824201455,0.04924473469349534
2021-03-17,0.13966867522083176,-0.2924197941559329,-0.32453488544077963,-0.18924748185356266,-0.07541711102321981
2021-03-18,0.3276432415568174,0.2767061560509532,-3.592469135546956,-3.669026741072807,0.056297225873178744
2021-03-19,-0.8702362144408187,0.5405644739366519,0.5868294415848786,0.6792957535573229,0.01642548974820464
2021-03-22,0.19262009127365665,-0.27805110277255113,0.019566524548144903,0.045053907901486015,0.06262234288301961
2021-03-23,-1.061244677730799,-0.9372324598253615,-2.2394802413848094,-2.1915634271377398,-0.00010454036296378831
2021-03-24,-0.2319087435657223,0.4625189508455185,1.706189950748124,1.5793780296591584,0.020580777230816475
2021-03-25,0.36131993477453817,-0.5901223210137843,-1.1258862796420959,-1.192765039775425,0.15570038786633134
2021-03-26,0.0064944606989501205,0.422225462245237,1.1283238630488202,1.0286130020173214,-0.026587297209068734
2021-03-29,-0.4411912861474316,-1.4543006387753457,0.16240368588090673,0.24129400699104842,-0.4539819836663131
2021-03-30,-1.7583106833196926,-2.087707911520589,-0.41580733017532573,-0.491725057307424,0.15228490288845617
2021-03-31,0.011024923263847726,1.926298697032553,-0.328337903614787,-0.7179533077965878,0.011790292737277313
2021-04-01,0.8339945210345813,0.7671577355061829,0.6303445868761922,1.125470957867448,-0.15424355724410793
2021-04-06,0.23489624105167714,0.8701573798078495,-1.1430431335263818,-1.0937450744687216,0.11756145714998142
2021-04-07,-0.36394480770697224,-0.11556651696654237,0.1737272749884664,0.1893061686065081,0.031000049475687977
2021-04-08,-0.7076188400281218,0.9542268822830596,-0.011542359837771299,-0.11732820864565131,-7.679584399937821e-05
2021-04-09,-0.04100448448472803,-0.8387916010485845,-0.18192392472724866,-0.18975298911387478,0.01668557666229872
2021-04-12,0.24074411272372592,-0.8197329749594305,0.15809826794644774,0.19623398239471945,0.018485687631864228
2021-04-13,0.8179521663107379,0.8490681171228638,0.20624384704361073,0.27132264242518417,-0.22450234709199357
2021-04-14,0.2289603507077868,-0.72709375149012,1.8262357414779928,1.8825932041818254,-0.10972956431698545
2021-04-15,-0.1981439957780949,1.8119861483665582,0.18698347467271367,0.1589622482481779,0.10966301823569494
2021-04-16,-0.13332108024827474,0.7553294526100103,-0.14225769935445073,-0.2330324471089927,-0.08328328014168933
2021-04-19,0.5892883795281983,-0.5707698028471717,0.13162540621258947,0.1232590193883247,0.16616991555096328
2021-04-20,-1.2896963034185194,0.38068633023996074,-0.3609869801936466,-0.6724354510039638,-0.0211366087406903
2021-04-21,0.4165828898645459,0.820078370269746,-0.9191510277608319,-0.8081577808892623,0.05511820761894746
2021-04-22,0.03040923592846911,-0.6681104590124125,-0.0011842113220169267,0.013609537274047135,0.060106904198067815
2021-04-23,0.1449998013104791,-0.319574772964829,0.4662297584814503,0.48878835839082946,-0.008491658230127515
2021-04-26,0.7867129847847786,0.06682896712771175,-0.38936590501487467,-0.21448662725351153,0.06524276215641343
2021-04-27,-0.23862902371740058,-0.12805899008206317,0.5362875809269059,0.7751429133979053,-0.22739880545066884
2021-04-28,-0.16417482908271902,-0.36026448685289686,0.6168323018348965,0.6946157477956402,0.10098652583992548
2021-04-29,0.5808930113851307,-0.39296617120543736,0.9665829992374335,0.8803677563574709,0.11008699310318051
2021-04-30,-2.7588820372947755,-0.12280449313043806,-1.073955217639674,-1.1939149940736629,-0.1955538515303579
2021-05-04,-1.3334165768173414,0.4945121169765295,1.1856555743076629,1.5699002732241287,0.11609577374814622
2021-05-05,1.5708256809772774,0.5003218878846998,0.01980277464727411,-0.07325698095487458,0.0307614617224946
2021-05-06,0.33673781551084575,2.023229219071914,-0.7318080615310714,-0.7362559390180757,-7.037929706654686e-05
2021-05-07,1.0256770896160665,0.9007809081396025,0.08641139214525172,0.09725477830993813,0.056941731670672624
2021-05-10,1.0112731767257863,0.3344863428988245,-0.023627746295308453,-0.028053523849661102,0.10270740654791317
2021-05-11,-1.0240175315939934,-0.1409842161690553,0.1344412866185479,0.25058627314116444,0.01434541338698312
2021-05-12,1.0283481821329572,-0.8548523953044026,0.6066781088103804,0.6316914158158947,0.042573533191687954
2021-05-14,-0.08043649207906584,0.8405909892735085,-0.5917895560438068,-0.6570657067898624,-9.449950459042583e-05
2021-05-17,1.28643373387337,1.7183287163901027,0.5969505633317101,0.7266796126519307,0.07112153826384084
2021-05-18,-0.7345313658153446,0.005463150186136705,-0.7346240346798045,-0.7283918660174162,-0.00010352360741808102
2021-05-19,-0.7291218593495143,0.690220217793491,-1.9646761591630206,-1.9635720322735903,0.022302831223352058
2021-05-20,-0.5374625161109591,-0.008360636974486146,-1.3501282499701686,-1.0735164707642177,-0.2619783599489985
2021-05-21,0.22674242649819965,-0.34476531748018124,0.9729730551424158,1.1093714391960956,0.1187548709951716
2021-05-24,-1.4686224250825086,0.38754910779130813,1.4984454474722921,1.7653760321224479,-0.1923383936122371
2021-05-25,-0.208621421700059,0.7361359753868052,0.10114800504804262,-0.013384164369003596,-0.2958596167467383
2021-05-26,0.8830937897002875,0.14667098701948764,0.11173363139080283,0.057229344473738536,-0.0989059694251995
2021-05-27,0.13177037947464124,-0.38542972697540606,0.3988585521193111,0.4210273777906143,0.12524946101568604
2021-05-28,-0.4247436270567277,0.33666331423575463,0.08189958216485999,-0.43667892616588916,-0.8828318345699459
2021-06-01,0.3922864923025995,-0.027120298319626163,0.44455700437658696,1.0247685975784826,-0.24622625556020364
2021-06-02,-0.14697910404413955,0.2210563935192666,0.8481250131914847,0.7942900577424018,0.1875123643653988
2021-06-03,-0.27934763208775243,-2.3572295875595604,-0.08335357386213062,-0.054443757878725706,0.019437254986846682
2021-06-04,-0.16746161839471063,1.0128018917817003,0.42505747753563505,0.5841702301476532,-1.671987625342689e-05
2021-06-07,-1.4253045071233972,0.3862712181605794,-0.4028532103241445,-0.3536059136532679,-0.3502242830062493
2021-06-08,0.5718222358991175,-0.3282215474364394,0.5707745427831534,0.6164549939387517,0.03963428058638107
2021-06-09,-0.6804883428045656,-0.009374548367268006,-0.0593500805241412,-0.11988882302170319,0.05633549824917085
2021-06-10,0.8114801745334539,-1.840033578359734e-05,0.20421026675371212,0.22805995946905697,-0.05221045172335693
2021-06-11,-0.831718065937355,-1.1399700863989277,0.0907757203918832,0.48693738932437214,0.07099559651018056
2021-06-14,1.079946981826417,-0.9632536226057834,0.09121612043179446,-0.07702474642237622,0.014980182714865177
2021-06-15,-0.5891546665158227,-0.7138087920877051,1.0144728922893087,1.0550672898608267,0.007154856378688429
2021-06-16,-0.6555805190485976,0.24834750269264058,0.3131171335304601,-0.021083299613017668,0.05657050149465078
2021-06-17,-0.9160027214510703,-5.976460769339786,-1.3223401399042354,-1.0542275619981682,-2.6690877352601875e-05
2021-06-18,-0.24942341859291947,-0.48789306424824225,0.3068738137421927,0.45910599507505767,0.019324684958639968
2021-06-21,0.12082652834277528,0.6936052870558697,1.2025968828492963,1.6983805596759607,-0.10553173122978357
2021-06-22,0.4247001334930496,-0.33100736798753994,-0.13351529369208273,-0.5124561612454004,-0.3059344279746479
2021-06-23,-0.7911670699746352,0.27112125918214197,0.2700076272296034,-0.03843219538089703,-0.061154490543326896
2021-06-24,0.4435553184730679,-0.42433394916182815,0.26977146782477956,0.12956153980287707,0.10984393812411382
2021-06-25,0.8986778184670723,-0.008445238227926338,0.5039343281504028,0.5819020442044487,0.01647207789333189
2021-06-28,-0.04513882088760011,0.12146373924355962,-1.477835287533059,-1.0302759681470706,-1.2207808175274881
2021-06-29,0.22547264196666342,-1.0663432524002832,-0.012392968261906206,-0.0011238286736807272,0.06497259281748774
2021-06-30,-0.06530333011074159,0.40098630283798964,0.26237237827627446,0.3647793101507906,-0.049511998320491
2021-07-01,-0.9792866229176275,0.26813276025731175,0.5776621385830514,1.4600511261745193,0.012270998794937754
2021-07-02,-0.9859069097677802,0.36656711319360075,0.23593320587968536,-0.09877502606922428,-0.0886974000354861
2021-07-06,-0.6102739712965636,0.6372705905630326,-1.6085788877928604,-1.5491949693714706,0.08319431990399953
2021-07-07,-0.08717745403868964,0.4611528598243422,-1.0350687303587949,-0.9550572528830981,-0.13543448377298173
2021-07-08,-0.0655063263858744,-0.16903946270917267,0.5088858078669747,0.503971539811019,-0.370578117199242
2021-07-09,1.450535461507439,0.6055022315859295,1.156110960232175,1.1874248087801513,-1.3174575288493897
2021-07-12,2.1937262135113915,-0.3371210142851594,-0.37284523319848895,-0.37878204427727385,0.2069344745811633
2021-07-13,-0.8270772069993391,0.18459253033562925,1.0439038901231148,0.8160726041160618,-0.035984351158752016
2021-07-14,0.049085332189449,0.9364467736991582,-1.4838840568384821,-1.6634918627150583,0.024887471016250256
2021-07-15,-0.8821928837895775,0.2306209639041623,-1.084667949109936,-1.0841783040430322,-0.06028342236432519
2021-07-16,-0.5472300752863883,-0.9872578650624464,0.022561686720045295,0.05961267269771165,-1.152014191854337
2021-07-19,-2.2086759499039434,-0.48419839085721517,-4.149686770744173,-4.028476173864194,0.2064028819713668
2021-07-21,0.6677638567089312,-0.4777283349140128,1.7770393104320443,1.670776248038057,-0.006218131084586109
2021-07-22,1.3012105380777284,0.06736591703701948,0.6993414528716285,0.6340697549301973,0.016685653009227416
2021-07-23,0.052491573669621684,-0.32176073581892256,0.1168038681199124,0.04501403883079011,-0.24630285267384416
2021-07-26,1.7379427431663372,-0.27329453341718096,0.15888759631012317,-0.09765811294328065,0.11184919200839913
2021-07-27,-0.02715106725583293,-0.01837650389042247,-0.04739622755453062,-0.15162212772587585,0.005665886368760654
2021-07-28,0.7730726376597332,-0.07132746948425805,0.09716119643771368,0.33354609766059856,0.025252285364784164
2021-07-29,0.14671665039492138,2.3102146708403275,0.6822449724496505,0.6005721678925158,-0.1080556260022268
2021-07-30,-1.704332264302916,-1.208617098010649,0.12088751339808376,0.1445498138210046,0.059950383513168504
2021-08-02,-0.08789576333072167,0.26026960629571366,-2.1048769021715974,-1.5525932310570112,-0.11979925212026325
2021-08-03,1.4863283344786637,-0.5831154099749803,-0.31276430163690655,-0.4128797965721128,-0.00043703972347454456
2021-08-05,-0.5361774592916695,-0.41646092736754,-0.6677808014917327,-0.8619513874310193,0.08279061179887234
2021-08-06,0.2546526313417133,-3.1982400826044497,-0.38944426940500365,-0.504913142543401,-2.98024577101685
2021-08-09,-0.1790797955657685,-2.5131768518587965,-1.056852452609563,-1.1305677589731462,0.07025301128392085
2021-08-10,1.327808550748249,0.21650191543661323,0.8999894225505797,1.0264550692150098,0.0011685077513661523
2021-08-11,0.8927138973290935,1.3103836282824677,0.4503335266757205,0.5317061151273508,0.006479653813860485
2021-08-12,-0.0883867634970856,-0.10573478881372815,-0.12031878089507027,-0.1287044133626699,-0.06911411165513773
2021-08-13,0.8808691834812638,1.5372296732361315,-0.5146723276765948,-0.4527344833764072,0.04257411078736624
2021-08-16,-0.11104979791349377,0.6509548289181375,-0.7827026256373166,-0.8110097517119326,-0.05460372028173162
2021-08-17,1.3963239390752944,-0.14526563191331476,-0.3881504101135644,-0.521909332213597,-0.19020015954274602
2021-08-18,0.4534417984149486,-0.25750239799846947,-0.6295725775534124,-0.8477636632437016,0.10823587206182253
2021-08-19,0.20176399866402084,-0.14634822818708135,-1.3867141955132734,-1.3336308579987277,-0.07719602635799777
2021-08-20,-1.4006961360726082,-0.01241058742977097,-0.9811404224970753,-1.0090173691276305,-0.6014678495211817
2021-08-23,-0.1539414859784366,1.3081355384481148,2.4561730410629545,2.2179863968410642,0.18924600246126372
2021-08-24,0.3308981646964017,0.11933641432235473,1.2991518162892226,1.069145491316125,0.0050953192277343635
2021-08-25,0.9160338169887359,-1.102118047486698,0.6300203244535278,0.4367798429689036,0.014874350815372318
2021-08-26,0.2023385662381457,0.15535677389259822,-0.6997386428273987,-0.5869290564604671,0.004306601031684561
2021-08-27,-0.9741765984006034,1.4463958492308453,0.8841902034731886,0.7611086206309393,-2.0969441050212927
2021-08-30,0.3204364091837465,-0.4597411499595926,0.3729770332105299,0.25753848384477007,0.1268771044185524
2021-08-31,-1.376943007248483,0.28455631768291195,-0.28976435687970553,-0.49466309710511996,-0.031118943869902424
2021-09-01,-0.06794923510921272,-0.16356225726665932,-0.9251510065651356,0.017000624360180204,0.03950422038221014
2021-09-02,1.683540525786182,-0.33375121570097527,0.8421247330202146,0.9292772372441748,-0.014233602312939044
2021-09-03,0.8999384275579949,1.3127339329588923,-0.30140664481045737,-0.5218716728591096,-0.29471455558754706
2021-09-07,1.6611444874892414,-2.1223565459092777,-0.6582788000597326,-0.7252833476581473,0.13056065619192675
2021-09-08,-0.5850267224953809,-0.4190989722820304,0.5532566592949569,0.6436296720927176,0.017633428726965432
2021-09-09,-0.3202929685555506,0.334794770372892,-0.8393877613409517,-0.9065939856320063,0.008130149430598657
2021-09-10,-1.5372524232873064,-0.5234495464537776,0.9558164713863977,1.1147520542453602,0.004363643785973931
2021-09-13,0.7100564740653952,0.07544106065453288,0.36251017992777157,0.48777882617686125,0.01067022684781592
2021-09-14,0.3631024663145637,0.7426966717795571,0.014118004155155899,-0.03411198423092936,-0.07798500197886785
2021-09-15,0.11195046230709145,-0.8138403854359882,1.287015340719426,1.5752367901364186,-0.02786524456343574
2021-09-16,-1.0403541296714862,-2.5246707424654757,0.10536028234734242,-0.03375008407982539,0.017235473437379127
2021-09-17,0.15289054558985526,-0.44595075275807383,-0.29192502280132615,-0.5146128279353621,-1.1466723156105347
2021-09-20,-1.6626634623503158,0.7142098299651296,-1.1265733943352874,-1.3277882471360465,0.17906210645361959
2021-09-22,1.2956343219843598,0.8962653165266942,1.5778176824408434,1.3270285923258405,0.019058861350888908
2021-09-23,-0.9172193280269781,-1.845166379530409,0.6729876892445362,0.6888709649986724,0.042871865177837885
2021-09-24,-0.48819740893219854,0.016437378653810678,0.5197730772915727,0.4252604832424014,-0.21300268474931114
2021-09-27,-1.0471708743668693,-0.03747286234214164,0.9328085141929026,0.9804970575650483,0.09249282321536331
2021-09-28,0.18241459182410413,-0.9763431209566897,-0.3437704870340336,-0.14844578817768223,-0.09610497628978708
2021-09-29,0.7428818203577444,-1.0245056517326676,-0.3777044793957256,-0.37845447371709573,0.05916069670851855
2021-09-30,1.3786241985030763,2.1323958186375327,-0.15002164177330837,0.09742935147490409,-0.11814366994870902
2021-10-01,1.2019427831195388,0.09631008355712625,0.5053214145940134,0.5984259326738604,0.06917315940367712
2021-10-04,0.8301635995372988,0.48417823257689874,1.4292776700978136,1.2799225059387922,-0.13246348589335463
2021-10-05,0.019751435651897287,-0.4315732723023474,0.8678490962499755,0.9055831230835827,0.07527247381853594
2021-10-06,-0.8792971963882983,-0.014151499459293164,-1.0923905148836572,-1.127118291575392,-0.0638836792768174
2021-10-07,0.21010609669145808,-0.21723379814935623,0.529478268767605,0.5515511109566972,0.049727411387941206
2021-10-08,0.4788476738885895,-0.1648592710351319,0.25463183174905535,0.6957801770144999,-0.1650001648382986
2021-10-11,-1.5257078504884158,-0.17284784912643225,0.8409591047314,0.7811875203766736,0.08807534863528467
2021-10-12,-0.17148696305706204,0.1763363292517273,-0.21549898462443334,0.040863461654361576,-0.15693520097998226
2021-10-13,-1.6752244269620316,2.2705430299612033,-0.24187046282364041,-0.19666364693386862,-1.6897476706467753
2021-10-14,-0.421322693255817,0.16943169241169564,0.5494986488457813,0.5973203387774693,0.15642847769049117
2021-10-15,0.49271215711951566,-1.7625621116876948,0.5915824040088973,0.6789209984538465,-0.07102650289299345
2021-10-18,0.028333401233737517,-0.239839047576208,-0.4659996281704297,0.07137652382570095,0.04512748316041851
2021-10-19,-1.225572785223881,0.22807636499324274,0.5096603110969009,0.3453016578136076,-0.02584668037608178
2021-10-20,-1.3033791241434445,0.8092994849330106,0.5157416493699719,0.6539479843733778,-0.05750057604288549
2021-10-21,1.1589848622421575,-0.2058054628869109,-1.0263355340788716,-1.1259323204177458,-0.04962662614065972
2021-10-22,0.5962330859053058,0.7983543711835475,0.6336644054433788,0.8782141098541193,-1.1466898664887175
2021-10-25,0.7123522156526936,0.5916279448313516,0.29559723664642124,-0.04729832094023439,-0.04019505725028034
2021-10-26,-0.8450642294869304,-0.8415852240697372,0.2566793328546996,0.6146555376522961,0.14725550346093078
2021-10-27,0.48218001429968743,0.23573241793633337,-1.5465125341576373,-1.5729607078803767,0.00011967580955010438
2021-10-28,-0.7879310162856129,0.17751314603236834,-0.27661074130623364,0.04453580233906473,-0.033370572633324026
2021-10-29,-0.6691878744784211,-1.2336441475186524,-0.023608230954186155,0.48985084024457387,-0.02094719015244802
2021-11-01,0.45138161606872923,0.6754717288633353,0.19183311683965332,0.2971574147257199,0.03598952719847747
2021-11-02,-2.678625167786176,-0.4482302985475758,-0.06010211879349834,-0.15484792343319262,-0.030106376774575793
2021-11-03,-0.792147167500145,-1.7133260228966471,-2.3653174527466962,-2.4098588109814782,0.03400941850657676
2021-11-04,0.35877851067494987,1.7846920777226083,-1.0947800126312286,-1.328039390339939,-0.07413225866488701
2021-11-05,-1.0884120736782963,1.351043787397562,1.4248775431572216,1.383864726747407,0.09456581969570763
2021-11-08,0.8572140842887918,0.588177619188779,0.4015010876666764,0.33509268467719966,-0.14497283367364608
2021-11-09,-0.043545824004697205,0.11695320175636667,0.8265153508416035,1.2196032564819252,0.07552476210545396
2021-11-10,0.940666062259494,0.9277381293364313,-1.457887869175656,-1.6033343152256145,-0.02073960310936042
2021-11-11,0.24359420710560292,0.8325812660089559,0.07513487718266927,0.08227104649079461,0.03425533713212186
2021-11-12,-0.4033364787055574,0.22519282496188434,-0.5087199391108174,-0.4714413567940644,-0.1119806990788181
2021-11-15,-0.32867537089689725,-0.1496111244749042,-0.14232987581806253,0.007936614426472267,-0.058624726590252085
2021-11-16,1.1373543709623357,-0.77402248703745,0.20234510920900253,-0.11210325419403105,-0.039056545692637064
2021-11-17,0.17129531502125048,0.8525157060498288,-1.607629297632195,-1.5482294747928744,-1.713383592360445
2021-11-18,0.8895208000295457,-0.5317114628299058,0.5662904736204701,0.3260696261313602,0.14716047033793064
2021-11-19,-1.488978382892992,-0.6472965400445377,-1.6620665693312429,-1.8156774525785035,0.0042011586996833815
2021-11-22,0.10195808001152792,-2.805984481001278,0.44259495616835004,0.30530482436644824,0.005747104219745833
2021-11-23,-0.5337852041702144,-1.4248551425203986,1.6148649762274867,0.9425687196458339,-0.036752631643885085
2021-11-24,-0.5873353872242845,-0.05666984372464219,-0.06859471790803931,-0.09287226213400822,0.04263707732180196
2021-11-26,-3.0776159707655566,0.014663234600465473,-6.2792294125925725,-6.478525174254239,-0.3036839274995125
2021-11-29,-0.44980342226581316,-0.23757747510574062,0.17106082306952436,0.4575229415985081,0.01317919439531479
2021-11-30,-0.23066992931768027,-0.6019155756348343,-0.9881099888561683,-1.1211012851159812,-0.20027434919168968
2021-12-01,0.12109782160669179,0.4265035881052045,-0.6282096698684773,-0.2073625341310102,-0.011531178360691676
2021-12-02,2.5188781039061636,-1.3804322046340265,0.25693299239232864,0.2762928267606698,0.07836384111756434
2021-12-06,0.10081904339024467,0.9728300211495311,1.2376234642088308,0.9660292518048764,-0.30195659052752627
2021-12-07,0.5308068354525052,0.28679984707801176,0.8183785126432285,0.8152139840208424,0.1248889942385333
2021-12-08,0.2554394760877061,-0.0017810066290885455,0.11637501181862517,0.08702775528448381,-0.11614580171199274
2021-12-09,-0.47100086027824756,-0.6306322581717845,-0.5549651391339991,-0.5220738286177925,0.06837171228190862
2021-12-10,0.31944278591211334,0.4658758043087769,0.24958542258387842,0.2439846269657111,-1.445921182173213
2021-12-13,1.4860771721237154,0.17588827231787427,-0.34168913886018615,-0.1716644913617911,0.1607969770638331
2021-12-14,1.1783418647406216,-1.1328485579599636,-0.3372417070690248,-0.2619298130555291,-0.053033033803839814
2021-12-15,0.8671688387106327,-0.6270015050931037,0.04363812819514906,0.03312341975539859,-0.2834063708107138
2021-12-16,-1.7495185664988897,2.2530275363229677,0.5060030568552656,0.6756919837928121,0.14046873367761445
2021-12-17,-1.0861550489577065,0.4223597902734593,-0.7744546542822837,-0.7612546075713124,-0.8211246001457317
2021-12-20,-1.648157046406597,-0.6510822344275803,-1.0778110554008957,-1.3732117839717586,0.2101517755585327
2021-12-21,0.7927424140939298,-0.4300017704783213,1.1989053790092339,1.3484494393295579,-0.0763871337990568
2021-12-22,0.09040427415878231,0.7789322398190143,0.6173580962448251,0.7284885351165831,0.004977386721941655
2021-12-23,0.12052037899288161,0.5526938735037378,0.7423929546507884,0.4530033714839092,-0.2671404308393566
2021-12-29,0.8897537495344271,-0.4220921275642064,1.1488076380382117,1.2851682392976953,-0.9708486782965278
2021-12-30,0.9078530778534017,0.40618815537385466,0.016646781635229282,0.17509717125841395,-0.22089265488306112
2021-12-31,-0.8806402976727696,0.8888113311531052,-0.8318095027516149,-0.8992484954135909,-0.12612215424084294
2022-01-04,-1.301208670256807,-0.8841951508006097,1.0944148360181176,0.832845533264368,0.1869327354799958
2022-01-05,-0.12916554787052875,0.5867206555071041,0.3743853266224755,0.3968037863442277,0.011975960635262477
2022-01-06,-0.8023283955875972,-2.3536151038702275,0.5784661679164236,0.7867369494132842,-0.028533397489269897
2022-01-10,2.1851414315410915,0.48198874636161015,-0.6376447526845743,-0.6696047424303516,0.02207859154887898
2022-01-11,1.3072812149434867,1.214411348607843,1.490345601125003,1.531595375725937,0.008077026376554861
2022-01-12,-0.6168629555675621,0.4889530109616435,0.4537156482871198,0.6701842852522187,0.03332833766237004
2022-01-13,0.9704488288015759,-0.4086927462307659,-0.14516101756032976,-0.2924547713609429,0.0004708250949532776
2022-01-14,0.9311291131877776,-0.3613252914675399,0.8118287883700837,0.8478589094665495,-0.0022113711098791923
2022-01-18,-0.5801311416484476,-0.334833600515595,0.7441783453195846,0.8067208732486144,-0.35294506110322804
2022-01-19,0.4829982407731653,1.891114642707537,0.4641625828067372,0.7652229615640335,-0.13419117433140398
2022-01-20,0.023135741456253463,-0.04311934520548582,-0.07901245529440477,-0.06618144480689879,0.13001453393369317
2022-01-21,-1.7259457783019552,-0.6868386628256136,-0.339105227522496,-1.0272655326536402,0.040290707848753264
2022-01-24,-1.7087121477345808,0.5125071623417167,-1.0445752615057642,-1.0724714929881647,-0.15429564603944096
2022-01-25,0.19169116149508628,0.6139741179250892,1.0868539711513139,1.2001630380704378,0.07816197870618191
2022-01-26,0.17339286023418393,-1.4179583562191689,0.977976720859279,0.8868485224051905,-0.22153966910481682
2022-01-27,-1.3374464320862556,-2.335006138225278,-0.39889733817410983,-0.4246148070895608,-1.3991313923133861
2022-01-28,0.8864915321189504,-0.6160995374798884,0.3493421819508927,0.07097109299881697,0.18129715662144888
2022-01-31,0.662511200998555,0.5376173861088137,0.6617440420345816,0.7135382442542636,-0.0370161001227312
2022-02-01,1.6868038298515842,0.279408447143816,-1.3189083052497599,-0.01013268113891693,-4.307938296904023
2022-02-02,0.030031919193173856,0.4962068160100559,0.11567592398449134,-0.009903913148218636,0.030211372608544323
2022-02-03,0.29906843749261547,-0.4309819328917504,0.9449288302104965,1.1898861133636924,-0.009894856750926537
2022-02-04,0.6272801574994971,0.15506866186766896,1.2433153789447158,1.1629482889482827,0.009068887206739292
2022-02-07,-0.8993648621392563,0.8406170660829169,-0.3766654969607638,-0.6071289567261743,-0.4086343670901272
2022-02-08,0.8649727466877176,0.34162244464166336,-1.2116773689173865,-1.21392192925914,-0.17258526659028564
2022-02-09,1.6310996794624797,0.497335496670374,0.3818721744399665,0.11895614480127929,0.2245629088366407
2022-02-10,0.49780318092709436,0.015409020252402126,-0.13594987347191068,0.0851222417032199,-0.13590249717959016
2022-02-11,-0.4007337163733348,0.23789034361287556,1.7928422457095081,1.8950723357079733,-1.6364752688279558
2022-02-14,-1.7058108886964334,1.737651488396694,1.0805580561045183,1.2184508867759904,0.20888382751132192
2022-02-15,-0.2004260143866816,-0.8157184241846758,-1.7873835127319089,-1.804855571160144,-0.030423489354035764
2022-02-16,-1.1125230639613044,0.8593075288012094,0.6892664618801186,0.6853289015567956,-0.01159917106809327
2022-02-17,-0.45074184256140876,1.7960712101282026,-0.9706996393006846,-0.9366939142374625,-0.16462531433378674
2022-02-18,-0.34609884197866436,-0.12526446732727584,0.2287352586870412,-0.37492370969626626,-2.3919315229214226
2022-02-22,0.74142600705295,0.35700488809213216,1.651313552521143,0.5937341259430555,0.13644262354078104
2022-02-23,0.2625847596081771,0.12805780383168078,-0.030187489744849142,-0.16384353908459998,-0.12992845989924348
2022-02-24,-1.0167815892223928,0.8554025301772689,1.0475769391929681,0.3332720636435158,-0.29489427164849774
2022-02-25,-0.061927903238034696,-2.2427954249885866,-0.5961033259861357,-0.7164544745574796,-0.772910925534634
2022-02-28,-1.847477470470697,0.6020349448428095,1.4477129306606353,2.218703569281485,0.31228089242080576
2022-03-01,-0.18178296681726383,2.3356817952720044,1.7818120652069682,3.432421742005226,-0.6772559260438676
2022-03-02,0.14309144374600016,-1.011078366970499,3.150488826679236,2.192882567459569,-1.479688532750574
2022-03-03,0.6813861755907383,0.5687617906869947,-0.7479114468800222,-0.790216079777019,0.27558238525801826
2022-03-04,1.200640902455074,1.4369777939850736,2.242955646264114,2.091843860169359,0.002294450366147255
2022-03-08,0.2676291124496984,3.3195406274805705,2.3983972899978987,1.7709718696746843,-0.03939253081725912
2022-03-09,0.5288838020884882,-1.785232495275792,-3.6480178698131533,-3.2322530343017037,0.030496789372795836
2022-03-10,0.3587524840012216,0.32368056744829776,-0.32957790349815447,-0.4563083791452028,-0.14086831740604866
2022-03-11,-1.3781035670093498,-0.5533978729631318,0.526022230926955,0.5348535127289906,-0.015916455035646173
2022-03-14,-0.21067955592600032,-0.8692897074991766,-1.0145502034117977,-1.1442273873044164,-0.08426941029204611
2022-03-15,-2.475694393565734,-1.1941900372483485,-1.3208192393445297,-1.2568907739826147,-0.11154461020099343
2022-03-16,0.20893532035231205,-0.8332575242109515,-0.3855300312764134,-0.28920297589431526,0.10605273727153143
2022-03-17,0.6795306409400856,1.225963001236896,1.6076915981060456,1.5281148803707818,0.005342048593954006
2022-03-18,0.6682807375079094,-0.5113247921082203,0.22047525182116975,0.3035386195277127,-5.379942880816331
2022-03-21,-0.38256473800075497,-0.03832471068689305,1.3260827279565184,1.3466961455758408,0.011949547462484287
2022-03-22,1.371238178355514,-0.3432707737556549,-0.02864044361939909,-0.07110797302796094,0.00018906833460465215
2022-03-23,0.8820986061450595,0.5743913025533403,1.0283533771527522,0.5686925529160798,0.00034441910792253495
2022-03-24,-1.030126601743079,0.9582962269398739,-0.4489201866677566,-0.5187265680259217,0.0007056862597891484
2022-03-25,-0.4600314512209925,-0.317199227135948,0.263145031908802,0.2956282203621282,0.0013124174496419731
2022-03-28,0.816653723785643,-0.6174862904583301,-1.6079557238754147,-1.797164797139056,-0.00612892738014854
2022-03-29,0.7289673674285454,-1.1946125716461815,-0.4642996089076445,-0.3876863040669512,0.011256211908244319
2022-03-30,0.2082426020035174,0.8183280113919561,0.6061111078847106,0.7571847873255229,0.0006289843230832108
2022-03-31,-0.055706335401730596,0.6265229246650269,-1.1628554860226672,-1.7559793975699967,0.013930083926619184
2022-04-01,-1.1243318152061978,-1.2799210122618199,-0.7837615330722201,-0.2469261057396584,0.013355492421226132
2022-04-04,-0.8261207671442236,0.34673969703670815,0.6505083300554756,0.8829909126227072,0.0015043251446202274
2022-04-05,-0.6448926705237362,-0.3029917629240055,-0.21566388108908485,-0.31682673672136896,0.019799384339671156
2022-04-06,0.3099957854418921,-0.2511429574509362,-1.3786244021752654,-1.4656930159877286,0.030112266948933465
2022-04-07,0.5258635337956353,0.6380093340563602,-0.15674620258062016,-0.07828193973534588,-0.03656685199806955
2022-04-08,0.9903468990561841,0.32218214697915115,0.5227303948953447,0.5497912889687916,0.03357856364681723
2022-04-11,-0.13278296265582668,0.08490778159408861,-1.1552697169346036,-1.0984540843772985,-0.06398765442890006
2022-04-12,-0.7772851461389537,1.2425975276723427,1.5453470427215688,1.644054008444655,0.053502706643159856
2022-04-13,-0.026262577713967224,0.38228151134661076,0.9641438408261299,0.8674510114125326,0.0003735974741069957
2022-04-14,-0.03468014138798546,-0.4949394895388821,0.6590713890739419,0.6332888526247814,0.06870886207491529
2022-04-19,-1.4120533048823782,-0.7688686291721367,-1.092127534093541,-1.1317013919130805,0.0037556464025354486
2022-04-20,0.24075600893665997,-0.2311793803361658,-0.14891594951079232,0.01803523122610196,0.06504123733305202
2022-04-21,0.05777744093222965,-0.4156247451929768,0.3619184917086226,0.2559783197588987,0.004032489146960705
2022-04-22,-0.8672031213693372,-0.7555468047807535,-0.47683560139424835,-0.5160456990729703,-0.02240128368097917
2022-04-25,-1.8826219811511065,-2.0118494394338753,-1.2819183284354967,-1.1129195316555756,0.06986522241139956
2022-04-26,3.0060680473532444,0.31049672228635394,0.7063145342841641,0.9203250634615067,-0.03206209556499677
2022-04-27,0.2484996763219279,-0.8402973286184774,0.07157452326300955,0.07691659513333893,0.06955165453613045
2022-04-28,0.5616960093684249,0.07098397417252865,0.642385363679874,1.0290493491146864,0.036900212465078436
2022-04-29,-0.11985940359430464,1.045233079165339,0.5011677133428596,-0.23345016784172584,-0.1023022703816094
2022-05-04,-0.2191453262762389,-2.2482976164706105,0.21866308603607287,0.9975664830451698,-0.04386759018863124
2022-05-05,-1.5174345320820317,0.24831442016617702,0.2110901627204161,0.124216781674963,0.07432605265612412
2022-05-06,-0.42763399518596673,0.33200618566539225,0.4629161744163785,0.48847304757727356,0.04534943324311352
2022-05-09,-0.40293948850476863,-1.3270604103229502,-2.3315678188266005,-2.4931575003753834,0.03607238518040986
2022-05-10,-0.2530089314004785,-1.0165134979882164,-1.1322237271603048,-1.0444869073923817,-0.10047512028428988
2022-05-11,0.9648844323318166,0.6119293164374774,1.48362228869084,1.723563848332679,-0.08854963836033657
2022-05-12,-1.307356112499505,-1.6241463064511616,-0.032661941860037944,0.09975931769937953,0.08896725138065181
2022-05-13,0.4781676473973771,-1.005187934628635,1.174409107280847,1.1963061636677097,-0.3928369153855447
2022-05-16,0.4594444720944738,0.2617778852442968,0.7445472419847277,0.98296653891356,-0.47307338611796856
2022-05-17,0.14321575270570563,0.22090780994229978,-0.6992915708034119,-0.5100130844548624,-0.3564100464222416
2022-05-18,-1.0313768955099867,-0.1830212533801699,-0.9047657937813163,-0.84645426977705,-0.21514515329542402
2022-05-19,-0.3278748391515907,1.4246968156334978,0.8562404926711542,0.7359973249560995,0.1803241250274279
2022-05-20,-0.7012717078511713,0.016431736988400808,0.13156427428894285,0.28133037291175855,-0.1870325606015632
2022-05-23,0.5047325492254304,0.28387599335042324,0.24421764297873083,-0.9653004707900121,0.011138622141420787
2022-05-24,-0.2833572432480437,0.942099252792864,0.01062257383610453,-0.2051187216885348,-0.14888097751273024
2022-05-25,-0.8771906602835462,-1.1004823200425409,0.12400371007836157,0.15666955979584532,-0.11290835859313098
2022-05-26,1.3901106592483434,-0.018051492170934148,1.1763754276320055,1.2902432241928747,0.04911733110672522
2022-05-27,-0.09694940799687368,0.17097929282000618,0.6797481387603976,0.30712880747451377,-0.3957959799328164
2022-05-31,0.7874557517627581,-0.5655977115260972,1.1597634337567946,-0.17506606614528575,-0.12313144370102108
2022-06-01,0.6257061315684488,-0.03845904254823567,-2.3366257835057085,0.18144884977429632,0.13442466781481854
2022-06-02,-0.9817189686431913,1.3647118182310622,0.3360901184947124,0.5857200325118455,-0.08769542670275651
2022-06-03,-0.41571371987354244,-1.2606903940912242,0.614724998226194,0.7514454743642052,-0.05309835767810939
2022-06-06,0.43765446663010654,-0.46043768465909385,-0.09784086678385162,-0.1835744537307422,0.06489003509283173
2022-06-07,-0.36436222947841074,0.4296488401812679,0.30669185983358194,0.33428822234688116,-0.1169603664546662
2022-06-08,-0.4634279374350705,0.22038528131046245,0.9767322710502983,1.1064697959503222,-0.6673500515785731
2022-06-09,-0.8075798519772575,-0.24650510870233905,-0.20322910879376035,-0.2867997488460136,-0.4597337954177811
2022-06-10,-1.163401466362785,1.3543341963021596,-0.4213944210331219,-0.41303773631991836,-2.300357949509128
2022-06-13,-1.394184340233898,-2.646288070628772,0.04448671196155289,0.06679434050917678,0.13059517406158055
2022-06-14,-0.23756621802113845,-1.1980825082143522,-0.4703138671000981,-0.98526675678872,-0.009287328135173455
2022-06-15,0.12924020877018838,0.25211993169343794,-1.1249577017028767,-1.7497643503630447,-0.02521424002911854
2022-06-16,-0.12197877907692217,1.7420794855062334,0.45326457745166626,0.8910696914117961,0.02391259287087018
2022-06-17,1.5673872988674065,-0.5548287644795096,-2.8416210746429686,-3.4778260332789013,0.003709284912462299
2022-06-21,0.7086978370177192,-0.1252932427454866,0.43572825113692215,0.27031911146579946,-0.14463013334431218
2022-06-22,-0.4916972450937065,-0.07455091749119815,-1.0259102684930876,-1.4035004283073689,-0.2113025328474059
2022-06-23,-0.5675932077359158,-0.5538133945677065,-0.6341992423775423,-0.6115315912125083,0.1331871769754755
2022-06-24,0.022552008914539623,-0.02498187880308578,1.0334591934231718,0.9992858916688353,-0.236089863823371
2022-06-27,-0.5900039378812235,-0.39445521899623226,0.6514376403686681,0.5730320186826939,-0.20178525231090436
2022-06-28,-0.2562219231237015,-0.2782750151010291,0.9715905233593717,0.6584738421609276,-0.02162321714223829
2022-06-29,-1.065619516044256,-0.3052170929561832,-0.6313620544340286,-0.6681266499963999,-0.07193633327770695
2022-06-30,-0.7809150603494385,-0.6832752278628262,-0.5758942642116424,-1.4121985192593836,-0.4920748865921101
2022-07-01,-0.7969452981222949,-0.41899734346092,-1.2595615234343929,0.8239579123750171,-0.10191483300317797
2022-07-05,-0.001162083118292349,-2.5579109598403806,-3.491974558401438,-3.080913122088577,-0.683419203406377
2022-07-06,1.18545417324459,-1.8665917737349111,-0.6383077611663802,-0.28099116722143513,-1.0721691152045845
2022-07-07,-0.11028816025061285,0.08492275620760398,1.0957530692129627,1.079234866034593,-0.10443995195742137
2022-07-08,-1.1125558981720747,0.11955150351927277,0.6414620646530433,0.515731375433079,-0.42058498121707016
2022-07-12,1.0437687976605154,-1.208888029150547,-2.2481900406195208,-2.533317498824008,-0.3314076171430272
2022-07-13,-1.56108114111895,0.6341665965071174,-0.026849604305784754,0.07230462947539036,-0.047186345999222626
2022-07-14,-1.69618761039301,-2.046962218554473,-0.1563381505114551,-0.1460780235734397,-0.6324691652564957
2022-07-15,3.5307795542623746,-0.25357796602821747,0.556504768566909,0.44314777190762067,-0.62529311381892
2022-07-18,0.12348815351002759,0.3920839834534606,1.4397500666015932,1.2958029113074703,0.275740124663379
2022-07-19,0.38836086592869656,0.003971361849865327,0.2771409227351154,0.39421349366567593,-0.3665606757397
2022-07-20,0.4571639009223699,-0.794060768581461,-0.14954462942339047,-0.5437038549653982,-0.41726817005954175
2022-07-21,-1.571645890715662,0.8433613454767637,-0.9585537515357474,-1.738411924814757,0.0486925033827308
2022-07-22,-0.18390075669837644,0.958101028488505,-0.24684104609673047,-0.4772334591402778,-0.6741642373779541
2022-07-25,1.8612140426879724,-0.5890521805343658,0.5890868030221333,0.5371289313189084,-0.24737844788966412
2022-07-26,0.48475173125177934,-0.17010744239008108,-0.2769412403824514,-0.5292053923247318,0.2403552686814564
2022-07-27,-1.053451634846827,0.030505676612248695,0.7223187448048815,0.6721574682622752,-0.6038275311136003
2022-07-28,-0.8951816118260022,2.156985924469538,0.15110821499924273,-0.2888930994061581,-0.3183640682054679
2022-07-29,0.1177466673543456,0.7729442267174877,0.9931383432249289,0.7029889314559793,-0.6674417078176335
2022-08-01,0.34276975156669504,0.33674648139074953,-3.7648200124147917,-1.680818733040864,0.26488951515327214
2022-08-02,-0.012479825264305293,0.08125251102385003,0.07715939236499003,0.13434053177145563,-0.3697343040033392
2022-08-03,-1.468043392606209,-0.8907154799791337,-1.0632289154575152,-1.3373174336305926,0.13295989431838134
2022-08-05,0.564810047039685,0.8727239437033713,-0.564077612400545,-0.5992029773692595,-5.731388373385403
2022-08-08,0.8056456656796785,0.8435157832476351,0.4708042746741546,0.5879061419479995,0.010306831141269
2022-08-09,0.507162787006193,0.41281136613285624,-0.1276326115670728,-0.11986134263839122,-0.0028445024796776614
2022-08-10,0.7933390446911889,0.051951037260525766,0.3131788953290983,0.5202316491272863,-0.002218690020206048
2022-08-11,0.2176744900377944,-0.43994288971555895,0.6910939018060807,0.9235069804969619,0.003245010141339191
2022-08-12,-1.410701470657743,0.5081964522541572,-0.51414885110332,-0.9295867056328718,-0.07307336592549431
2022-08-15,0.17465928154990348,-1.1868436292928235,-1.129643334468004,-1.144239245922941,0.0025799270624956303
2022-08-16,-0.6988162096239179,-0.6435500086914006,-1.0461238150508083,-1.2330755104960465,-0.07416012708552543
2022-08-17,1.61874680944944,-0.9594643771285325,0.42846164191772773,0.597148780731539,-0.21798273727137712
2022-08-18,-0.0026506279190602047,-0.4349808518769725,1.0547656883995904,0.9516965497156021,0.15296909562983527
2022-08-19,-0.988285843239608,-0.6180748893452439,0.02281715420562811,0.08517108708824855,-0.9951756676296574
2022-08-22,-0.3617442754758192,-1.0579714422527373,-0.1299372409506041,-0.26749723259937086,-0.25875833860580766
2022-08-23,-1.2216277780804814,0.8274838538797377,1.4345689388548342,1.5335525351370916,0.2372568955000612
2022-08-24,2.474518676376466,0.028669313800670435,0.3492647078824099,0.4561360077974771,-0.3762893302448153
2022-08-25,0.2928631018682728,0.6485957086909352,-0.7703633967795964,-1.0724774642230408,0.17393908250014414
2022-08-26,-0.12213298433699205,-1.6180447229821395,0.605297107691716,0.1924583593824109,-0.006342123100515129
2022-08-29,0.3025194006929807,-0.07418135217304894,1.5968199429565606,1.7267393395810708,-0.01557260442163665
2022-08-30,-0.1920206451751988,-1.055557259146894,-2.2245549278024757,-2.2776164422778167,-0.01554758965086103
2022-08-31,0.0833998479003823,-0.8712996899817766,-1.0011900075499356,-0.7810902253955464,-0.20329531890580096
2022-09-01,-1.0794843245038745,-1.317428915761559,-1.4788970406912332,-1.126029144570889,0.10793469576399037
2022-09-02,1.0940825242155925,0.893710738136221,0.17323681118096418,0.060795949195011,-0.04586823298901189
2022-09-06,-1.1256937836789578,-0.7428562574782666,-0.09781254105610497,-0.025005054130044335,-0.4858921558242434
2022-09-07,-1.790787431184576,1.0316771530920883,-1.8641039606898377,-2.138325474239663,-0.07919621224213327
2022-09-08,-0.5315539159043807,-0.5748571129436953,0.3471378114751227,0.5414379604122935,0.13385930923302372
2022-09-09,1.7172485148608698,0.5265509734267858,1.27020093350804,1.1758362823270598,-0.5861599093633035
2022-09-12,0.5271971931685362,0.8339533905248737,0.3733973757375974,0.33717509867202583,0.0948111408261361
2022-09-13,-0.8422498895016796,-1.7581089892926032,-0.32270952373306594,-0.20431250169089693,-0.4297681764634365
2022-09-14,-0.09036900380291066,-0.7389071619694413,0.30363979827666837,0.4345509471471705,0.13310077734158043
2022-09-15,1.4457137959899096,-2.425494744948839,-1.3076399079457952,-1.4602433623627877,-0.38772120105154506
2022-09-16,-1.193741448703276,0.32932698305145514,0.14509040765200548,-0.03500764989462427,-0.21402008264569097
2022-09-19,0.18172476672048857,-0.45720036709377565,0.22330341638938367,0.2316585965128363,-28.173512501069396
2022-09-20,-0.34877359767380883,-0.5644138653361309,-0.6150443493411769,-0.6066375663468372,0.001495298049002668
2022-09-22,-0.8124506626717024,0.7580513120420259,-0.11693100389425347,-0.4887803423764833,-0.0043807051712023886
2022-09-23,-1.7823945087771207,-1.9761892138413852,-2.052880178076276,-2.4333855356493337,-0.01754359562478877
2022-09-26,-0.10718899270921584,-1.7645251206440193,-0.9321590194735754,-0.8822535408256227,0.03056907628498398
2022-09-27,0.9928305737812382,0.14221305644613294,0.8815370520435786,0.7153089661669942,-0.0011411635632864918
2022-09-28,-0.1357526948691515,2.4498255793006383,1.2363874404605233,1.5062764797804549,-0.00564553365554851
2022-09-29,1.0308278067710783,-0.11712883193246343,-0.3587098466408836,-0.3838842254123906,-0.02318489772082995
2022-09-30,0.5803819402202607,0.1880763996238094,-0.26765081481749736,-0.770571175982597,-0.2241331695594634
2022-10-03,-0.43245262285234126,1.9118139456548715,0.35485463903249836,1.728371104080018,-0.004797523864066043
2022-10-04,0.5113848734909657,1.61140224506997,1.289129555030142,1.0910302172359283,-0.021775972603329266
2022-10-05,0.7099084189325735,-0.5258869618631334,0.6502291121536568,0.44641510975812915,0.0813284616525435
2022-10-06,-0.48491314498344884,-0.048677649964134546,0.4246314789241368,0.24348307367805974,0.0032077833717867113
2022-10-07,0.5158839045713058,-0.6776773741649148,1.514930241493979,1.6557077604475001,-0.07782317570920709
2022-10-10,-0.9478481736308325,-1.982628258685726,-0.7540148556182347,-0.585262386377934,-0.36653542297386227
2022-10-11,-0.29018586536531515,0.5440619391317663,-0.8790064814092529,-0.7385372502233132,-2.662247984154918
2022-10-12,-0.7491382806219996,-0.515552380778107,-0.8742208512184244,-0.8941660638041314,-0.12653597052139273
2022-10-13,1.6324514530231586,-0.0839893276545871,0.8975210077801379,0.7252235121876228,-4.580101336422178
2022-10-14,-0.23807547474819524,-1.7617583276300839,-1.3730794937284307,-1.540328619499507,0.031494382584361665
2022-10-17,-0.9230757425248799,0.8146549262945789,-0.06056363368816703,-0.10076506578044536,-0.03407677234281451
2022-10-18,-0.8839510537849712,-0.5041628451119342,-0.7846420069035731,-1.1851991571575,0.03635051937889448
2022-10-19,0.05052523488730778,-1.381613099146528,1.0647358909442393,1.11632966916966,-0.5259581005224645
2022-10-20,0.4672022612788832,0.11258727035077869,-0.04601676695965193,0.15587410287409875,-1.4566361390394318
2022-10-21,-0.5967143837247556,1.2080207308564663,0.4921655250408383,-0.4417181574949202,0.3628457500951914
2022-10-24,0.7628456198437062,-0.15871069572053736,-0.16068364900790996,-0.2549975384055237,-0.01675115871724179
2022-10-25,-1.0938399464446067,0.19268083402180813,0.08258590515140093,0.32186103057006804,-0.641695714183356
2022-10-26,-0.490506503645423,0.6482968543973674,1.099398462516962,1.257186002300044,0.2794774471433461
2022-10-27,0.9110875972355323,-0.24331623329193883,0.616013247488609,0.5334640129331217,-0.0013949690911935135
2022-10-28,-0.35580200908098586,-1.4175393170565844,-0.6739450565914855,-0.6224631375458398,0.0024558197027148665
2022-10-31,0.8303014955165862,-0.33289715335603876,-0.5703047918056826,-0.7525137962738053,0.0033235313502153418
2022-11-01,0.2919882580166318,0.53234592190297,-0.16085607085737633,0.9157523564393651,0.0016392025966040333
2022-11-02,0.7645934778639291,0.0037086155176538245,0.8074959781633042,0.8097283237999328,-0.01266524745922322
2022-11-03,-0.22505216005592746,-1.3062342580481607,-0.9096678982867104,-0.9998441800149432,0.036897736483113085
2022-11-04,1.570284878403927,2.94575297195516,2.146212041471611,2.2233533937125713,0.005052609608345755
2022-11-07,1.702039675928511,0.22931505342626055,-0.3480535046606955,-0.3802856895882176,-0.36183393077896375
2022-11-08,0.6585929091356038,1.8538802549029563,-1.379149742676098,-1.3808022995313687,-0.4951206637998077
2022-11-09,-0.15573411205634427,-0.09385529955367977,-1.4282590335886765,-1.4371867647108736,-0.2403735477122656
2022-11-10,0.5681000852974167,1.9127178869926844,0.42840340586371894,0.23310419185925219,-0.330950720530589
2022-11-11,-0.9275985363780539,0.6913377785039889,1.0900047401583717,1.0724021978999052,0.21780847910262063
2022-11-14,-0.5702661886539467,0.3082513062881145,-1.4226980050389468,-1.4069023095121906,-0.10633588878251629
2022-11-15,0.04313021534028436,-0.024627722938113206,0.2751497581038001,0.4043834719351799,0.06729744049343397
2022-11-16,0.03692727022924398,-0.07991696916761963,-0.5285111384191195,-0.6227533728693503,-0.4759435571167735
2022-11-17,-1.9128273008149383,-0.616146941461908,-1.6253621511331786,-1.9063436011303458,-0.09315426807139782
2022-11-18,-0.4120605877477247,-0.48815060469161087,-1.1039313735753469,-0.7009456761177967,0.140742910848636
2022-11-21,-0.6632025238962826,-0.7727199670916354,-0.13687186856349529,-0.18888596068852279,0.010816580101881123
2022-11-22,-0.18271104486548748,-0.021961442215403904,0.4086241329190873,0.5288967773169464,0.01229068709224636
2022-11-23,0.3808688453731352,0.2914060300560615,-1.591527919824378,-1.4932320096361513,-0.0097298889214132
2022-11-25,0.9958204336876126,0.3975753120381404,-0.948011193587687,-0.8107152737451832,0.043688580971897956
2022-11-28,-0.021487980589167965,-0.7382762350483291,-0.2757090434434561,0.4166170981618157,0.021779316963855436
2022-11-29,-0.16636139475953168,0.3774480415432787,-0.13261452873826832,0.4399640029574326,0.0202634372897581
2022-11-30,0.43534460203427383,-0.17101166600322187,1.255924009435753,1.1470129786167838,0.026276041561620965
2022-12-01,0.5078075104507694,2.9820122893674474,0.7226622356322141,0.30200945145629715,0.05678902207703834
2022-12-05,-1.104093815498719,-1.4430430455726677,-2.3107378651687878,-2.2924043952273325,0.045657091621433034
2022-12-06,0.10696486109551871,0.001287678021281178,-1.6257448062634883,-1.2338934690645385,1.9600212095073188
2022-12-07,0.09523461738836467,0.6843992255763796,-1.0321803287409925,-1.0301231872060275,0.32560591661306076
2022-12-08,1.3099045788450587,0.11989355513557533,-0.5121133066578842,-0.28154477103157083,-0.12794253080030785
2022-12-09,-1.0550792954225805,0.38928696693181947,-0.06674444204723161,-0.2409982949859133,1.0524498380390535
2022-12-12,-0.08043827063145258,-0.8545219490396642,0.8919777284922742,1.035064349247217,0.6143752922847946
2022-12-13,1.005813919869341,1.5061592158068946,1.2772797909581677,1.0562870087197396,0.31647042858249536
2022-12-14,-0.4988925594123476,-0.28652112447594086,0.9108724636682338,0.8774342258771267,0.4262028026487105
2022-12-15,1.109529813976243,-1.4404913497332743,-0.7268141739637114,-0.5937724084538869,0.6013883756572048
2022-12-16,-1.1542453895153342,0.5067737131189002,-1.1076099921051314,-0.9670650825970869,-0.2381573538600272
2022-12-19,0.6054464677798969,-0.13594292246342207,0.3166721565206506,0.4204549180942484,0.00017689158598665122
2022-12-20,-0.07125911206309986,1.2845689358620616,0.05800110477933658,0.4444134011621244,-0.00620877910648983
2022-12-21,0.7840151380879302,-0.009524141601980545,1.103658732557411,1.1576546508295382,-0.015329219531910798
2022-12-22,1.9539433052868278,-1.3980424096673403,-0.6571782897907537,-0.4544264775218324,-2.165264770757624
2022-12-23,0.4730684092753781,0.336484024077631,1.475375850565554,1.0953367234488014,0.16500522958795885
2022-12-28,-0.21203539381644623,0.5377526876226475,-0.35127339969778815,-0.35530786012090665,-0.0013309320398234088
2022-12-29,-1.1001298750297905,0.5255453239047522,-0.5648929252113012,-0.3603566820094459,-0.0378902809822744
2022-12-30,0.5204076416791372,-0.022782351288491664,1.8565822340484879,1.0497059255045011,-1.8671192200776814
2023-01-03,-0.7450003239499676,0.9377317828628485,-1.8549541455181144,-2.005704392249796,0.18118995184566938
2023-01-04,0.7510702984347112,0.6127487175257623,-1.9773866232801567,-2.19971249563019,-0.03991083048888257
2023-01-05,0.304306687584875,-0.9124882000291139,0.29240553699425514,0.32686531308055283,0.016188353147499095
2023-01-06,-0.3457156185539446,1.3792624559629136,-0.08122628931663638,0.019260977907342873,-3.158013683455107
2023-01-10,-0.06114233698644869,0.3372475786847528,0.6362195965912201,0.6254581975853901,0.08507200897752865
2023-01-11,0.7105947842398731,0.10408653351374926,1.1084571663138374,1.1014776337558436,-0.01877343748326412
2023-01-12,0.13286292766869137,0.9656148722830644,0.5624286709312449,0.4492603613629169,-0.014848528878067896
2023-01-13,0.24389585488393087,1.0616028481453454,0.5184841965423086,0.7018739995495783,-5.254565109256035
2023-01-17,-0.3059505410888601,-0.5380986385880017,0.2552275463803187,0.13245167176356742,0.01826357679417459
2023-01-18,-0.5989477235375801,-0.19625820345062683,-0.48336457908367086,-0.41141516693596625,-0.0005895975050331136
2023-01-19,-1.400235669389391,0.8009330652411045,0.5278214458342568,0.4316873572397237,0.0013667987005817456
2023-01-20,-0.053618243479278946,0.17949007015141788,0.6927964541002865,0.5241508181762298,0.00024108038625193163
2023-01-23,1.0289931024178967,-0.011161897221572509,0.24432111446765184,0.14444298410873913,-0.07684779034764347
2023-01-24,-0.6759345427235137,0.2881309638705458,-1.135165919309213,-0.9632231764108726,0.0433138534868248
2023-01-25,0.15733957771905363,0.3260932881262436,-0.06392005862407853,-0.03685620060521165,0.012047955047515928
2023-01-26,0.9734264812553964,-0.6687794515586845,0.6828960834860079,0.5037454860698238,-1.7592032609950812
2023-01-27,-0.10634597857151713,-0.0987450990573981,-0.4894010333990963,-0.9181812936979095,-0.27859789050183753
2023-01-30,-0.48222273650566244,-0.3638936344562072,-1.0719483087336277,-1.2313113374018798,0.28315853892458026
2023-01-31,-0.8795075136285888,0.296251577407599,-0.2967281201169693,0.5635899817119993,0.0010701666621205864
2023-02-01,0.2774085892852907,-0.14306013662107528,-1.0480485490724818,-1.659359600447568,0.0016887267744210923
2023-02-02,-0.30302569934736656,-0.7183409634797283,-0.46442639506765376,-0.3677080564752196,0.003868606103758378
2023-02-03,-0.4462536978480463,-3.2211600305531314,-1.4591120623305316,-1.6263475868762445,0.0037356656458091774
2023-02-06,0.1949746582695949,0.04645902622598187,0.5591014983587694,0.3703375995514542,0.008835893302833292
2023-02-07,0.07148501630789318,0.25458964062281936,1.5671178645613335,1.753382486897965,0.004286782681261593
2023-02-08,-0.10569479246320249,0.27303561553917965,0.7408169601440499,0.6846570021910117,0.013690734979988125
2023-02-09,-0.07477938479790715,-0.6944112320822025,-0.37088179421064466,-0.2562773297851704,0.00946309946544405
2023-02-10,-0.47464366125573326,-0.27657674435261465,1.0312759417694908,0.9009401694762716,-0.05990129888774897
2023-02-13,1.706779370089142,-0.7199803423831538,0.0856053607423272,0.20518902091116234,0.005326244485119538
2023-02-14,-0.06192494980288751,0.048635768936248616,-0.6612419585890875,-0.6827680810174419,-0.15070699231282944
2023-02-15,2.014522850446416,-1.295127589744756,-0.1818314366777886,-0.3333914453091518,0.0630546463576052
2023-02-16,0.15224774665629687,0.3923328885179982,-0.20834418473432162,-0.10912406506277746,0.045443578719851205
2023-02-17,0.5493405088865548,-0.1511718169640769,-1.4737818380024135,-1.4908852368456718,-0.19395234888736593
2023-02-21,0.2210377743259935,-0.5460126392072695,-0.037308104835088576,-0.1632730635325595,-19.079742690344638
2023-02-22,0.11728331417833544,-0.14450242876201433,-1.668143271225686,-1.5100377848803166,0.0003423464725137342
2023-02-23,-0.29342367229478555,-1.010090713283308,0.9023974454313203,0.8303248058392763,-7.417246710657044e-05
2023-02-24,-0.657708452610074,-0.7193355743329718,0.5267212881144455,0.534296890002445,0.00016382160825909075
2023-02-27,0.1882972998678018,0.47994980322626973,-0.48189236850838063,-0.4414792484883136,5.7127111694643555e-05
2023-02-28,0.888578501897513,0.7698715922567883,0.8438923722385536,0.8417916683551301,-0.00023281183609783507
2023-03-01,1.3919254861972539,0.5566572403385682,0.21814972045246958,0.3769006046301555,-0.0008080345074349766
2023-03-02,-1.1411695206724797,-0.34082351876260203,0.2301004062921305,0.2708053181803775,0.0020340876465838125
2023-03-03,-0.851668785310922,0.9117072039941188,0.6586356334549388,0.9922824280327163,0.00284063997901886
2023-03-07,-0.14523414459890469,-2.3792448449624035,-1.7738950745720814,-1.4722361963897725,0.001284470516299139
2023-03-08,-0.8005956195794126,-0.20686473977710415,-0.4600943984788933,-0.6393225235605533,0.003748189257526569
2023-03-09,0.04867273108577374,1.0542838924218407,-0.7463705818249394,-0.6655005130278849,-0.0045772187104524175
2023-03-10,-0.8511397054060443,2.1012804987353126,0.7070088619734324,0.5910504576972252,-0.0034172448896218934
2023-03-13,-1.8261154205347987,2.805135470297698,-1.3764498412424317,-1.3341793167106482,0.03246921763898756
2023-03-14,0.40728079484694035,-0.23446443806521836,-2.2126722151682716,-2.3718214009209717,-0.002344983505343076
2023-03-15,-1.276611179112784,0.8884113989334862,-2.2050274182330716,-2.121511841397645,-0.008695397323262095
2023-03-16,2.0472730183561607,-0.37058111283228595,0.4371751201692729,0.31167295739012596,0.006160971021340809
2023-03-17,2.041629885090295,2.2935201406981944,-0.9207986729803861,-0.8402339953358724,0.02140319831847468
2023-03-20,1.073104715723725,0.3852375918233278,0.37508361699455584,0.42662607006379966,0.025751032789492485
2023-03-21,0.7029726024548033,-1.707131916252749,0.776242574644604,0.8660524554902992,0.012759994834483963
2023-03-22,1.2783250549423988,0.26927920218386625,0.6962890141706397,0.8040249889401069,-0.029380784218858792
2023-03-23,-0.1871085233550827,1.8882007613260023,-0.4592179279363465,-0.5352300128182771,0.06948568461128096
2023-03-24,0.3290550525326573,-0.4239227639170358,-0.5731605817842397,-0.4343460590249263,-0.003136747688653914
2023-03-27,0.37096120463080434,-1.185686059878994,1.752002757977214,2.012631865106986,0.04262622294564761
2023-03-28,-0.06647268858483885,0.6988684593477029,0.25345078067336074,0.17812255103016555,0.04545495258607544
2023-03-29,-0.5329505423605544,-0.2637696948258779,-0.243415580543464,-0.1553637029776643,0.025200276966209127
2023-03-30,0.8412366567452744,0.5118884172650773,0.5124307729738323,0.7440017344702737,0.032518937062442445
2023-03-31,0.32577806892535066,-0.4799525624275535,0.24844243801916574,0.7000351359633139,0.03324915589249858
2023-04-03,-1.5957281145599649,0.5525387184420987,2.961223604815937,2.611065763512713,0.33049628514062174
2023-04-04,1.0604614264432985,1.5365031003179628,-0.008654326350574747,0.11316930478899338,5.6403131618002
2023-04-05,-0.30577504563403335,-0.05130743820478942,-0.01790144435427233,-0.07926370149077631,-0.00012349835666473937
2023-04-06,0.3384204965414271,-0.3975971111237275,0.020610877264600064,0.009458115313526893,-0.00024060619841124594
2023-04-11,1.4982931111971987,-0.33979295671851284,0.20551256787736272,0.39556620745871196,4.691731414154452e-05
2023-04-12,-0.7535722731991273,0.19848796447282274,0.8596710904810038,0.8902542554016152,-0.0007120512683406785
2023-04-13,1.0541004426316691,1.230183179539111,-0.6957902072390428,-0.6270561735302117,-0.0036329858066396423
2023-04-14,-0.451665593343288,-1.5986303584217372,0.06335377814999156,0.1558518364849535,-0.0015162144627280656
2023-04-17,0.3933758143403244,-0.4142854168534548,-0.9334179499251256,-1.030195882654679,-0.002304675855581186
2023-04-18,1.1029459194197644,0.4960639160523736,-0.054525829263232406,-0.03011641117964798,-0.00010752641404659557
2023-04-19,0.4981812746966424,-0.5466721667686257,-1.0464170024613164,-1.084428093197406,0.0008004219973642992
2023-04-20,0.13095308322149424,0.4736748396469198,-1.2860050464502295,-1.187903841745586,-0.011135623221784283
2023-04-21,1.803674815119139,-1.267762065841284,0.2654722779407296,0.2948523628461485,0.01948299087826174
2023-04-25,-0.5128462115229624,0.5607529240940632,-0.5904873673338967,-0.5325309697387688,-0.16618924082549752
2023-04-26,0.531463527700761,-0.4018820034232781,-2.0259057401779694,-1.841270318765191,-0.029493147379577228
2023-04-27,-0.592562971569374,0.13237870736409324,0.3174356923595583,0.2152309891185657,0.08257796107887418
2023-04-28,0.4771838974880965,-0.03571835890701092,0.6325610235446583,1.1548890489493524,0.012153067602512621
2023-05-02,-0.9910028483429799,1.0966613115545225,-2.591710843276733,-3.089664523823177,0.004778870010982456
2023-05-03,-2.59248850705466,0.6383285736245001,-1.5650682532444755,-1.3924732582215908,0.02004156074348064
2023-05-04,0.7893364156633815,0.8592370144379228,0.02971560133178044,-0.05133325361725632,-0.016447594295801587
2023-05-05,1.1381133545229891,-1.4309778442423575,1.3402548923048216,1.208000233459769,0.029011278397451854
2023-05-08,1.3584114395101512,0.32140429431137346,0.7754105087248593,0.7620083096366173,-0.3177093697478516
2023-05-09,0.9145122825155073,0.4225267581485535,0.17371671434520342,0.21764711221301078,0.12874613964543424
2023-05-10,0.5430912009156826,-0.3097016569679987,-0.5477418479319872,-0.5610450342215355,-0.39824555326811334
2023-05-11,-0.3862148380180328,-0.8295900249332082,-0.7898102143905987,-0.8634291484311565,-0.18035795756203118
2023-05-12,-0.3435886793100324,-0.08527362781162481,-0.48293825406226987,-0.45469138114055707,0.16731554569255278
2023-05-15,-1.3476923656399427,0.12128103856651944,0.537447877631584,0.5260140334192885,0.05895169575372204
2023-05-16,-3.406171177864847,-1.5877865688023443,-0.21944176116629044,-0.16565015359103355,0.24798714981872047
2023-05-17,0.09400245374952942,-0.497843938238688,1.1524157105844284,1.0787256388497575,0.7248575746290078
2023-05-18,-0.20708432273024976,-1.3591948139852161,-0.6666125958278697,-0.5740903780719486,1.3160366284254232
2023-05-19,1.4488436530984052,1.092247256364627,-0.220050596470066,-0.22196580694803583,-0.028819467250725074
2023-05-22,-0.8867270249691112,-0.22679868658910915,0.20255193201240443,0.23012854752373288,0.04195601218074641
2023-05-23,-0.15628856398716648,-0.18999992491921186,0.49400811812754675,0.5468663821308912,0.0010443367354854955
2023-05-24,-0.1471575199694582,-0.5834085024885608,0.9372682223907786,0.8876433612961606,-0.0325034281225207
2023-05-25,0.10332980787496364,-1.1700023997532578,-1.4101575147298926,-1.6890057848814848,-0.031473856792864435
2023-05-26,-0.5496287261394809,-0.03311284877761199,0.3645846077018691,0.4516148572761745,-3.532143032818068
2023-05-30,0.2507240319765776,0.7345053758597999,-2.2801749369913002,-2.0548402861771895,0.06066735370034501
2023-05-31,0.0021858913069674798,0.2962829344752659,-0.5576732319484343,-0.7931393511401269,-0.00011712883419747432
2023-06-01,-0.015642916950035942,0.7576321365440036,0.8825134744324211,1.070373515276914,0.0009950528305502316
2023-06-02,0.3355299792818456,-1.5116622513897353,1.0192463520250448,0.859841614303155,-0.00048597878719036945
2023-06-05,0.5811919316257705,0.22078757566195778,0.29275459180985997,0.1950879948453518,-0.008644973682079065
2023-06-06,-0.27215329996717885,0.38383102253745965,-0.2881506267558484,-0.26892293609780055,-0.06204991067448932
2023-06-07,1.1768318443803496,-1.4025299890806717,0.3491179398417798,0.4330396366347952,0.044437202182927696
2023-06-08,0.8827445622252155,1.1360415631348162,-0.6698776247017911,-0.8104328867158528,0.009486172640827888
2023-06-09,0.5727466228962106,-0.1083916108027771,-0.8193960468407915,-0.7603344889022235,0.0026897357956405625
2023-06-12,-0.9301912107040299,-0.46818882797987577,-2.0439166882917963,-2.074036265151309,0.007463194999156669
2023-06-13,0.9821808452507698,-0.7138100722672773,1.365723437513988,1.2434758429133326,-0.09187859521030191
2023-06-14,0.012285040754524244,0.5659148260590036,-0.639620720796113,-0.6556902629301271,-0.28483696403061726
2023-06-15,0.7039449151783445,0.10513824433221818,1.3557224558634442,1.275128513264295,0.13889806205069824
2023-06-16,-0.8098745133212827,-0.02435903924244534,0.4812765963018529,0.598422123689832,-0.3472999288064747
2023-06-20,-0.9723331949960226,-1.51429028656637,-0.4364574423496993,-0.7445016157669236,0.24076469248720675
2023-06-21,0.42591626379088643,-0.24437884071093088,0.6546052461671719,1.1060081108820112,-0.027004599976659244
2023-06-22,-0.5843250753178546,-1.4021657429066343,-1.8272798370715089,-1.7439596442422018,-0.016649481007515603
2023-06-23,-0.34979510438150574,0.30979783145397366,-0.21896408757531796,-0.22288432703186625,0.022195336258989524
2023-06-26,1.7208982602999396,0.24355072287062318,0.14303503971335174,0.08037512953369703,-0.09636937263518061
2023-06-27,0.06491288307091866,-0.7040847204691527,-1.2050993521073479,-1.0062055054974348,-0.5676499959030983
2023-06-29,0.08233629340168555,-0.4107131549064778,1.1627417210825077,1.1985329363530224,0.2086365795382067
2023-06-30,1.9753546971792066,0.7315714683155631,0.2885372464474801,0.40902544796597706,-0.002092556407790621
2023-07-03,0.7986006766385886,-0.007924913760434785,-0.19072536106937546,-0.5285050451203164,0.02533508714766511
2023-07-05,-0.601653771573001,-0.21535318785663038,1.1725249609241486,1.1559625054117777,-0.2275276506059732
2023-07-06,-1.111492550305831,-0.8420586393130509,-0.11159540318421053,-0.022612420140005505,0.102177647088212
2023-07-07,-0.082208792574056,1.1409534345051093,1.1474162404774504,1.2126762292343363,-0.0215857256555018
2023-07-10,0.4465219092036828,-0.1204326840847179,-0.5059440360847682,-0.5466032035243704,0.050439365899763854
2023-07-11,-0.10055847059679457,0.36137886525720114,0.9979291244779329,1.0759541449733545,-0.07911185281362369
2023-07-12,0.022035080629513884,1.6672227895622167,0.39229149367775484,0.5167959012386751,0.051245917428032146
2023-07-13,-1.3870787161320142,0.16732397470867363,0.7284622639941021,0.6578619167562915,-0.0984325534660767
2023-07-14,1.4703054703137048,-0.005276383556170862,-0.9866243415447226,-0.958610659763654,0.06509415579079963
2023-07-17,0.9357810819567207,-0.5767338772236303,-0.9351632187584283,-0.8484574756562415,0.04598941388066845
2023-07-18,0.8479292680361805,1.5656800996069222,0.6547324064475737,0.9603869507245718,-0.049102220336169414
2023-07-19,0.4330668821438209,-0.005699864336220223,-0.1546536987526811,-0.28555205109845705,0.06494441279926065
2023-07-20,-0.8814223400567147,-0.6480386242907838,0.06375398748514043,0.13824424799945725,-0.03697642248242573
2023-07-21,0.4789572719956236,-0.34110906446140243,0.9257647296331396,0.9269869615334418,0.040274671633974475
2023-07-24,-0.005058834465662451,-0.33783125617296905,1.0792756194232356,1.0691004771400718,-0.031090099295952016
2023-07-25,0.9663232929883712,0.04157402615377332,0.5463447509486378,0.5390552990856559,0.07279382392032356
2023-07-26,1.4682267041415844,0.3890534510160597,-0.5348320116953194,-0.607529585814385,-0.056089511578812895
2023-07-27,-0.4624407553598583,-1.6642711708161702,0.835858980476114,0.8322595081901767,0.05065121212734515
2023-07-28,-0.10497278563026138,0.8963034817612507,0.4586782720149573,0.28839467137380087,0.06326510939598047
2023-07-31,0.38373315419079757,0.6245805741851274,0.3375944592634441,0.7927431102287477,0.031330882320360895
2023-08-01,-0.13445332943128346,-2.0374069485737185,-0.5192573700037629,-0.34003865057216676,0.05231463469422321
2023-08-02,0.31634922404206434,-0.33650966138100863,-1.3194406581105858,-1.4049548059071824,0.07374811118334576
2023-08-03,-1.388546390319417,-0.4343270003696975,1.267843797880405,1.3114550590904652,0.11153167295048191
2023-08-07,-0.3094624488259502,0.020507570980113306,0.08821110829337651,0.2108484534128352,-0.08260506183015039
2023-08-08,-2.8509853902856017,-0.7147490881208192,0.5064031531909369,0.5938058951035048,0.04394938265359876
2023-08-09,-0.27029634637498384,-0.696827431025037,0.8935521275264914,0.9288259517558797,-0.005207578173828465
2023-08-10,-0.7400823097726389,-0.1606397869976949,-0.8412163218100863,-1.0796435690299697,-0.06356257559924462
2023-08-11,0.2600471954875963,-0.1839596213661393,0.21087288767663412,0.1836201993430554,0.06421216561148055
2023-08-14,0.42523977008771296,-0.2460157283674537,-0.48524711567937545,-0.49874616589216875,-0.10250751555713392
2023-08-15,0.3271102899033681,-0.6809363742126275,-1.0316061094337374,-1.0979562935236653,-0.03715332627201063
2023-08-16,0.5826539040287902,-0.5736755386743068,-1.1149774558341137,-1.1420549331639236,0.10111553691013063
2023-08-17,0.7517031805993115,-1.0046840522239577,0.39919101673982404,0.6052268909344598,-0.05539050172109657
2023-08-18,-0.9623579528275145,0.0497610954744818,0.4296442440513426,0.5251325403052215,0.05014319666764686
2023-08-21,-0.2452231389554722,0.48172927412972094,-0.3077280087122314,-0.40157692445772775,0.021658418984111895
2023-08-22,-0.5575581964685928,0.17580685388413456,-0.3928183597025149,-0.30937582980683875,-0.10767863597629591
2023-08-23,-0.15552803041074773,1.647590585147775,-0.7060314893552947,-1.1114615728236676,-0.02426904591167248
2023-08-24,0.780388741905884,-0.052680049475842754,0.04230731916957573,0.057051530373931694,-0.16166838881534032
2023-08-25,1.3023281819876222,-0.5940462429137011,0.8209011251671442,0.5149225599356108,-0.17358966909556844
2023-08-28,0.1814603772174793,0.4102430236728835,-0.10656247401687532,0.15106471660150203,-0.2643771782321309
2023-08-29,2.1526331814684276,1.3091742840197256,0.7868230275143335,0.7444405752477585,-0.06710210277177593
2023-08-30,0.8426985861967179,0.5086657016224941,0.23266949909542192,0.304011458972907,-0.0610887081151511
2023-08-31,-0.11636339588683788,-0.48904699830372705,0.7362889694370197,1.4584955028233493,-0.21676936406579828
2023-09-01,-0.5361093640337845,0.027259937498077876,1.2774725124995419,1.2965220691009385,-0.03480536993427473
2023-09-05,-0.28591746835253407,-1.061718299038055,1.0602682249572368,0.7117279692887941,-0.18868977615541943
2023-09-06,0.2765438869021136,-0.6964238887655433,0.3505687146427548,0.5165471621179428,-1.0320662427847964
2023-09-07,-0.11577840967179184,-0.13776600212609189,-0.5697223228102899,-0.4989675401866108,-0.12093743610003281
2023-09-08,0.6339250106834582,-0.011788661682393885,0.4701128485826477,0.3831654093327813,-0.43513200562629234
2023-09-11,-0.008900216300683007,0.2948812817981104,-0.07273405888688451,-0.20414311023949083,0.1425649607318806
2023-09-12,2.935503006959864,-0.9920802843909997,1.0173828370030014,1.048540233976035,-0.07721964873541236
2023-09-13,1.1436454143116048,-0.2753528073100334,-0.19448830900163247,-0.26838349115295385,0.06183289872369685
2023-09-14,0.01441795069135669,-0.01534811537489056,1.3042148258007322,1.1002840382898458,-0.549514999263763
2023-09-15,-1.5437120068890637,1.0010794398402503,0.10965789175914273,0.3692063561307027,-0.010811857372827442
2023-09-18,-2.1929074707668974,0.5468610460578216,0.2962201733648971,0.43831195243664,0.03031102462400877
2023-09-19,0.31712358058972445,-0.0256917116045036,-0.1359946360407634,-0.2486715593484388,-0.031094220057201243
2023-09-20,-1.1820987158419687,0.9721559386939973,-0.6939663413780784,-0.7209646315687931,-0.014556401165601337
2023-09-22,0.17098498910471707,-1.5853750142891458,-0.27991849690368,-0.24053793439827398,0.0452359330521879
2023-09-25,-1.4448045127517397,-0.7830287074128685,-0.06216362594541522,-0.3160710798335728,-0.1042803147158107
2023-09-26,0.04716400536268234,-1.334211122062287,0.4525573165188867,0.4685995795987166,-0.2499605482367047
2023-09-27,-1.4480418826478072,-2.32246701958541,1.9584617201141332,2.368161967498903,-0.07565854578678198
2023-09-28,0.7019552619290945,-0.9636251606130414,-0.858457072688143,-1.2461264706633797,-2.3834471371336403
2023-09-29,-0.7307771287152963,-1.0202566025420485,-0.12525185424196544,-0.5971688487315648,-0.09003410590566639
2023-10-02,1.38818910154593,-1.4727726337073344,-3.3986540853116334,-1.2494468027778212,-0.16667244719001087
2023-10-03,-1.2636684717053355,-0.5199097597692487,0.03363278617108862,0.1852086510850979,0.15307984137801706
2023-10-04,0.029567257274899852,-0.5547452870464653,-2.8490106299953806,-3.1490754426193432,-0.6452217913936846
2023-10-05,-0.5554091921569049,-0.23712216528499946,-0.8158897365494331,-0.8943192575597458,-0.3596508513368751
2023-10-06,0.8698289790297477,0.9857030995465177,0.17828345725254402,0.17750762671896533,0.19005091313786712
2023-10-09,-0.3461966938680078,1.4234944649789236,1.5769864583873432,1.628170631308191,0.025008711364882183
2023-10-10,0.6319388303418899,0.789164066909296,-0.23316524579311773,-0.1978141512211531,-0.6096545170639962
2023-10-11,-0.7594269569300843,0.7847478426618706,-0.8635577248767521,-1.1783064802724095,0.0841615072122876
2023-10-12,0.9694430351123163,-0.2939002100050508,0.032204125829638004,-0.30427545873985856,-0.6153318949291067
2023-10-13,0.10755547390480863,3.996400974302112,2.229696470672876,2.1878782349433443,0.06156178486017735
2023-10-16,1.5197383343024027,-0.27411422988772066,-0.5104705980639821,-0.4301650372244288,-0.06745046247737127
2023-10-17,0.6587186175067744,0.01883643551987778,0.0594106598942373,-0.03481952009120673,-0.3134607433656771
2023-10-18,0.022851443968719323,1.564431299435561,0.6507611338794462,0.6991314172085176,-0.48826248719371484
2023-10-19,0.11135974044697587,0.5954530379802097,0.3515288247292039,0.4416625204419379,-0.29804280735619987
2023-10-20,0.7162853453816079,0.6179444433821568,-0.1392434797245396,-0.3228072448102656,-0.5890752702667902
2023-10-23,1.008368420870385,-0.3200309837772924,-1.1696349969893813,-1.6681325804626388,-0.08828162270637373
2023-10-24,-0.5257436914197433,-0.12079376092966247,-0.9024547363971579,-0.852126028914137,-0.16954232692081309
2023-10-25,0.06734999791487696,0.3874909944722474,0.9365552975570803,0.7276635655873634,0.11039023600203017
2023-10-26,1.182585537802565,0.11161806047507955,-1.101647302495572,-1.0775725402213574,-0.05046906419860139
2023-10-27,0.6154007605683882,0.020351394680978414,1.1578022760522677,1.0549856690226,0.053085037399257094
2023-10-30,-0.4545381725965199,0.33499771310353477,-1.463167864641686,-1.562926033899081,-0.3334465958276189
2023-10-31,-0.17615758849875277,-0.6174065687640203,-0.07427851373283152,-0.6184863878013116,-0.8728571949034649
2023-11-01,-0.411297118902731,-0.4127042821037878,-1.3846134982482363,-0.3073697206681636,0.16136226300049694
2023-11-02,1.1362168200057705,0.3000768375298223,0.9674558198323107,0.9432166700577951,-0.023657618893094062
2023-11-03,0.4812905102099527,0.274452619020519,-0.938941245523273,-0.9867288358549494,0.035697249316631666
2023-11-06,0.21531276067448432,-0.6037563188103925,0.08436192173568711,0.11146432226764737,-0.1916653837278167
2023-11-07,-0.545505696916291,-0.9204948835505786,-1.8279171219435986,-1.8598107983374448,-0.10226931601242598
2023-11-08,0.5117404117786577,-0.9727285100347061,-1.0167876847612178,-1.0160607161765152,-0.02857859119434434
2023-11-09,0.49990335989917734,0.6569362845523191,0.16970879088744908,0.1578016867731481,-0.21912633593757505
2023-11-10,0.6467606073526901,-1.907452151331165,0.6470206880620949,0.6809724281273539,-0.11031988894259757
2023-11-13,0.9330091321216885,0.6380439107515167,0.4992787543563285,0.5233406887310273,-0.22155969865487904
2023-11-14,-1.763139767489658,0.9027142031938692,-0.062285923037483544,-0.03178616874637428,-0.31458309800353096
2023-11-15,-0.1326451117366166,-0.13236136704866452,-0.7308813594996051,-0.9295195611649868,-0.25926375460107204
2023-11-16,1.022688311084188,1.3130519508654768,-2.148254739615364,-2.2043637305047414,-0.23674266540576713
2023-11-17,1.206598037824736,-0.15054676889281016,1.4616384408116305,1.3731123387053115,-0.2327300863119073
2023-11-20,-0.8138306766377797,-0.28438615663757266,0.7409082107552813,0.7469652212136727,0.17694501981432478
2023-11-21,2.944773714954913,1.1688892033793572,0.02870073407456087,0.05229949086855168,-0.20475018225250707
2023-11-22,-0.7752043583684064,-0.4652793890992059,-0.27294957296674344,-0.35763881883590787,-0.30056484594663585
2023-11-24,0.589352170294369,0.5354813806535648,-0.7378468285541802,-0.8414894341909502,-0.20363416056608943
2023-11-27,0.5063565204042957,0.4982692384123424,-0.36106488687281213,-0.39894579172993333,-0.1488808445326465
2023-11-28,1.4121631066867633,1.5324681412638612,0.8583641306912296,0.8093582347647135,-0.29730846347105283
2023-11-29,0.8105843122133968,0.37294528125820964,0.7182462394303516,0.764508108894016,-0.3699053072577026
2023-11-30,0.42038682467784694,-0.5314765672733476,-0.18349024170893685,-1.1033989739012429,-0.17476123611111546
2023-12-04,-2.6595685374461056,-0.8417548783329598,-2.8323741631850416,-1.7007715507783496,0.00424063655822114
2023-12-05,-0.8140195061029751,-0.394506793878087,-0.44078408349899056,-0.4174576167095725,0.10053361299730842
2023-12-06,0.4181408414966523,0.6087846728865248,-1.4575754459420651,-1.673543208339672,-0.07407320599031665
2023-12-07,1.2033048489436398,-0.07799795300566131,-0.16881704491784358,-0.0615084874589075,-0.1606461912831841
2023-12-08,0.4543388364288093,-1.9080482409443127,0.8353125220508636,0.9760002298887286,0.05498459386117619
2023-12-11,-0.40398131243064384,-1.2852837380060083,0.06446514601696868,0.021910803344827073,-0.3744972970672607
2023-12-12,0.2704599150098887,-0.10603438677736984,-1.5036952979686053,-1.5885321436917577,0.15938451007133284
2023-12-13,0.21514088062209227,0.2023513399735561,0.45482358224581676,0.4139232200720419,-0.1402701597928295
2023-12-14,-1.6771463840551293,2.787942090105393,1.1570256730158306,1.1172409104170433,-0.026632735697074184
2023-12-15,-0.309497483750105,-0.4246105642866536,-0.05613780580293877,-0.10599342174968357,-0.13450425009557634
2023-12-18,0.3217162432369642,0.18810665150959824,0.6797057026517005,0.5487480280202868,0.09740062838840124
2023-12-19,0.19907977107561164,0.552377033705693,0.6318440166404917,0.5263146964628542,-0.12090266308255365
2023-12-20,0.2282998444537794,-0.23363503105358083,0.21283352307496245,0.42712262243730426,0.01877995620260293
2023-12-21,-0.31657899336710393,0.172802921157343,-0.2141464075566811,-0.23886681306939875,0.038904759117390074
2023-12-22,0.2802893558186199,0.8799964777961877,-0.2346376291008152,-0.25523141549215606,0.0429949900699078
2023-12-27,-0.46209215786271846,1.2281783137203488,0.2965973110649478,0.3235306648869355,0.11151991495000474
2023-12-28,-0.36449488237932726,-0.41395089065653673,-0.8363813082445675,-1.6889305762387652,0.09001398960375119
2023-12-29,-0.886196910140617,-0.6441756145000748,-0.9229089325167495,-0.1262708345644377,-20.16864767093991
2024-01-02,1.1020391525909405,0.028985959200677598,-0.8045622461151937,-0.8968183114672179,0.0016514400171425624
2024-01-03,-0.5669944132697508,-1.641115151802641,1.463500195586947,1.4938467159470403,8.55769438977076e-05
2024-01-04,0.283549814633108,0.3226446440607288,-0.4370012774898526,-0.3490792896046608,7.114391300493055e-05
2024-01-05,-0.8483342696301961,-0.04171298603524136,0.6798606062165083,1.00425087389362,-0.0009196859506268204
2024-01-09,-0.6443331051256768,-0.9284488265141897,-0.7950891090237786,-1.051232071976684,-0.0015811597064146236
2024-01-10,0.6227317656766143,-0.34344377433586587,-0.5778570294578489,-0.6075251847507311,-0.011152285923625773
2024-01-11,0.9569662080658393,-0.48527703199808525,0.34876354162468476,0.3836312567566725,-0.020248015441402874
2024-01-12,0.6610422145703327,1.7680340926886193,0.5522183233470848,0.4085807228382202,-0.038627439468795086
2024-01-16,1.4670154997686744,-1.0899563108605235,-0.05000528663190779,-0.23774187339886577,0.012159231751785134
2024-01-17,0.20893004527558265,-1.3285185839511722,-0.35632028408602306,0.06921839649006557,-0.029890749307952054
2024-01-18,0.0995489576452373,0.7583710355969361,0.8409704577806638,1.0916804545254475,-0.02293312378092008
2024-01-19,1.6836454936729346,0.38232182546988003,-0.45126156712861765,-0.5319858330452296,-1.4457722087464364
2024-01-22,-0.2876024149193847,-0.40617359725385555,1.06361540376884,1.2721347223187043,0.16679858628787042
2024-01-23,0.8759867358575982,0.1430167295207412,-0.42585246007458816,-0.6258125584267792,-0.02270499437953307
2024-01-24,1.8943330617873086,-0.6010111215701371,0.3034127355324159,0.4719402337870058,0.024044744239132627
2024-01-25,-2.0033940561084482,0.09287864438307099,1.7634407359858082,1.6176148933400003,-0.1264099388149848
2024-01-26,0.5500166445451068,-0.0641681963063459,0.7279693099619587,0.40191918544289623,-0.18098174583764948
2024-01-29,0.67666818486274,0.42812921445511953,-0.8505278379792751,-0.9006338868774669,-0.6642812660935141
2024-01-30,0.8219122561416187,0.3209587524023383,0.25816458219980964,0.6641665375417133,0.06230835486443971
2024-01-31,0.15720174381549679,0.9519923477199931,-0.8928977735583705,-1.4340864117398326,-0.5165027003023934
2024-02-01,1.5301676753436257,0.23099776168914374,-2.274335141413347,-1.4109730107165117,0.20508689520804102
2024-02-02,0.5410123679947842,-1.0658837878736833,-0.9267965628783299,-1.0303116480195909,-0.34510178431839145
2024-02-05,1.9329865868150211,-0.7210592401108493,0.35264454889848135,0.268227083202703,-0.19098042502051008
2024-02-06,0.2643838031067481,0.45246927351882915,0.3378536095098221,0.3065689478056246,-0.017698450521614388
2024-02-07,1.8795451828183838,-0.01006003962743666,0.3593320570621128,0.33016020671385704,-0.14639969244717121
2024-02-08,3.535083765518622,-0.25564081404923056,1.5670489841849207,1.5783217301097956,-0.3125370173318884
2024-02-09,0.5430474954174771,-0.6430839038458253,0.3114369093678682,0.361843664328625,-0.42276381917284156
2024-02-12,-0.23411429769763673,-0.41695616853189155,-0.17247520332681332,0.011356657905367757,-1.0316659689269128
2024-02-13,1.0043577001862924,-1.7554942905858049,0.4514966461355709,0.600116415428989,0.2456340138681098
2024-02-14,-0.4100292778416292,-0.28566303731747866,-0.8503264812601934,-0.8995640566543127,-0.016056721741956746
2024-02-15,0.06655429563922736,0.7056286738663964,0.7896643056735675,0.9038163228512565,-0.32797024351182874
2024-02-16,-1.9596618930922334,0.56818284685496,0.3648191871555467,0.747915139846745,-0.3112180342857318
2024-02-20,2.1476345763780498,0.9956760680571571,-0.8473995714182131,-0.7367449634376257,-1.4994068381252372
2024-02-21,1.2647627684277292,-0.37659442169350255,0.4139405855899634,-0.24007604117249845,-0.2945724085071151
2024-02-22,-0.22184212083464333,-0.25074536290311317,0.3997300850508657,0.45204216214382414,0.22727383180204574
2024-02-23,2.454273143533855,1.1710983574461924,-1.568946541996746,-1.6221591247797476,0.015951767860714318
2024-02-26,1.7063820365067812,-0.6821734004680435,0.5465750998242402,0.6743306676874872,-0.02967142192465686
2024-02-27,-0.7032909557919265,0.26637047100662337,0.718546043575282,0.8265499870056116,-0.07294135001652553
2024-02-28,-2.0409798582499095,-0.1277746688092055,-0.030831509732261744,-0.2629446993360393,-0.6620182078172795
2024-02-29,0.6950632046295687,0.7662484917383682,-0.10497314420710861,-0.2456794986933019,-0.3541921412456908
2024-03-01,1.6135326090207647,2.628804637708505,-0.11641063557819305,1.175665004408091,-0.33143061315263594
2024-03-04,1.0778626689814956,1.6303365696763588,-0.6397761398178448,-0.8999462484306464,0.21677843878934555
2024-03-05,-0.44339588406706765,0.7565683968259221,-0.663057915728239,-0.4649167387359286,-0.038509908682564396
2024-03-07,0.3884795416908771,1.1496741303739961,0.6437598594282161,0.5040717311145048,-0.5924653270679143
2024-03-08,-0.30090342190097347,0.9374744988603416,-0.7527196815667515,-0.7179924864955396,-0.005559253677664788
2024-03-11,1.5874784219539255,0.15064581402779656,0.027524408442568184,-0.11351324127306733,-0.02490572316834959
2024-03-12,3.1008454221797166,-1.0901259872780371,-0.3034888878053372,-0.3341232194424761,-0.598300096482092
2024-03-13,-0.09598789165975011,0.6275865053505982,1.6552359092632623,1.612035360523132,-0.44181426763533943
2024-03-14,-2.4152542529781167,-0.62869976599489,0.9848214827905225,1.0421851811742666,0.24131160412053881
2024-03-15,2.237838803644475,-0.35126002933812434,-0.11189357019925984,-0.19282154321890754,0.0030679163850077648
2024-03-18,0.45789249542249855,0.10299776239874299,1.0868246227047258,1.1331696690811377,-1.3575879093064898
2024-03-19,-0.49186198481874754,-0.27769521848174766,0.3009657164300297,0.46946773657331475,-0.19585931341576981
2024-03-20,0.958662738062581,0.01599205963961779,-1.1275709165272925,-1.304309106983036,-0.21122551403080836
2024-03-21,0.7153936349145558,1.224122533257731,-0.19938262778603957,-0.46245054473655206,-0.16763969732180437
2024-03-22,1.1397244470785746,-1.2573603596425387,-0.32946300419332525,-0.35377100013842644,-0.17568668042030963
2024-03-25,2.0001060138426245,0.755897719285826,0.9315944489430782,0.875657335363223,-0.7121077957123301
2024-03-26,-0.10499694595787759,0.0039025957507296464,-0.43136157640452155,-0.27422413879355106,0.03532754160580846
2024-03-27,0.5637387201286886,0.7116260488767359,-0.19535190272511158,-0.24792086683442877,0.007647654703861334
2024-03-28,-0.222841258294685,1.3267571776405767,1.010441008680826,1.284116874042653,-0.13622813586367122
2024-04-02,0.4713796116756001,2.0768563639356468,1.0283301798708144,1.3293210457309073,-0.8062222630487357
2024-04-03,-1.1726860212877181,1.4044612478871905,0.25940728806841173,0.1442554811013703,0.22406560359346397
2024-04-04,-0.17545521744293485,-0.23670560215897274,0.9014176594936762,0.732805890685881,-0.09352976076125591
2024-04-05,0.9135720482382229,1.4389295752244926,0.3217800251846658,0.17039253711952018,-0.04767479091686829
2024-04-08,0.24683027128289942,0.219986690980203,-0.6572006967456843,-0.38529213821335123,-1.0728619228109768
2024-04-09,0.8175714674645108,0.4160918194299274,-0.8036012528201198,-0.916743861625009,0.21361474261860844
2024-04-10,0.5229971966245068,-0.58717061000879,0.7163356270756882,0.6297082548298051,-0.13427252039195023
2024-04-12,1.4622480124484953,1.002188011346721,-0.08399286217678434,-0.4383585509958306,-0.1703362045849246
2024-04-15,0.0032838587958614325,0.35583217387431443,-0.3409466955099091,-0.2377884682327767,-0.07068621990137482
2024-04-16,-1.9662572816329489,0.9522809012501172,-0.1388436388063876,-0.09368894314822632,0.11273744809997349
2024-04-17,0.2552046327371396,-0.7738195213626037,-2.2888666659813803,-2.1227156671322156,-0.19035304921217797
2024-04-18,2.4021010108837038,0.35102340371300084,-0.20337855281229228,-0.032246099686323186,-0.06811426160012195
2024-04-19,1.1709478086032103,0.6098873026008261,0.060904235653166446,0.22515419868880338,-1.5164844702727305
2024-04-22,-1.5386076982394081,-2.760497595110151,-0.2724181571099244,-0.2474540002582522,0.0545430466998129
2024-04-23,-1.2929930001105472,-0.2969426492282708,0.9714313830058813,0.3084090226447826,-0.050803260072367726
2024-04-24,1.023360727776327,-0.18467135192735154,-0.34333041348571247,-0.4503482399231067,-1.2008000155789187
2024-04-25,-0.14460642174627283,0.16251568960349083,0.6565291792771423,0.5051237778306383,-0.04045720802637192
2024-04-26,-0.5946390786358742,0.1626093331980952,0.3002242726105155,0.15855549547051803,-0.12919104197073447
2024-04-29,-1.7868367797170783,0.4037111862026213,-0.8958312016911216,-0.9940429381226891,-0.5437848278424671
2024-04-30,0.3652708964031888,-2.4026652051641633,-0.4826584647196713,-0.5872388647984046,-0.14272655537837262
2024-05-02,-4.375799307448004,0.21575879902142533,-3.347075941484932,-2.3664236142400914,-1.4465340447896047
2024-05-03,0.08065318749961238,-0.05322345691090836,-0.47076287128798777,-0.5790651194123846,-0.00619474637003091
2024-05-06,0.14981784511154503,0.9354166962869582,0.15921982746473726,0.1892288903917787,-0.3286099098953861
2024-05-07,2.3927626287487263,-0.3043466010129157,-0.1515612977202239,-0.11014726712754994,-0.04475178095480666
2024-05-08,0.014177880501091271,-0.13389000423765798,0.20638856083163437,0.37223254124155747,-0.6038141653415197
2024-05-09,0.11387260208073449,0.7728917665230362,0.13989455672110623,0.14495693064475174,-1.0334544990713808
2024-05-10,0.3927091455209579,1.5286172468292667,-0.7855015236651106,-0.7830021723394207,0.1798122429941891
2024-05-13,-3.953864132818519,-1.3179492638495351,0.317623088190957,0.5734099879356975,-0.22270693646495374
2024-05-14,1.296692526698217,0.6377210062959887,-0.7378531584289316,-0.8672247159403949,0.1456931894516853
2024-05-15,0.596984505780437,1.4425701643642883,0.191955162347971,0.39408605965689186,-0.10883732365560414
2024-05-16,-3.629183196165543,-0.3570446785498751,0.3155857521537172,0.40227885568871535,-0.42678795054940055
2024-05-17,-0.07110862453041758,1.2320442924898878,0.46241853914056685,0.5830555358027973,-0.17277077075311206
2024-05-20,-0.2980818734456992,0.8191980465661484,-0.2616797743554642,-0.24962986024883893,-0.42881119613481045
2024-05-21,0.3893445835743103,-0.49568929118090815,-0.71104468613215,-0.48464969693856247,-0.2839029445187547
2024-05-22,0.29919251750175213,-1.347139121314678,-0.8412624504471639,-1.4330441210234393,-0.2558468493693473
2024-05-23,1.2103553836352838,-2.2676916001700036,-0.49780350463864104,-0.5876561111063996,-0.1615150037277851
2024-05-24,0.34970445736781497,-0.205672641160974,0.5310096105663289,0.5925328546024149,-0.3330057770776882
2024-05-28,0.9387395060596554,0.855282621728672,1.6017997462075875,1.5554983914285723,-1.0060349495349485
2024-05-29,0.9578779652808262,-0.6191228385097288,-0.5008616290628093,-0.4618503739386361,-0.07792415537428135
2024-05-30,-0.11348965813946726,0.0375275803243184,-1.3847661974223338,-1.0157694374705257,-0.5140264421276749
2024-05-31,0.12618136661178755,-0.88328309721218,-0.24699749861877315,-0.7164180000195605,-0.13630906443021823
2024-06-03,0.7894497888506987,0.9229773861224212,-2.527543535596811,-2.1003451299511515,0.2228627997953022
2024-06-04,-0.4087238891502174,-0.9072011698696181,-0.5905512526765038,-0.6601258941409974,-0.28395539359881183
2024-06-05,-0.2817205269378137,1.1291961669711101,0.5048306588040665,0.4788227243278449,0.1303241096734849
2024-06-06,0.8505263684363232,0.6413102383719249,0.8888909264360461,0.9259100947965119,0.0870882424182001
2024-06-07,0.09052570455027203,-2.7388979668301063,-0.20266244466963046,-0.04909093251082261,-0.1755667911388032
2024-06-10,-0.46680061557548297,-0.02000196163564818,1.2628250893545494,1.432971423025016,-1.0323051005709896
2024-06-11,0.41295664945109495,-0.056160874542189286,0.14358027668589815,0.06794010009962816,-0.30672773491149824
2024-06-12,1.1315359799703961,1.1229901706999539,0.3892181977262984,0.3493452434061552,-0.056342525144110187
2024-06-13,0.4463378032924372,-1.4647639963204988,0.04781286367987296,0.03764370475085387,0.17604511505500356
2024-06-14,-0.9308057496939955,1.1680291500682831,-0.1482760370773369,-0.16689681582754795,-0.4629688412193616
2024-06-18,-0.6635930470957385,-0.054969164785779824,1.844650427307614,2.1753318400958004,-0.13604711763807675
2024-06-20,-0.6664561490649538,0.8781076782369653,0.20267517139447253,0.33436471160602776,-1.3570408602110302
2024-06-21,-1.2526909886352102,-1.507152064690902,-0.36209309393037586,-0.954723560782078,-0.03171449308863762
2024-06-24,-2.302532498405886,0.44950073370812677,0.4528006456632489,0.5127180222940209,-0.2276014861619231
2024-06-25,-0.012632717827844225,-0.57566903076312,-0.7433570535552392,-0.5569007363887701,-0.2684071496414704
2024-06-26,-0.4141957644810399,-0.7853817166171586,0.09742112506953636,-0.003919511295060109,-0.04685517413381894
2024-06-27,-1.006301260108135,0.9862692527594838,0.7482239671433654,0.52455122292421,-0.12448450764267574
2024-06-28,0.8367339232251514,0.10805052914148783,-0.04063321040441845,-0.1844501634372643,-0.42104082191408154
2024-07-01,-0.9758653636329887,-0.0534595032899481,0.07334918257138587,1.255229136009993,0.21212417959160998
2024-07-02,1.0689771613135153,-0.2513873535661959,-0.3372681780422349,-0.42987921227748654,-0.657275551215772
2024-07-03,0.07078483595090937,1.5384000766408974,0.769998776127234,0.6914249409111962,-0.24510901889337205
2024-07-05,-0.23720563458588642,1.1480258167820516,-0.6722667635590333,-0.552095553113419,0.029966280603378873
2024-07-08,-0.0806295636314442,-1.3331655692598636,-0.6877089761993364,-0.6515521199311317,-0.6340419904858823
2024-07-09,0.8306711098070787,0.10802813469978689,-0.9300279338016155,-0.72685220522631,0.22490269471387878
2024-07-10,0.4104231007299355,0.443168699893035,0.24685278504173383,0.44606282560280985,-0.06252945084458003
2024-07-11,0.5804563310772548,1.698384455580346,0.18577913969094254,0.3347606888140351,0.040767742222989
2024-07-12,0.18030524385541033,-0.0422856481362406,-0.366728399226529,-0.36165159183235873,-0.07669756542018326
2024-07-15,-0.16164682885653323,0.28826772146944596,-0.2238100534805191,-0.289567969267541,-0.1816011463893525
2024-07-16,-0.3719676025360254,1.4785793827813334,-1.0209788420976338,-0.9735731500990752,-0.5187923880561003
2024-07-17,-1.4990603704577774,-0.2846815222114831,1.0215151708612356,1.5401561858854698,-0.14668919130027094
2024-07-18,0.8243689110418144,-0.16856736879401674,-0.03458411192457292,-0.06203672464474578,0.0477545021196913
2024-07-19,-1.049154315587303,-2.217871992024453,-2.1239941064813914,-2.0511359494574473,-0.4594238113424464
2024-07-22,1.889507659463013,-0.23807401286520943,-0.2432245120627107,-0.2754870301966087,0.18222187893803046
2024-07-23,-0.3046687437594748,0.4308157060871189,-1.0902074182765087,-1.9250535617449533,-0.12225439254436404
2024-07-24,-0.1569730065728567,0.30086824915547894,0.43224321133020716,0.3138627463662203,-0.27352998194377437
2024-07-25,-1.1180577316220666,-2.5019553420748446,0.4265537183784247,0.37456466547409073,-0.42248336231122074
2024-07-26,0.6192838648721689,0.9689828939171121,-0.991630590154232,-0.7377879616402044,-0.03063939617671626
2024-07-29,-0.8877329834742257,-0.12201739953409607,-1.0851680421579788,-0.9110073080003664,-0.10169398671631126
2024-07-30,1.1310820488122764,1.0149246375611831,-0.9238542248254674,-0.74433309308833,-1.8890517531023976
2024-07-31,-0.13927647566604615,0.7880379443542431,1.4527532988383067,1.9919319735688563,0.08556924811455019
2024-08-01,-1.471436069617609,0.29047629012360526,-0.8702179670774334,-0.938225389660234,-0.4025314073009552
2024-08-02,-0.11605105932033623,-0.39590342673644424,-1.9780718264618842,-1.6715118646606755,0.010105016020897029
2024-08-06,1.9293561091476403,-1.4985358356304344,-0.27483902996216497,-0.21522372281855717,-0.18017459529639132
2024-08-07,0.8583056673157152,-0.035009480594663384,1.1354918848750013,1.0900185350126665,-0.36062007364004095
2024-08-08,-1.0259973728742633,1.2180434752193463,0.48031424617214846,0.49455074399937804,-0.35374707789015736
2024-08-09,2.2072082241259774,0.3640207103910904,0.2724584130476726,0.3308864647730055,-0.31071461960187907
2024-08-12,-0.8264771362623253,1.1360562387042525,1.6625275009922444,1.8052157948762508,-0.1495784115400447
2024-08-13,0.2866140776127255,0.14297615816794218,-1.00483484728093,-0.9186573073269146,-0.16696169752930265
2024-08-14,-0.0791764251011794,-1.10267897771219,-0.6246394283970955,-0.7712068455746665,0.21213650334540632
2024-08-15,-0.8163453492843614,0.45461416743242933,0.7314346430577096,0.5953451725629869,-0.007164433692258059
2024-08-16,0.35570540279901136,1.7447483738304932,-0.8977543382960583,-0.8788928647259867,0.01940450289265837
2024-08-19,1.2177307183319621,0.1109328416528245,-1.3545653729088536,-1.3531093892288466,0.03463484674267009
2024-08-20,0.6542152947603143,0.300571344554933,-0.3476247183819002,-0.2258525558594614,-0.007997839635142934
2024-08-21,0.18623794042575192,-0.1488404256308095,-0.7981318582261017,-1.278287519400842,0.0715440051209768
2024-08-22,0.21575381517920494,-1.1833128423424013,0.7010779964726442,0.5651003500907139,-0.09384070000294721
2024-08-23,0.2698687005951375,1.052123484222001,1.1270047466395865,1.0114301588847343,0.048438197144765834
2024-08-26,0.11237644273624398,0.3282028661483906,1.4697321504805685,1.4216525295559408,-0.297803672345382
2024-08-27,-0.22343051214131954,-0.10724911396399447,-1.1567343090273194,-1.0460358161354948,0.17814783030067552
2024-08-28,-0.13463544129564545,-0.6416801321746655,-0.5933483384515236,-0.5884843540925129,-1.0184669540233007
2024-08-29,-0.3125863955027572,0.9099816796382748,0.7234185182243026,0.7317446858213025,-0.08543401233633106
2024-08-30,0.14568419098091354,-1.2845479760759189,-0.7434910071777624,-1.3874441269937947,-0.2968108463886522
2024-09-03,-0.022214504593681888,-0.2434386100065716,-3.3309361662366146,-1.840478920838151,-1.214716955370976
2024-09-04,-0.9566262649951274,0.08295771448773012,-0.5590604859644547,-0.61697215098387,-0.0727686023812856
2024-09-05,0.6402126833815015,0.6914332732132248,-0.047893463941173525,-0.06201806925085095,-0.4035260244590481
2024-09-06,-0.22078769137293944,-0.7778707249771557,-0.8924827144721276,-0.8644252972023023,-0.03857737225354998
2024-09-09,0.93869875195131,0.2718661948709143,0.3643055471269421,0.5498341068382032,-0.23714512516845415
2024-09-10,-0.4816058357314765,0.39991046019303,-1.5196771885387075,-1.8013906709736909,0.1847825589804987
2024-09-11,1.1302779254114363,-0.05515558769479873,0.6969094996775991,0.7886471047345077,-1.4430109097549806
2024-09-12,-0.380545178333129,1.6503146065261403,0.6938352342169736,0.8618437019514191,-0.2700121398637158
2024-09-13,0.26162380303376326,1.1968159446451092,-0.22815925807527446,-0.1995804334813477,-0.5596442822250439
2024-09-16,-6.513204254117541,-0.05721038726904889,0.5997402345851679,0.7795533042914654,0.1496124883229261
2024-09-17,-0.303531265347995,-0.6964554653193953,0.5094726887118625,0.5982513479221028,0.3896718798506141
2024-09-18,0.4509870861025426,0.18474328695908576,-0.06856465718935845,-0.1965815441166912,-0.7385250664209091
2024-09-19,-0.16722625331781985,0.6597905236300571,0.705648327351723,0.5987991710768158,0.2863653021840054
2024-09-20,-0.23291889127920903,1.2645835894627642,-0.2826373997807026,-0.053808801595970804,-0.12330320963269528
2024-09-24,0.5036827369419125,1.1977248844616029,0.3857616084233604,-0.2796388441703732,0.25718578668540004
2024-09-25,0.1973802585888485,0.2785263070674211,-1.1970114691152505,-1.3521585674345467,0.029016365640982967
2024-09-26,0.3923345067285084,0.36095319150053146,-1.3037255664420309,-1.410732335888246,-0.8684233028019629
2024-09-27,0.36801511645292295,-1.0388418734580438,0.18389855354011128,0.27777903308260804,0.05989614436577218
2024-09-30,-1.4184012104012886,-0.4069872706332487,-0.1883504822794104,-0.043666021021349546,0.3144765372127882
2024-10-01,-1.8426241391992035,1.1809201184802214,1.1820213901212477,1.0981127082582085,-0.3111837592609398
2024-10-02,0.07698000012560882,-0.8061189343859012,0.189752593197269,0.14846227250850846,-0.1613189632754654
2024-10-03,-0.10782374060733017,0.3153922533363652,2.4684450852251936,2.4293034009171515,0.8991233543639493
2024-10-04,0.10074429461570322,-0.4992861751026045,0.21804620525834287,0.35501690039707123,-0.04896351047173184
2024-10-07,-0.48439760064594206,-0.11204953785970456,1.5946399946160879,1.5522152597264596,-0.3530400405630467
2024-10-08,0.4149549780144539,-1.309970278315002,-2.0593390448488598,-1.9923454468969142,0.39152834831225586
2024-10-09,0.8613336786673634,-0.4740036508052177,-0.34709118839143904,-0.20123727382255632,-0.29766039202004635
2024-10-10,0.48177280970053593,0.5551512610030942,1.352826047340264,1.2720361020625781,0.33426480392866215
2024-10-11,0.5676980600610652,1.54110076478326,-0.19513741330498674,-0.16409240503987488,-0.2485121844715732
2024-10-14,-0.3658537992444944,-0.4099632478870343,-0.83851433145135,-0.933323272275141,-0.2302894302593361
2024-10-15,0.9079241710223815,0.4852658056635923,-1.7339615656830911,-1.7834072546144204,0.6103809446766992
2024-10-16,-0.5138578503225916,0.47335452436137476,-0.06916176995596883,-0.13273063175845365,-0.16120534353769397
2024-10-17,0.009540615668713908,0.6565874487822528,0.07777171070133877,0.11151063607663557,-0.23714133593108858
2024-10-18,-0.9603237222943638,0.8936500836822283,-0.789773149603251,-0.8251735170684136,0.21428794250158784
2024-10-21,-0.17330272772316538,0.34679041151025625,0.6228409907835148,0.7017026875570592,-0.07873348455941828
2024-10-22,-0.8130733493043455,0.8141315548247907,0.9317268759628907,0.8260988350218429,0.036832039476819456
2024-10-23,-0.45947028333602646,-1.254352732986174,-0.6328833660205941,-0.783335869937056,-1.782271737988781
2024-10-24,-0.8437687041761806,0.7463370537136423,-0.3851397866289169,-0.38105067831485956,0.4015674886168362
2024-10-25,0.044142397376584964,0.20691545256135283,0.9389938858959604,0.9241277027273318,-0.2434012279543029
2024-10-28,0.5012622678090312,0.028013414253795783,-2.8544976071722963,-2.788012079446624,0.10293483647894733
2024-10-29,1.1786456615268286,1.0110869831692755,-0.20295555587504294,-0.12322701722257717,-0.2802051994192543
2024-10-30,0.37980031439755824,0.7902847744508281,0.6737017449090639,0.6718639412368298,-0.04393664272834879
2024-10-31,-0.20686002357405187,-2.099768754491772,0.2785127662232671,0.30749688735299735,-0.29532628634218466
2024-11-01,0.011279572513504468,-0.10228798849037934,-0.06817505178671492,0.0933981665974387,0.19857410517695462
2024-11-04,-0.05932433927712035,-0.16319998737151437,1.0377219812876994,1.0707895247865613,-0.935908386217569
2024-11-05,-0.2838518950516303,0.11062201763528905,0.21188900850521336,0.25921605726114805,0.4976237200979334
2024-11-06,-1.2074416455206558,-3.1941829887028423,-0.38445246016450707,-0.20714756102025392,-0.2806562550742188
2024-11-07,1.578170113748263,1.0907321402803505,0.36460001645715717,0.3653913459733111,1.017463296044389
2024-11-08,-0.8730583866293562,-0.4473540749835943,-1.1169648301048687,-1.2960214988144727,-0.19744433653642574
2024-11-11,0.6289046243144643,-3.137409219668724,-1.3095594412399134,-1.5015405920583789,0.15716719214856928
2024-11-12,1.8909986407367865,-0.5519347555970507,-0.022073983313325392,0.002821482250004063,0.057921185884878955
2024-11-13,0.8613076607349451,-0.8061243248625277,0.19617889166621225,0.15383968155594832,0.2578368064534068
2024-11-14,1.4829377954085092,-0.570950769047072,0.1347726317781919,0.13615260694318754,0.09594219997508877
2024-11-15,-0.24528254776485436,-0.16997673406287858,-1.0785783119504908,-1.1800112162109337,0.359656845577378
2024-11-18,-0.5845738019863239,1.7641790561884436,1.4347403848100104,1.3487469614468695,0.007418169936586719
2024-11-19,0.4786648708573795,0.6031299701372983,-0.02558286471261968,0.11511086794663937,-0.051948395877812345
2024-11-20,-0.6995950878149848,0.7446484871341877,-0.37772630409800373,-0.3795038749277697,0.15171898183424895
2024-11-21,0.31535762781692184,0.8465857172845207,0.9017049838933964,0.7898336849456128,0.43575558387551205
2024-11-22,1.2831294033480996,1.338405693937036,0.5864710453481905,0.7374016868114963,0.18478860671509806
2024-11-25,-0.1228980172360025,-3.2829127942238565,-1.5376270489529824,-1.6433757118714154,0.40523907273058846
2024-11-26,0.46499120177716763,-0.013647392534272405,-0.19495239530116767,-0.15669945943435917,0.3113487048159446
2024-11-27,-0.558822829716443,0.6075330912751572,-0.03929244351927851,-0.07438280696852864,0.36041278691177486
2024-11-29,1.0651332117217345,0.5401164306150009,0.024267007257071586,-0.5499170145068697,0.5450122540800528
2024-12-02,-0.09025812257128737,-0.7792036729080404,-0.8734917922482854,0.025967194709859684,-0.02741441834225071
2024-12-03,-1.0666632842087571,0.2670603079532106,1.246689308709059,1.3298134147804745,0.16787263908123515
2024-12-04,1.0484060909825756,0.2771948383910587,-0.9734341719408458,-1.043844638876239,0.6834413476613781
2024-12-05,1.2208330194246937,-1.0150131253061527,-0.2205177756607315,-0.22015338288220068,-0.05124755798237176
2024-12-09,0.8324427928360372,1.3020775186403954,-0.020284203316948735,0.006538694685413434,0.15567002699935883
2024-12-10,1.0117655354404904,1.1072116962487875,-0.018780948111320934,0.12410723289791788,0.08587077789378857
2024-12-11,0.14871963293500579,1.1806081652422826,0.987056477547734,1.2973683364134054,0.28572738343300014
2024-12-12,0.5831497276743495,-1.512576695740209,-0.13311195242295126,-0.24195272260432454,-0.406594569839251
2024-12-13,1.1282427706408569,-1.1181645147547634,0.7981188299723871,0.9396822176579717,0.061548324030597346
2024-12-16,1.42193175746446,-0.22890143544483196,-0.5155583840304132,-0.4901648660112102,0.11605726398342357
2024-12-17,-0.15064802369440414,-0.29132090733793975,-0.6589752113604472,-0.5544061670563476,0.060087062438352455
2024-12-18,1.6871803735853117,-0.33201902468529076,0.09621554957109847,0.35204224796252614,-0.1839360684603112
2024-12-19,-0.9564224317166562,-1.651775104234295,-0.5008532827829599,-0.6074325612624034,-0.09013977885652225
2024-12-20,-0.3230484091605194,1.2095019482396023,-0.018752494533548828,-0.43725602871769226,0.9179858275905602
2024-12-23,-0.4573016612758514,-0.5811004832819434,-0.34664776673509096,-0.2463262759829537,0.1409378459583049
2024-12-24,0.2212455161065428,0.20563723486550442,0.795951283545982,0.7078178960300661,-0.10838454261531112
2024-12-27,-4.137661938232839,-0.14420232048196582,0.4737504601195818,0.3932051415687212,-0.38916296820455004
2024-12-30,2.898023868950689,-0.4639752676210422,0.13645000453325998,0.29747886358697423,0.08970822735342085
2024-12-31,0.24794478196733818,0.8010240152989533,0.16308467504717025,0.6093300562933021,0.1516735254513795
2025-01-02,-0.9604168445071127,1.0704609686115254,1.1445652562402941,1.21974575988755,-0.04537851270554476
2025-01-03,0.18037974880634805,-0.5262810194234341,0.4655342587307403,0.6642826920282914,-0.8147649281993364
2025-01-06,0.23783442975772087,-0.31164554240573716,-0.25874722235261505,-0.3943465589610337,0.7161281799430494
2025-01-08,-1.7751864091136027,0.9223040697678423,-0.20682153300018669,-0.2690473724119539,-0.24057098893901224
2025-01-09,0.9104145533338611,0.6872207124034019,0.6426503450102207,0.47649078278812174,-0.13511365230153544
2025-01-10,-0.6984373481995593,0.8762359246474203,2.5667715317324395,2.287711907326663,0.48153035036139813
2025-01-13,0.6813779299821685,-1.313671264150662,0.8922743168261206,1.60208419650646,-0.2785043377247606
2025-01-14,0.024252428886401816,0.059133496268983246,-0.8620727458946055,-0.929348301027197,-0.11706780595672929
2025-01-15,-0.26443770086149754,1.2619321737826448,1.4777063155120878,1.6307731946350583,0.09267654524357255
2025-01-16,-0.6502423769050333,1.1944541466475986,-0.5539528993807489,-0.8692951732196259,-0.6477431072232775
2025-01-17,1.3350758103612719,-0.09193605718595099,-0.4202328848009262,-0.5457152097389665,-0.005580404008317745
2025-01-21,0.6957876757554927,0.3228056580770522,-1.1689281848779745,-1.3381413290577737,-0.6663200301457448
2025-01-22,0.19358298501909468,0.407470523431727,-0.27916674841791417,-0.32779512119889376,-0.09871213202150758
2025-01-23,-0.24509260586445536,-0.20508299672687888,-0.5919462701398942,-0.5764540034281308,-0.5204981038350267
2025-01-24,0.06788301885149899,0.4645996057678926,0.09139872939961138,-0.02043690897425326,0.470866379664119
2025-01-27,-0.4455376979493908,-1.5385141445585766,-1.180845392368623,-1.091567616591329,-0.6306770573385976
2025-01-28,-0.004539639332204013,1.0008147641524348,0.23959107910166785,0.3597995485015019,-0.04067782301443327
2025-01-29,0.7283064155568149,0.058773413926853806,-0.7772869410389405,-0.8612965498491947,0.16412937641713307
2025-01-30,-1.1111042003627134,1.94504456465378,0.15843516172874356,0.027660040471062443,-0.4086287387442032
2025-01-31,-0.4635053668414278,-0.3504172548213825,-0.15200794233163034,-0.19478721616078298,0.15193697341914467
2025-02-03,0.023481751425269513,0.6628551164845009,-0.7416270687429704,0.4329572854354578,0.012214425200195464
2025-02-04,-0.20904372488788223,0.6235696463390238,0.12841309678844415,-0.40816425972028386,-1.1416209077929704
2025-02-05,-0.9192794083684539,0.584743784099021,-1.4578476834119163,-1.4164488804346176,-0.23306020058396051
2025-02-06,-1.0037054448765752,-0.5685297245660627,-0.341176419213635,-0.37597764199721806,0.23434003660109082
2025-02-07,-0.1896688437611881,0.3241713238227626,0.24339417605425978,0.2553137655781795,-0.26415006120399365
2025-02-10,-0.7829964909313281,1.6023537107752404,0.9718432515764682,1.009337108681339,0.17818357696665052
2025-02-11,1.0539537128169096,-0.06798830915881351,0.8874974759385545,0.7386217087207358,0.26744212131737644
2025-02-12,-0.3371817940769905,-0.1707760703541012,-1.5751590228501307,-1.5940256126697883,-0.22344354339037822
2025-02-13,0.9252130198159061,0.5165733443374804,-0.19985615042524307,-0.11243120371273342,-0.1873423639929279
2025-02-14,-0.5745860871369148,-1.4972146836559075,-0.2881265927277032,-0.4629129618653234,0.007154360586031568
2025-02-18,0.34839760273011,1.5530159392298155,0.8336973228286455,0.8051993801451622,0.07826563135331231
2025-02-19,-0.23013347309228444,-0.400194740252486,0.10838314296677819,0.2655171904951604,-1.052519444134366
2025-02-20,-0.38663065827207865,0.6107392670500448,0.30251966122841695,0.20544413410894183,0.20540511205843706
2025-02-21,-3.242677649442597,-0.112764438356992,-1.8331217181877328,-1.8443119414552493,0.0983404288871251
2025-02-24,-1.631042558605688,0.2896796426392793,0.19267417181922905,0.16154894395959182,0.4274867899911293
2025-02-25,0.9184754980792728,-1.5357791729032881,-1.4726445223742515,-1.3882118805573098,-0.32962398095967543
2025-02-26,1.1294457345875346,0.32774993260338847,-0.4441322264675793,-0.2736375860815405,0.1010066774091008
2025-02-27,0.052676289000030914,-1.2218628799829205,1.1042273351276184,1.2280504483074581,-0.09788325549658419
2025-02-28,-0.3254774646738214,-1.7442795552192487,-0.6979595678606612,-0.45686888006636994,0.19540947700529193
2025-03-03,-2.7010969149325774,1.7799906613175638,-1.2810195709896004,-1.08497881867457,-0.05100278992587679
2025-03-04,0.41933966488609636,0.6167837800875964,-0.5066598766942129,-0.13090260449612007,0.18354855829432407
2025-03-05,-0.9184502195036479,0.14922433640490415,-1.4284074175831036,-1.5543473399938126,-0.06647110067139637
2025-03-07,0.6599883767900954,-0.3944035462497727,0.7171349035210125,0.4667735122822115,-0.6611511738419621
2025-03-10,0.3785755452514188,-0.522923336699679,-0.8596785920907726,-0.7821160556539473,0.345627328978779
2025-03-11,-0.39346473321514736,0.6819673648215061,0.14836832474839873,0.11560925190206531,-0.04114943034583799
2025-03-12,0.14818502858541974,0.8586324937724807,1.0246488230359212,1.0521293873639914,0.0033586788714981813
2025-03-13,-0.544845867769832,1.4831647383624746,-0.8681051372339343,-0.895703769135149,0.21738169708843108
2025-03-14,-0.9750699198226478,0.3086091257275562,0.4735118471437614,0.42644905185836784,-0.07169264249469154
2025-03-17,0.31705405323865715,0.13256303727120225,0.33261100277374117,0.26816338052674527,-0.2306801773102846
2025-03-18,0.6085802049600392,1.088643119571482,-0.46753204273372895,-0.5931201760934123,0.10884244767109193
2025-03-19,0.2983189506111703,0.003654405316930114,0.11668568325171018,0.16161534051521362,0.2702020441425869
2025-03-20,-0.18042078881583354,0.07968033102646908,0.9721155729238734,0.8773119712002834,-0.07750171432867292
2025-03-21,-1.0420978638577096,-0.7700393427179525,0.08218449820076594,-0.026614328478851344,0.005596698933248607
2025-03-24,1.053807441866117,-0.24645332458333577,0.6537409251875889,0.6613922520097054,0.3369122038134485
2025-03-25,-0.3040245047814479,0.3025185734892076,-0.03998969342401064,-0.14221763125029357,-0.0816152867133982
2025-03-26,0.15200169012708414,-0.14461698606648513,0.6097554310428094,0.52214079554181,-0.2555067516529165
2025-03-27,-0.23965611140436882,1.327857799214698,0.1516823025482754,0.19132060722431846,0.11594993447272534
2025-03-28,0.20479879010631163,0.8630900843408978,-0.43006702126613267,-0.569141860740427,0.006132086793844852
2025-04-02,3.055253450850902,1.7270931278036996,1.1332969332642389,2.083677170778214,0.007942015260940204
2025-04-03,0.823578267484643,-1.3111713440751063,-4.449608692536211,-3.904139700033473,0.009898308629728913
2025-04-04,-2.1727474991090494,-2.7315170238370556,-2.674746283818963,-2.6559541323514235,-0.2555250167239114
2025-04-07,-1.3035510932777081,-1.9421135001346022,-0.6969538048441786,-0.5773495572262962,0.8556000852630717
2025-04-08,-0.8890551428494601,0.41147792078177625,-0.7230739967401157,-0.5265943535362116,-0.059954007802096344
2025-04-09,2.025417859193028,2.580541684712311,1.2840684964498494,1.2450984434351433,-0.13850701651997396
2025-04-10,-1.005073135752655,2.3983799091409503,-1.068516345272481,-1.0542383694367132,0.16504775985369288
2025-04-11,1.1430696530276576,1.3702535240355946,0.6526637436487309,0.619257293059625,0.054890943626611156
2025-04-14,-0.7266714561996215,-0.33223736244767005,0.03413201269986045,-0.0064085673140723875,0.06828963766120762
2025-04-15,-0.683848395867646,0.2299972379345601,-0.14455279146998393,-0.12668780481914207,-0.17396840676712372
2025-04-16,0.25959191581623714,2.1070969347207655,0.6055695424590284,0.5708612741474455,0.4881456477075896
2025-04-17,0.7378875915868854,-0.2900967423847052,1.1302879889210704,1.1578331937656872,0.5201134009736291
2025-04-22,2.4612580195796974,1.580082885264559,-0.30708990568692046,-0.21671577909980416,0.1410790753440531
2025-04-23,-0.5098366664795266,-2.063447424092539,-0.8001011465992,-1.1905176328560192,0.41636840097412703
2025-04-24,0.6581910963205321,0.8330942525250163,0.20275209090254898,0.25147468235339704,2.166099916656419
2025-04-25,0.5726610728376168,-0.8221381832903512,0.15549099947309045,0.10441798118662927,0.015848297965805065
2025-04-28,-1.0250691151363283,0.7882961282557746,-0.6883862020598056,-0.634611779107915,0.007318069820131064
2025-04-29,-0.17135424705742155,-0.23677837553506684,-1.1244355561605721,-1.1001053773276086,0.03894565599308559
2025-04-30,-0.057348034053738145,-0.2756485210670242,-0.8090444072281981,-1.4936879629845774,0.06138412905219887
2025-05-02,-0.012610574073718295,-1.3496623183464052,-1.3149888268518464,0.008866034836740562,0.4873967452894463
2025-05-05,-0.9616649529030236,1.3621012011886509,-0.7739565532270977,-0.7998612442145773,0.2354065204674531
2025-05-06,1.0713503514770435,1.6947770587680133,1.2577399318552163,1.2647194175562626,0.18939699853619377
2025-05-07,0.5267241091932348,-0.45217227801404763,-0.7132433271254506,-0.6880478296497027,0.17148244771447504
2025-05-08,-0.3425931112608857,-1.4160995386585453,1.1076380907623158,1.1782421343430032,0.12611173358482988
2025-05-09,0.29026434989131644,0.5679394698785105,0.6714105568890495,0.6865437063292438,0.265813314452237
2025-05-12,-0.13700098557273846,-1.9508847034835928,0.6591947417315193,0.5761469272872957,0.7551925681320424
2025-05-13,2.055962198107488,0.25893932642989415,1.0749053168626663,1.1070364067385416,0.3294507718335335
2025-05-14,-0.12831203922288198,-1.0379756514577663,-0.38882077074578064,-0.36892607878819283,0.05636726624525506
2025-05-15,0.2787632986907955,0.6316634175078814,-1.1332046590363103,-1.1021798809874963,-0.04257881124104594
2025-05-16,1.4094320009162675,-0.6993729929298708,0.542223411667233,0.5479539352421215,0.3056348575984712
2025-05-19,0.13180902493495475,0.7986719796437728,0.05006124375896924,0.10601311839147565,0.2606767290205039
2025-05-20,-0.22933269933011924,0.9109533182961734,-0.1651005387411422,-0.13440876082915204,0.4276305454020327
2025-05-21,-0.3523913002065556,0.5038070731654711,-0.41089818451177434,-0.8093511261797687,0.6472445748957975
2025-05-22,-1.0226426134796298,-0.321427688394328,-0.42911245949011795,-0.3379046353493509,0.18551940645468215
2025-05-23,-1.2443437280799436,1.253265462172875,0.21809425177379949,0.22325915132942198,1.3062684592227771
2025-05-27,-0.06276072603855562,-1.1334217192726468,-0.6377709026540559,-0.5874246379236485,0.11286068486061834
2025-05-28,-0.2795439486265522,-0.16249681425200488,0.6311174669402638,0.7699428328051363,-0.14546036709173915
2025-05-29,-1.4047531273035125,0.3968731254674382,-0.7065481299173035,-0.8278242768073312,-0.03393269782977506
2025-05-30,1.7843947431241922,-0.551665811612396,-0.2886318273382414,-0.18356598851404793,0.069805013392843
2025-06-02,-0.8116647713437947,1.5080598951347535,0.602120010288663,1.5043046015743455,0.08927251436843835
2025-06-03,0.74179317152798,-0.3578973888449167,0.8611854127623151,0.7057273595951338,-0.07425743542774584
2025-06-04,0.3994702262461215,0.38387768135672196,-0.7570816172258531,-0.5148750691017896,0.19262468410883676
2025-06-05,0.29242102264822367,-0.4491616164360203,0.3713086445488343,0.3984387060358462,-0.28722498081304865
2025-06-09,0.22123622991784142,-0.40551858161934023,1.5187516816986337,1.6309278859029743,0.10161359730197435
2025-06-10,-1.4669258946204589,-0.2678907398736951,-0.1911298766782082,-0.2843894439865301,0.0022227469124918606
2025-06-11,-0.13664151118638043,-0.03474126692711082,2.4765400719618382,2.5339975367297014,0.0033251247911959534
2025-06-12,0.7905571570642409,1.1953056334723386,-0.3251052612862324,-0.0972852830257228,0.004702081567876745
2025-06-13,-0.2555729071365077,0.9939017939832984,3.4720942167674744,3.267423924577465,-4.273683932794864
2025-06-16,0.681181203196838,-0.6910269633107473,-0.5278324470702631,-0.6057880398221074,0.06553672716052669
2025-06-17,-0.26093536678714657,-0.2530236468017304,1.6468961871741823,1.4955171404989605,-0.02893149548452654
2025-06-18,-0.7174831867247299,0.02256785204234838,0.10039381785465346,0.1204422071100217,0.00041850414254033483
2025-06-20,-3.588288904011548,-0.4970578885382831,0.11808658295532522,-0.13570366001630896,0.0007859831490079319
2025-06-23,1.9776448215876827,0.15582308153591634,-3.0826613503152713,-3.5549726852241466,0.0013555713327699146
2025-06-24,0.5604229816060693,-1.385239773545429,-1.9318964736610502,-1.614716182081422,0.002170707230059932
2025-06-25,-0.8853394771163083,0.1417083993169889,0.1666270548656958,0.16694443904336845,-0.43692604960703474
2025-06-26,0.6865910940807229,0.1122365100997006,-0.005950210315238757,0.1012629990700765,0.37069695295879257
2025-06-27,-0.34082108401152217,-1.46476068144217,-0.013012769588497376,0.09054063665516571,-0.05339894018555452
2025-06-30,0.3024861482389069,0.4147327980397174,-0.10544751563135045,-0.19911183484404327,0.0028664502038063424
2025-07-01,-0.9312997033974527,0.9927796365350967,-0.2771629587988103,0.12737742719953976,-0.6577553197090148
2025-07-02,-0.2582456194218179,0.2524441681411521,0.9657312764149735,0.9215532047514059,0.4670033696545326
2025-07-03,-0.3488457390025865,-0.43397315859686836,-0.1801515636449842,-0.23683561015373517,-0.05941552550247854
2025-07-07,0.26338663745301816,-0.041070219084524594,0.3692571626424389,0.4375350258999146,-0.4750043191741667
2025-07-08,-0.35181270550751204,-0.6883078364956244,0.27409462674508417,0.18186397735014265,0.18351378938753443
2025-07-09,0.7971231256400122,0.055189624899832,-0.015018041430293949,-0.003749746996795555,0.002228220078217915
2025-07-10,-0.886131288374327,0.10980478680546767,-0.9682530172050471,-1.1018605943849993,-1.1151487969422835
2025-07-11,0.2778300196653218,0.9986361543692985,0.9691783681411859,1.0423988319969315,0.21280418618739053
2025-07-14,0.3008981199570554,-0.13964995230476662,-0.7174140346169438,-0.8766970526007414,0.0015422287827094614
2025-07-15,-1.1625186192433201,-0.64408746764621,-0.3588883335794939,-0.311129569135701,0.0024263421923780017
2025-07-16,-0.7621928161411174,0.5628183704367825,-0.1710951121324457,-0.12461584675643451,-0.7158067375220487
2025-07-17,-3.4346148063087583,-0.38048103852992066,0.6156656741076367,0.711758984715697,0.2046041457379609
2025-07-18,1.5629610437877806,0.3069019612042491,-0.20441117475256856,-0.16535609993028286,0.002358223490476155
2025-07-21,0.9990317249019364,1.3669022803329696,-0.10239814816065584,-0.1384514503415595,-0.4633591831691025
2025-07-22,-0.04390662479425457,1.003133761334926,-0.5124793040388512,-0.7656866506219008,0.17334430784124435
2025-07-23,0.8054414477569105,-1.236745854416382,-0.12057370418350215,-0.763406294178266,-1.0237566034573293
2025-07-24,-0.9157397928022509,-0.7146561322662265,0.4707468905405065,0.5381063222822378,0.736774221630924
2025-07-25,0.583070798110446,-1.1054030831862334,-0.651198982936182,-0.7141958432738819,-0.07205293289121031
2025-07-28,0.5135852281472767,-0.7899118226301979,1.2388383070554703,1.1561018696005636,-0.17757594907629623
2025-07-29,-0.8758733469794475,0.34265289507439667,1.863198557903942,1.8226130313147793,0.10583504359677864
2025-07-30,-0.08751284576110537,-0.8572315675725647,0.4698177741245698,0.49707659907011587,-0.21678502911823233
2025-07-31,0.9120959676495308,-0.1545222256374003,-0.5519288133061298,-0.5478708614910902,0.11538325450584846
2025-08-01,-0.8295169071792811,1.6040230437474168,-2.187971646495925,-1.436372324929762,0.002460891928594521
2025-08-04,-0.40047915563016556,0.7437685290787748,-0.6529036306384107,-0.7579220026799827,-0.23702483187979925
2025-08-05,0.7870826368038669,0.1798381024556441,-0.802090879445813,-0.8366273261658586,-0.9474423863454912
2025-08-06,0.29783941193818747,-0.10119393056658763,-0.5686463363404679,-0.6228751571036905,0.23416573689688863
2025-08-07,0.5024542940682563,0.5377654289105248,-0.380101701757499,-0.39065490772162675,0.6523556869728495
2025-08-08,-0.3764875231615623,1.0978948646826647,0.06285277448704779,-0.04500166120429433,-0.6109837872374627
2025-08-11,0.7536616962353254,-2.504450259582133,-0.020956157055981375,0.019380396089928604,0.1955260823098069
2025-08-12,0.021600313012814266,-0.2326314628533931,-0.4599657226804248,-0.7056614312676008,-0.16248542203272803
2025-08-13,-0.7173889176072294,0.22414347230162354,-0.46382170640232256,-0.4931744567284126,-0.848048049227693
2025-08-14,-1.1083618942813458,-0.7297268498969772,0.9520282818459558,1.0809488245738579,0.005480142011495255
2025-08-15,0.028931972871576794,-0.04894554250808971,-0.8739007788099661,-1.0283924341237896,1.55581078091819
2025-08-18,-0.652903471266971,-0.18468873555617593,0.5588937455249852,0.4644048250631524,-0.11938018944978764
2025-08-19,-0.13079550522942737,-0.6283974119777588,-0.7428199470430136,-0.9656478172088092,0.07211397843592612
2025-08-20,-1.2315163813323198,0.8731735734458251,0.8326819442755587,0.6753484005914496,-0.04160976504185397
2025-08-21,-0.9013582714998255,-0.23376024851323524,0.6558536937807573,0.22280130039992868,-0.4684602809730335
2025-08-22,0.5499848718293457,1.1249097096159444,-0.000990851402784372,0.07646965637595557,0.4442171194707277
2025-08-25,1.3641324912593809,-0.04312748430954254,0.8789759694458348,0.980328902204485,-0.20976064634157252
2025-08-26,-1.5766506192570755,0.4057314694054536,-1.4468603691230684,-1.4375137156230005,-0.04030176549487468
2025-08-27,0.7254092775292199,0.4607652525565261,0.6150168427727498,0.6929683332315787,-0.4265930796864814
2025-08-28,0.001356872634350498,0.8207501545884534,0.42483315133453303,0.33502105855552566,-1.3272341701634394
2025-08-29,-0.39753372772727597,1.2794726276629436,-0.4844593177682872,-0.5566606562486315,-0.21177922154433532
2025-09-02,-0.8357296028096004,2.22894926658583,0.8222518703696957,1.32623716969608,-1.3255181221548045
2025-09-03,0.20642908105213623,1.122692108928038,-1.406101687664534,-1.4017202345816606,-0.003983494969378571
2025-09-04,-1.103864264463622,-0.7014028320013037,-0.5836524977017816,-0.44116907770679414,0.049266168315522045
2025-09-05,0.7110545584387034,1.1299783502653176,-1.354435405449998,-1.3838151007987927,0.06711170836775598
2025-09-08,-1.05236285254462,0.5930166391715224,0.35880130895442264,0.25353042000534826,-0.7579759607330038
2025-09-09,0.5687701992946878,0.09612471747333207,0.2592070821976226,0.25711327306615556,-0.07956814479213209
2025-09-10,0.33005199527415857,-0.03859426923403205,0.8921263343116215,0.8198092847021791,0.20353931883263937
2025-09-11,0.36969171647763166,-0.223032337660732,-1.01677007265451,-1.1330652655783708,-0.19654555987010242
2025-09-12,-0.5910347165814127,0.27164590551429285,0.45781036436805805,0.20927196934790132,-0.2711843799184554
2025-09-15,0.9304504333620206,0.8290660688073699,0.33494927560972604,0.46899565686704964,-0.5356787087946443
2025-09-16,-0.7314107038457716,0.14774581210768525,0.8491570189083099,0.9977420501991277,0.2560113127520544
2025-09-17,0.04905335735234644,-0.2402263941625912,-0.5095861318918535,-0.4371296976107768,-0.5385783339409497
2025-09-18,-0.6847592442011061,-1.1146404178686022,-0.5285904768326619,-0.46995372034763555,0.1998407994021614
2025-09-19,0.03306013532788503,0.6912991144658127,-0.7725582721417944,-0.8540331396365306,-0.19459703794994607
2025-09-23,-1.1777446761032018,2.9646548751395123,0.8041705418775581,0.5967048544235445,-0.2689529086876144
2025-09-24,0.2551302680158101,-1.0310574288192484,1.4705298436798846,1.36568352761496,0.17974962781622286
2025-09-25,-0.6084247284775973,0.03217085855046609,0.048212472701976934,-0.04706126426416728,-0.7199692842398164
2025-09-26,-0.09601179218792907,0.8196383349508641,0.5574142491433168,0.5958131114451417,-0.29615655740677566
2025-09-29,0.4238020271100221,0.9896015247824261,-1.9967983872566695,-2.087250119078977,0.12314374531363412
2025-09-30,-1.2789659870915975,0.4147738648186637,-0.8281702708175976,-0.8788599077911313,-0.07157224539193013
2025-10-01,-0.3871327470228463,0.5529974975416224,-1.4174018940288737,-0.5024651011161503,-0.48417001400089504
2025-10-02,-1.0479280458067608,-0.6489671052840238,-1.033407168901774,-1.093311639341498,-1.4159651233222232
2025-10-03,-1.6208697229235696,0.8652517809705728,0.26231853413696304,0.26646105748972804,0.2304826069516431
2025-10-06,0.5124633095708823,1.4823111007271208,0.6958345441221515,0.6172286358332112,0.0010293381630711235
2025-10-07,-0.6089328313557123,0.579487942310657,-0.0622650115267033,-0.006752261865848594,1.3388847321945578
2025-10-08,-1.0528215921864565,1.3593156795059134,0.6054489617011556,0.6562348476134663,-0.043082058960195964
2025-10-09,-0.33570370909313274,-1.9531203209061987,-0.9226473091697966,-0.9525507836984433,0.17928002941556706
2025-10-10,-0.6083758880435175,0.4929122354689657,-2.215502292504534,-2.3635090374558163,0.23669834987136967
2025-10-13,-0.17660403872713185,2.5940078654552843,0.3654691607094657,0.37124602891593855,0.6109989562426104
2025-10-14,0.46494326742632464,0.511055331512023,-0.7558117036019331,-0.624871230251917,0.5264600122724848
2025-10-15,-0.6001783763921673,0.5999084775904278,-0.43360480614713187,-0.37524212849726646,0.020220002033133583
2025-10-16,1.1476722826369163,1.6569439301498399,-0.7486276204369848,-0.699325826356524,1.0382190125438808
2025-10-17,-0.6368954109496945,-1.3597817997462311,0.1298273364728721,0.020143481081705078,-0.11027686180512267
2025-10-20,0.01018659700486631,2.1414497676815545,-0.29313851962868104,-0.06012096701978689,-0.10431741888752476
2025-10-21,0.08776155611213593,-3.3475421177959643,0.21604542562842868,0.22439764251189906,0.1833729184937233
2025-10-22,2.4100091523853697,-0.667348781636406,1.0968088380361167,0.5844146415460698,0.02560430318536413
2025-10-23,0.1867486292140557,1.0127459250531934,2.8888920204335666,2.9696779338397654,-0.4403623155554337
2025-10-24,-0.13762336959862934,-0.09081388242870216,-0.05348743433493677,-0.2233037178386297,-0.08738174555747685
2025-10-27,-0.8241967044501681,-1.5841718036364776,-0.27249204709804015,-0.1798009586616935,0.5872220553730326
2025-10-28,-1.1050700303782157,-0.5551651022020019,-0.9509639584108238,-0.9407693165759002,-0.2768362841923979
2025-10-29,0.2482358113414511,0.19961668245493044,0.3235114928420308,0.20821997488128038,0.11021559076798348
2025-10-30,0.06230916495599236,0.22556813740168466,0.013859780278807752,0.0318039166300534,-0.3579487484122442
2025-10-31,0.557645329190157,-0.3019183287164018,0.0025671879783114573,0.29916687170802114,0.17109829808468272
2025-11-03,2.4418881718118164,0.2295550877262302,-0.20291264425393177,0.01700657875259699,0.0014506338613783547
2025-11-04,0.17457443105956552,-0.8313327783031077,-0.44406730719241105,-0.4892456864849168,-0.2915514570056816
2025-11-05,-1.1423627870892676,0.4536295643920274,-0.8785922506228893,-0.9468008875343454,0.21919106410483327
2025-11-06,-1.205220347588887,-0.026426192574332645,-0.1920456199270412,-0.21075079500666757,-0.02907896609088955
2025-11-07,-1.0125707306363585,0.28106373304800325,0.16729619050146927,0.25430210520150454,-0.10652142397236056
2025-11-10,0.5152159579199006,1.8076567168313473,0.3449844208387489,0.32243134621113073,0.062194965025847905
2025-11-11,-1.6795905191707412,-0.06109708128155305,0.9911525792469664,0.8540736091941121,-1.0037778135833617
2025-11-12,-1.2687863193966527,1.4315293210382207,-2.395523076621365,-2.61185091688131,-0.03571235723127123
2025-11-13,-0.886798403981218,-0.24319559413762298,0.16449456278490635,0.10192877051717825,0.024879116955880326
2025-11-14,-1.3345742318546505,-1.509887968736305,1.0685652731458237,1.0792405314646718,0.07084677891623929
2025-11-17,-0.16119248396904573,-0.363004889860119,-0.19260872595174905,-0.17537001728142845,-0.3526207770298685
2025-11-18,-0.03288948599031271,-0.15011793934901912,0.5116073216266486,0.6350291776175913,-0.520181131773367
2025-11-19,-2.307664254652791,0.2212730402510054,-1.2241094854610284,-1.1342821644595407,-0.040709782846524496
2025-11-20,1.1525707871561883,-0.37175832999888647,-0.17482014060039444,-0.2968136007789722,-2.266905179912275
2025-11-21,-0.1953887418765674,0.28876650730333137,-0.7671202710600129,-0.980039285257427,-0.048771474726904636
2025-11-24,0.022858272501573615,0.22847131729940356,0.6396236731947653,0.6148115133064788,0.12594894235761114
2025-11-25,-0.6657511532927854,0.7796028701546656,-0.839441930887771,-0.8185887172148769,-0.281331803886522
2025-11-26,-0.05737312503883027,0.42670530545717034,0.5100981044310154,0.5630386184843954,-0.3060010234291394
2025-11-28,2.8791236852984414,0.8855952996936238,0.010434209457854882,-0.1308464683531432,-0.7953132978294701
2025-12-01,0.2634418526503069,0.34222395051121324,-0.08873641539945715,0.6635836306495875,0.028848079441838606
2025-12-02,-0.3542372359133702,-0.9459618179794611,-0.7624421579426912,-0.6826795909526346,-0.3490771135563127
2025-12-03,0.30268041437092447,0.1593372647047814,0.1432987934999325,0.24120865443719453,-0.13839110344729877
2025-12-04,-0.14054008540124846,0.19105633987341075,0.5257043006411438,0.6517839599288019,-0.5566771649869577
2025-12-08,1.3027632757576846,-0.491704923280095,-0.8426348738169894,-0.8259187747176278,0.11541921790650869
2025-12-09,1.027538178993138,0.3134498069539625,-0.6348887670182812,-0.6789168466009364,0.07272719294238844
2025-12-10,1.8610785040085207,-0.23255575022874805,0.20508466678787254,0.15428012969146707,-0.4199703350135717
2025-12-11,0.30671987218869845,1.693092724679561,-1.0521348026542712,-0.9397302123748403,-0.41998806995520954
2025-12-12,-0.0691143013638423,0.26479122284173695,-0.2433236594615686,-0.22001793142194406,-0.1342705380157716
2025-12-15,-2.2148060465145933,0.08545120482706689,-0.6705942580100371,-0.7079339137104523,0.19273922481608896
2025-12-16,0.9389907094704686,-0.08168108186710812,-1.872789111254848,-1.721836027604887,-0.21002749789617967
2025-12-17,-0.13347613752205617,0.775614239464594,0.6594934929674655,0.5806309613349794,0.10474769970839355
2025-12-18,-0.2539492040130963,-0.17497624768536277,0.08437650466604177,0.16016340655769803,-0.26690496722535645
2025-12-19,-0.507388181303547,0.3763021289775295,0.5906694291996407,0.45994810629896365,0.6875856991343463
2025-12-22,0.22183332010111248,1.595305496035748,1.5452645414371753,1.3090386851599272,0.5682657551048381
2025-12-23,0.3784564253969833,0.6908703100158118,0.24442565290061402,0.3136492089248708,0.1843389633848748
2025-12-24,0.021472808936140543,-0.06519794412724043,-0.1925156851579303,-0.07684940435003924,1.188301107293202
2025-12-29,1.533219585921726,-2.9936547895257974,-0.3618421187587792,-0.32632417305786643,0.2753295381623116
2025-12-30,-1.0062939618839652,0.6871141067083202,-0.08895580667970483,-0.19063586875768412,0.0197986531134101
2025-12-31,0.0019715301902791926,-0.8209685014338366,-1.1935042212701166,-0.6273159291136823,-0.1720614955148775
2026-01-02,-1.125989412689292,-0.2714483231359793,-0.17813622011085392,-0.1671320448621583,-0.1714044263825833
2026-01-05,1.1664812101986142,2.227654002055789,0.9821390124631365,1.0500621013761804,-0.4139327221442707
2026-01-06,-0.7208024332005392,0.739242288050446,-1.144722534278668,-1.3394878252843596,0.14637253667374447
2026-01-07,-0.23587467111493124,-0.5462806493401806,-0.8202066648917073,-1.2300942421946712,-0.33718850024431685
2026-01-08,0.9152488209287594,-0.047783730063434,1.9443519700331606,1.654299372077209,-0.06663891297736013
2026-01-12,-3.8307375577861,2.518363268401818,1.5915343557091508,1.4856828089796266,0.03318599764159357
2026-01-13,-1.2234418250043295,-0.18331845680690984,1.2334650539594678,1.302130226696661,-0.19573469187226808
2026-01-14,-0.7886060489904616,0.4816321320248555,0.7606581295254423,0.6388612196008974,-0.4055600980167958
2026-01-15,-0.759978005749286,-0.1641750811950959,-2.2058656872472198,-2.317689652812736,-0.8054004790285166
2026-01-16,0.6631661401529687,-0.4510299314903605,0.18377340611474793,0.11811046593259682,0.011533929932073481
2026-01-20,-2.7499351227912103,2.4873846677598475,0.5053994452422488,0.5841979786248722,-0.41087211122497935
2026-01-21,-1.2635547719440658,0.9114694082455173,0.18591686335284438,0.16485926713323842,-0.1340417424939045
2026-01-22,0.132806368467164,0.9174967701758416,-0.9283758774505683,-0.9787180397531352,0.1935657169094782
2026-01-23,-1.832888447887792,0.7880054812588732,1.2871588098702824,1.212461950578476,-0.21238455636330042
2026-01-26,0.9892398889906718,1.19337968372767,-0.24121494040517621,-0.3453800882667197,-0.38730983417771986
2026-01-27,0.5268067849286491,0.003322272488332643,1.3970734994035054,1.260093605319944,-0.267657643983049
2026-01-28,-1.929450394124762,2.469415709746176,0.5409821576540844,0.5527147050875453,0.20909593494304332
2026-01-29,0.18602206026624463,0.18869774919399074,1.5655334471319102,1.5512023849077228,-0.6653160352760984
2026-01-30,-0.10080761217634432,-6.190250946269057,-0.04388130655854874,-0.16903467268090233,0.20103475731737624
2026-02-02,0.29618786411108894,-0.8919188906295742,-3.1228003566122733,-2.2591212557051574,-0.1526613085933532
2026-02-03,0.6026681156233022,2.2489303803106644,0.4762530618850583,0.5915666526122976,-0.11228008916833526
2026-02-04,-1.5407305811794236,0.15176047811686993,1.0977186899674207,1.1365204749653037,0.10833876327652611
2026-02-05,0.8702611123270049,-0.43652971972242627,-1.0355470065897394,-1.1404673010337252,-0.2751081943923779
2026-02-06,-0.11027407898640697,0.6236987113551661,0.21681170867583335,0.11416410452499023,0.12431117253094487
2026-02-09,-0.7003749707017183,0.721197903990305,0.5083369765762777,0.46996210194148574,-0.29967452818857915
2026-02-10,-2.2781112917749775,-0.3424809239013387,-0.17060135080392,-0.29112377770513553,0.13054850675723845
2026-02-11,-0.322665547897627,0.4750976434798023,0.3111524784703632,0.41253574810903165,-0.20512734707033922
2026-02-12,-1.0463942322955646,-1.1386753897300916,-1.2117132349724493,-1.3064374402305947,0.07311144353790949
2026-02-13,-0.4227396907006844,0.713193629034543,0.08517610569910142,-0.01153655597893003,-0.02008951412152929
2026-02-17,-1.702998088615352,-1.0973166785468325,-0.25498846587839546,-0.44156545243861683,-0.0417733334576013
2026-02-18,-1.4034366512476266,0.7793091274873213,1.8702855012248194,2.0469651500990036,0.06958350728664225
2026-02-19,-2.4332386082514343,-0.08347628170902593,0.7398684632001076,0.7613074342348114,0.09748969135775842
2026-02-20,1.0370035647362892,0.6550479950703292,0.02364852260944243,-0.05740426032647822,1.797413727779703
2026-02-23,-0.7171631344991348,1.1681222502902218,-0.21222217597243784,-0.09339052742731568,0.1096644414693788
2026-02-24,-0.07387392088589516,-0.3728522533917855,-0.516770996267999,-0.5260811563792637,0.6292508650353075
2026-02-25,-0.39662547835341233,0.3724129718038224,-0.0010579864157551867,-0.2004241279977082,-0.14667968661290573
2026-02-26,0.15223106760559563,-0.2562737614150237,-0.12062011943285829,-0.20689826129184025,-0.025851833674262942
2026-02-27,-1.79955186136179,0.421891653908853,1.1876193940528423,1.3863882439203514,-0.05891501919338501
2026-03-02,1.3297617073878607,0.5287241474021017,3.4999398912209823,3.034255719479279,-0.2093350595053564
2026-03-03,-0.08766178954651808,-1.6363900185580156,1.686857841944653,1.7657871441265873,-0.035889838120577965
2026-03-04,0.4004006983820328,0.04415789532389541,-0.018416603611597162,0.028499858532053786,-0.07999184928536658
2026-03-05,-0.06993596078880285,-0.5211882902591864,1.7152538157935446,3.1045355306573943,-0.3146896712876998
2026-03-09,2.214416709305966,0.2049659626692261,5.018827617562697,4.645748387843313,-0.03461727487564385
2026-03-10,1.286262713874862,1.2828441218891513,-2.407115715892147,-2.3226162910207404,-0.475470805911055
2026-03-11,-0.181836261309325,-0.5560626392057754,0.7357594123426425,0.6345518581200257,-0.29257060184492023
2026-03-12,-0.9620505082819947,-0.5261273891158244,1.5108381255436112,1.4372359747908683,-1.1482957288709401
2026-03-13,-0.15929627593492002,-0.6552736049963916,0.4374449123958591,0.4650393664244795,0.24517654638765551
2026-03-16,1.0340316071805822,-0.6323221424692149,-0.5168111103061792,-0.8891875910625401,0.027622017862417504
2026-03-17,0.14714003621987023,0.02787751604338353,0.5497700306673869,0.4499798316630287,-0.47453129250570264
2026-03-18,-0.7760534068718706,-1.216805831473873,0.7017026424618389,0.008169470059618017,-0.10416861206487099
2026-03-19,0.6032734689962661,-3.32142624395809,0.21933416223472926,-0.051036227870875056,-0.21948221929691109
2026-03-24,-0.8605334290932142,-2.298371970834714,-0.8303026487282287,-0.8200568116861733,-0.03420179428977072
2026-03-25,-0.9318306591477882,1.5110422393727259,-0.4961238094773156,-0.4767898105430526,0.12873448040930932
2026-03-26,0.27867131852791605,-1.7414318424965818,1.1876526965990013,0.9441651875693069,-0.30619474883413883
2026-03-27,-0.010836288074708536,1.1022120292852635,0.9005969425866417,1.1584485786182834,-0.1754323492683633
2026-03-30,-0.11203666902649953,0.3390861861828796,0.028800403247423605,0.6981429233470056,-0.5461142567491493
2026-03-31,1.3478735306281429,1.1769669552607043,1.1200573119185517,-0.3549591744235194,0.011637376118048477
2026-04-01,0.37203349264341207,1.2726662534748754,-3.747393413521874,-0.3298732006133147,0.05241026098003495
2026-04-02,-0.9379419769652448,-1.1812112237545178,1.1336267485322713,2.7720119061974784,0.04182009969789134
2026-04-07,-2.1085425863577583,-0.004360649371827105,0.03136003436373658,0.26257345856732667,-0.496042969168385
2026-04-08,1.5889966568655687,0.8483582207163539,-2.396952055091628,-4.047494616153907,-0.2193968499672903
2026-04-09,-0.336723060833835,0.3968207772911401,0.13315269414692768,0.4520397361113586,0.1734485900575497
2026-04-10,0.742589714223197,-0.30097247771359037,-0.1231444444333761,-0.19809455779370894,-0.3605916940681562
2026-04-13,0.25943022653419523,-0.2241119332868852,0.6428326806203212,0.3733004022903297,-0.02357372627425149
2026-04-14,2.3816510656531267,0.793139319318701,-0.7648930154555612,-1.3294315146157145,-0.17373771515501374
2026-04-15,-0.6529264651102256,-0.25240095965233583,-0.0014074661040246752,-0.02046971101606648,0.06726607438738649
2026-04-16,-0.8863425194697762,-0.18350857927653735,0.781793909727591,0.5897402378222327,0.010286320151068694
2026-04-17,-1.524402123844789,0.7246103620519339,-1.7157136318498467,-2.1259639979745364,-0.42866608592032474
2026-04-20,0.9392243396854988,-0.543755343484483,0.8702833925375248,0.9466584291372129,0.15607385932370538
2026-04-21,-0.6753713145327163,-1.2285482228941051,0.5153207447723033,0.41103157048022165,-0.45832546075094155
2026-04-22,0.9865999296501665,0.3187730874436595,0.5926739566070073,0.13245490759805714,-0.2127625488192675
2026-04-23,0.2182351738259843,-0.3305904036584099,0.5501341391705035,0.509305550228468,-0.6088055446923631
2026-04-24,-0.18402301231130255,0.1624280781425744,0.03401772368119693,-0.2872599257112101,0.22247540107430192
2026-04-27,-1.139556943340939,-0.5890649183656227,0.5314618580659439,0.37789554012383236,-0.47074725832389847
2026-04-28,0.7483623025564341,-1.093150242584805,0.5703663532882504,0.7247501861677756,-1.3690471519006266
2026-04-29,0.23176417099430685,-0.653290214968191,1.2902959551878264,1.4167749036400934,0.18311751608321533
2026-04-30,1.3209032477812064,0.8572951878895199,-0.7653494690530462,-0.3647731033916817,0.029471867707062404
2026-05-04,2.432557865920255,-1.2515208258519805,0.05234222785904033,0.25998002993512487,-0.44102583458952244
2026-05-05,1.2249234285367534,0.41426173001515365,-0.9860212135301489,-0.9525163767984485,0.001877669895841724
2026-05-06,0.3578731091141096,1.6543155718123643,-1.9662725498280302,-1.7493781878372283,0.07794216359307427
2026-05-07,1.775344553663909,0.23042954047855335,-0.2921763137665004,-0.08926378902628045,-0.6993542510420575
2026-05-08,-1.4546533021821826,0.23116394427982942,0.2430897520147864,0.1247448569142689,0.20540144728842608
2026-05-11,2.92071618995755,-0.04713919030050115,0.6381464128076552,0.6397856989832157,-0.2187128972452754
2026-05-12,-0.649220990150893,-0.5742026839115593,0.7910658941770754,1.0174905708224327,-0.06393598568017324
2026-05-13,-0.9671306350835139,0.22126452885683098,-0.5128888243640226,-0.3080555340734583,-0.8544905382454379
2026-05-14,-0.6220842639584143,-0.2976530364850462,-0.01056577102691309,0.014496148596779017,-0.7745124624786244
2026-05-15,-1.019787115662454,-1.7973551723279642,0.8665407761898467,1.1640334207422272,0.2851735657127004
2026-05-18,-1.2091766111444844,-0.13027862840973936,0.6933475743005931,0.8598376170110072,-0.3055107102817683
2026-05-19,0.6710674728298813,-0.7225587396445442,-0.23209694737623815,-0.26481128776855906,-0.5203708319368795
2026-05-20,-0.1237591196349333,0.3224128279792232,-1.7771240499241738,-2.939336651069436,-0.09495905032907036
2026-05-21,-0.7385139819425593,0.10360994643582945,-0.6877708989852478,-0.48021590347908466,-0.5168839934784678
2026-05-22,0.17093613857774426,-0.3324364279728221,0.2249089402214408,0.03782548748088277,0.18673492480371473
2026-05-26,2.175328017583754,-0.382954403390067,-1.1784864012982965,-0.7456924997476975,-0.6860152488121989
2026-05-28,-0.40332679771576013,-0.06839146865782122,-1.8011238680483546,-1.4550551840780324,-0.09634983217953087
2026-05-29,-0.9789415692638601,0.9962014875584412,-0.5124625374915429,-0.4591477960966923,0.11285669937235354
2026-06-01,-0.1616643464184363,-1.448041972581462,0.8187986242930742,1.352894702385841,-0.25977616595592146
2026-06-02,1.1903134724433562,0.1553416455102639,0.2785633988702596,0.42433480983415545,-0.2969841179836597
2026-06-03,-0.22198279460609346,-0.9492797600290246,0.5202080461274666,0.6188656621275213,-0.4692340628179529
2026-06-04,-0.6145936013173177,0.6240532260683804,-0.905025321753954,-0.9047387207536431,-0.19836840403279615
2026-06-05,-1.2120597382332718,-2.5314568793228807,-0.6761923115186853,-0.8022125285611633,0.016664371708439707
2026-06-08,0.4159558204805948,-0.12767828823487756,0.3511403719463749,0.21084088605553403,0.4025377055949382
2026-06-09,-0.017930021640481207,-1.4192101657031944,-1.0270282030938533,-1.0831694135381014,0.8791610572065226
2026-06-10,-0.473638657853964,-2.9107381232491463,0.543261109464893,0.5870423707721953,0.952771368088254
2026-06-11,-0.3097963161813653,-0.4307762454303052,-1.0420977719565268,-0.847921980494668,0.3159984617802894
2026-06-12,0.436237453368455,2.1932406686652253,-1.2117319075185726,-1.0832773070721526,-0.1933636423794236
2026-06-15,0.6414034633391963,1.756070371592155,-1.662751110696277,-1.6078760956388538,-0.09200769754980978
2026-06-16,1.5834288083892747,0.051583514365395815,-1.6314839926576354,-1.7631181983060218,-0.10575278096793561
2026-06-17,-0.01883231961891907,0.36908527885034786,0.16447242792903388,0.21587969783279387,-0.09582405298783356
2026-06-18,-0.020140770164530284,-2.0225175719961443,0.08335191212187273,-0.08964854953957142,0.3300207992187545
2026-06-22,2.170416722408465,-0.7134897156566941,-0.8043280639033397,-0.7087310336519708,-0.2638450468775052
2026-06-23,0.06686527017988605,-0.8478138309626839,-0.3782207189075438,-0.6806580123593047,0.06850688785419556
2026-06-24,1.7603306472260332,-2.2822504638767414,-1.5087135393570286,-1.2623478944487416,-0.21743045494007326
2026-06-25,1.1191145504363846,0.5353490606517307,0.5889963326808944,0.6244694453861749,-0.5057871714664571
2026-06-26,-0.66155136432202,0.7390808332484811,-1.4640532594153024,-1.2017717157461536,-0.07075660983606087
2026-06-29,-0.5484693793998258,-0.9046724718473518,0.44257526158862054,0.618481360282141,-0.505127753460527
2026-06-30,0.48688109517530725,-0.050266117431785926,-0.12826155684541835,-0.5817748576778561,-0.0558582400497655
2026-07-01,-0.00022868618681615738,0.7122171539719582,-0.6639973079750349,-0.4660601756127259,0.17886622558326162
2026-07-02,-0.2828990258783466,0.7125992513866398,0.06766126975186036,0.021754216971297802,-0.8286747037067275
2026-07-06,2.9456173291896453,0.676275676816873,0.05935632016917546,-0.10444949651393702,0.2052930710673993
2026-07-07,0.2015452867310512,-0.17878625372909387,1.09090316220322,1.0009861972573333,-0.4619334545554004
2026-07-08,1.0516704619469028,-1.307105783951094,1.900712082315272,1.619188549460526,0.029795299378969853
2026-07-09,1.1816422821507844,0.9492821554879872,-0.7930405819200781,-0.7427393130800445,-0.30702581839756593
2026-07-10,-1.3576002028270606,-0.45858355257042366,-0.18028150238548302,-0.3849617366626043,-0.12001486016154281
